account_id,account_type,bank_name,account_age_months,city,state,risk_history,prior_complaint_count,prior_withdrawal_count,linked_account_count,linked_upi_count,is_synthetic_mule,mule_role,first_seen_timestamp,last_activity_timestamp
ACC_000001,ordinary_recipient,Kotak Mahindra Bank,220,Surat,Gujarat,none,0,0,1,1,0,none,2026-05-31 05:01:45.379779816,2026-06-14 01:57:27.696802481
ACC_000002,ordinary_recipient,Union Bank of India,193,Pune,Maharashtra,none,0,2,1,1,0,none,2026-04-16 13:11:45.915801451,2026-05-21 09:59:51.297306929
ACC_000003,mule,SBI,55,Hyderabad,Telangana,none,0,6,3,2,1,cashout_mule,2025-03-15 21:14:00.179456130,2026-03-17 16:27:39.801773269
ACC_000004,intermediary,Canara Bank,65,Mumbai,Maharashtra,none,3,1,1,1,1,intermediary_mule,2025-05-28 17:59:32.654894710,2025-07-11 14:03:33.608180158
ACC_000005,intermediary,Yes Bank,126,Mumbai,Maharashtra,none,3,0,1,1,1,intermediary_mule,2025-05-13 09:44:50.521404742,2025-06-13 06:20:20.464695098
ACC_000006,victim,IDFC First Bank,24,Navi Mumbai,Maharashtra,prior_flagged,0,0,0,1,0,none,2025-11-26 12:39:44.804944813,2025-12-18 07:16:08.564296035
ACC_000007,ordinary_recipient,Axis Bank,122,Mumbai,Maharashtra,none,0,0,2,1,0,none,2025-03-08 06:09:36.889849529,2026-06-27 17:59:57.640292260
ACC_000008,ordinary_recipient,HDFC Bank,44,Bengaluru,Karnataka,none,0,0,0,1,0,none,2024-04-21 17:11:08.178779850,2026-05-02 18:29:45.906782836
ACC_000009,victim,IndusInd Bank,187,Delhi,Delhi,none,0,0,3,1,0,none,2024-10-22 10:07:58.896383084,2025-12-27 16:01:00.795195375
ACC_000010,high_volume,HDFC Bank,39,Ahmedabad,Gujarat,none,1,0,4,2,0,none,2025-06-01 16:47:14.359608486,2025-11-24 17:16:02.726682333
ACC_000011,mule,Bank of Baroda,10,Mumbai,Maharashtra,none,3,1,3,1,1,first_hop_mule,2024-11-15 19:53:25.548102334,2025-01-05 02:53:24.318785139
ACC_000012,mule,IDFC First Bank,184,Delhi,Delhi,none,1,2,0,1,1,first_hop_mule,2026-01-11 03:25:25.915944837,2026-05-30 13:52:03.545489601
ACC_000013,intermediary,Kotak Mahindra Bank,158,Delhi,Delhi,none,3,0,0,1,1,intermediary_mule,2026-05-13 12:59:41.957479998,2026-05-22 12:46:15.810559900
ACC_000014,victim,Axis Bank,3,Pune,Maharashtra,none,0,1,4,3,0,none,2024-08-08 11:02:47.394171879,2025-02-12 20:50:42.303376653
ACC_000015,ordinary_recipient,Yes Bank,172,Mumbai,Maharashtra,none,0,0,0,1,0,none,2026-03-21 00:17:25.121201918,2026-06-13 22:07:33.194773573
ACC_000016,ordinary_recipient,ICICI Bank,68,Mumbai,Maharashtra,none,0,0,3,3,0,none,2025-10-14 00:12:51.352062017,2025-12-19 15:44:59.284888815
ACC_000017,mule,IndusInd Bank,258,Mumbai,Maharashtra,none,2,3,1,1,1,cashout_mule,2025-06-18 17:11:42.150194295,2026-05-02 12:24:02.110681390
ACC_000018,mule,HDFC Bank,105,Delhi,Delhi,none,2,4,0,1,1,first_hop_mule,2024-04-28 18:51:37.227755986,2026-01-11 10:01:12.023080693
ACC_000019,victim,SBI,46,Mumbai,Maharashtra,none,0,2,0,1,0,none,2025-01-09 09:00:55.559487939,2026-04-03 16:27:48.679262665
ACC_000020,ordinary_recipient,Bank of Baroda,8,Delhi,Delhi,none,0,0,3,3,0,none,2026-06-25 18:23:13.799841478,2026-06-28 14:54:13.702236926
ACC_000021,victim,Bank of Baroda,30,Delhi,Delhi,none,0,1,1,1,0,none,2025-08-13 15:33:18.544259772,2025-12-04 10:51:18.397450657
ACC_000022,ordinary_recipient,Kotak Mahindra Bank,66,Delhi,Delhi,none,1,1,0,1,0,none,2025-06-23 00:33:57.116133884,2026-02-20 23:40:44.573107900
ACC_000023,suspicious_hub,Kotak Mahindra Bank,98,Navi Mumbai,Maharashtra,none,3,3,9,10,1,hub_account,2024-02-02 10:44:06.028966924,2026-01-30 20:41:27.271759547
ACC_000024,victim,Axis Bank,203,Bengaluru,Karnataka,none,0,0,2,1,0,none,2024-10-19 07:54:09.092634656,2026-01-25 23:21:25.755209084
ACC_000025,victim,Punjab National Bank,114,Delhi,Delhi,none,0,0,2,2,0,none,2025-03-20 17:02:17.494766042,2026-04-26 15:57:40.660568314
ACC_000026,ordinary_recipient,Punjab National Bank,221,Indore,Madhya Pradesh,none,1,0,2,1,0,none,2025-08-07 13:21:35.593366690,2026-06-24 14:58:16.075381815
ACC_000027,intermediary,IndusInd Bank,92,Mumbai,Maharashtra,none,2,0,3,2,1,intermediary_mule,2026-02-19 19:58:58.355870828,2026-05-20 16:00:30.634227172
ACC_000028,victim,IndusInd Bank,121,Mumbai,Maharashtra,none,0,0,1,1,0,none,2025-02-21 07:12:34.257883370,2026-05-25 12:23:39.535248253
ACC_000029,victim,Kotak Mahindra Bank,236,Ahmedabad,Gujarat,none,0,0,2,1,0,none,2024-09-07 00:39:01.433514956,2025-03-05 15:57:24.244861445
ACC_000030,ordinary_recipient,Axis Bank,185,Pune,Maharashtra,none,0,1,0,1,0,none,2024-09-13 05:57:07.992146812,2026-06-12 15:18:23.481651693
ACC_000031,ordinary_recipient,Kotak Mahindra Bank,253,Navi Mumbai,Maharashtra,none,0,1,0,1,0,none,2024-05-05 13:05:52.350750009,2026-04-20 13:32:13.852700441
ACC_000032,victim,Punjab National Bank,219,Jaipur,Rajasthan,none,0,0,1,1,0,none,2024-05-12 14:03:36.852074623,2024-06-13 16:33:32.630476035
ACC_000033,mule,SBI,18,Bengaluru,Karnataka,none,2,1,5,2,1,cashout_mule,2024-10-05 03:29:16.273028415,2025-10-13 19:30:40.466013503
ACC_000034,mule,Punjab National Bank,22,Hyderabad,Telangana,none,5,3,1,1,1,cashout_mule,2025-11-29 08:36:18.066118843,2026-03-16 07:28:05.671198077
ACC_000035,ordinary_recipient,Punjab National Bank,10,Mumbai,Maharashtra,none,0,0,1,1,0,none,2025-01-11 10:39:21.955251973,2026-03-23 10:20:10.939937120
ACC_000036,victim,Kotak Mahindra Bank,210,Pune,Maharashtra,none,1,0,3,2,0,none,2026-02-22 01:34:07.842328086,2026-03-10 05:29:15.099782662
ACC_000037,ordinary_recipient,IDFC First Bank,190,Pune,Maharashtra,none,0,1,3,3,0,none,2026-05-14 16:17:05.079449043,2026-06-08 02:52:09.746602910
ACC_000038,victim,IDFC First Bank,218,Kolkata,West Bengal,none,0,0,3,2,0,none,2024-03-09 16:59:10.106229333,2025-05-05 22:02:26.622566874
ACC_000039,ordinary_recipient,IndusInd Bank,204,Delhi,Delhi,none,0,0,1,1,0,none,2025-10-09 13:25:52.817859247,2026-01-21 18:15:14.433156095
ACC_000040,mule,Yes Bank,186,Hyderabad,Telangana,prior_flagged,1,5,0,1,1,cashout_mule,2024-03-18 16:15:12.053229115,2026-06-23 11:39:25.513846160
ACC_000041,victim,HDFC Bank,22,Lucknow,Uttar Pradesh,none,0,0,2,2,0,none,2024-03-06 08:15:52.251643212,2025-06-05 14:45:19.624992568
ACC_000042,victim,Punjab National Bank,106,Indore,Madhya Pradesh,prior_flagged,0,0,0,1,0,none,2024-09-08 05:25:08.097494300,2025-06-07 20:58:15.386426804
ACC_000043,victim,HDFC Bank,251,Thane,Maharashtra,none,0,0,3,1,0,none,2024-04-02 13:26:18.002143999,2026-03-04 11:23:40.595151706
ACC_000044,victim,Bank of Baroda,134,Bengaluru,Karnataka,none,0,0,1,1,0,none,2025-08-26 23:12:57.514540440,2025-10-08 15:52:40.152280387
ACC_000045,victim,IDFC First Bank,12,Chennai,Tamil Nadu,none,0,0,0,1,0,none,2025-10-14 09:14:17.329431318,2025-12-27 18:04:07.911509499
ACC_000046,ordinary_recipient,Kotak Mahindra Bank,40,Kolkata,West Bengal,none,0,0,1,1,0,none,2025-08-05 08:52:26.574972510,2025-11-05 00:31:47.109706558
ACC_000047,mule,Union Bank of India,102,Lucknow,Uttar Pradesh,prior_flagged,4,3,4,2,1,first_hop_mule,2025-06-08 03:36:09.205026329,2026-06-04 08:27:02.924010148
ACC_000048,victim,Yes Bank,195,Kolkata,West Bengal,prior_flagged,0,0,1,1,0,none,2025-12-12 17:00:42.315717906,2026-06-06 03:37:06.377766528
ACC_000049,victim,IndusInd Bank,208,Chennai,Tamil Nadu,none,1,0,1,1,0,none,2025-12-04 19:39:15.618587770,2026-04-09 12:17:55.088188640
ACC_000050,intermediary,SBI,187,Mumbai,Maharashtra,none,2,1,6,5,1,intermediary_mule,2026-03-03 19:16:39.768638268,2026-04-10 13:58:39.488698918
ACC_000051,ordinary_recipient,Axis Bank,168,Bengaluru,Karnataka,none,0,1,6,5,0,none,2025-09-23 12:01:58.927228138,2026-02-01 08:03:27.624119716
ACC_000052,mule,IndusInd Bank,162,Hyderabad,Telangana,none,1,7,0,1,1,first_hop_mule,2024-11-20 04:50:13.537876364,2025-10-21 08:23:12.640089569
ACC_000053,ordinary_recipient,Punjab National Bank,147,Chennai,Tamil Nadu,none,1,0,1,1,0,none,2025-04-22 23:36:55.172241092,2025-12-12 20:24:19.867586944
ACC_000054,victim,IDFC First Bank,216,Hyderabad,Telangana,none,0,0,0,1,0,none,2025-03-22 22:28:44.091039076,2025-07-19 16:57:51.162659327
ACC_000055,victim,Bank of Baroda,184,Delhi,Delhi,none,0,0,0,1,0,none,2024-04-08 06:24:03.354380365,2024-07-23 07:38:23.348998373
ACC_000056,mule,Bank of Baroda,22,Bengaluru,Karnataka,prior_confirmed_fraud,3,7,1,1,1,first_hop_mule,2026-01-09 11:57:03.543468617,2026-06-14 03:49:36.191204571
ACC_000057,intermediary,Axis Bank,245,Surat,Gujarat,none,2,2,5,3,1,intermediary_mule,2026-04-11 14:38:12.133865535,2026-06-01 11:41:01.354329691
ACC_000058,ordinary_recipient,Canara Bank,137,Nagpur,Maharashtra,none,0,1,4,3,0,none,2026-06-15 19:06:57.553556487,2026-06-17 20:34:32.379610679
ACC_000059,ordinary_recipient,SBI,45,Kolkata,West Bengal,none,0,1,1,1,0,none,2024-08-13 21:33:53.720684562,2026-06-23 01:00:07.518204426
ACC_000060,ordinary_recipient,IndusInd Bank,83,Hyderabad,Telangana,none,0,0,1,1,0,none,2024-03-28 03:04:37.981298440,2025-03-01 23:13:54.593538368
ACC_000061,victim,IDFC First Bank,212,Delhi,Delhi,none,0,1,1,1,0,none,2024-04-11 03:49:08.567043252,2025-11-25 17:57:32.022914527
ACC_000062,victim,ICICI Bank,155,Delhi,Delhi,prior_confirmed_fraud,0,0,3,3,0,none,2026-01-02 17:08:56.490307771,2026-02-03 05:17:05.934958897
ACC_000063,suspicious_hub,Canara Bank,227,Bengaluru,Karnataka,prior_confirmed_fraud,1,2,10,8,1,hub_account,2025-07-29 12:24:00.719658084,2026-06-07 10:39:22.662870468
ACC_000064,victim,IndusInd Bank,3,Kolkata,West Bengal,none,0,1,0,1,0,none,2025-11-19 19:48:38.993702509,2025-12-07 10:09:33.032724393
ACC_000065,victim,SBI,138,Mumbai,Maharashtra,none,0,0,5,5,0,none,2026-04-04 15:12:50.997155532,2026-06-26 04:25:39.819889418
ACC_000066,ordinary_recipient,ICICI Bank,74,Lucknow,Uttar Pradesh,prior_confirmed_fraud,1,0,3,3,0,none,2024-07-25 03:09:03.875253048,2025-12-19 15:46:26.794328661
ACC_000067,ordinary_recipient,Kotak Mahindra Bank,193,Kolkata,West Bengal,prior_flagged,0,0,1,1,0,none,2024-11-27 16:21:40.657715555,2025-04-08 07:53:16.012185848
ACC_000068,suspicious_hub,IndusInd Bank,23,Nagpur,Maharashtra,none,6,2,13,16,1,hub_account,2025-12-22 20:24:05.988939904,2026-01-26 01:38:27.822542084
ACC_000069,victim,SBI,22,Mumbai,Maharashtra,none,0,1,1,1,0,none,2024-08-24 07:20:39.943803951,2026-03-12 02:13:52.360018563
ACC_000070,intermediary,SBI,114,Mumbai,Maharashtra,none,3,1,2,1,1,intermediary_mule,2025-04-06 00:04:38.262806520,2025-04-23 23:15:10.381984705
ACC_000071,victim,Bank of Baroda,233,Thane,Maharashtra,none,0,0,2,1,0,none,2025-02-07 23:36:19.877498284,2025-04-06 22:12:39.872454524
ACC_000072,victim,Union Bank of India,240,Mumbai,Maharashtra,none,0,0,0,1,0,none,2025-06-26 07:45:07.325515330,2026-03-01 09:20:58.096836060
ACC_000073,ordinary_recipient,Canara Bank,95,Mumbai,Maharashtra,none,0,0,4,2,0,none,2026-06-19 06:04:03.148901030,2026-06-20 02:01:22.800000301
ACC_000074,intermediary,SBI,12,Surat,Gujarat,none,2,0,1,1,1,intermediary_mule,2024-04-04 11:37:29.643695973,2025-06-20 10:04:21.659522459
ACC_000075,ordinary_recipient,Bank of Baroda,54,Chennai,Tamil Nadu,prior_confirmed_fraud,0,1,1,1,0,none,2025-03-17 12:13:15.862854190,2025-12-12 00:31:16.761657673
ACC_000076,victim,Bank of Baroda,239,Ahmedabad,Gujarat,none,0,1,1,1,0,none,2026-05-23 15:17:15.581797943,2026-05-24 07:18:47.700320799
ACC_000077,ordinary_recipient,Bank of Baroda,157,Bengaluru,Karnataka,none,0,0,1,1,0,none,2024-11-12 21:58:48.188851971,2025-06-24 23:34:48.747964595
ACC_000078,victim,SBI,181,Hyderabad,Telangana,none,0,2,0,1,0,none,2025-11-05 16:25:10.581310064,2025-11-12 10:14:00.275328596
ACC_000079,mule,Bank of Baroda,47,Jaipur,Rajasthan,none,3,2,1,1,1,cashout_mule,2026-04-26 13:34:06.840561897,2026-06-27 20:47:25.660838470
ACC_000080,intermediary,SBI,229,Pune,Maharashtra,none,3,0,2,1,1,intermediary_mule,2024-08-07 04:38:26.531907696,2025-01-03 03:42:16.199726344
ACC_000081,ordinary_recipient,Bank of Baroda,171,Chennai,Tamil Nadu,none,0,1,4,3,0,none,2024-03-15 03:17:52.336217505,2025-10-13 07:55:06.039405170
ACC_000082,ordinary_recipient,IDFC First Bank,206,Jaipur,Rajasthan,none,0,0,3,3,0,none,2024-03-09 22:57:08.567340067,2025-09-28 07:06:50.333249320
ACC_000083,ordinary_recipient,SBI,96,Lucknow,Uttar Pradesh,none,1,0,0,1,0,none,2024-03-07 11:55:57.358402292,2025-12-19 15:34:49.632055505
ACC_000084,ordinary_recipient,IndusInd Bank,111,Delhi,Delhi,none,0,1,1,1,0,none,2024-11-15 07:47:16.530180827,2025-06-01 17:30:38.339316371
ACC_000085,victim,Kotak Mahindra Bank,4,Jaipur,Rajasthan,none,0,0,2,1,0,none,2024-04-24 23:33:24.051417664,2024-09-18 18:22:40.621993918
ACC_000086,ordinary_recipient,Union Bank of India,116,Bengaluru,Karnataka,none,0,1,0,1,0,none,2025-01-03 23:29:05.329767246,2025-10-18 12:31:51.230725037
ACC_000087,ordinary_recipient,Bank of Baroda,197,Pune,Maharashtra,none,0,0,0,1,0,none,2025-11-18 00:14:43.295277894,2026-04-22 12:49:44.873489544
ACC_000088,mule,Yes Bank,5,Pune,Maharashtra,none,0,1,0,1,1,first_hop_mule,2024-09-28 16:25:03.292791151,2026-01-24 13:26:45.331082338
ACC_000089,victim,Axis Bank,229,Delhi,Delhi,none,0,0,2,1,0,none,2025-03-12 17:59:56.866178676,2025-04-04 22:45:15.408308824
ACC_000090,mule,HDFC Bank,131,Pune,Maharashtra,none,2,6,4,2,1,cashout_mule,2024-04-26 00:47:28.952329798,2025-12-15 08:56:37.344059688
ACC_000091,mule,Bank of Baroda,198,Mumbai,Maharashtra,none,3,4,3,1,1,cashout_mule,2025-09-28 03:24:22.542782538,2025-10-29 01:04:34.200323509
ACC_000092,intermediary,Canara Bank,131,Mumbai,Maharashtra,none,2,0,3,3,1,intermediary_mule,2024-10-16 09:38:29.495131426,2025-09-07 12:29:45.449216963
ACC_000093,suspicious_hub,Yes Bank,180,Ahmedabad,Gujarat,none,0,3,6,5,1,hub_account,2024-05-03 04:34:34.079275416,2025-07-14 17:58:06.186111784
ACC_000094,victim,Bank of Baroda,197,Jaipur,Rajasthan,none,1,1,5,4,0,none,2026-05-19 16:55:01.397762060,2026-05-24 22:50:03.603377304
ACC_000095,ordinary_recipient,HDFC Bank,155,Jaipur,Rajasthan,none,0,1,2,1,0,none,2025-12-02 03:01:31.038961627,2026-06-22 10:39:30.465028039
ACC_000096,mule,Yes Bank,148,Bengaluru,Karnataka,none,1,2,3,3,1,first_hop_mule,2025-08-17 06:29:34.445543714,2026-03-07 08:22:45.243321564
ACC_000097,mule,IDFC First Bank,68,Lucknow,Uttar Pradesh,none,3,2,2,1,1,first_hop_mule,2025-10-20 15:39:51.153668523,2025-12-16 03:37:33.506120191
ACC_000098,victim,Kotak Mahindra Bank,74,Bengaluru,Karnataka,none,0,0,4,2,0,none,2025-01-22 14:57:50.719789006,2025-02-18 06:17:29.927970528
ACC_000099,ordinary_recipient,SBI,201,Delhi,Delhi,none,1,1,0,1,0,none,2024-09-28 18:42:40.139882520,2026-02-06 04:34:09.738330330
ACC_000100,intermediary,Yes Bank,59,Bengaluru,Karnataka,none,3,0,4,4,1,intermediary_mule,2025-03-31 11:42:30.110059284,2026-04-18 17:12:58.747665861
ACC_000101,victim,Canara Bank,158,Pune,Maharashtra,none,0,0,2,2,0,none,2026-01-21 19:26:28.604183972,2026-02-05 05:41:55.553726922
ACC_000102,victim,Yes Bank,201,Hyderabad,Telangana,none,0,0,1,1,0,none,2026-05-28 00:21:47.944668204,2026-06-05 12:09:17.637597277
ACC_000103,ordinary_recipient,HDFC Bank,152,Delhi,Delhi,none,0,0,0,1,0,none,2025-07-05 09:52:13.570796616,2026-02-21 09:40:29.170093482
ACC_000104,ordinary_recipient,Punjab National Bank,132,Indore,Madhya Pradesh,none,0,0,1,1,0,none,2024-12-08 20:43:37.092046686,2025-08-03 21:35:40.594518126
ACC_000105,ordinary_recipient,ICICI Bank,82,Navi Mumbai,Maharashtra,none,1,0,2,1,0,none,2025-10-16 06:51:20.868274301,2026-01-12 05:07:24.232198203
ACC_000106,victim,Union Bank of India,26,Mumbai,Maharashtra,none,0,0,1,1,0,none,2025-09-27 00:41:24.641458206,2026-01-22 03:57:45.149376011
ACC_000107,mule,Axis Bank,40,Nagpur,Maharashtra,prior_flagged,3,1,2,2,1,cashout_mule,2024-08-13 10:33:31.843263488,2025-07-25 20:33:26.939790199
ACC_000108,victim,Yes Bank,207,Pune,Maharashtra,prior_confirmed_fraud,0,0,1,1,0,none,2025-01-31 18:04:43.217372537,2025-05-06 17:10:11.349780180
ACC_000109,mule,Bank of Baroda,35,Indore,Madhya Pradesh,none,1,3,0,1,1,first_hop_mule,2024-05-02 02:04:25.444706373,2025-03-04 05:38:01.441974730
ACC_000110,victim,Punjab National Bank,103,Bengaluru,Karnataka,none,0,0,0,1,0,none,2025-01-01 11:24:48.895270336,2025-02-08 11:56:00.150446014
ACC_000111,mule,Canara Bank,236,Delhi,Delhi,none,0,2,1,1,1,first_hop_mule,2025-11-25 20:44:23.529886431,2025-11-27 04:09:07.389978842
ACC_000112,victim,IDFC First Bank,73,Hyderabad,Telangana,none,0,3,3,3,0,none,2024-10-12 23:10:10.510732248,2026-06-14 11:52:45.750562261
ACC_000113,ordinary_recipient,Punjab National Bank,92,Delhi,Delhi,none,0,0,1,1,0,none,2025-07-30 16:37:37.760589331,2025-08-18 00:22:15.804304315
ACC_000114,victim,SBI,30,Pune,Maharashtra,prior_flagged,0,0,3,3,0,none,2024-10-25 11:43:56.953115467,2024-11-21 02:52:09.016511851
ACC_000115,ordinary_recipient,Yes Bank,125,Delhi,Delhi,none,0,0,2,1,0,none,2024-05-14 00:16:28.906983901,2026-04-05 12:02:28.138927102
ACC_000116,victim,Bank of Baroda,51,Nashik,Maharashtra,none,0,0,2,1,0,none,2025-11-06 09:41:51.027647957,2026-06-24 08:30:17.555793857
ACC_000117,victim,HDFC Bank,163,Hyderabad,Telangana,prior_flagged,0,1,1,1,0,none,2025-06-20 20:43:22.426841229,2026-05-02 20:02:06.440229402
ACC_000118,mule,Canara Bank,14,Ahmedabad,Gujarat,none,2,0,2,2,1,first_hop_mule,2026-01-21 23:48:22.816753119,2026-02-13 04:21:28.408333987
ACC_000119,victim,Union Bank of India,103,Pune,Maharashtra,none,0,1,3,3,0,none,2025-09-10 12:39:09.365260787,2026-03-16 13:44:51.232261465
ACC_000120,intermediary,Punjab National Bank,187,Hyderabad,Telangana,none,4,2,1,1,1,intermediary_mule,2026-01-14 11:05:21.423723608,2026-05-10 12:38:03.778404628
ACC_000121,ordinary_recipient,HDFC Bank,122,Chennai,Tamil Nadu,none,0,0,1,1,0,none,2024-05-21 03:47:05.327263897,2026-01-05 05:11:14.337036065
ACC_000122,victim,Yes Bank,160,Delhi,Delhi,none,1,0,1,1,0,none,2025-07-13 21:15:26.751058608,2025-08-22 12:32:34.315224672
ACC_000123,high_volume,Yes Bank,83,Bengaluru,Karnataka,none,1,1,4,3,0,none,2024-11-30 16:21:55.769900698,2025-07-13 21:06:52.021575856
ACC_000124,victim,Canara Bank,250,Delhi,Delhi,prior_flagged,0,0,1,1,0,none,2025-11-11 01:37:02.811562330,2026-01-13 19:51:07.994779647
ACC_000125,mule,Axis Bank,199,Delhi,Delhi,none,3,0,1,1,1,first_hop_mule,2025-06-12 11:00:04.640278228,2026-02-17 20:06:43.045264008
ACC_000126,victim,Kotak Mahindra Bank,44,Delhi,Delhi,none,0,0,0,1,0,none,2024-02-19 08:35:37.212995046,2024-12-11 10:04:08.474227570
ACC_000127,ordinary_recipient,Canara Bank,225,Nashik,Maharashtra,none,1,0,0,1,0,none,2025-05-01 01:26:57.205092758,2025-12-03 06:42:08.566789007
ACC_000128,mule,Yes Bank,80,Bengaluru,Karnataka,none,2,2,1,1,1,first_hop_mule,2025-11-09 01:11:08.615573294,2026-04-03 23:28:52.357231472
ACC_000129,victim,Yes Bank,88,Kolkata,West Bengal,none,1,0,0,1,0,none,2024-08-27 09:36:19.334061909,2026-03-31 21:04:56.271419600
ACC_000130,ordinary_recipient,Union Bank of India,166,Delhi,Delhi,none,0,0,1,1,0,none,2025-08-19 06:34:03.163907491,2026-06-05 02:39:02.287376721
ACC_000131,victim,Canara Bank,123,Surat,Gujarat,prior_flagged,1,0,1,1,0,none,2026-02-05 02:00:03.717411578,2026-05-16 13:48:42.857388437
ACC_000132,ordinary_recipient,ICICI Bank,144,Pune,Maharashtra,none,0,1,4,2,0,none,2024-02-29 08:49:23.435056995,2024-07-11 13:19:58.360760607
ACC_000133,victim,HDFC Bank,173,Delhi,Delhi,none,0,1,2,1,0,none,2025-06-10 13:52:52.030132405,2026-05-18 07:08:10.902623310
ACC_000134,victim,IDFC First Bank,142,Hyderabad,Telangana,none,0,1,3,1,0,none,2026-03-19 14:30:21.713664249,2026-04-09 13:06:06.552149267
ACC_000135,victim,HDFC Bank,40,Bengaluru,Karnataka,none,0,2,2,2,0,none,2024-04-25 04:02:40.074384846,2024-06-06 11:56:18.441727834
ACC_000136,ordinary_recipient,Kotak Mahindra Bank,25,Surat,Gujarat,none,0,3,0,1,0,none,2024-09-02 06:49:52.195584092,2025-06-20 09:11:10.235582920
ACC_000137,suspicious_hub,Kotak Mahindra Bank,150,Nagpur,Maharashtra,prior_flagged,0,5,10,9,1,hub_account,2025-07-24 05:12:11.514987759,2026-03-14 12:43:13.052991666
ACC_000138,high_volume,ICICI Bank,6,Delhi,Delhi,none,0,0,1,1,0,none,2025-06-17 02:27:38.066611759,2025-08-12 13:07:35.074943905
ACC_000139,mule,Axis Bank,213,Hyderabad,Telangana,prior_confirmed_fraud,0,1,1,1,1,cashout_mule,2025-12-23 18:48:46.135796599,2026-02-18 03:06:13.711513668
ACC_000140,mule,IndusInd Bank,187,Hyderabad,Telangana,none,1,2,1,1,1,cashout_mule,2025-07-27 01:36:43.419661053,2025-08-23 02:55:45.256056418
ACC_000141,intermediary,Union Bank of India,161,Kolkata,West Bengal,none,3,0,1,1,1,intermediary_mule,2025-06-08 14:16:31.492430799,2026-02-02 11:21:04.816835477
ACC_000142,ordinary_recipient,Punjab National Bank,184,Kolkata,West Bengal,none,0,0,0,1,0,none,2025-02-15 15:16:43.405187316,2026-02-04 07:18:41.415508071
ACC_000143,victim,Union Bank of India,103,Mumbai,Maharashtra,none,1,2,0,1,0,none,2024-03-12 06:50:32.271626956,2025-05-22 16:10:16.468213877
ACC_000144,ordinary_recipient,SBI,8,Kolkata,West Bengal,none,1,0,0,1,0,none,2025-06-22 11:33:17.384123519,2025-12-05 00:58:31.964571729
ACC_000145,victim,ICICI Bank,216,Chennai,Tamil Nadu,none,0,1,2,2,0,none,2024-05-22 16:28:01.812315239,2026-03-04 23:41:25.507399718
ACC_000146,mule,IndusInd Bank,216,Hyderabad,Telangana,prior_confirmed_fraud,4,2,2,2,1,first_hop_mule,2026-06-26 05:15:11.776170745,2026-06-27 19:17:34.824401045
ACC_000147,ordinary_recipient,IDFC First Bank,162,Nagpur,Maharashtra,none,0,2,3,2,0,none,2024-03-12 12:19:32.858717017,2025-03-18 08:57:23.563736612
ACC_000148,victim,HDFC Bank,199,Lucknow,Uttar Pradesh,none,0,0,3,2,0,none,2024-03-09 23:27:40.554123099,2025-07-09 02:25:06.566034462
ACC_000149,mule,ICICI Bank,20,Kolkata,West Bengal,none,3,0,0,1,1,first_hop_mule,2025-12-18 06:10:14.529585435,2026-05-03 14:57:01.349620105
ACC_000150,victim,Bank of Baroda,57,Pune,Maharashtra,none,0,0,2,1,0,none,2024-04-02 03:52:37.804444746,2025-12-29 10:10:37.026269624
ACC_000151,high_volume,Punjab National Bank,55,Nashik,Maharashtra,none,0,1,0,1,0,none,2025-01-04 00:35:15.929537065,2025-01-26 03:32:59.718787927
ACC_000152,high_volume,Kotak Mahindra Bank,147,Chennai,Tamil Nadu,none,0,0,2,2,0,none,2026-04-24 22:50:19.481792450,2026-06-20 04:03:33.019431252
ACC_000153,ordinary_recipient,Yes Bank,179,Lucknow,Uttar Pradesh,none,0,0,0,1,0,none,2025-12-18 18:15:44.194283471,2026-03-15 23:22:28.621829260
ACC_000154,ordinary_recipient,IDFC First Bank,69,Bengaluru,Karnataka,none,0,0,0,1,0,none,2024-07-31 02:51:42.336099323,2026-04-25 05:11:09.163930995
ACC_000155,victim,Union Bank of India,115,Jaipur,Rajasthan,none,0,0,3,3,0,none,2024-08-16 16:31:01.168129221,2025-08-17 15:23:45.775714485
ACC_000156,ordinary_recipient,SBI,217,Delhi,Delhi,none,0,0,3,2,0,none,2025-06-23 13:23:48.670441344,2025-12-17 07:15:36.542806939
ACC_000157,intermediary,Bank of Baroda,96,Delhi,Delhi,none,3,0,2,1,1,intermediary_mule,2025-03-19 03:30:19.208109140,2025-06-18 13:24:03.616642250
ACC_000158,victim,Union Bank of India,46,Chennai,Tamil Nadu,none,1,3,2,1,0,none,2024-04-16 08:32:32.785045618,2025-04-29 05:16:57.243129530
ACC_000159,victim,Union Bank of India,251,Mumbai,Maharashtra,none,0,0,1,1,0,none,2024-05-24 12:39:55.606102088,2025-06-06 08:16:17.410815797
ACC_000160,victim,Union Bank of India,216,Thane,Maharashtra,none,0,0,3,3,0,none,2026-01-01 10:31:31.436647221,2026-06-11 01:15:24.684289029
ACC_000161,ordinary_recipient,IDFC First Bank,248,Kolkata,West Bengal,none,1,2,1,1,0,none,2024-11-10 02:30:18.822379693,2026-04-23 14:27:12.870442118
ACC_000162,ordinary_recipient,Axis Bank,171,Pune,Maharashtra,none,0,2,0,1,0,none,2025-12-28 21:36:13.950162180,2026-03-27 23:06:09.364795855
ACC_000163,victim,IDFC First Bank,178,Navi Mumbai,Maharashtra,none,0,2,3,2,0,none,2024-06-21 22:23:02.316615690,2026-03-24 06:08:20.922367221
ACC_000164,victim,IDFC First Bank,49,Mumbai,Maharashtra,none,1,0,1,1,0,none,2025-06-30 01:59:34.095249817,2026-05-07 20:45:10.854510823
ACC_000165,mule,ICICI Bank,177,Pune,Maharashtra,none,1,9,1,1,1,first_hop_mule,2025-04-05 03:41:50.027204722,2026-06-06 17:30:39.143631994
ACC_000166,victim,ICICI Bank,225,Pune,Maharashtra,none,0,1,0,1,0,none,2024-10-24 08:05:31.433088314,2025-06-03 05:45:08.574124825
ACC_000167,victim,Axis Bank,180,Nagpur,Maharashtra,prior_flagged,0,2,2,1,0,none,2025-07-08 09:55:42.147854254,2025-09-22 02:11:31.013914074
ACC_000168,victim,IndusInd Bank,215,Lucknow,Uttar Pradesh,none,0,1,1,1,0,none,2024-04-23 10:49:47.282081397,2026-05-16 06:38:56.714413491
ACC_000169,mule,Kotak Mahindra Bank,10,Hyderabad,Telangana,none,1,3,1,1,1,cashout_mule,2026-02-19 05:49:30.577342957,2026-05-06 17:13:20.371467468
ACC_000170,victim,IndusInd Bank,165,Chennai,Tamil Nadu,none,0,0,0,1,0,none,2025-11-08 05:20:00.463347130,2026-02-25 07:35:37.110732656
ACC_000171,victim,Punjab National Bank,29,Thane,Maharashtra,none,0,1,2,1,0,none,2024-09-18 10:23:05.275714964,2025-06-12 16:51:40.343226927
ACC_000172,ordinary_recipient,Canara Bank,130,Navi Mumbai,Maharashtra,none,0,0,1,1,0,none,2025-06-12 12:26:18.049093477,2025-07-14 22:25:31.012223971
ACC_000173,victim,IndusInd Bank,25,Jaipur,Rajasthan,none,0,1,3,2,0,none,2026-04-01 21:01:15.325803488,2026-04-20 01:34:28.960909074
ACC_000174,high_volume,Punjab National Bank,163,Hyderabad,Telangana,none,0,0,3,1,0,none,2025-01-19 17:16:19.001248453,2025-06-22 04:10:23.311801574
ACC_000175,intermediary,Union Bank of India,131,Ahmedabad,Gujarat,none,1,0,1,1,1,intermediary_mule,2024-11-27 00:06:03.456493456,2025-10-12 18:22:36.356382687
ACC_000176,ordinary_recipient,Bank of Baroda,174,Delhi,Delhi,none,0,0,0,1,0,none,2025-12-28 20:10:47.319899559,2026-04-02 11:33:05.389171388
ACC_000177,ordinary_recipient,Yes Bank,167,Hyderabad,Telangana,none,0,0,3,1,0,none,2024-01-02 01:55:52.176996991,2025-05-10 01:05:07.627640690
ACC_000178,victim,IDFC First Bank,27,Bengaluru,Karnataka,none,0,0,2,1,0,none,2025-09-17 06:51:51.962229684,2025-10-09 03:10:16.681732016
ACC_000179,ordinary_recipient,Union Bank of India,241,Navi Mumbai,Maharashtra,prior_confirmed_fraud,0,0,0,1,0,none,2024-07-15 14:23:01.400741089,2024-07-22 13:57:04.238608856
ACC_000180,victim,ICICI Bank,104,Ahmedabad,Gujarat,none,0,0,2,1,0,none,2025-09-24 11:00:58.618541412,2026-01-31 11:10:46.738613889
ACC_000181,ordinary_recipient,IndusInd Bank,6,Nagpur,Maharashtra,none,0,0,4,2,0,none,2025-02-02 22:16:03.224467628,2025-05-13 00:06:57.998417056
ACC_000182,victim,Axis Bank,243,Bengaluru,Karnataka,none,1,0,3,2,0,none,2024-01-19 11:44:05.281845519,2026-03-25 07:45:35.103989995
ACC_000183,ordinary_recipient,Punjab National Bank,222,Thane,Maharashtra,none,0,1,0,1,0,none,2026-03-07 10:49:02.562598035,2026-04-25 19:28:29.017215430
ACC_000184,victim,Bank of Baroda,201,Hyderabad,Telangana,none,0,1,0,1,0,none,2025-05-12 21:32:42.920988701,2025-10-05 07:21:26.292410428
ACC_000185,ordinary_recipient,Union Bank of India,192,Kolkata,West Bengal,none,0,0,0,1,0,none,2024-10-12 16:34:39.274986964,2025-09-17 20:41:54.252730661
ACC_000186,victim,IDFC First Bank,20,Delhi,Delhi,none,0,1,1,1,0,none,2025-10-02 18:41:32.652548753,2026-03-21 15:22:07.563415713
ACC_000187,victim,IndusInd Bank,86,Indore,Madhya Pradesh,none,0,0,3,3,0,none,2025-03-27 19:14:35.259882889,2025-05-04 10:35:07.814024922
ACC_000188,ordinary_recipient,HDFC Bank,223,Pune,Maharashtra,none,0,0,1,1,0,none,2024-02-01 20:06:57.891346366,2025-11-14 14:15:57.150651771
ACC_000189,ordinary_recipient,Yes Bank,25,Jaipur,Rajasthan,none,0,1,2,2,0,none,2025-08-15 09:12:21.423492908,2025-09-28 05:14:35.742843736
ACC_000190,suspicious_hub,HDFC Bank,17,Chennai,Tamil Nadu,none,2,2,8,4,1,hub_account,2026-06-02 05:50:21.222441271,2026-06-12 23:27:55.259919007
ACC_000191,victim,Kotak Mahindra Bank,26,Lucknow,Uttar Pradesh,prior_flagged,1,0,2,2,0,none,2024-07-21 05:21:29.756677806,2025-03-31 03:54:19.800780047
ACC_000192,victim,Yes Bank,178,Kolkata,West Bengal,none,0,0,1,1,0,none,2026-02-25 03:00:58.073200583,2026-05-07 04:47:06.096159844
ACC_000193,ordinary_recipient,IDFC First Bank,207,Bengaluru,Karnataka,none,0,2,1,1,0,none,2025-07-19 17:25:58.038738444,2026-03-14 18:45:11.927312921
ACC_000194,victim,IndusInd Bank,88,Delhi,Delhi,none,0,0,1,1,0,none,2024-03-11 23:10:13.121387353,2026-01-13 16:20:03.880191608
ACC_000195,intermediary,SBI,235,Ahmedabad,Gujarat,none,1,0,2,2,1,intermediary_mule,2025-10-27 00:10:22.578544237,2026-03-05 16:20:56.367776869
ACC_000196,victim,Kotak Mahindra Bank,71,Ahmedabad,Gujarat,none,0,0,3,2,0,none,2025-02-06 04:44:26.647363164,2025-04-26 06:16:13.353065909
ACC_000197,mule,SBI,87,Hyderabad,Telangana,none,3,5,2,1,1,first_hop_mule,2025-12-24 02:11:58.704907849,2026-05-03 20:48:44.223664911
ACC_000198,ordinary_recipient,Union Bank of India,125,Chennai,Tamil Nadu,none,0,0,2,1,0,none,2025-08-02 03:56:27.434293039,2026-01-08 01:07:42.826178348
ACC_000199,victim,ICICI Bank,104,Delhi,Delhi,none,0,0,1,1,0,none,2024-01-03 12:53:02.066620929,2025-06-21 13:27:56.009988345
ACC_000200,ordinary_recipient,ICICI Bank,21,Pune,Maharashtra,none,0,0,2,2,0,none,2024-04-25 01:21:43.639565332,2025-04-13 05:20:41.300522627
ACC_000201,ordinary_recipient,Axis Bank,153,Mumbai,Maharashtra,none,1,1,2,2,0,none,2024-11-17 01:44:23.467138890,2025-07-20 15:44:18.480769054
ACC_000202,ordinary_recipient,Yes Bank,251,Chennai,Tamil Nadu,none,0,0,0,1,0,none,2025-03-14 23:15:46.074829146,2026-02-09 00:46:24.420416409
ACC_000203,ordinary_recipient,Punjab National Bank,96,Chennai,Tamil Nadu,prior_confirmed_fraud,0,0,2,1,0,none,2026-04-29 04:01:51.630948871,2026-05-31 13:47:30.774593071
ACC_000204,ordinary_recipient,Yes Bank,248,Chennai,Tamil Nadu,none,0,0,0,1,0,none,2026-01-18 19:36:01.273193233,2026-06-08 13:24:54.211080360
ACC_000205,ordinary_recipient,Canara Bank,217,Bengaluru,Karnataka,prior_flagged,0,1,5,2,0,none,2025-12-31 06:31:13.366214544,2026-05-14 15:12:07.688708953
ACC_000206,ordinary_recipient,HDFC Bank,45,Nagpur,Maharashtra,none,1,0,0,1,0,none,2025-05-06 13:17:53.886866853,2025-11-22 08:11:14.424367816
ACC_000207,ordinary_recipient,ICICI Bank,257,Pune,Maharashtra,none,1,1,3,2,0,none,2024-03-25 14:22:19.379676418,2024-09-18 14:54:00.616335192
ACC_000208,mule,Union Bank of India,249,Mumbai,Maharashtra,none,1,3,0,1,1,cashout_mule,2025-11-10 10:20:07.567711912,2025-11-14 12:00:33.428113153
ACC_000209,ordinary_recipient,Yes Bank,180,Thane,Maharashtra,none,0,0,0,1,0,none,2024-03-19 20:17:33.056498366,2024-09-06 18:28:40.618684350
ACC_000210,ordinary_recipient,ICICI Bank,248,Hyderabad,Telangana,none,0,1,2,2,0,none,2024-03-24 07:24:46.217653441,2024-11-12 02:43:28.242721435
ACC_000211,victim,Bank of Baroda,86,Kolkata,West Bengal,none,0,0,2,1,0,none,2024-08-20 09:11:58.105626110,2024-11-08 12:53:08.189845005
ACC_000212,victim,Bank of Baroda,32,Lucknow,Uttar Pradesh,none,0,0,2,2,0,none,2026-04-20 10:56:00.614996031,2026-06-06 15:44:56.834628256
ACC_000213,victim,Bank of Baroda,38,Mumbai,Maharashtra,prior_flagged,0,0,1,1,0,none,2025-11-14 04:13:27.546053134,2026-01-27 11:08:38.924291091
ACC_000214,ordinary_recipient,Axis Bank,4,Ahmedabad,Gujarat,none,0,0,3,1,0,none,2024-03-10 19:55:52.967505715,2024-04-05 06:31:52.792763368
ACC_000215,mule,Yes Bank,223,Hyderabad,Telangana,none,0,3,4,3,1,cashout_mule,2026-04-17 03:03:29.436410740,2026-05-19 09:36:59.212641506
ACC_000216,victim,Yes Bank,122,Nashik,Maharashtra,none,0,1,1,1,0,none,2025-12-14 15:42:53.776380144,2026-05-18 10:26:56.000011164
ACC_000217,ordinary_recipient,Punjab National Bank,130,Chennai,Tamil Nadu,none,0,0,2,2,0,none,2025-07-03 22:02:45.322233111,2025-11-03 14:17:06.758332908
ACC_000218,victim,Bank of Baroda,88,Indore,Madhya Pradesh,none,0,2,1,1,0,none,2024-04-25 15:53:51.993221328,2026-04-13 07:41:49.085131383
ACC_000219,victim,Yes Bank,137,Delhi,Delhi,none,0,0,0,1,0,none,2024-10-18 15:09:57.458615512,2026-03-30 19:47:54.145774432
ACC_000220,victim,IDFC First Bank,125,Hyderabad,Telangana,none,1,1,2,1,0,none,2024-09-30 22:06:26.617184654,2026-04-20 12:36:25.119610432
ACC_000221,ordinary_recipient,Kotak Mahindra Bank,117,Pune,Maharashtra,none,0,1,3,2,0,none,2025-08-06 01:59:26.431431137,2026-03-13 01:30:12.404154546
ACC_000222,victim,Canara Bank,134,Navi Mumbai,Maharashtra,none,0,0,2,1,0,none,2025-06-19 13:10:53.052624702,2026-04-18 09:15:55.703974472
ACC_000223,victim,IDFC First Bank,67,Thane,Maharashtra,prior_confirmed_fraud,0,0,1,1,0,none,2024-09-09 13:35:49.516625322,2025-05-23 16:20:18.416715261
ACC_000224,ordinary_recipient,Bank of Baroda,196,Mumbai,Maharashtra,none,0,1,0,1,0,none,2024-10-10 09:52:25.611621995,2025-12-19 11:13:34.746792819
ACC_000225,ordinary_recipient,Yes Bank,3,Chennai,Tamil Nadu,none,0,0,2,2,0,none,2025-04-17 07:12:34.789718717,2025-07-24 12:36:44.868555110
ACC_000226,ordinary_recipient,Union Bank of India,164,Thane,Maharashtra,none,0,1,1,1,0,none,2026-02-09 03:58:11.407321095,2026-03-09 23:55:31.462895563
ACC_000227,victim,Punjab National Bank,34,Chennai,Tamil Nadu,none,0,0,0,1,0,none,2024-04-24 23:47:03.013801321,2026-05-16 02:48:32.624371105
ACC_000228,victim,SBI,133,Jaipur,Rajasthan,none,0,0,1,1,0,none,2025-10-23 03:32:13.889446229,2026-03-09 06:29:54.209445310
ACC_000229,victim,IDFC First Bank,163,Ahmedabad,Gujarat,none,0,1,0,1,0,none,2026-06-26 01:25:16.399796620,2026-06-26 08:12:01.435174492
ACC_000230,victim,Kotak Mahindra Bank,131,Nashik,Maharashtra,none,0,0,2,1,0,none,2025-11-14 00:09:34.883555390,2025-12-28 23:45:33.739071213
ACC_000231,ordinary_recipient,Canara Bank,253,Thane,Maharashtra,none,0,1,1,1,0,none,2025-02-06 06:30:39.100506090,2025-09-28 23:13:46.260760577
ACC_000232,ordinary_recipient,ICICI Bank,244,Delhi,Delhi,none,0,0,0,1,0,none,2025-10-28 13:19:58.054080844,2026-05-23 07:54:10.453401538
ACC_000233,intermediary,Yes Bank,247,Navi Mumbai,Maharashtra,none,5,0,2,2,1,intermediary_mule,2026-02-23 02:02:56.439258486,2026-06-16 19:04:42.504520692
ACC_000234,mule,IDFC First Bank,77,Delhi,Delhi,none,3,3,0,1,1,cashout_mule,2025-12-01 02:29:10.250140272,2025-12-25 00:45:14.637589133
ACC_000235,victim,SBI,259,Hyderabad,Telangana,none,0,0,2,2,0,none,2024-01-12 14:55:48.082027793,2024-03-08 09:49:18.247089154
ACC_000236,victim,Yes Bank,50,Hyderabad,Telangana,none,0,0,1,1,0,none,2024-04-29 18:58:27.167342860,2024-08-04 01:42:51.530447989
ACC_000237,intermediary,Bank of Baroda,94,Pune,Maharashtra,none,0,0,3,2,1,intermediary_mule,2024-04-07 14:33:57.748246791,2025-10-05 17:09:46.632788966
ACC_000238,victim,Union Bank of India,82,Pune,Maharashtra,none,0,0,1,1,0,none,2024-01-29 23:50:32.909156214,2025-05-13 22:51:41.980067886
ACC_000239,ordinary_recipient,IndusInd Bank,53,Jaipur,Rajasthan,none,0,0,0,1,0,none,2025-10-12 22:19:51.254009418,2026-04-22 20:00:11.127619682
ACC_000240,ordinary_recipient,IndusInd Bank,204,Surat,Gujarat,none,0,0,1,1,0,none,2024-08-31 13:51:10.813421730,2025-10-01 14:22:41.754398609
ACC_000241,ordinary_recipient,Yes Bank,193,Hyderabad,Telangana,prior_flagged,1,0,2,1,0,none,2025-10-19 16:51:33.285486892,2025-11-12 23:45:34.099425505
ACC_000242,victim,HDFC Bank,78,Bengaluru,Karnataka,none,0,0,0,1,0,none,2025-08-29 19:34:34.626539402,2025-11-16 04:23:55.612732183
ACC_000243,victim,Kotak Mahindra Bank,179,Chennai,Tamil Nadu,none,0,0,2,1,0,none,2025-04-22 00:14:03.383806214,2025-09-12 21:35:50.252709816
ACC_000244,victim,ICICI Bank,169,Thane,Maharashtra,none,0,0,3,3,0,none,2024-02-24 09:35:30.423485537,2025-10-22 14:42:14.782589506
ACC_000245,victim,IDFC First Bank,246,Jaipur,Rajasthan,none,0,1,1,1,0,none,2024-10-05 03:12:54.910888497,2025-10-17 20:40:19.450017514
ACC_000246,victim,Union Bank of India,99,Pune,Maharashtra,none,0,1,1,1,0,none,2024-01-25 16:50:12.762790394,2026-05-13 20:52:31.510890324
ACC_000247,ordinary_recipient,Punjab National Bank,49,Chennai,Tamil Nadu,none,0,1,1,1,0,none,2026-04-09 00:40:57.194600642,2026-04-20 22:58:18.711944360
ACC_000248,ordinary_recipient,HDFC Bank,104,Pune,Maharashtra,none,2,0,1,1,0,none,2024-10-08 03:57:55.381858855,2026-05-22 08:16:23.998628370
ACC_000249,victim,Yes Bank,13,Chennai,Tamil Nadu,none,1,0,1,1,0,none,2024-03-27 11:58:37.318152539,2024-09-25 00:19:06.880273769
ACC_000250,victim,Kotak Mahindra Bank,193,Kolkata,West Bengal,none,0,0,2,1,0,none,2024-01-03 07:03:21.945326106,2024-11-10 09:42:31.752701711
ACC_000251,high_volume,Union Bank of India,256,Kolkata,West Bengal,none,2,1,1,1,0,none,2025-07-11 02:06:46.483969577,2025-07-23 07:49:30.532955736
ACC_000252,victim,Union Bank of India,49,Delhi,Delhi,none,0,0,2,2,0,none,2025-07-19 16:52:02.284965955,2025-10-30 02:13:44.654972378
ACC_000253,victim,Canara Bank,227,Hyderabad,Telangana,none,0,1,1,1,0,none,2026-06-25 09:02:47.754100099,2026-06-26 07:12:17.056674720
ACC_000254,ordinary_recipient,ICICI Bank,160,Hyderabad,Telangana,none,0,0,1,1,0,none,2024-09-19 22:09:04.597921737,2025-02-07 17:14:34.685461628
ACC_000255,victim,HDFC Bank,170,Chennai,Tamil Nadu,prior_flagged,0,0,2,2,0,none,2024-02-12 09:13:36.830958805,2025-06-23 09:49:49.470753475
ACC_000256,victim,Punjab National Bank,148,Bengaluru,Karnataka,none,0,0,2,2,0,none,2025-12-11 00:24:56.922944933,2026-05-16 22:36:31.008310718
ACC_000257,victim,IndusInd Bank,42,Bengaluru,Karnataka,none,1,1,3,2,0,none,2024-10-04 11:22:47.648795702,2026-01-19 10:10:22.153856788
ACC_000258,suspicious_hub,IDFC First Bank,209,Chennai,Tamil Nadu,prior_flagged,2,2,5,5,1,hub_account,2024-10-28 05:31:45.347532440,2026-03-17 19:40:05.368922430
ACC_000259,ordinary_recipient,Yes Bank,62,Navi Mumbai,Maharashtra,none,0,0,0,1,0,none,2026-04-06 22:42:12.903199196,2026-06-07 10:01:30.028499781
ACC_000260,ordinary_recipient,Punjab National Bank,237,Chennai,Tamil Nadu,none,0,0,2,2,0,none,2025-06-08 03:53:44.645886861,2026-06-20 21:52:31.594619754
ACC_000261,intermediary,Punjab National Bank,219,Thane,Maharashtra,none,5,1,0,1,1,intermediary_mule,2024-12-30 17:14:40.963384353,2025-01-09 19:26:40.954491687
ACC_000262,ordinary_recipient,Union Bank of India,38,Chennai,Tamil Nadu,none,0,0,2,1,0,none,2026-05-15 22:59:37.413052186,2026-06-29 10:54:56.125802556
ACC_000263,victim,SBI,114,Delhi,Delhi,none,1,0,1,1,0,none,2024-08-29 16:19:33.434919976,2025-05-30 23:40:47.034460275
ACC_000264,ordinary_recipient,IndusInd Bank,67,Ahmedabad,Gujarat,none,1,0,0,1,0,none,2024-01-20 13:35:35.033592344,2025-03-21 11:55:46.735410975
ACC_000265,ordinary_recipient,IDFC First Bank,222,Mumbai,Maharashtra,none,0,1,4,3,0,none,2024-07-29 07:51:25.908562694,2025-09-06 20:39:27.637071837
ACC_000266,ordinary_recipient,IDFC First Bank,37,Delhi,Delhi,none,0,0,3,1,0,none,2024-02-10 04:46:12.413464052,2024-02-17 14:53:59.631465165
ACC_000267,mule,IDFC First Bank,54,Navi Mumbai,Maharashtra,none,1,2,4,4,1,first_hop_mule,2025-01-06 10:59:16.568712600,2025-04-14 11:57:09.718953477
ACC_000268,victim,IDFC First Bank,259,Jaipur,Rajasthan,prior_flagged,1,0,1,1,0,none,2026-01-27 02:26:21.250907570,2026-04-05 17:39:31.338657948
ACC_000269,victim,Kotak Mahindra Bank,185,Thane,Maharashtra,prior_flagged,0,1,0,1,0,none,2026-06-07 09:19:34.314123318,2026-06-24 18:55:23.127414543
ACC_000270,victim,Axis Bank,158,Bengaluru,Karnataka,none,1,1,1,1,0,none,2025-09-29 23:48:59.738656893,2026-05-25 12:47:36.034022434
ACC_000271,victim,IndusInd Bank,24,Mumbai,Maharashtra,none,1,0,1,1,0,none,2026-04-23 16:34:34.951662719,2026-05-03 15:13:43.288085544
ACC_000272,suspicious_hub,ICICI Bank,244,Kolkata,West Bengal,none,0,1,6,3,1,hub_account,2025-01-07 04:08:39.581179779,2025-05-28 21:02:54.709561203
ACC_000273,ordinary_recipient,IndusInd Bank,45,Pune,Maharashtra,prior_confirmed_fraud,1,0,2,1,0,none,2024-10-02 18:26:24.484314922,2025-10-23 14:08:30.187244723
ACC_000274,victim,Union Bank of India,250,Hyderabad,Telangana,none,0,3,2,2,0,none,2024-05-20 11:58:49.431001199,2025-02-22 15:17:09.835465097
ACC_000275,ordinary_recipient,IDFC First Bank,145,Navi Mumbai,Maharashtra,none,0,0,1,1,0,none,2025-04-01 07:15:20.199901484,2025-08-14 18:18:19.376932786
ACC_000276,mule,Bank of Baroda,235,Nagpur,Maharashtra,none,0,8,0,1,1,cashout_mule,2024-10-24 20:10:25.137573708,2025-06-16 21:03:26.125599261
ACC_000277,ordinary_recipient,Union Bank of India,119,Mumbai,Maharashtra,none,0,0,2,2,0,none,2024-04-07 23:12:15.124000631,2025-10-30 09:17:58.119269369
ACC_000278,ordinary_recipient,Union Bank of India,70,Bengaluru,Karnataka,none,0,0,3,3,0,none,2026-04-28 23:23:26.505829379,2026-05-11 07:01:43.064533282
ACC_000279,ordinary_recipient,Yes Bank,29,Mumbai,Maharashtra,none,0,1,1,1,0,none,2024-04-22 16:39:36.060457600,2024-06-11 02:44:17.686304797
ACC_000280,victim,Axis Bank,132,Indore,Madhya Pradesh,none,0,1,0,1,0,none,2025-11-04 21:39:45.014204428,2025-11-05 17:20:00.344377072
ACC_000281,ordinary_recipient,Union Bank of India,158,Delhi,Delhi,prior_confirmed_fraud,0,0,3,2,0,none,2024-03-03 00:23:36.096119711,2025-05-24 03:36:44.740010883
ACC_000282,ordinary_recipient,ICICI Bank,61,Hyderabad,Telangana,none,0,0,2,1,0,none,2025-04-25 04:52:27.963095307,2025-08-10 21:50:07.521713134
ACC_000283,mule,IndusInd Bank,85,Nashik,Maharashtra,prior_flagged,3,9,2,2,1,first_hop_mule,2025-09-06 17:52:57.203683220,2026-02-20 03:11:57.283711319
ACC_000284,intermediary,Kotak Mahindra Bank,112,Pune,Maharashtra,none,2,0,0,1,1,intermediary_mule,2024-08-01 15:51:42.862147179,2026-04-08 00:15:27.482392931
ACC_000285,high_volume,Yes Bank,33,Ahmedabad,Gujarat,none,0,0,1,1,0,none,2024-03-09 22:00:14.098018921,2024-11-12 04:49:48.374463920
ACC_000286,victim,HDFC Bank,111,Kolkata,West Bengal,none,0,1,2,1,0,none,2025-06-24 13:19:25.281071059,2025-08-31 13:23:21.309688667
ACC_000287,mule,Punjab National Bank,89,Hyderabad,Telangana,none,0,3,1,1,1,cashout_mule,2025-07-03 05:57:23.003548615,2025-07-03 19:37:59.791175843
ACC_000288,ordinary_recipient,Kotak Mahindra Bank,237,Kolkata,West Bengal,none,0,0,0,1,0,none,2024-10-11 05:11:07.282364529,2026-06-18 07:29:43.733087866
ACC_000289,victim,IndusInd Bank,75,Navi Mumbai,Maharashtra,none,0,0,1,1,0,none,2024-12-08 17:05:29.071130853,2025-09-28 10:02:37.379660354
ACC_000290,intermediary,ICICI Bank,180,Lucknow,Uttar Pradesh,none,1,2,2,1,1,intermediary_mule,2024-02-11 13:07:28.033074850,2026-01-08 22:19:47.681431687
ACC_000291,intermediary,Bank of Baroda,201,Delhi,Delhi,none,5,0,1,1,1,intermediary_mule,2024-09-26 11:07:18.074643571,2026-03-30 23:10:28.829087716
ACC_000292,mule,HDFC Bank,193,Jaipur,Rajasthan,none,0,4,0,1,1,cashout_mule,2026-03-15 01:13:13.851795197,2026-06-29 11:42:59.880997389
ACC_000293,victim,IDFC First Bank,115,Kolkata,West Bengal,none,0,1,2,2,0,none,2024-06-05 01:10:59.403149499,2026-03-16 00:42:55.086350467
ACC_000294,victim,Bank of Baroda,192,Nashik,Maharashtra,none,0,0,2,1,0,none,2025-03-02 09:29:11.828556858,2025-07-22 21:32:28.617563090
ACC_000295,intermediary,ICICI Bank,121,Hyderabad,Telangana,none,5,0,2,2,1,intermediary_mule,2025-09-08 14:07:42.598387174,2026-02-21 17:52:13.619252562
ACC_000296,suspicious_hub,Canara Bank,142,Surat,Gujarat,none,1,2,12,14,1,hub_account,2026-01-01 10:13:03.697821356,2026-06-23 07:23:53.418845610
ACC_000297,victim,Union Bank of India,137,Mumbai,Maharashtra,none,0,0,2,1,0,none,2024-03-14 22:14:43.573444983,2025-08-27 02:39:16.220788264
ACC_000298,victim,IDFC First Bank,90,Delhi,Delhi,prior_flagged,0,0,2,2,0,none,2025-06-23 03:54:18.062039189,2026-04-05 03:06:11.171426431
ACC_000299,ordinary_recipient,Punjab National Bank,88,Hyderabad,Telangana,none,0,1,0,1,0,none,2025-07-25 11:04:20.508407563,2026-05-29 07:23:39.280556897
ACC_000300,victim,Axis Bank,218,Nagpur,Maharashtra,none,0,0,1,1,0,none,2024-06-28 19:32:45.671932893,2025-09-20 12:12:27.112157927
ACC_000301,ordinary_recipient,Union Bank of India,30,Nagpur,Maharashtra,none,0,0,1,1,0,none,2024-01-29 02:28:19.117036888,2025-10-01 11:30:41.284420548
ACC_000302,high_volume,Kotak Mahindra Bank,90,Kolkata,West Bengal,none,0,0,2,1,0,none,2026-02-08 05:14:16.321744405,2026-05-02 14:59:35.557043745
ACC_000303,victim,ICICI Bank,121,Lucknow,Uttar Pradesh,none,0,0,1,1,0,none,2025-02-04 21:41:12.510457791,2025-07-27 15:23:35.789677793
ACC_000304,mule,Kotak Mahindra Bank,135,Bengaluru,Karnataka,none,2,2,2,1,1,cashout_mule,2024-02-25 08:52:40.513939590,2024-09-25 05:55:02.616159566
ACC_000305,ordinary_recipient,Canara Bank,44,Surat,Gujarat,none,0,1,0,1,0,none,2025-06-10 14:01:10.875251912,2026-02-09 02:59:40.952683963
ACC_000306,victim,HDFC Bank,40,Mumbai,Maharashtra,none,0,3,0,1,0,none,2024-12-09 08:49:29.881419208,2026-06-19 06:50:43.850202745
ACC_000307,ordinary_recipient,IndusInd Bank,168,Pune,Maharashtra,none,0,1,2,1,0,none,2024-03-14 01:31:17.204297370,2026-04-20 17:29:05.212129219
ACC_000308,ordinary_recipient,SBI,154,Mumbai,Maharashtra,prior_flagged,1,0,0,1,0,none,2024-09-18 13:23:59.940300081,2025-02-01 20:23:33.211715713
ACC_000309,mule,Canara Bank,49,Delhi,Delhi,none,2,4,3,3,1,cashout_mule,2024-10-24 17:50:08.448038992,2026-03-25 13:40:24.039023122
ACC_000310,ordinary_recipient,Canara Bank,122,Hyderabad,Telangana,prior_confirmed_fraud,0,0,3,1,0,none,2025-06-07 17:43:21.042401321,2025-06-15 21:54:12.293198723
ACC_000311,intermediary,Axis Bank,178,Navi Mumbai,Maharashtra,none,1,0,2,2,1,intermediary_mule,2025-01-02 10:29:04.110064842,2025-11-18 20:08:54.302565084
ACC_000312,victim,Kotak Mahindra Bank,228,Delhi,Delhi,prior_flagged,0,1,0,1,0,none,2024-04-07 11:16:37.114242621,2026-05-04 07:49:55.586003310
ACC_000313,high_volume,Axis Bank,7,Chennai,Tamil Nadu,none,0,0,1,1,0,none,2025-08-01 18:58:24.951331809,2026-06-16 11:46:49.057349881
ACC_000314,ordinary_recipient,IndusInd Bank,79,Hyderabad,Telangana,none,2,1,2,2,0,none,2025-10-25 22:27:55.627368957,2026-03-23 22:19:05.453372114
ACC_000315,ordinary_recipient,Bank of Baroda,195,Hyderabad,Telangana,none,0,2,2,1,0,none,2025-04-07 03:40:19.866775721,2026-01-15 07:00:37.139874729
ACC_000316,victim,Canara Bank,79,Hyderabad,Telangana,none,0,0,1,1,0,none,2024-02-27 17:06:02.352138928,2025-01-25 09:57:29.374214392
ACC_000317,victim,Punjab National Bank,37,Indore,Madhya Pradesh,none,0,0,3,1,0,none,2024-04-04 00:54:24.822302460,2025-11-16 05:21:11.946089726
ACC_000318,ordinary_recipient,ICICI Bank,33,Chennai,Tamil Nadu,none,0,1,2,1,0,none,2026-05-10 13:44:15.016463906,2026-05-22 23:06:33.859474796
ACC_000319,intermediary,HDFC Bank,160,Lucknow,Uttar Pradesh,none,4,0,4,2,1,intermediary_mule,2024-06-21 12:17:03.037970083,2024-07-16 12:36:26.995658497
ACC_000320,mule,Union Bank of India,125,Surat,Gujarat,none,3,4,0,1,1,cashout_mule,2024-10-07 03:03:39.542019576,2026-03-18 02:20:44.843012391
ACC_000321,victim,IndusInd Bank,67,Jaipur,Rajasthan,none,0,0,1,1,0,none,2025-09-18 07:47:59.575549878,2025-10-05 12:12:24.175360631
ACC_000322,victim,SBI,199,Mumbai,Maharashtra,none,0,0,2,2,0,none,2025-12-22 08:41:38.067953810,2026-04-27 09:58:56.781009938
ACC_000323,ordinary_recipient,HDFC Bank,49,Bengaluru,Karnataka,none,0,1,2,2,0,none,2026-04-09 22:31:03.623248547,2026-05-15 08:33:32.290188737
ACC_000324,mule,Union Bank of India,168,Delhi,Delhi,none,2,3,0,1,1,first_hop_mule,2024-12-26 00:20:28.832715489,2025-01-18 20:21:22.104823125
ACC_000325,mule,ICICI Bank,235,Mumbai,Maharashtra,none,3,1,1,1,1,first_hop_mule,2026-06-22 23:28:20.566896245,2026-06-24 02:24:20.753167160
ACC_000326,victim,IDFC First Bank,24,Bengaluru,Karnataka,none,0,0,0,1,0,none,2024-04-04 15:27:45.338660354,2024-06-25 20:48:18.313959339
ACC_000327,victim,IDFC First Bank,122,Pune,Maharashtra,none,0,0,3,2,0,none,2026-01-22 23:20:41.904619232,2026-02-25 20:30:38.257111615
ACC_000328,victim,ICICI Bank,78,Hyderabad,Telangana,none,0,0,4,4,0,none,2024-09-04 21:19:44.136377335,2025-10-31 03:33:09.591400133
ACC_000329,ordinary_recipient,HDFC Bank,204,Ahmedabad,Gujarat,none,0,0,0,1,0,none,2026-05-03 16:33:21.266115427,2026-06-05 09:24:48.510588509
ACC_000330,victim,Axis Bank,85,Delhi,Delhi,prior_flagged,0,0,2,2,0,none,2026-03-02 20:06:29.222432241,2026-04-23 10:15:30.012214387
ACC_000331,victim,HDFC Bank,199,Surat,Gujarat,none,0,0,1,1,0,none,2025-11-25 10:17:04.379686311,2026-05-27 00:14:12.002877309
ACC_000332,mule,HDFC Bank,156,Kolkata,West Bengal,none,3,0,0,1,1,cashout_mule,2025-07-04 00:20:03.681568801,2026-04-01 20:44:58.638756073
ACC_000333,ordinary_recipient,IndusInd Bank,207,Ahmedabad,Gujarat,none,0,0,0,1,0,none,2024-07-14 08:52:24.209380407,2025-11-14 22:27:10.145158398
ACC_000334,suspicious_hub,ICICI Bank,205,Mumbai,Maharashtra,none,1,3,9,5,1,hub_account,2025-02-24 19:32:09.897673875,2025-12-15 08:50:55.842518432
ACC_000335,mule,Kotak Mahindra Bank,183,Surat,Gujarat,none,4,1,1,1,1,cashout_mule,2024-02-01 16:33:26.180180328,2025-10-05 18:52:14.974884504
ACC_000336,victim,Axis Bank,258,Mumbai,Maharashtra,none,1,0,0,1,0,none,2025-10-08 06:23:59.054978557,2025-12-07 06:05:11.890951283
ACC_000337,victim,ICICI Bank,214,Ahmedabad,Gujarat,none,0,1,3,3,0,none,2024-04-15 13:35:03.492948754,2024-11-10 20:02:46.391269200
ACC_000338,ordinary_recipient,Axis Bank,67,Mumbai,Maharashtra,none,0,0,3,3,0,none,2024-08-23 07:12:50.177766748,2025-03-12 17:41:09.978245293
ACC_000339,ordinary_recipient,ICICI Bank,28,Thane,Maharashtra,none,0,0,0,1,0,none,2024-08-11 05:45:51.378750876,2026-01-02 21:55:13.188808658
ACC_000340,ordinary_recipient,Bank of Baroda,51,Nashik,Maharashtra,none,1,0,1,1,0,none,2025-12-18 19:42:33.879384361,2026-03-12 07:51:37.665559999
ACC_000341,intermediary,Canara Bank,113,Kolkata,West Bengal,prior_confirmed_fraud,5,0,1,1,1,intermediary_mule,2024-12-30 23:45:49.392779592,2026-06-07 21:19:42.376728658
ACC_000342,mule,IndusInd Bank,110,Jaipur,Rajasthan,prior_confirmed_fraud,2,0,1,1,1,cashout_mule,2025-05-01 23:12:14.163123213,2025-05-19 00:19:48.438200993
ACC_000343,ordinary_recipient,Union Bank of India,194,Chennai,Tamil Nadu,none,1,1,5,4,0,none,2024-07-09 01:14:10.001290774,2025-04-11 07:04:50.671689644
ACC_000344,victim,SBI,176,Chennai,Tamil Nadu,none,0,1,1,1,0,none,2024-10-31 08:48:31.040897388,2025-02-02 05:30:22.055928652
ACC_000345,victim,ICICI Bank,38,Nashik,Maharashtra,none,0,0,1,1,0,none,2025-04-11 08:09:30.568895623,2026-04-09 07:48:12.489940371
ACC_000346,ordinary_recipient,Punjab National Bank,187,Indore,Madhya Pradesh,none,0,1,1,1,0,none,2024-06-25 22:04:25.824296309,2025-06-12 23:47:07.867965370
ACC_000347,victim,Canara Bank,159,Delhi,Delhi,none,0,1,3,3,0,none,2025-09-20 10:03:37.913054682,2026-03-14 14:58:40.520561234
ACC_000348,mule,ICICI Bank,215,Lucknow,Uttar Pradesh,none,2,2,2,2,1,cashout_mule,2025-02-13 06:46:55.052042089,2025-12-10 06:49:24.594105948
ACC_000349,ordinary_recipient,Kotak Mahindra Bank,113,Kolkata,West Bengal,none,0,1,1,1,0,none,2026-06-15 02:31:57.762233347,2026-06-16 06:47:46.655434819
ACC_000350,victim,IDFC First Bank,81,Delhi,Delhi,none,0,0,3,3,0,none,2024-08-12 14:08:26.126572385,2026-02-01 13:19:59.615400035
ACC_000351,mule,SBI,72,Nagpur,Maharashtra,none,3,3,2,1,1,first_hop_mule,2024-12-26 19:26:49.549166985,2026-03-24 01:16:59.058367335
ACC_000352,ordinary_recipient,IndusInd Bank,218,Chennai,Tamil Nadu,prior_flagged,0,0,1,1,0,none,2026-04-22 08:49:45.361326635,2026-06-03 01:23:07.788489223
ACC_000353,victim,Union Bank of India,66,Surat,Gujarat,prior_confirmed_fraud,0,0,3,2,0,none,2026-03-18 03:26:48.831160322,2026-04-16 07:43:23.051956118
ACC_000354,ordinary_recipient,Bank of Baroda,174,Chennai,Tamil Nadu,none,0,1,2,1,0,none,2025-03-17 01:53:18.415707149,2026-02-20 08:16:36.586460034
ACC_000355,ordinary_recipient,ICICI Bank,119,Jaipur,Rajasthan,none,0,0,4,2,0,none,2024-04-22 14:14:58.811723435,2025-11-03 00:13:57.261234565
ACC_000356,ordinary_recipient,Yes Bank,5,Surat,Gujarat,none,0,1,0,1,0,none,2025-01-07 09:35:45.871916786,2026-05-13 21:26:33.284741555
ACC_000357,victim,Axis Bank,132,Nagpur,Maharashtra,prior_flagged,0,2,3,3,0,none,2025-06-19 01:23:48.174334265,2025-08-02 04:03:02.459171339
ACC_000358,ordinary_recipient,Yes Bank,252,Bengaluru,Karnataka,none,0,0,2,2,0,none,2024-08-19 14:27:57.117099520,2026-04-29 17:18:05.202962496
ACC_000359,ordinary_recipient,Yes Bank,87,Hyderabad,Telangana,none,0,1,1,1,0,none,2024-06-23 02:55:45.289911740,2026-04-07 18:51:39.394222689
ACC_000360,victim,Punjab National Bank,66,Pune,Maharashtra,none,0,0,2,2,0,none,2025-04-29 03:21:10.993183374,2025-09-03 03:24:58.556386274
ACC_000361,victim,SBI,132,Kolkata,West Bengal,none,1,1,1,1,0,none,2024-06-09 08:35:18.828677874,2025-11-28 23:11:09.572279440
ACC_000362,ordinary_recipient,HDFC Bank,20,Pune,Maharashtra,none,0,0,0,1,0,none,2026-03-07 16:49:39.028396651,2026-04-06 20:13:28.085748370
ACC_000363,victim,Canara Bank,99,Chennai,Tamil Nadu,none,0,0,0,1,0,none,2024-03-08 15:12:08.798982780,2024-09-22 21:43:45.693880997
ACC_000364,high_volume,IndusInd Bank,115,Bengaluru,Karnataka,none,0,0,3,3,0,none,2026-06-18 12:31:42.127256870,2026-06-25 21:15:10.958575705
ACC_000365,victim,IDFC First Bank,106,Ahmedabad,Gujarat,prior_flagged,0,0,4,3,0,none,2025-05-05 01:35:09.495311245,2025-05-26 03:02:36.343033900
ACC_000366,mule,IDFC First Bank,139,Bengaluru,Karnataka,prior_flagged,2,3,2,2,1,cashout_mule,2026-06-15 00:36:23.674490392,2026-06-16 11:16:47.525813650
ACC_000367,suspicious_hub,Yes Bank,126,Hyderabad,Telangana,none,5,3,9,9,1,hub_account,2025-11-15 15:08:48.949122787,2026-04-14 01:36:36.859984000
ACC_000368,victim,Union Bank of India,122,Navi Mumbai,Maharashtra,none,0,0,1,1,0,none,2024-05-19 06:57:49.436357062,2026-05-23 20:34:03.152343802
ACC_000369,ordinary_recipient,ICICI Bank,84,Ahmedabad,Gujarat,none,0,0,0,1,0,none,2024-07-26 04:41:38.788345296,2024-08-19 03:39:12.634894626
ACC_000370,victim,Bank of Baroda,199,Delhi,Delhi,none,0,0,1,1,0,none,2024-04-07 10:17:13.580613395,2024-04-26 01:47:09.566365271
ACC_000371,ordinary_recipient,Punjab National Bank,88,Hyderabad,Telangana,none,2,0,1,1,0,none,2025-10-26 04:43:14.983703099,2025-11-13 15:36:51.875255973
ACC_000372,suspicious_hub,ICICI Bank,31,Ahmedabad,Gujarat,none,5,3,6,4,1,hub_account,2024-06-02 15:32:55.863124238,2024-06-03 21:48:09.803204930
ACC_000373,high_volume,Kotak Mahindra Bank,176,Bengaluru,Karnataka,none,0,0,1,1,0,none,2025-10-12 23:34:13.614927508,2026-06-11 08:38:20.134749200
ACC_000374,ordinary_recipient,Punjab National Bank,211,Pune,Maharashtra,none,0,0,2,1,0,none,2026-02-22 00:04:29.996821642,2026-04-23 16:17:46.838296882
ACC_000375,mule,IDFC First Bank,3,Pune,Maharashtra,none,1,3,2,1,1,cashout_mule,2025-01-10 01:43:28.567512460,2026-01-15 23:52:46.784339601
ACC_000376,mule,Bank of Baroda,126,Bengaluru,Karnataka,none,2,1,1,1,1,first_hop_mule,2025-08-25 04:55:26.819316328,2025-12-31 18:47:55.958471310
ACC_000377,victim,Canara Bank,25,Nashik,Maharashtra,none,0,0,1,1,0,none,2026-03-26 12:33:38.060106382,2026-06-29 17:41:13.598835996
ACC_000378,mule,Canara Bank,21,Nagpur,Maharashtra,none,2,4,0,1,1,first_hop_mule,2025-11-17 02:20:18.020584829,2026-03-05 00:50:44.096274596
ACC_000379,victim,HDFC Bank,200,Pune,Maharashtra,none,0,0,1,1,0,none,2024-04-29 02:57:00.669120526,2026-05-12 21:44:42.523687527
ACC_000380,high_volume,HDFC Bank,253,Delhi,Delhi,none,1,0,2,2,0,none,2024-09-23 11:29:14.938122347,2025-11-16 03:59:41.557022600
ACC_000381,intermediary,Bank of Baroda,9,Delhi,Delhi,none,4,0,1,1,1,intermediary_mule,2025-05-02 23:10:51.060068719,2026-06-07 21:23:42.966739192
ACC_000382,ordinary_recipient,Union Bank of India,232,Bengaluru,Karnataka,none,0,0,2,1,0,none,2024-08-28 17:58:49.382160831,2025-07-26 14:50:25.504809746
ACC_000383,ordinary_recipient,Canara Bank,68,Hyderabad,Telangana,none,0,0,0,1,0,none,2025-04-05 21:31:04.940115631,2026-05-06 11:36:15.857985063
ACC_000384,high_volume,Union Bank of India,83,Hyderabad,Telangana,prior_flagged,0,0,2,2,0,none,2026-05-18 00:41:29.696376830,2026-06-01 09:01:54.388160116
ACC_000385,victim,Yes Bank,118,Delhi,Delhi,prior_confirmed_fraud,0,0,0,1,0,none,2025-02-16 20:02:41.041836403,2026-01-12 05:18:10.601215455
ACC_000386,ordinary_recipient,IndusInd Bank,131,Lucknow,Uttar Pradesh,none,0,0,0,1,0,none,2024-08-26 09:08:58.493142117,2025-10-15 12:16:17.001304464
ACC_000387,ordinary_recipient,IDFC First Bank,40,Bengaluru,Karnataka,none,0,0,0,1,0,none,2024-05-13 12:47:46.438167203,2025-05-27 00:46:16.482717485
ACC_000388,ordinary_recipient,IDFC First Bank,64,Ahmedabad,Gujarat,none,2,2,1,1,0,none,2026-03-31 21:35:44.902216226,2026-05-16 02:00:13.997006116
ACC_000389,victim,Canara Bank,121,Bengaluru,Karnataka,none,0,0,2,1,0,none,2024-07-28 08:11:53.831437632,2024-11-24 17:00:15.815447195
ACC_000390,victim,IndusInd Bank,132,Delhi,Delhi,none,0,2,2,2,0,none,2024-06-25 09:18:35.394608179,2026-04-21 23:11:35.354137518
ACC_000391,suspicious_hub,IDFC First Bank,113,Kolkata,West Bengal,none,1,7,11,10,1,hub_account,2025-05-17 02:03:55.918819882,2025-11-18 19:39:03.040019088
ACC_000392,mule,SBI,65,Navi Mumbai,Maharashtra,none,3,0,3,3,1,cashout_mule,2025-02-24 14:51:01.578788571,2025-05-09 21:30:48.682708830
ACC_000393,mule,SBI,62,Surat,Gujarat,prior_flagged,2,2,2,1,1,first_hop_mule,2024-12-17 08:10:37.869005386,2026-01-15 12:35:34.344213993
ACC_000394,ordinary_recipient,IndusInd Bank,96,Hyderabad,Telangana,none,0,0,2,1,0,none,2025-06-11 03:38:25.400595613,2026-03-17 06:30:35.714595341
ACC_000395,ordinary_recipient,IndusInd Bank,97,Mumbai,Maharashtra,none,1,0,1,1,0,none,2025-06-02 17:29:25.103305489,2025-06-20 10:14:48.313914157
ACC_000396,ordinary_recipient,IDFC First Bank,71,Delhi,Delhi,none,0,0,1,1,0,none,2024-03-03 07:33:09.565853674,2024-12-10 18:35:01.531756792
ACC_000397,ordinary_recipient,IDFC First Bank,54,Chennai,Tamil Nadu,none,0,1,3,3,0,none,2025-01-12 23:46:53.865328800,2025-11-20 09:46:18.477223069
ACC_000398,intermediary,Kotak Mahindra Bank,117,Mumbai,Maharashtra,none,2,0,1,1,1,intermediary_mule,2025-10-18 19:39:04.943765789,2026-05-15 15:35:29.282993025
ACC_000399,victim,Canara Bank,225,Pune,Maharashtra,none,0,1,3,3,0,none,2024-12-13 17:01:58.325496990,2025-06-06 16:05:38.303720195
ACC_000400,high_volume,Punjab National Bank,18,Lucknow,Uttar Pradesh,none,0,0,4,3,0,none,2026-06-27 20:49:26.315888166,2026-06-28 12:09:32.851431054
ACC_000401,intermediary,Canara Bank,31,Delhi,Delhi,none,4,0,3,1,1,intermediary_mule,2024-08-02 10:27:32.303044528,2025-12-28 12:03:50.958972056
ACC_000402,ordinary_recipient,HDFC Bank,139,Thane,Maharashtra,none,0,0,2,1,0,none,2025-03-28 04:30:31.515247568,2025-07-06 18:16:34.139379286
ACC_000403,high_volume,Kotak Mahindra Bank,207,Mumbai,Maharashtra,prior_flagged,0,0,3,3,0,none,2025-09-05 22:47:23.241628669,2026-05-30 02:33:10.299824807
ACC_000404,intermediary,SBI,57,Hyderabad,Telangana,none,1,1,3,2,1,intermediary_mule,2025-05-14 02:28:11.118248738,2026-04-04 16:08:47.749084297
ACC_000405,victim,ICICI Bank,79,Bengaluru,Karnataka,none,0,0,2,1,0,none,2024-02-05 14:17:41.056035788,2026-03-28 09:07:24.918003205
ACC_000406,victim,Punjab National Bank,44,Hyderabad,Telangana,none,0,0,1,1,0,none,2025-04-12 22:47:51.045084648,2025-09-16 16:14:50.532912167
ACC_000407,ordinary_recipient,Canara Bank,219,Surat,Gujarat,none,0,0,2,1,0,none,2026-05-30 09:57:49.055714175,2026-06-04 11:37:11.390567101
ACC_000408,mule,Punjab National Bank,91,Mumbai,Maharashtra,prior_flagged,2,2,1,1,1,cashout_mule,2025-01-05 11:17:56.909497112,2025-11-17 17:04:41.866566307
ACC_000409,victim,Punjab National Bank,84,Navi Mumbai,Maharashtra,none,0,1,0,1,0,none,2024-04-15 20:08:06.015570266,2024-09-15 19:04:10.792339560
ACC_000410,ordinary_recipient,IDFC First Bank,189,Pune,Maharashtra,none,2,0,2,1,0,none,2024-01-20 08:47:37.691967963,2024-09-13 15:24:15.042411318
ACC_000411,ordinary_recipient,Union Bank of India,34,Delhi,Delhi,none,1,0,0,1,0,none,2025-01-10 13:45:28.814067859,2025-08-13 01:08:55.080006671
ACC_000412,ordinary_recipient,Axis Bank,93,Mumbai,Maharashtra,none,0,0,1,1,0,none,2024-06-17 19:19:46.711927598,2025-05-27 05:45:34.120060949
ACC_000413,victim,ICICI Bank,95,Delhi,Delhi,none,0,0,2,1,0,none,2026-01-30 09:51:12.228689916,2026-03-19 23:06:08.550752280
ACC_000414,victim,Axis Bank,196,Ahmedabad,Gujarat,none,1,0,0,1,0,none,2026-05-17 12:09:26.651602805,2026-05-29 21:21:36.729980178
ACC_000415,mule,HDFC Bank,49,Thane,Maharashtra,none,3,6,1,1,1,cashout_mule,2026-05-06 19:44:58.232044756,2026-05-20 04:33:22.876772533
ACC_000416,victim,ICICI Bank,254,Lucknow,Uttar Pradesh,none,1,1,2,2,0,none,2024-12-07 04:42:49.443583384,2026-01-04 10:31:11.136740575
ACC_000417,ordinary_recipient,IndusInd Bank,103,Lucknow,Uttar Pradesh,none,0,0,2,2,0,none,2025-02-18 06:48:30.158934601,2025-07-20 05:14:37.256334959
ACC_000418,ordinary_recipient,IndusInd Bank,245,Bengaluru,Karnataka,none,0,1,0,1,0,none,2024-10-14 00:54:11.426597361,2025-12-21 07:34:39.600137553
ACC_000419,high_volume,Kotak Mahindra Bank,43,Jaipur,Rajasthan,none,1,0,1,1,0,none,2024-04-27 13:36:10.479210598,2025-12-07 23:54:33.058565979
ACC_000420,suspicious_hub,HDFC Bank,58,Chennai,Tamil Nadu,none,1,2,10,10,1,hub_account,2025-05-24 06:49:27.747145683,2026-03-07 04:50:24.062825007
ACC_000421,high_volume,IndusInd Bank,20,Delhi,Delhi,none,0,0,4,4,0,none,2024-06-18 15:11:29.908443475,2026-04-27 13:35:59.504534036
ACC_000422,ordinary_recipient,Kotak Mahindra Bank,242,Bengaluru,Karnataka,none,0,0,0,1,0,none,2024-02-24 02:54:02.992199604,2026-05-21 23:59:35.351884394
ACC_000423,victim,ICICI Bank,166,Mumbai,Maharashtra,prior_flagged,0,0,1,1,0,none,2026-02-12 20:00:36.848197684,2026-03-04 23:28:25.846136186
ACC_000424,victim,Punjab National Bank,224,Bengaluru,Karnataka,none,0,1,4,4,0,none,2025-12-28 10:45:13.143430419,2026-02-25 07:01:08.028584949
ACC_000425,ordinary_recipient,Punjab National Bank,19,Ahmedabad,Gujarat,none,0,0,1,1,0,none,2026-04-23 20:14:19.986036479,2026-06-15 17:46:09.977604618
ACC_000426,victim,Kotak Mahindra Bank,8,Hyderabad,Telangana,none,0,0,3,1,0,none,2024-10-25 06:23:58.916632626,2026-02-16 07:17:03.506781687
ACC_000427,victim,Punjab National Bank,134,Delhi,Delhi,none,0,1,1,1,0,none,2026-03-04 05:26:02.413297087,2026-03-12 13:57:33.102666319
ACC_000428,victim,SBI,252,Chennai,Tamil Nadu,none,1,0,2,1,0,none,2024-12-28 23:45:10.792956334,2026-06-09 04:42:08.809417300
ACC_000429,ordinary_recipient,Axis Bank,90,Indore,Madhya Pradesh,none,0,0,0,1,0,none,2024-03-07 07:14:57.862255818,2026-02-28 12:52:16.216539354
ACC_000430,ordinary_recipient,Yes Bank,249,Mumbai,Maharashtra,none,0,0,1,1,0,none,2025-02-21 02:14:16.500809260,2026-05-11 05:11:24.856024408
ACC_000431,intermediary,Yes Bank,222,Nagpur,Maharashtra,none,4,0,2,1,1,intermediary_mule,2025-05-19 11:58:49.620361827,2025-08-10 13:57:45.022059228
ACC_000432,ordinary_recipient,Punjab National Bank,193,Thane,Maharashtra,prior_flagged,0,0,0,1,0,none,2025-01-28 15:16:14.996448860,2025-10-14 19:03:30.154367427
ACC_000433,victim,IDFC First Bank,240,Surat,Gujarat,none,1,0,1,1,0,none,2025-12-16 12:46:11.209267020,2026-03-12 15:27:16.963419673
ACC_000434,ordinary_recipient,Axis Bank,157,Bengaluru,Karnataka,prior_confirmed_fraud,0,2,0,1,0,none,2024-11-16 12:21:45.008440282,2025-06-17 06:23:06.054535615
ACC_000435,victim,Axis Bank,161,Thane,Maharashtra,none,0,1,0,1,0,none,2026-04-19 02:04:41.054230347,2026-05-05 10:28:31.094896869
ACC_000436,intermediary,Axis Bank,257,Hyderabad,Telangana,none,2,1,1,1,1,intermediary_mule,2024-03-08 13:30:28.753233086,2024-07-04 07:29:33.871200524
ACC_000437,ordinary_recipient,Yes Bank,96,Bengaluru,Karnataka,none,0,0,1,1,0,none,2025-10-18 06:59:09.775173530,2026-05-28 00:24:58.342558709
ACC_000438,victim,IndusInd Bank,51,Mumbai,Maharashtra,prior_flagged,0,0,0,1,0,none,2026-04-26 07:10:28.344441116,2026-05-30 14:50:54.666925152
ACC_000439,mule,IndusInd Bank,138,Jaipur,Rajasthan,none,1,4,2,1,1,cashout_mule,2025-05-18 22:20:18.673925154,2026-01-18 12:12:40.376249116
ACC_000440,ordinary_recipient,Punjab National Bank,201,Chennai,Tamil Nadu,none,0,0,0,1,0,none,2026-03-11 11:25:20.225394815,2026-04-09 09:20:22.909048795
ACC_000441,ordinary_recipient,Union Bank of India,46,Mumbai,Maharashtra,none,0,0,0,1,0,none,2025-09-22 06:11:49.423837326,2026-06-11 18:24:01.656363155
ACC_000442,victim,Bank of Baroda,235,Surat,Gujarat,none,0,2,0,1,0,none,2024-01-14 05:40:09.752677445,2026-05-03 21:09:00.873096648
ACC_000443,victim,Yes Bank,233,Thane,Maharashtra,none,0,0,1,1,0,none,2025-09-03 12:05:34.459682807,2026-03-23 14:24:49.591256650
ACC_000444,victim,Yes Bank,130,Mumbai,Maharashtra,none,0,1,3,2,0,none,2025-08-21 03:03:50.845989458,2025-11-29 10:04:33.309237480
ACC_000445,mule,Yes Bank,236,Delhi,Delhi,none,3,0,1,1,1,first_hop_mule,2024-01-01 00:36:01.768043286,2024-07-31 03:21:56.229940741
ACC_000446,victim,IndusInd Bank,78,Thane,Maharashtra,none,1,0,4,3,0,none,2025-01-07 17:53:24.542047277,2025-11-24 03:40:13.758532639
ACC_000447,victim,ICICI Bank,215,Hyderabad,Telangana,none,0,0,4,3,0,none,2024-02-05 08:18:37.636709563,2026-02-03 15:50:20.028892256
ACC_000448,ordinary_recipient,IndusInd Bank,116,Nashik,Maharashtra,none,0,0,3,3,0,none,2024-09-23 22:07:32.550537691,2026-06-08 17:38:23.043124904
ACC_000449,ordinary_recipient,ICICI Bank,217,Navi Mumbai,Maharashtra,none,0,0,1,1,0,none,2026-06-17 18:38:21.550308466,2026-06-18 14:38:37.331079756
ACC_000450,victim,HDFC Bank,252,Indore,Madhya Pradesh,none,0,0,2,1,0,none,2026-05-06 14:22:24.174201116,2026-05-24 18:42:33.247582785
ACC_000451,high_volume,IDFC First Bank,29,Nagpur,Maharashtra,prior_flagged,0,1,3,2,0,none,2025-09-15 21:45:47.230436429,2026-01-06 04:52:30.049757378
ACC_000452,ordinary_recipient,Kotak Mahindra Bank,193,Delhi,Delhi,none,0,1,1,1,0,none,2024-11-30 04:51:14.471740786,2025-07-01 01:19:34.126990654
ACC_000453,intermediary,IDFC First Bank,91,Nashik,Maharashtra,none,2,1,1,1,1,intermediary_mule,2024-12-27 04:01:29.990155287,2025-12-29 07:58:58.751541471
ACC_000454,victim,Canara Bank,142,Ahmedabad,Gujarat,none,0,0,0,1,0,none,2024-02-04 19:31:33.324879045,2025-05-29 06:26:35.949185965
ACC_000455,ordinary_recipient,Bank of Baroda,186,Navi Mumbai,Maharashtra,none,0,0,2,2,0,none,2024-11-04 04:15:41.224382576,2026-04-25 12:25:47.458378847
ACC_000456,ordinary_recipient,IDFC First Bank,29,Thane,Maharashtra,none,0,0,1,1,0,none,2025-12-15 13:47:00.219617836,2026-01-28 06:56:16.706989123
ACC_000457,ordinary_recipient,Canara Bank,194,Jaipur,Rajasthan,none,0,0,0,1,0,none,2025-04-18 03:07:58.724903747,2025-10-09 23:39:27.522047583
ACC_000458,victim,Bank of Baroda,180,Navi Mumbai,Maharashtra,none,0,1,0,1,0,none,2025-03-10 06:04:58.424704924,2025-11-23 05:59:15.085229233
ACC_000459,victim,Kotak Mahindra Bank,134,Jaipur,Rajasthan,none,0,0,1,1,0,none,2024-03-23 23:45:53.774098591,2026-01-29 07:20:31.227911591
ACC_000460,intermediary,Bank of Baroda,69,Hyderabad,Telangana,none,2,1,2,1,1,intermediary_mule,2026-04-17 05:01:35.155831724,2026-06-16 22:57:43.542434484
ACC_000461,mule,ICICI Bank,78,Ahmedabad,Gujarat,none,4,2,3,3,1,first_hop_mule,2024-09-14 21:06:46.328618772,2026-03-30 03:40:32.024033700
ACC_000462,victim,Punjab National Bank,257,Mumbai,Maharashtra,none,0,0,2,1,0,none,2024-12-14 19:47:13.325141303,2025-10-02 16:03:48.022264086
ACC_000463,victim,HDFC Bank,228,Surat,Gujarat,prior_flagged,0,1,2,1,0,none,2024-10-28 06:38:24.789611626,2025-03-24 14:03:05.127509126
ACC_000464,victim,Union Bank of India,134,Nashik,Maharashtra,none,0,0,1,1,0,none,2024-10-26 11:26:32.701810297,2026-01-13 14:22:23.991255813
ACC_000465,ordinary_recipient,Union Bank of India,210,Mumbai,Maharashtra,prior_flagged,0,2,2,1,0,none,2025-06-29 23:37:08.208037831,2026-06-13 10:55:22.105222205
ACC_000466,victim,Canara Bank,160,Kolkata,West Bengal,none,0,1,1,1,0,none,2025-07-25 05:26:06.550442986,2025-10-30 03:55:47.166968527
ACC_000467,mule,Axis Bank,149,Navi Mumbai,Maharashtra,none,3,5,0,1,1,cashout_mule,2025-06-29 06:57:42.753849432,2025-09-09 20:09:49.468161065
ACC_000468,victim,IndusInd Bank,259,Nagpur,Maharashtra,none,0,0,0,1,0,none,2024-03-03 09:38:34.977788021,2024-03-22 11:23:38.477272815
ACC_000469,ordinary_recipient,Union Bank of India,13,Hyderabad,Telangana,none,1,0,1,1,0,none,2026-06-02 05:58:03.057926401,2026-06-20 17:51:24.348236833
ACC_000470,intermediary,Canara Bank,195,Mumbai,Maharashtra,none,2,0,1,1,1,intermediary_mule,2025-10-12 10:37:37.152411148,2026-03-03 10:48:34.567416772
ACC_000471,victim,Canara Bank,46,Navi Mumbai,Maharashtra,none,0,0,0,1,0,none,2026-03-15 03:58:47.775730327,2026-03-29 13:23:24.964327641
ACC_000472,intermediary,IndusInd Bank,126,Bengaluru,Karnataka,none,4,0,4,4,1,intermediary_mule,2024-05-25 11:00:36.489144456,2024-10-25 04:42:37.459180212
ACC_000473,intermediary,SBI,141,Delhi,Delhi,none,2,0,0,1,1,intermediary_mule,2026-04-29 03:36:39.045820400,2026-06-09 02:36:24.712640633
ACC_000474,ordinary_recipient,IndusInd Bank,143,Bengaluru,Karnataka,none,0,1,1,1,0,none,2025-10-19 10:49:33.934893250,2026-02-07 00:04:06.041545404
ACC_000475,victim,Bank of Baroda,199,Kolkata,West Bengal,none,0,3,0,1,0,none,2025-04-01 03:38:55.903820045,2025-07-16 05:40:45.794457423
ACC_000476,ordinary_recipient,SBI,235,Nagpur,Maharashtra,none,0,0,2,2,0,none,2024-01-22 01:46:09.302486312,2025-07-14 05:04:52.984231682
ACC_000477,victim,Punjab National Bank,51,Delhi,Delhi,none,0,0,1,1,0,none,2024-08-18 15:39:13.237069108,2024-09-23 11:35:55.119411647
ACC_000478,intermediary,SBI,243,Pune,Maharashtra,none,0,2,1,1,1,intermediary_mule,2026-02-03 02:14:28.600260727,2026-02-05 11:22:06.566026210
ACC_000479,ordinary_recipient,Canara Bank,101,Nagpur,Maharashtra,none,0,1,2,2,0,none,2024-12-11 10:25:43.253710176,2025-05-07 23:28:16.407925104
ACC_000480,mule,IndusInd Bank,126,Mumbai,Maharashtra,none,2,2,0,1,1,cashout_mule,2025-09-09 21:50:32.522921301,2025-12-03 18:21:46.429505003
ACC_000481,ordinary_recipient,Canara Bank,122,Hyderabad,Telangana,none,0,0,3,3,0,none,2025-10-27 18:03:31.706528999,2025-11-22 08:21:54.761015289
ACC_000482,victim,Canara Bank,91,Navi Mumbai,Maharashtra,none,0,1,1,1,0,none,2025-12-07 14:48:18.770695999,2025-12-31 02:14:48.994168561
ACC_000483,ordinary_recipient,SBI,107,Chennai,Tamil Nadu,none,0,0,1,1,0,none,2024-12-14 07:45:01.133241080,2025-03-18 17:48:15.563590422
ACC_000484,intermediary,Axis Bank,203,Mumbai,Maharashtra,none,1,0,0,1,1,intermediary_mule,2026-04-08 20:35:49.132814124,2026-06-07 09:05:34.509060668
ACC_000485,ordinary_recipient,Axis Bank,7,Mumbai,Maharashtra,prior_flagged,0,0,2,1,0,none,2024-09-23 04:39:35.659544326,2026-02-25 00:20:58.149419796
ACC_000486,victim,Bank of Baroda,42,Nashik,Maharashtra,none,0,0,2,1,0,none,2026-01-31 15:42:58.959759675,2026-02-27 18:38:24.165918306
ACC_000487,high_volume,IDFC First Bank,132,Delhi,Delhi,none,0,2,3,3,0,none,2025-01-21 22:21:49.864767496,2026-01-01 02:58:44.150345004
ACC_000488,victim,Bank of Baroda,103,Chennai,Tamil Nadu,none,0,0,0,1,0,none,2024-08-01 09:10:46.705397449,2025-01-11 09:10:53.457924026
ACC_000489,mule,HDFC Bank,177,Chennai,Tamil Nadu,none,2,4,3,2,1,first_hop_mule,2024-11-08 21:10:35.837294679,2026-04-19 06:15:44.464736756
ACC_000490,victim,HDFC Bank,6,Indore,Madhya Pradesh,none,0,0,2,2,0,none,2025-12-29 09:39:18.093814448,2026-02-16 12:11:21.656759049
ACC_000491,mule,HDFC Bank,79,Nagpur,Maharashtra,none,1,6,2,2,1,first_hop_mule,2025-07-14 03:31:48.311593138,2025-08-28 16:15:58.911405413
ACC_000492,ordinary_recipient,Yes Bank,218,Mumbai,Maharashtra,none,0,0,2,1,0,none,2024-05-04 12:20:35.872436505,2025-04-14 21:30:43.371941899
ACC_000493,victim,ICICI Bank,67,Jaipur,Rajasthan,none,1,0,1,1,0,none,2024-04-22 22:25:12.600634856,2024-08-24 00:08:54.940742434
ACC_000494,victim,Axis Bank,13,Kolkata,West Bengal,none,0,1,6,4,0,none,2025-09-18 00:57:30.383991800,2025-11-13 13:35:51.257353303
ACC_000495,victim,Kotak Mahindra Bank,63,Mumbai,Maharashtra,none,0,1,3,3,0,none,2024-08-06 04:15:32.656855568,2025-03-29 02:06:28.635607451
ACC_000496,ordinary_recipient,Kotak Mahindra Bank,142,Mumbai,Maharashtra,none,0,0,1,1,0,none,2024-07-09 02:07:51.521658533,2025-10-28 09:49:51.140086555
ACC_000497,victim,IDFC First Bank,151,Bengaluru,Karnataka,none,0,0,0,1,0,none,2025-11-13 19:06:23.875198305,2025-12-10 11:06:14.851835364
ACC_000498,victim,Yes Bank,258,Nagpur,Maharashtra,none,0,0,2,1,0,none,2024-10-20 22:29:59.655105744,2025-04-14 06:00:44.528021156
ACC_000499,ordinary_recipient,ICICI Bank,251,Hyderabad,Telangana,none,0,0,1,1,0,none,2024-03-03 05:25:34.331046076,2026-03-01 18:48:22.336280611
ACC_000500,high_volume,Yes Bank,85,Pune,Maharashtra,none,0,0,1,1,0,none,2025-01-22 00:35:22.676298186,2025-06-14 11:21:06.377542915
ACC_000501,victim,Punjab National Bank,34,Surat,Gujarat,none,0,0,2,2,0,none,2025-06-02 12:31:23.482580289,2025-08-07 15:12:15.184338879
ACC_000502,ordinary_recipient,ICICI Bank,209,Bengaluru,Karnataka,none,0,0,0,1,0,none,2025-07-01 22:57:35.292032816,2026-01-11 16:22:52.644571452
ACC_000503,intermediary,Kotak Mahindra Bank,231,Kolkata,West Bengal,none,6,0,1,1,1,intermediary_mule,2024-02-23 07:09:44.074354565,2024-03-22 20:57:51.202469053
ACC_000504,ordinary_recipient,ICICI Bank,35,Thane,Maharashtra,none,0,0,5,2,0,none,2025-02-17 04:37:14.687055744,2026-03-24 09:43:48.845192651
ACC_000505,high_volume,Punjab National Bank,228,Hyderabad,Telangana,none,0,0,2,1,0,none,2024-11-23 13:27:48.316716872,2025-04-02 08:29:25.990761663
ACC_000506,ordinary_recipient,HDFC Bank,34,Jaipur,Rajasthan,none,0,0,3,2,0,none,2025-02-12 23:30:33.974693544,2025-04-20 16:14:52.260213916
ACC_000507,ordinary_recipient,IDFC First Bank,167,Mumbai,Maharashtra,none,0,0,0,1,0,none,2024-02-07 23:40:11.355368803,2026-01-13 13:24:03.480640851
ACC_000508,mule,ICICI Bank,59,Bengaluru,Karnataka,none,0,3,0,1,1,cashout_mule,2024-09-26 07:08:58.168135632,2026-03-21 02:17:30.902117810
ACC_000509,victim,IndusInd Bank,191,Pune,Maharashtra,none,0,1,0,1,0,none,2025-08-09 04:34:38.968576789,2026-04-04 20:07:12.191889039
ACC_000510,ordinary_recipient,Axis Bank,208,Bengaluru,Karnataka,none,0,1,1,1,0,none,2024-04-24 17:02:07.176481269,2024-10-28 12:24:28.137800481
ACC_000511,ordinary_recipient,HDFC Bank,214,Ahmedabad,Gujarat,none,0,1,0,1,0,none,2026-05-23 20:23:40.492421851,2026-06-12 10:15:38.678175489
ACC_000512,victim,Union Bank of India,163,Chennai,Tamil Nadu,none,0,2,2,2,0,none,2026-06-24 10:51:52.705334276,2026-06-29 19:52:53.730411995
ACC_000513,ordinary_recipient,Bank of Baroda,136,Kolkata,West Bengal,none,0,0,1,1,0,none,2024-11-24 08:42:37.626138683,2025-08-29 17:27:07.737162932
ACC_000514,mule,HDFC Bank,216,Pune,Maharashtra,none,5,1,3,2,1,first_hop_mule,2025-09-12 08:24:34.775431544,2026-06-15 08:42:26.509568729
ACC_000515,victim,Punjab National Bank,243,Ahmedabad,Gujarat,none,1,0,3,2,0,none,2025-08-01 19:09:02.822287031,2026-03-14 11:44:02.112282941
ACC_000516,ordinary_recipient,ICICI Bank,74,Hyderabad,Telangana,none,1,0,1,1,0,none,2024-06-01 06:53:29.506516516,2026-03-04 09:30:46.122862073
ACC_000517,victim,Union Bank of India,49,Mumbai,Maharashtra,none,1,0,0,1,0,none,2024-12-19 15:28:33.634330839,2025-04-05 21:07:09.672099934
ACC_000518,victim,Punjab National Bank,46,Jaipur,Rajasthan,prior_flagged,0,0,1,1,0,none,2026-06-12 08:51:01.946647376,2026-06-28 16:59:52.396177565
ACC_000519,ordinary_recipient,HDFC Bank,173,Mumbai,Maharashtra,none,2,0,0,1,0,none,2024-04-26 07:28:12.643155800,2026-03-05 10:54:29.210657901
ACC_000520,victim,SBI,142,Mumbai,Maharashtra,none,0,0,1,1,0,none,2025-06-07 23:39:53.786639675,2026-04-07 19:28:09.065401515
ACC_000521,ordinary_recipient,IndusInd Bank,123,Ahmedabad,Gujarat,none,1,0,1,1,0,none,2025-06-29 20:29:16.042162918,2026-06-08 12:54:28.046978779
ACC_000522,victim,Axis Bank,10,Mumbai,Maharashtra,none,0,0,3,1,0,none,2024-06-01 14:46:33.418999223,2026-01-20 21:20:12.325325556
ACC_000523,intermediary,IDFC First Bank,62,Mumbai,Maharashtra,none,1,0,2,1,1,intermediary_mule,2025-05-02 14:39:55.697971411,2026-01-01 19:11:08.927683211
ACC_000524,intermediary,Bank of Baroda,127,Mumbai,Maharashtra,prior_flagged,2,0,1,1,1,intermediary_mule,2026-04-15 19:23:28.362450182,2026-06-03 14:01:23.720507764
ACC_000525,victim,Union Bank of India,85,Jaipur,Rajasthan,none,0,1,3,3,0,none,2024-04-15 08:42:26.691425005,2026-02-05 16:56:17.856582433
ACC_000526,victim,Kotak Mahindra Bank,249,Mumbai,Maharashtra,none,0,1,1,1,0,none,2024-06-21 20:32:26.993948691,2025-12-26 20:13:02.439331048
ACC_000527,victim,Bank of Baroda,128,Delhi,Delhi,none,0,0,0,1,0,none,2024-08-20 21:03:47.880794831,2025-09-26 04:25:59.423318284
ACC_000528,victim,Canara Bank,169,Pune,Maharashtra,none,0,0,2,1,0,none,2025-11-15 03:25:03.495750763,2026-03-30 19:42:35.547768315
ACC_000529,mule,HDFC Bank,234,Nagpur,Maharashtra,none,3,0,1,1,1,cashout_mule,2025-06-09 21:01:30.001671679,2026-05-14 21:27:02.273991736
ACC_000530,ordinary_recipient,Punjab National Bank,132,Nashik,Maharashtra,none,0,1,1,1,0,none,2025-04-03 17:33:07.938716069,2025-04-08 05:08:14.296658046
ACC_000531,ordinary_recipient,HDFC Bank,20,Jaipur,Rajasthan,none,0,2,0,1,0,none,2025-12-22 13:41:30.813268565,2026-05-07 13:43:48.307028378
ACC_000532,mule,Kotak Mahindra Bank,51,Kolkata,West Bengal,none,3,0,0,1,1,cashout_mule,2026-06-10 04:49:58.284339383,2026-06-21 09:36:58.934313479
ACC_000533,mule,Kotak Mahindra Bank,69,Jaipur,Rajasthan,none,2,5,2,1,1,cashout_mule,2024-06-27 12:25:36.604909716,2026-03-03 13:16:38.702315027
ACC_000534,ordinary_recipient,Yes Bank,119,Chennai,Tamil Nadu,none,0,1,0,1,0,none,2026-01-09 18:40:13.286147252,2026-02-13 22:52:42.813801819
ACC_000535,ordinary_recipient,SBI,5,Nagpur,Maharashtra,none,0,0,2,2,0,none,2024-12-03 03:36:43.694198512,2025-09-30 14:50:50.948983569
ACC_000536,ordinary_recipient,Union Bank of India,143,Navi Mumbai,Maharashtra,none,0,3,5,6,0,none,2024-05-12 23:57:07.618553305,2024-08-20 07:19:58.201391483
ACC_000537,ordinary_recipient,Canara Bank,199,Bengaluru,Karnataka,none,0,1,2,1,0,none,2024-08-21 16:33:19.752067253,2025-11-11 06:59:02.040089510
ACC_000538,victim,Kotak Mahindra Bank,130,Delhi,Delhi,none,0,0,0,1,0,none,2024-12-29 18:13:05.902722783,2026-02-20 17:22:43.063257994
ACC_000539,victim,Yes Bank,204,Hyderabad,Telangana,none,0,0,0,1,0,none,2026-03-30 03:15:13.486606389,2026-05-26 09:59:04.659080938
ACC_000540,victim,IDFC First Bank,142,Mumbai,Maharashtra,none,0,0,3,2,0,none,2025-03-11 19:56:45.564249828,2025-11-30 10:35:15.458852572
ACC_000541,victim,Punjab National Bank,223,Chennai,Tamil Nadu,none,0,0,1,1,0,none,2025-07-13 15:07:19.778531797,2025-11-11 06:47:41.927124365
ACC_000542,ordinary_recipient,Axis Bank,251,Nashik,Maharashtra,prior_flagged,1,0,4,4,0,none,2024-01-31 06:38:18.055404146,2025-08-16 17:59:24.473794010
ACC_000543,mule,Union Bank of India,178,Delhi,Delhi,none,1,4,0,1,1,cashout_mule,2024-02-28 07:26:33.881797682,2026-04-05 07:25:23.685597865
ACC_000544,ordinary_recipient,IndusInd Bank,51,Indore,Madhya Pradesh,none,0,1,2,1,0,none,2026-05-04 19:42:16.951733872,2026-06-14 08:23:22.492593794
ACC_000545,suspicious_hub,Axis Bank,197,Pune,Maharashtra,none,1,2,5,5,1,hub_account,2026-02-02 16:58:50.375680052,2026-02-06 02:07:12.373260386
ACC_000546,victim,Union Bank of India,104,Mumbai,Maharashtra,none,0,3,2,1,0,none,2025-03-22 01:30:11.471263364,2025-11-13 14:04:10.533266394
ACC_000547,high_volume,ICICI Bank,230,Pune,Maharashtra,prior_flagged,0,1,0,1,0,none,2024-07-01 13:30:27.105860166,2025-12-19 23:54:40.378826606
ACC_000548,victim,Union Bank of India,39,Nagpur,Maharashtra,none,0,1,0,1,0,none,2024-02-06 14:23:59.211789383,2025-04-22 10:33:48.707145789
ACC_000549,victim,Axis Bank,151,Bengaluru,Karnataka,none,0,0,1,1,0,none,2026-06-07 13:01:38.270545080,2026-06-20 19:44:55.786585109
ACC_000550,victim,IDFC First Bank,107,Indore,Madhya Pradesh,none,0,1,2,1,0,none,2024-01-06 04:01:08.047986852,2026-04-10 21:50:48.197947109
ACC_000551,victim,Union Bank of India,156,Jaipur,Rajasthan,none,0,1,1,1,0,none,2024-08-04 11:55:52.242348433,2026-04-03 10:59:27.596516750
ACC_000552,victim,SBI,25,Chennai,Tamil Nadu,prior_flagged,0,2,3,1,0,none,2025-09-15 00:51:16.558479652,2025-10-08 10:49:49.067620012
ACC_000553,ordinary_recipient,Union Bank of India,244,Chennai,Tamil Nadu,none,0,0,2,2,0,none,2026-05-04 10:12:26.905597165,2026-06-02 07:25:58.090175301
ACC_000554,victim,HDFC Bank,92,Nashik,Maharashtra,none,0,1,1,1,0,none,2024-04-16 15:23:05.047008704,2025-08-30 04:57:42.425910718
ACC_000555,victim,ICICI Bank,72,Lucknow,Uttar Pradesh,none,0,0,1,1,0,none,2025-12-06 00:21:10.085229017,2026-05-30 12:29:43.123072519
ACC_000556,victim,Kotak Mahindra Bank,101,Bengaluru,Karnataka,none,0,0,0,1,0,none,2024-10-29 05:46:42.281321488,2025-04-08 20:48:04.370218994
ACC_000557,ordinary_recipient,Canara Bank,85,Thane,Maharashtra,none,0,0,2,1,0,none,2025-09-11 05:21:49.235597081,2025-10-22 00:42:35.838527958
ACC_000558,ordinary_recipient,Canara Bank,189,Surat,Gujarat,none,0,0,0,1,0,none,2024-03-29 00:47:20.217925414,2025-08-02 11:18:56.003457086
ACC_000559,victim,Axis Bank,103,Bengaluru,Karnataka,none,0,0,0,1,0,none,2026-02-26 20:21:18.371850431,2026-04-25 10:27:01.815067402
ACC_000560,victim,Yes Bank,237,Thane,Maharashtra,none,1,0,5,5,0,none,2025-10-06 06:44:38.731596708,2025-12-14 00:22:51.726660564
ACC_000561,mule,Canara Bank,71,Kolkata,West Bengal,none,2,2,2,2,1,cashout_mule,2026-05-20 13:16:43.024052337,2026-06-27 16:35:56.855752828
ACC_000562,ordinary_recipient,Kotak Mahindra Bank,132,Pune,Maharashtra,none,0,0,0,1,0,none,2025-04-02 16:53:32.859267615,2025-08-24 15:37:05.237940891
ACC_000563,ordinary_recipient,Union Bank of India,210,Navi Mumbai,Maharashtra,none,0,1,0,1,0,none,2026-03-19 16:28:59.677971497,2026-03-25 08:14:19.574934046
ACC_000564,ordinary_recipient,Axis Bank,202,Pune,Maharashtra,none,0,0,3,3,0,none,2025-05-07 07:16:32.114031456,2025-05-31 22:07:58.239233771
ACC_000565,victim,Bank of Baroda,199,Hyderabad,Telangana,none,1,0,1,1,0,none,2025-04-12 03:37:21.939388171,2025-07-10 09:37:35.958338996
ACC_000566,ordinary_recipient,Bank of Baroda,106,Nashik,Maharashtra,none,1,0,1,1,0,none,2024-03-27 04:33:44.098074712,2024-07-01 11:23:56.414370587
ACC_000567,mule,HDFC Bank,254,Mumbai,Maharashtra,none,3,6,2,1,1,first_hop_mule,2026-01-11 17:00:05.201289088,2026-03-19 12:37:15.929182429
ACC_000568,mule,Axis Bank,74,Delhi,Delhi,none,1,3,1,1,1,first_hop_mule,2025-01-10 12:23:45.138019644,2025-02-22 14:29:47.587425386
ACC_000569,victim,IDFC First Bank,218,Pune,Maharashtra,none,0,1,5,3,0,none,2025-06-30 14:56:51.250041530,2026-01-21 02:22:00.059136106
ACC_000570,ordinary_recipient,Union Bank of India,39,Bengaluru,Karnataka,none,1,0,0,1,0,none,2025-08-15 18:43:18.375470690,2025-12-23 17:43:09.043685430
ACC_000571,ordinary_recipient,IndusInd Bank,138,Delhi,Delhi,none,0,2,0,1,0,none,2025-12-06 20:28:27.518571652,2026-04-08 12:22:27.084912452
ACC_000572,mule,Canara Bank,103,Mumbai,Maharashtra,none,0,4,1,1,1,first_hop_mule,2025-06-08 03:19:41.002662644,2026-06-25 20:03:53.529149216
ACC_000573,ordinary_recipient,SBI,189,Pune,Maharashtra,none,0,0,4,3,0,none,2025-07-18 17:43:27.215480924,2026-06-27 04:42:00.046217441
ACC_000574,mule,ICICI Bank,197,Pune,Maharashtra,none,3,3,2,2,1,first_hop_mule,2025-04-19 09:46:47.952564947,2025-10-18 11:30:07.332882265
ACC_000575,victim,Axis Bank,7,Bengaluru,Karnataka,none,1,2,0,1,0,none,2025-07-13 07:26:25.697744973,2025-11-19 09:34:51.776550117
ACC_000576,victim,Punjab National Bank,156,Ahmedabad,Gujarat,prior_flagged,1,0,0,1,0,none,2025-02-08 16:37:23.331670128,2026-01-19 18:25:44.624118536
ACC_000577,victim,IndusInd Bank,240,Pune,Maharashtra,none,0,0,3,3,0,none,2025-12-08 07:27:40.909582935,2026-02-21 04:52:38.509689351
ACC_000578,ordinary_recipient,Union Bank of India,57,Thane,Maharashtra,none,0,0,0,1,0,none,2026-01-08 08:55:49.689583413,2026-05-22 17:24:18.551038911
ACC_000579,ordinary_recipient,Yes Bank,203,Mumbai,Maharashtra,prior_confirmed_fraud,0,0,1,1,0,none,2025-04-16 02:02:23.970439933,2026-01-05 18:11:39.530538709
ACC_000580,ordinary_recipient,IndusInd Bank,194,Hyderabad,Telangana,none,1,0,0,1,0,none,2024-05-13 13:52:31.625156071,2024-10-15 15:55:58.448846082
ACC_000581,ordinary_recipient,Canara Bank,7,Nagpur,Maharashtra,none,0,0,2,1,0,none,2024-12-06 06:09:34.808101807,2025-07-31 00:29:13.551198402
ACC_000582,ordinary_recipient,Punjab National Bank,23,Chennai,Tamil Nadu,none,1,0,1,1,0,none,2026-02-04 04:25:08.663455419,2026-06-10 02:51:37.107751599
ACC_000583,ordinary_recipient,Kotak Mahindra Bank,96,Chennai,Tamil Nadu,none,0,0,3,2,0,none,2026-04-15 03:48:00.659606099,2026-05-27 03:00:49.420696439
ACC_000584,victim,Union Bank of India,41,Mumbai,Maharashtra,none,0,0,2,1,0,none,2024-08-31 06:50:48.587972168,2025-12-18 07:24:11.295062968
ACC_000585,victim,Union Bank of India,79,Delhi,Delhi,prior_flagged,0,1,6,4,0,none,2026-05-07 08:16:02.107073888,2026-06-14 10:21:54.894956869
ACC_000586,victim,Bank of Baroda,48,Surat,Gujarat,none,0,0,2,2,0,none,2024-09-09 02:03:30.021825012,2025-07-23 18:50:01.260208210
ACC_000587,mule,HDFC Bank,216,Pune,Maharashtra,none,4,1,2,1,1,cashout_mule,2026-04-17 02:19:23.843317196,2026-05-08 22:25:46.070764580
ACC_000588,victim,Punjab National Bank,178,Bengaluru,Karnataka,none,0,0,1,1,0,none,2026-05-02 04:21:44.428622901,2026-06-06 06:10:36.137682551
ACC_000589,victim,Bank of Baroda,48,Bengaluru,Karnataka,prior_confirmed_fraud,0,0,0,1,0,none,2025-04-04 21:38:41.475847766,2025-05-25 21:39:05.740892788
ACC_000590,victim,Canara Bank,74,Pune,Maharashtra,none,0,0,2,2,0,none,2026-05-15 22:52:20.281007230,2026-06-11 20:42:22.407594360
ACC_000591,ordinary_recipient,Canara Bank,180,Kolkata,West Bengal,none,0,2,0,1,0,none,2025-05-15 09:17:27.626112141,2025-06-26 13:45:01.307252933
ACC_000592,intermediary,IndusInd Bank,229,Mumbai,Maharashtra,none,5,0,1,1,1,intermediary_mule,2024-12-11 04:03:26.126803699,2026-05-05 10:25:22.344195043
ACC_000593,intermediary,Union Bank of India,258,Pune,Maharashtra,none,5,0,1,1,1,intermediary_mule,2026-01-08 01:19:38.722241193,2026-05-16 16:53:39.965960301
ACC_000594,victim,Axis Bank,24,Hyderabad,Telangana,none,0,0,2,2,0,none,2024-04-08 20:43:38.018849149,2024-09-03 00:44:25.201645676
ACC_000595,ordinary_recipient,IDFC First Bank,162,Lucknow,Uttar Pradesh,none,0,0,1,1,0,none,2024-07-16 08:56:47.091802798,2026-01-27 07:51:59.567326495
ACC_000596,victim,Bank of Baroda,243,Mumbai,Maharashtra,none,0,1,1,1,0,none,2024-07-13 06:30:01.105978936,2025-12-15 12:15:26.065854250
ACC_000597,mule,Punjab National Bank,232,Hyderabad,Telangana,none,2,4,1,1,1,first_hop_mule,2025-07-20 17:00:56.263765350,2026-03-28 12:08:35.714253674
ACC_000598,victim,SBI,2,Mumbai,Maharashtra,prior_flagged,0,1,2,1,0,none,2025-10-07 18:47:43.617688186,2026-01-04 16:55:57.300143859
ACC_000599,victim,IDFC First Bank,13,Hyderabad,Telangana,none,0,2,2,1,0,none,2026-02-01 21:28:09.268902563,2026-04-20 07:34:04.169060264
ACC_000600,ordinary_recipient,Canara Bank,238,Delhi,Delhi,none,0,4,1,1,0,none,2026-03-30 18:34:55.178161889,2026-05-23 05:05:16.438926484
ACC_000601,ordinary_recipient,SBI,61,Delhi,Delhi,none,0,0,2,1,0,none,2026-03-08 04:02:20.041575924,2026-04-20 01:55:44.088575326
ACC_000602,high_volume,Punjab National Bank,34,Surat,Gujarat,none,0,1,0,1,0,none,2025-09-13 07:07:47.520991369,2026-02-22 15:30:37.812774432
ACC_000603,victim,Bank of Baroda,38,Chennai,Tamil Nadu,none,0,1,1,1,0,none,2026-04-13 09:46:13.713555202,2026-05-02 08:11:06.114148794
ACC_000604,high_volume,HDFC Bank,7,Navi Mumbai,Maharashtra,none,1,0,1,1,0,none,2024-09-08 00:30:21.093135647,2026-04-08 10:14:12.292448783
ACC_000605,victim,IDFC First Bank,110,Indore,Madhya Pradesh,prior_confirmed_fraud,0,1,1,1,0,none,2025-10-22 17:25:58.263719819,2026-06-20 01:45:31.317635749
ACC_000606,victim,Canara Bank,70,Pune,Maharashtra,none,1,0,1,1,0,none,2024-03-10 20:15:24.217239093,2024-12-10 16:15:27.565751398
ACC_000607,mule,ICICI Bank,18,Chennai,Tamil Nadu,none,2,2,2,1,1,first_hop_mule,2024-04-24 01:59:39.402648686,2025-01-21 22:41:32.988585951
ACC_000608,ordinary_recipient,Union Bank of India,88,Chennai,Tamil Nadu,none,0,2,1,1,0,none,2024-07-24 23:56:04.407267131,2024-12-24 10:13:26.357785725
ACC_000609,intermediary,Kotak Mahindra Bank,78,Ahmedabad,Gujarat,none,2,1,2,1,1,intermediary_mule,2024-04-03 12:55:27.463181470,2026-03-11 11:05:43.389712560
ACC_000610,ordinary_recipient,HDFC Bank,191,Delhi,Delhi,none,0,1,1,1,0,none,2026-05-29 17:19:05.052645147,2026-06-03 19:57:02.943220923
ACC_000611,ordinary_recipient,Kotak Mahindra Bank,51,Chennai,Tamil Nadu,none,0,0,0,1,0,none,2025-02-28 17:57:49.799069926,2026-03-24 04:40:31.797429047
ACC_000612,victim,Canara Bank,233,Hyderabad,Telangana,prior_confirmed_fraud,0,1,1,1,0,none,2026-04-06 00:11:02.894951776,2026-06-15 17:58:52.668504285
ACC_000613,high_volume,ICICI Bank,27,Delhi,Delhi,none,0,1,1,1,0,none,2025-03-10 05:04:51.277924344,2025-08-07 23:32:56.253726994
ACC_000614,ordinary_recipient,Yes Bank,100,Lucknow,Uttar Pradesh,none,0,1,1,1,0,none,2025-09-29 09:43:12.698931053,2026-04-29 22:21:04.144496775
ACC_000615,ordinary_recipient,Union Bank of India,251,Pune,Maharashtra,prior_flagged,0,0,0,1,0,none,2024-10-20 01:58:20.274397720,2025-07-26 23:33:34.169084769
ACC_000616,mule,Kotak Mahindra Bank,66,Pune,Maharashtra,none,4,0,2,2,1,cashout_mule,2026-05-16 01:20:58.064276055,2026-05-31 17:12:28.997845206
ACC_000617,victim,Union Bank of India,216,Hyderabad,Telangana,none,0,1,2,2,0,none,2024-02-01 18:55:57.045683552,2026-03-28 06:10:15.137214779
ACC_000618,intermediary,IDFC First Bank,73,Navi Mumbai,Maharashtra,none,2,1,2,2,1,intermediary_mule,2025-09-27 08:03:13.549735174,2026-01-30 08:34:16.493697663
ACC_000619,ordinary_recipient,Kotak Mahindra Bank,19,Ahmedabad,Gujarat,none,0,1,1,1,0,none,2026-05-15 19:06:29.400112778,2026-05-18 07:01:35.061280004
ACC_000620,mule,Bank of Baroda,227,Nagpur,Maharashtra,none,2,4,1,1,1,first_hop_mule,2025-12-19 00:04:53.907889046,2026-04-20 11:07:58.681425570
ACC_000621,ordinary_recipient,Punjab National Bank,207,Delhi,Delhi,none,0,2,0,1,0,none,2026-01-23 22:33:54.161853783,2026-05-07 06:51:43.239719474
ACC_000622,ordinary_recipient,ICICI Bank,14,Chennai,Tamil Nadu,none,0,0,4,2,0,none,2024-09-29 12:54:00.966288451,2025-11-08 17:42:46.652830822
ACC_000623,mule,Kotak Mahindra Bank,130,Jaipur,Rajasthan,none,4,2,5,4,1,first_hop_mule,2025-02-15 15:12:16.041190155,2025-08-14 13:33:07.492727395
ACC_000624,mule,HDFC Bank,113,Chennai,Tamil Nadu,none,3,2,2,1,1,cashout_mule,2024-05-04 01:27:35.503111819,2025-10-20 02:08:45.326408779
ACC_000625,victim,SBI,183,Mumbai,Maharashtra,none,0,1,3,2,0,none,2024-12-08 21:43:52.613102131,2025-05-23 06:35:22.050337958
ACC_000626,ordinary_recipient,ICICI Bank,58,Nagpur,Maharashtra,prior_confirmed_fraud,0,0,0,1,0,none,2024-01-08 16:25:43.328747132,2025-03-03 03:36:05.773106746
ACC_000627,ordinary_recipient,HDFC Bank,82,Kolkata,West Bengal,none,0,0,0,1,0,none,2025-12-10 11:01:07.175248109,2026-01-23 03:13:30.074211629
ACC_000628,mule,Canara Bank,93,Lucknow,Uttar Pradesh,prior_flagged,1,0,3,2,1,first_hop_mule,2026-05-18 04:39:43.057169572,2026-06-13 10:40:46.257231582
ACC_000629,mule,HDFC Bank,214,Hyderabad,Telangana,none,3,3,1,1,1,first_hop_mule,2025-09-30 11:22:12.734149918,2026-05-09 08:33:20.357092051
ACC_000630,victim,Axis Bank,68,Hyderabad,Telangana,none,0,1,3,2,0,none,2026-01-08 04:20:47.715460651,2026-01-25 01:26:01.106658321
ACC_000631,victim,Bank of Baroda,74,Delhi,Delhi,none,1,1,2,1,0,none,2025-04-12 18:30:07.480050705,2025-04-24 17:50:44.952487437
ACC_000632,victim,Kotak Mahindra Bank,203,Bengaluru,Karnataka,none,0,0,6,4,0,none,2024-06-23 14:38:21.964657681,2026-01-05 02:26:31.875169079
ACC_000633,mule,HDFC Bank,48,Delhi,Delhi,none,3,3,2,1,1,first_hop_mule,2025-10-18 15:54:33.309417464,2026-01-08 18:47:49.016465651
ACC_000634,intermediary,IDFC First Bank,66,Mumbai,Maharashtra,none,3,0,4,3,1,intermediary_mule,2024-09-29 15:32:27.996864885,2025-04-24 08:41:45.752740521
ACC_000635,ordinary_recipient,HDFC Bank,107,Mumbai,Maharashtra,none,0,2,0,1,0,none,2025-02-22 15:03:16.934016734,2025-11-27 16:33:03.057493595
ACC_000636,mule,HDFC Bank,234,Hyderabad,Telangana,prior_flagged,3,0,2,1,1,cashout_mule,2026-03-31 12:12:06.323899209,2026-05-14 13:17:51.160691974
ACC_000637,ordinary_recipient,HDFC Bank,91,Bengaluru,Karnataka,prior_flagged,0,2,1,1,0,none,2024-12-05 17:53:50.872828364,2025-02-13 04:29:52.594390953
ACC_000638,ordinary_recipient,HDFC Bank,183,Pune,Maharashtra,none,0,1,0,1,0,none,2024-09-20 14:46:30.482557815,2026-01-25 21:49:36.359605358
ACC_000639,high_volume,HDFC Bank,75,Jaipur,Rajasthan,none,0,0,2,1,0,none,2024-01-29 20:58:07.066899816,2024-07-03 08:49:03.360265555
ACC_000640,victim,Union Bank of India,76,Pune,Maharashtra,none,0,0,0,1,0,none,2025-10-01 00:39:11.088745140,2026-05-13 16:25:33.105359084
ACC_000641,ordinary_recipient,Canara Bank,251,Chennai,Tamil Nadu,none,0,0,0,1,0,none,2024-07-15 01:34:05.905628491,2026-01-12 12:34:30.436786167
ACC_000642,victim,SBI,17,Kolkata,West Bengal,none,0,0,2,2,0,none,2025-08-05 12:12:18.814167194,2025-09-29 10:35:07.662015914
ACC_000643,victim,Canara Bank,36,Ahmedabad,Gujarat,none,0,0,0,1,0,none,2024-11-29 23:26:01.169419419,2026-02-10 11:36:21.513381609
ACC_000644,ordinary_recipient,ICICI Bank,45,Ahmedabad,Gujarat,prior_flagged,0,0,3,2,0,none,2025-12-18 13:44:28.208258852,2026-04-25 09:59:36.720951069
ACC_000645,victim,SBI,42,Kolkata,West Bengal,prior_flagged,0,0,3,1,0,none,2026-03-21 16:39:10.546516865,2026-06-28 04:14:05.013356244
ACC_000646,ordinary_recipient,Bank of Baroda,135,Delhi,Delhi,none,0,0,0,1,0,none,2024-08-02 17:24:56.189483911,2025-12-11 08:29:32.663880931
ACC_000647,victim,IDFC First Bank,43,Hyderabad,Telangana,prior_flagged,0,0,2,1,0,none,2025-12-22 19:05:23.653444849,2026-03-06 15:01:56.195393702
ACC_000648,ordinary_recipient,IndusInd Bank,214,Jaipur,Rajasthan,none,0,0,4,2,0,none,2024-05-19 05:07:14.327079801,2025-09-09 18:22:24.822778980
ACC_000649,victim,SBI,173,Delhi,Delhi,none,0,1,2,2,0,none,2024-05-08 09:14:07.723163450,2025-10-08 09:01:32.198475165
ACC_000650,intermediary,Kotak Mahindra Bank,100,Chennai,Tamil Nadu,none,2,1,2,2,1,intermediary_mule,2025-01-25 07:32:08.682549469,2026-02-17 13:31:42.529552282
ACC_000651,ordinary_recipient,Bank of Baroda,112,Thane,Maharashtra,none,0,0,1,1,0,none,2024-10-22 15:04:32.656504836,2025-08-07 00:10:31.338715588
ACC_000652,mule,HDFC Bank,104,Bengaluru,Karnataka,none,5,4,1,1,1,cashout_mule,2026-06-18 07:13:03.020367995,2026-06-27 23:37:10.605035883
ACC_000653,ordinary_recipient,Canara Bank,128,Thane,Maharashtra,none,0,0,3,1,0,none,2026-01-02 10:11:47.413261101,2026-02-22 15:58:21.224592955
ACC_000654,victim,Canara Bank,237,Chennai,Tamil Nadu,none,0,2,1,1,0,none,2026-03-22 00:08:21.414006069,2026-06-26 08:01:18.623689719
ACC_000655,ordinary_recipient,SBI,70,Delhi,Delhi,none,0,0,0,1,0,none,2024-05-03 21:27:09.970920859,2025-01-03 05:39:26.570286061
ACC_000656,victim,Punjab National Bank,111,Pune,Maharashtra,none,0,1,2,1,0,none,2025-10-12 10:02:32.490986258,2025-10-22 04:51:15.953843860
ACC_000657,ordinary_recipient,IndusInd Bank,90,Delhi,Delhi,prior_flagged,0,1,2,2,0,none,2025-07-04 12:04:19.431409702,2025-09-14 15:37:29.857751011
ACC_000658,ordinary_recipient,SBI,45,Chennai,Tamil Nadu,none,0,1,2,1,0,none,2024-03-31 09:46:01.131331568,2026-05-01 10:59:41.111393998
ACC_000659,mule,HDFC Bank,157,Lucknow,Uttar Pradesh,prior_flagged,1,1,0,1,1,cashout_mule,2025-12-24 00:39:38.963534743,2026-05-21 12:51:02.039052352
ACC_000660,intermediary,Kotak Mahindra Bank,48,Mumbai,Maharashtra,none,3,0,1,1,1,intermediary_mule,2026-02-16 19:05:07.070769265,2026-04-16 07:42:59.460763192
ACC_000661,victim,IndusInd Bank,187,Navi Mumbai,Maharashtra,none,0,0,2,2,0,none,2026-04-12 17:43:45.360573620,2026-06-22 13:51:21.483196205
ACC_000662,ordinary_recipient,Canara Bank,221,Chennai,Tamil Nadu,none,0,1,2,1,0,none,2026-05-06 04:14:10.344813108,2026-05-19 16:44:49.361164141
ACC_000663,ordinary_recipient,Union Bank of India,166,Hyderabad,Telangana,none,0,0,2,2,0,none,2024-04-08 05:10:13.021240227,2024-10-15 01:09:04.230442160
ACC_000664,mule,IndusInd Bank,125,Nagpur,Maharashtra,none,2,1,1,1,1,first_hop_mule,2026-03-14 15:48:53.653941810,2026-03-28 12:02:07.301827833
ACC_000665,intermediary,SBI,185,Chennai,Tamil Nadu,none,0,1,1,1,1,intermediary_mule,2026-05-11 05:21:05.253068611,2026-06-02 05:54:09.211632573
ACC_000666,ordinary_recipient,Union Bank of India,203,Jaipur,Rajasthan,none,0,0,2,1,0,none,2025-09-21 07:31:27.407635763,2026-02-13 03:15:28.649598341
ACC_000667,victim,Yes Bank,130,Pune,Maharashtra,none,1,1,0,1,0,none,2024-06-16 11:43:32.191421296,2024-10-02 09:39:53.111612575
ACC_000668,mule,IDFC First Bank,149,Bengaluru,Karnataka,none,4,2,0,1,1,cashout_mule,2024-12-31 03:54:53.434030022,2025-03-03 17:15:23.754022264
ACC_000669,ordinary_recipient,ICICI Bank,83,Mumbai,Maharashtra,prior_flagged,0,0,1,1,0,none,2024-03-23 02:10:13.411409632,2025-02-09 17:45:13.223060582
ACC_000670,intermediary,Yes Bank,55,Surat,Gujarat,none,5,0,0,1,1,intermediary_mule,2024-01-04 20:50:39.422278352,2024-08-02 21:13:33.408050330
ACC_000671,ordinary_recipient,Bank of Baroda,16,Ahmedabad,Gujarat,none,0,2,3,2,0,none,2026-04-18 04:14:14.694448456,2026-05-29 23:54:52.366428103
ACC_000672,intermediary,Axis Bank,65,Bengaluru,Karnataka,none,3,0,3,2,1,intermediary_mule,2026-06-04 19:12:25.152741984,2026-06-18 00:19:16.487387105
ACC_000673,victim,ICICI Bank,88,Indore,Madhya Pradesh,none,0,0,1,1,0,none,2026-04-17 11:25:11.124170780,2026-04-29 10:08:05.781529098
ACC_000674,mule,Kotak Mahindra Bank,36,Pune,Maharashtra,none,3,3,1,1,1,first_hop_mule,2024-08-19 08:38:16.493231334,2024-08-28 09:12:14.497582000
ACC_000675,victim,HDFC Bank,227,Kolkata,West Bengal,none,0,2,1,1,0,none,2025-07-19 19:58:09.784018084,2026-02-27 09:25:36.100056514
ACC_000676,ordinary_recipient,IndusInd Bank,27,Kolkata,West Bengal,none,0,0,3,3,0,none,2025-03-31 05:23:19.945894092,2026-03-18 11:40:58.016572785
ACC_000677,high_volume,ICICI Bank,87,Ahmedabad,Gujarat,none,0,0,2,1,0,none,2025-03-27 21:35:02.778175093,2025-11-07 01:34:33.135468828
ACC_000678,ordinary_recipient,Kotak Mahindra Bank,159,Chennai,Tamil Nadu,none,0,0,1,1,0,none,2025-01-25 05:05:26.457718275,2025-11-20 22:13:29.200736006
ACC_000679,mule,SBI,41,Navi Mumbai,Maharashtra,none,2,5,0,1,1,cashout_mule,2026-05-07 09:58:10.133944705,2026-06-27 22:45:35.029237897
ACC_000680,victim,HDFC Bank,205,Mumbai,Maharashtra,prior_flagged,0,0,2,1,0,none,2025-12-21 12:00:20.701724917,2026-05-16 17:56:36.626118229
ACC_000681,victim,Yes Bank,176,Navi Mumbai,Maharashtra,none,0,0,2,1,0,none,2026-02-10 11:56:03.687700108,2026-03-29 01:33:06.178014279
ACC_000682,ordinary_recipient,IndusInd Bank,178,Jaipur,Rajasthan,prior_confirmed_fraud,0,0,4,4,0,none,2024-02-01 12:43:40.107595146,2026-02-18 08:16:36.060521459
ACC_000683,ordinary_recipient,Punjab National Bank,200,Delhi,Delhi,none,0,1,1,1,0,none,2025-01-10 06:52:42.433915541,2025-10-31 02:54:35.399032447
ACC_000684,victim,Punjab National Bank,235,Bengaluru,Karnataka,none,0,1,4,3,0,none,2025-06-28 18:11:48.433613531,2026-01-05 21:53:52.073432583
ACC_000685,mule,Canara Bank,137,Mumbai,Maharashtra,none,5,4,2,1,1,first_hop_mule,2025-08-23 02:17:13.582835212,2026-03-26 04:50:12.314715075
ACC_000686,ordinary_recipient,Axis Bank,235,Bengaluru,Karnataka,none,0,0,3,1,0,none,2026-03-26 05:39:04.812788978,2026-05-06 08:45:27.230865540
ACC_000687,victim,Axis Bank,244,Delhi,Delhi,none,0,0,3,3,0,none,2024-06-01 03:21:06.709118623,2026-03-31 12:33:07.751254528
ACC_000688,victim,Canara Bank,246,Bengaluru,Karnataka,none,0,1,1,1,0,none,2024-03-23 00:33:45.747396900,2024-08-08 16:45:34.559134619
ACC_000689,victim,Bank of Baroda,227,Delhi,Delhi,none,0,0,0,1,0,none,2026-03-24 16:53:59.884560555,2026-05-04 18:06:34.956237148
ACC_000690,ordinary_recipient,Punjab National Bank,200,Mumbai,Maharashtra,none,0,0,1,1,0,none,2025-04-06 12:43:23.170954540,2025-05-05 16:25:30.316551337
ACC_000691,intermediary,Axis Bank,254,Mumbai,Maharashtra,none,4,1,4,3,1,intermediary_mule,2025-05-06 05:24:32.660001449,2026-02-26 07:58:04.725625396
ACC_000692,ordinary_recipient,Punjab National Bank,124,Surat,Gujarat,none,0,0,3,3,0,none,2026-03-21 18:58:27.845009744,2026-04-17 21:02:28.818012553
ACC_000693,victim,Yes Bank,50,Hyderabad,Telangana,none,0,0,1,1,0,none,2025-11-14 01:50:42.844256647,2026-02-19 00:59:02.523389703
ACC_000694,mule,ICICI Bank,91,Hyderabad,Telangana,none,5,3,2,2,1,first_hop_mule,2025-10-27 17:12:58.149263196,2026-06-02 03:02:19.935028718
ACC_000695,victim,ICICI Bank,68,Lucknow,Uttar Pradesh,none,1,2,3,3,0,none,2024-06-18 11:19:34.592106147,2024-11-03 14:35:21.219343062
ACC_000696,ordinary_recipient,SBI,21,Bengaluru,Karnataka,prior_confirmed_fraud,0,0,1,1,0,none,2025-07-20 02:30:52.692807116,2025-07-20 21:09:05.867041351
ACC_000697,ordinary_recipient,ICICI Bank,134,Hyderabad,Telangana,none,0,1,1,1,0,none,2025-02-14 00:21:26.310916260,2025-11-30 15:27:47.594711124
ACC_000698,intermediary,SBI,243,Bengaluru,Karnataka,prior_confirmed_fraud,2,0,2,2,1,intermediary_mule,2025-07-10 15:48:40.781216376,2025-12-12 16:46:42.976868923
ACC_000699,ordinary_recipient,Canara Bank,231,Navi Mumbai,Maharashtra,none,0,0,2,1,0,none,2025-06-08 10:36:20.922819376,2025-06-29 16:29:53.312237865
ACC_000700,victim,Axis Bank,74,Nashik,Maharashtra,none,0,0,2,2,0,none,2024-01-24 22:35:07.337168115,2024-10-13 17:28:56.475233095
ACC_000701,victim,Union Bank of India,104,Jaipur,Rajasthan,none,0,0,0,1,0,none,2024-11-09 06:29:30.714753710,2025-04-01 04:35:21.307907699
ACC_000702,victim,Bank of Baroda,40,Delhi,Delhi,prior_flagged,1,0,2,2,0,none,2025-02-21 01:24:33.549231872,2025-06-29 18:55:50.149730431
ACC_000703,victim,Union Bank of India,113,Navi Mumbai,Maharashtra,none,0,1,1,1,0,none,2025-03-31 16:51:07.540236004,2026-03-26 05:36:35.105684631
ACC_000704,ordinary_recipient,IDFC First Bank,22,Ahmedabad,Gujarat,none,1,1,2,1,0,none,2024-03-31 14:47:46.001368733,2024-12-06 15:04:37.712270525
ACC_000705,ordinary_recipient,SBI,27,Mumbai,Maharashtra,none,0,0,1,1,0,none,2026-03-29 13:39:16.341821611,2026-05-13 19:48:54.973014546
ACC_000706,mule,ICICI Bank,64,Hyderabad,Telangana,none,1,4,2,2,1,first_hop_mule,2024-10-31 13:28:41.899092730,2025-04-10 13:59:46.080078812
ACC_000707,victim,Yes Bank,187,Chennai,Tamil Nadu,none,0,1,2,1,0,none,2025-03-21 20:43:19.453608051,2026-06-06 23:51:58.393327829
ACC_000708,ordinary_recipient,Canara Bank,222,Nashik,Maharashtra,none,0,0,1,1,0,none,2025-08-27 15:44:10.273406781,2026-04-21 19:57:37.538840485
ACC_000709,mule,SBI,222,Navi Mumbai,Maharashtra,none,0,2,3,2,1,first_hop_mule,2025-10-17 02:00:03.208806470,2026-02-02 09:48:08.367760855
ACC_000710,ordinary_recipient,IndusInd Bank,246,Delhi,Delhi,prior_confirmed_fraud,0,1,2,2,0,none,2024-12-10 09:11:36.961749848,2026-01-26 07:17:59.154059334
ACC_000711,ordinary_recipient,Yes Bank,30,Kolkata,West Bengal,none,1,0,1,1,0,none,2024-04-27 14:55:22.202972086,2025-01-02 09:32:02.746111320
ACC_000712,mule,Punjab National Bank,65,Jaipur,Rajasthan,none,3,4,1,1,1,first_hop_mule,2024-07-07 20:47:36.672415001,2024-09-05 05:56:12.090431122
ACC_000713,ordinary_recipient,Kotak Mahindra Bank,138,Ahmedabad,Gujarat,prior_confirmed_fraud,0,1,1,1,0,none,2024-05-30 08:41:37.719815835,2025-04-22 20:00:30.461172358
ACC_000714,ordinary_recipient,IndusInd Bank,218,Mumbai,Maharashtra,none,0,0,0,1,0,none,2024-08-10 09:49:44.248860911,2025-09-03 04:15:47.164993314
ACC_000715,high_volume,IndusInd Bank,22,Pune,Maharashtra,none,0,0,2,1,0,none,2025-07-03 22:07:24.197737135,2025-11-07 01:35:16.242675299
ACC_000716,victim,Canara Bank,153,Hyderabad,Telangana,none,0,1,2,2,0,none,2025-05-03 01:49:51.062011801,2025-10-19 21:30:48.278814433
ACC_000717,victim,Kotak Mahindra Bank,38,Chennai,Tamil Nadu,none,0,0,0,1,0,none,2024-06-02 14:56:10.000472456,2025-11-25 17:09:16.150332620
ACC_000718,ordinary_recipient,IndusInd Bank,75,Mumbai,Maharashtra,none,0,0,0,1,0,none,2025-09-12 20:40:36.666553132,2026-05-30 15:57:58.807051597
ACC_000719,victim,ICICI Bank,183,Thane,Maharashtra,none,0,0,1,1,0,none,2024-02-28 00:50:22.361009138,2026-03-31 16:13:40.130712430
ACC_000720,victim,Axis Bank,77,Mumbai,Maharashtra,none,0,1,1,1,0,none,2026-04-08 15:38:52.530064746,2026-05-26 01:25:03.488827178
ACC_000721,victim,Canara Bank,194,Nagpur,Maharashtra,none,0,0,5,5,0,none,2025-05-30 19:11:46.845706381,2026-02-03 13:47:19.633141204
ACC_000722,ordinary_recipient,Canara Bank,104,Chennai,Tamil Nadu,none,0,3,2,2,0,none,2025-06-21 20:53:03.808024570,2026-01-06 16:16:15.132081749
ACC_000723,ordinary_recipient,Axis Bank,248,Surat,Gujarat,none,0,1,0,1,0,none,2024-09-17 10:46:58.615422253,2025-05-16 22:58:00.491140022
ACC_000724,mule,HDFC Bank,38,Mumbai,Maharashtra,none,3,3,4,2,1,first_hop_mule,2025-04-11 02:25:53.162494197,2026-03-05 12:10:55.923968617
ACC_000725,victim,Kotak Mahindra Bank,56,Bengaluru,Karnataka,none,0,0,1,1,0,none,2025-01-23 07:41:21.854547527,2025-03-22 11:11:05.263884048
ACC_000726,ordinary_recipient,Yes Bank,169,Delhi,Delhi,none,0,1,4,2,0,none,2026-05-16 03:07:13.069963098,2026-06-25 05:51:57.642654745
ACC_000727,victim,SBI,253,Delhi,Delhi,prior_flagged,0,3,1,1,0,none,2024-03-10 10:30:21.401197911,2024-11-04 04:55:41.648735052
ACC_000728,victim,Punjab National Bank,9,Mumbai,Maharashtra,none,0,0,0,1,0,none,2025-02-21 21:47:45.375583760,2025-06-09 19:22:54.952063531
ACC_000729,ordinary_recipient,IDFC First Bank,157,Nashik,Maharashtra,prior_flagged,0,0,4,2,0,none,2025-12-22 01:44:07.263110936,2026-02-12 02:40:24.456979278
ACC_000730,victim,HDFC Bank,231,Pune,Maharashtra,none,1,0,0,1,0,none,2025-05-11 02:38:00.651187740,2026-04-12 21:11:47.454076201
ACC_000731,ordinary_recipient,Yes Bank,218,Chennai,Tamil Nadu,prior_confirmed_fraud,0,0,1,1,0,none,2025-05-29 21:55:31.857609086,2025-09-13 10:03:24.372252762
ACC_000732,ordinary_recipient,Kotak Mahindra Bank,197,Hyderabad,Telangana,none,0,0,2,2,0,none,2026-04-10 02:49:05.515877947,2026-05-29 10:02:36.258870455
ACC_000733,ordinary_recipient,SBI,131,Hyderabad,Telangana,none,0,2,1,1,0,none,2024-12-08 06:08:49.368169177,2025-06-21 10:12:00.429076873
ACC_000734,ordinary_recipient,ICICI Bank,90,Bengaluru,Karnataka,none,0,0,1,1,0,none,2024-01-02 21:08:06.249580776,2025-08-21 15:07:08.618273249
ACC_000735,intermediary,SBI,163,Nagpur,Maharashtra,none,2,0,2,1,1,intermediary_mule,2026-04-23 06:52:47.237062737,2026-06-02 08:20:38.538072678
ACC_000736,victim,Axis Bank,129,Pune,Maharashtra,none,0,1,2,1,0,none,2024-01-31 02:49:06.013063962,2026-06-28 00:46:53.936403696
ACC_000737,intermediary,ICICI Bank,83,Mumbai,Maharashtra,none,4,0,2,1,1,intermediary_mule,2025-12-27 10:26:37.554376252,2026-02-22 19:50:26.914996109
ACC_000738,victim,Punjab National Bank,108,Thane,Maharashtra,none,0,0,5,5,0,none,2024-05-07 04:05:16.770491138,2025-02-05 08:38:00.691574376
ACC_000739,ordinary_recipient,Kotak Mahindra Bank,37,Pune,Maharashtra,none,1,1,2,1,0,none,2024-01-19 20:14:20.690860927,2024-07-15 04:12:08.504239229
ACC_000740,intermediary,HDFC Bank,247,Indore,Madhya Pradesh,none,2,3,0,1,1,intermediary_mule,2024-11-19 02:30:36.245369829,2025-08-18 20:01:03.908339020
ACC_000741,victim,IndusInd Bank,43,Surat,Gujarat,prior_confirmed_fraud,0,1,0,1,0,none,2026-02-26 03:43:46.972532183,2026-06-09 20:35:26.125546149
ACC_000742,mule,SBI,128,Kolkata,West Bengal,none,2,3,2,2,1,cashout_mule,2024-02-03 15:36:34.449533251,2024-08-06 18:27:59.715304389
ACC_000743,ordinary_recipient,Union Bank of India,113,Hyderabad,Telangana,none,0,0,2,1,0,none,2024-08-27 07:14:16.330651239,2026-06-04 01:53:49.243594289
ACC_000744,intermediary,Punjab National Bank,246,Chennai,Tamil Nadu,none,3,1,1,1,1,intermediary_mule,2024-09-11 05:07:56.364929866,2024-09-19 20:31:43.792552141
ACC_000745,victim,ICICI Bank,128,Hyderabad,Telangana,none,2,0,0,1,0,none,2024-03-27 08:51:31.580657898,2026-01-20 07:40:15.599860215
ACC_000746,ordinary_recipient,ICICI Bank,203,Hyderabad,Telangana,none,0,1,0,1,0,none,2024-03-25 07:41:20.630464473,2025-10-18 01:45:31.797384573
ACC_000747,victim,IDFC First Bank,146,Pune,Maharashtra,none,0,0,0,1,0,none,2026-04-07 08:27:39.491170928,2026-06-22 01:47:33.543866937
ACC_000748,victim,Union Bank of India,201,Indore,Madhya Pradesh,none,0,2,2,1,0,none,2025-09-25 09:56:39.121007875,2026-02-17 06:17:17.767498282
ACC_000749,ordinary_recipient,Union Bank of India,103,Kolkata,West Bengal,none,0,0,1,1,0,none,2024-10-10 10:42:39.852473352,2025-12-11 18:54:43.716682639
ACC_000750,mule,SBI,184,Pune,Maharashtra,prior_flagged,4,2,1,1,1,cashout_mule,2024-08-05 02:38:44.037021600,2024-09-08 09:43:19.158474094
ACC_000751,mule,Yes Bank,234,Bengaluru,Karnataka,prior_flagged,1,4,3,2,1,cashout_mule,2024-02-09 01:33:17.418799933,2025-01-17 22:00:25.906401579
ACC_000752,mule,Canara Bank,176,Kolkata,West Bengal,none,2,5,1,1,1,first_hop_mule,2024-11-22 20:31:26.484988254,2026-02-16 01:19:40.598770830
ACC_000753,mule,HDFC Bank,108,Lucknow,Uttar Pradesh,none,2,4,2,1,1,first_hop_mule,2024-10-01 08:00:22.157499693,2024-12-09 17:14:44.345648251
ACC_000754,ordinary_recipient,Kotak Mahindra Bank,103,Delhi,Delhi,prior_flagged,0,0,1,1,0,none,2026-04-15 11:01:58.565083474,2026-06-13 13:29:37.169702738
ACC_000755,victim,IDFC First Bank,132,Bengaluru,Karnataka,none,0,0,1,1,0,none,2024-07-19 21:11:57.363808300,2025-02-23 19:02:24.040035400
ACC_000756,mule,Kotak Mahindra Bank,27,Nashik,Maharashtra,prior_flagged,3,8,2,1,1,cashout_mule,2025-01-04 02:08:21.651591778,2025-07-14 09:03:59.391269601
ACC_000757,ordinary_recipient,Union Bank of India,45,Delhi,Delhi,none,0,0,3,2,0,none,2025-09-13 07:33:21.524384639,2026-03-19 20:23:36.381879068
ACC_000758,victim,Kotak Mahindra Bank,131,Pune,Maharashtra,none,0,0,2,1,0,none,2024-10-19 14:17:15.774338733,2024-12-06 22:22:29.662581068
ACC_000759,ordinary_recipient,SBI,69,Mumbai,Maharashtra,none,0,0,3,1,0,none,2025-12-13 04:58:05.617347725,2026-04-16 09:04:45.124978533
ACC_000760,victim,Kotak Mahindra Bank,203,Delhi,Delhi,none,0,2,2,2,0,none,2025-10-23 14:52:13.706848368,2026-06-08 11:37:35.459659569
ACC_000761,mule,Union Bank of India,92,Bengaluru,Karnataka,none,2,7,2,1,1,first_hop_mule,2024-02-02 07:29:35.245387114,2024-04-24 16:50:30.265654950
ACC_000762,victim,Kotak Mahindra Bank,32,Kolkata,West Bengal,none,0,1,2,1,0,none,2026-02-18 15:52:51.047223732,2026-03-23 21:21:30.477867833
ACC_000763,ordinary_recipient,IndusInd Bank,118,Bengaluru,Karnataka,none,0,0,1,1,0,none,2024-11-27 12:18:40.203032497,2024-12-05 10:35:20.603778200
ACC_000764,mule,Bank of Baroda,123,Nagpur,Maharashtra,none,2,3,4,4,1,cashout_mule,2024-03-28 07:47:23.880689158,2025-05-28 23:31:30.091466459
ACC_000765,suspicious_hub,Union Bank of India,74,Delhi,Delhi,none,1,3,18,16,1,hub_account,2025-09-28 04:37:41.402666315,2026-04-17 01:34:56.930349564
ACC_000766,ordinary_recipient,Punjab National Bank,66,Kolkata,West Bengal,none,0,0,1,1,0,none,2025-11-11 15:36:51.551428989,2026-06-13 01:06:03.301136079
ACC_000767,intermediary,SBI,148,Bengaluru,Karnataka,none,1,0,3,2,1,intermediary_mule,2024-03-05 16:33:21.721625620,2025-01-11 03:46:07.457579117
ACC_000768,ordinary_recipient,Punjab National Bank,118,Bengaluru,Karnataka,none,0,0,2,2,0,none,2024-11-18 10:07:16.341240257,2025-02-13 23:21:47.859074018
ACC_000769,victim,Union Bank of India,188,Navi Mumbai,Maharashtra,none,0,0,0,1,0,none,2026-03-26 18:47:07.448070377,2026-03-29 13:14:59.554796931
ACC_000770,ordinary_recipient,HDFC Bank,53,Mumbai,Maharashtra,none,0,0,2,1,0,none,2025-09-01 20:35:30.343125671,2025-12-08 17:32:39.694243802
ACC_000771,ordinary_recipient,ICICI Bank,214,Lucknow,Uttar Pradesh,none,0,0,0,1,0,none,2025-05-01 09:39:50.540091701,2025-12-04 21:26:15.132427891
ACC_000772,victim,Punjab National Bank,176,Pune,Maharashtra,prior_flagged,0,0,2,2,0,none,2025-04-04 05:55:34.958042488,2026-05-16 04:10:40.544632434
ACC_000773,ordinary_recipient,Yes Bank,35,Nagpur,Maharashtra,none,0,0,2,1,0,none,2025-07-08 06:24:52.903581746,2025-09-23 11:34:58.615142022
ACC_000774,victim,Bank of Baroda,168,Mumbai,Maharashtra,prior_flagged,0,0,2,1,0,none,2025-08-17 21:38:59.019047640,2026-04-21 20:51:30.769795231
ACC_000775,mule,SBI,117,Bengaluru,Karnataka,none,3,2,2,2,1,cashout_mule,2024-03-03 17:02:34.649827965,2025-04-15 16:04:10.159765312
ACC_000776,victim,IDFC First Bank,112,Kolkata,West Bengal,none,0,1,0,1,0,none,2024-10-31 09:49:05.566115920,2026-04-10 15:33:02.453334348
ACC_000777,victim,Kotak Mahindra Bank,148,Chennai,Tamil Nadu,none,0,2,2,1,0,none,2025-04-24 18:43:05.819776386,2026-05-01 22:49:21.565012834
ACC_000778,ordinary_recipient,Bank of Baroda,66,Jaipur,Rajasthan,none,0,0,1,1,0,none,2025-10-27 08:11:09.477686353,2026-05-26 00:59:37.615305735
ACC_000779,mule,Axis Bank,240,Nashik,Maharashtra,none,2,3,2,2,1,first_hop_mule,2025-11-07 16:01:35.847726502,2026-02-09 17:10:53.342544984
ACC_000780,intermediary,IDFC First Bank,73,Nashik,Maharashtra,none,2,2,2,2,1,intermediary_mule,2025-07-05 14:51:21.742300197,2025-11-07 00:57:44.719326727
ACC_000781,intermediary,Yes Bank,237,Surat,Gujarat,none,1,2,0,1,1,intermediary_mule,2025-06-18 07:46:44.030927502,2025-09-04 09:42:50.337814305
ACC_000782,intermediary,IDFC First Bank,52,Delhi,Delhi,none,1,1,2,1,1,intermediary_mule,2024-12-01 00:30:16.647796333,2025-04-11 14:11:31.912175226
ACC_000783,victim,SBI,54,Ahmedabad,Gujarat,none,1,0,4,3,0,none,2026-01-30 09:52:56.115869880,2026-05-03 05:00:26.561296707
ACC_000784,ordinary_recipient,Axis Bank,251,Hyderabad,Telangana,none,0,1,4,4,0,none,2026-04-14 20:10:28.644631594,2026-06-27 02:26:06.432148870
ACC_000785,victim,Yes Bank,156,Navi Mumbai,Maharashtra,prior_confirmed_fraud,0,0,1,1,0,none,2026-02-09 23:53:01.928930722,2026-05-05 19:58:33.585706745
ACC_000786,intermediary,Bank of Baroda,60,Surat,Gujarat,none,3,0,0,1,1,intermediary_mule,2026-03-05 07:40:50.195556581,2026-04-22 10:18:04.505448703
ACC_000787,victim,Canara Bank,122,Nagpur,Maharashtra,none,0,0,2,1,0,none,2026-04-07 22:13:24.794944912,2026-04-28 01:33:31.823538326
ACC_000788,ordinary_recipient,Axis Bank,111,Hyderabad,Telangana,prior_flagged,0,0,1,1,0,none,2024-07-03 01:55:09.576259188,2025-10-20 00:13:54.127196682
ACC_000789,victim,Bank of Baroda,198,Pune,Maharashtra,none,0,0,4,3,0,none,2025-04-13 03:23:50.507803909,2025-07-15 13:27:07.476555918
ACC_000790,mule,SBI,130,Hyderabad,Telangana,prior_flagged,1,4,0,1,1,cashout_mule,2025-05-01 23:11:20.650683187,2025-06-10 13:27:34.667092587
ACC_000791,victim,Punjab National Bank,18,Bengaluru,Karnataka,none,0,0,2,2,0,none,2025-03-18 05:19:48.372182086,2025-05-01 01:43:03.530737977
ACC_000792,intermediary,Yes Bank,174,Pune,Maharashtra,none,0,0,0,1,1,intermediary_mule,2026-02-11 23:21:10.770698689,2026-06-09 08:37:28.861498587
ACC_000793,intermediary,Yes Bank,215,Indore,Madhya Pradesh,none,0,0,0,1,1,intermediary_mule,2024-10-23 02:39:04.450661808,2025-06-15 03:43:50.497113312
ACC_000794,victim,IDFC First Bank,195,Thane,Maharashtra,none,0,1,2,2,0,none,2024-05-26 22:57:46.347239554,2026-05-15 10:00:51.183240868
ACC_000795,mule,Union Bank of India,55,Delhi,Delhi,prior_flagged,3,4,2,1,1,cashout_mule,2024-09-06 21:18:31.008806240,2025-08-01 06:57:25.664533779
ACC_000796,victim,HDFC Bank,100,Mumbai,Maharashtra,none,1,0,4,4,0,none,2024-05-10 09:20:34.636093339,2025-11-01 04:28:20.207622253
ACC_000797,ordinary_recipient,ICICI Bank,11,Chennai,Tamil Nadu,none,0,0,2,1,0,none,2025-01-03 18:19:46.364439670,2026-03-28 04:00:23.910263382
ACC_000798,victim,Canara Bank,134,Delhi,Delhi,none,0,0,2,1,0,none,2024-04-16 09:57:28.401252208,2026-03-21 00:22:50.322819335
ACC_000799,ordinary_recipient,ICICI Bank,82,Bengaluru,Karnataka,none,0,1,2,1,0,none,2024-03-20 18:45:23.361124144,2024-08-02 21:29:44.014890923
ACC_000800,victim,Yes Bank,234,Chennai,Tamil Nadu,none,1,0,2,1,0,none,2025-02-14 20:46:43.591205962,2025-06-03 05:33:27.856849930
ACC_000801,mule,Canara Bank,64,Kolkata,West Bengal,none,2,0,3,2,1,cashout_mule,2025-07-01 15:20:28.750690885,2025-08-25 04:14:22.649396980
ACC_000802,mule,SBI,30,Surat,Gujarat,none,2,3,0,1,1,first_hop_mule,2025-07-07 13:28:55.366954997,2025-12-13 19:38:44.831343995
ACC_000803,ordinary_recipient,Kotak Mahindra Bank,187,Jaipur,Rajasthan,none,0,2,0,1,0,none,2024-03-25 01:45:19.392065944,2024-07-31 06:36:31.856364888
ACC_000804,victim,Punjab National Bank,115,Nagpur,Maharashtra,none,0,0,1,1,0,none,2026-06-04 02:30:52.978692174,2026-06-20 23:01:04.686752651
ACC_000805,victim,Yes Bank,165,Chennai,Tamil Nadu,none,0,0,1,1,0,none,2024-04-20 21:51:39.081879506,2025-02-05 04:54:50.814800060
ACC_000806,victim,ICICI Bank,50,Mumbai,Maharashtra,none,0,0,2,1,0,none,2025-08-24 16:22:23.457554229,2026-06-18 21:16:49.342097581
ACC_000807,high_volume,IndusInd Bank,227,Thane,Maharashtra,none,0,0,0,1,0,none,2026-03-20 13:14:08.959058300,2026-06-11 09:25:58.984444993
ACC_000808,ordinary_recipient,Bank of Baroda,12,Delhi,Delhi,prior_confirmed_fraud,0,0,0,1,0,none,2026-03-17 00:31:29.079654485,2026-06-01 01:19:50.029612573
ACC_000809,mule,ICICI Bank,103,Delhi,Delhi,none,0,6,2,1,1,first_hop_mule,2025-04-11 13:11:15.783246137,2026-02-11 15:33:23.673512451
ACC_000810,intermediary,HDFC Bank,41,Bengaluru,Karnataka,none,1,0,3,2,1,intermediary_mule,2024-09-09 18:13:40.969449636,2024-10-05 19:54:08.106563814
ACC_000811,victim,ICICI Bank,186,Bengaluru,Karnataka,none,0,0,3,2,0,none,2026-01-24 04:32:17.852843203,2026-02-06 07:29:08.973254632
ACC_000812,ordinary_recipient,SBI,65,Hyderabad,Telangana,none,0,0,1,1,0,none,2025-07-12 01:39:47.895473473,2025-12-11 13:47:19.913967593
ACC_000813,mule,SBI,121,Surat,Gujarat,none,1,5,2,1,1,cashout_mule,2025-12-21 15:26:33.883350953,2026-06-13 18:18:09.595459503
ACC_000814,ordinary_recipient,SBI,146,Navi Mumbai,Maharashtra,none,0,0,1,1,0,none,2024-12-30 09:25:32.979777623,2025-02-19 18:56:29.424525210
ACC_000815,victim,IndusInd Bank,69,Delhi,Delhi,none,0,0,1,1,0,none,2026-04-12 03:12:15.207859948,2026-05-15 06:26:32.799488891
ACC_000816,mule,IndusInd Bank,199,Mumbai,Maharashtra,none,2,4,1,1,1,first_hop_mule,2026-04-26 20:36:50.823640600,2026-06-16 18:45:19.896946138
ACC_000817,intermediary,IDFC First Bank,67,Navi Mumbai,Maharashtra,none,1,0,3,2,1,intermediary_mule,2025-11-02 17:21:24.842294052,2026-01-18 05:48:46.145164149
ACC_000818,mule,SBI,244,Indore,Madhya Pradesh,none,1,6,0,1,1,first_hop_mule,2026-05-08 16:16:52.299889177,2026-06-26 07:19:26.895421350
ACC_000819,mule,HDFC Bank,172,Mumbai,Maharashtra,prior_flagged,3,3,0,1,1,cashout_mule,2025-02-17 03:17:05.316493765,2026-05-28 11:44:48.819461064
ACC_000820,mule,ICICI Bank,249,Pune,Maharashtra,none,5,3,2,2,1,first_hop_mule,2024-06-26 03:45:09.322686693,2024-08-06 23:11:33.067701362
ACC_000821,ordinary_recipient,Union Bank of India,18,Delhi,Delhi,none,0,0,2,2,0,none,2025-08-20 12:41:09.870538101,2026-03-01 18:04:46.662810045
ACC_000822,victim,Canara Bank,228,Nashik,Maharashtra,prior_flagged,0,0,4,2,0,none,2025-08-18 05:10:27.536047526,2025-10-03 04:26:23.700250972
ACC_000823,intermediary,Bank of Baroda,252,Bengaluru,Karnataka,prior_flagged,2,0,1,1,1,intermediary_mule,2025-03-23 14:15:53.170109369,2025-10-13 23:04:09.417397698
ACC_000824,victim,Canara Bank,134,Indore,Madhya Pradesh,none,1,3,1,1,0,none,2024-08-25 10:09:51.251609221,2026-04-22 03:55:23.761038662
ACC_000825,mule,IndusInd Bank,230,Chennai,Tamil Nadu,none,3,4,2,2,1,cashout_mule,2025-07-22 18:38:03.546418384,2025-08-16 21:13:29.235169994
ACC_000826,victim,HDFC Bank,110,Delhi,Delhi,prior_flagged,2,1,2,2,0,none,2024-06-13 16:34:05.547348199,2026-05-14 06:02:18.126529639
ACC_000827,ordinary_recipient,Axis Bank,118,Chennai,Tamil Nadu,prior_confirmed_fraud,0,0,1,1,0,none,2025-11-17 06:07:41.944425285,2026-06-28 18:07:08.929202187
ACC_000828,mule,Kotak Mahindra Bank,117,Jaipur,Rajasthan,none,5,2,0,1,1,cashout_mule,2026-04-06 02:32:17.808868989,2026-06-02 00:08:17.270055425
ACC_000829,mule,Punjab National Bank,166,Pune,Maharashtra,none,3,1,2,2,1,first_hop_mule,2024-05-31 19:00:21.761748029,2025-02-26 06:37:47.114075216
ACC_000830,victim,Bank of Baroda,251,Chennai,Tamil Nadu,none,0,1,1,1,0,none,2026-01-17 06:24:42.553270839,2026-02-27 08:47:17.539869939
ACC_000831,ordinary_recipient,SBI,55,Hyderabad,Telangana,none,0,0,1,1,0,none,2024-06-29 19:23:31.848859647,2025-05-11 16:40:20.175977653
ACC_000832,victim,ICICI Bank,153,Kolkata,West Bengal,none,0,0,5,3,0,none,2025-03-31 21:16:35.696253322,2025-06-21 17:28:22.714106300
ACC_000833,victim,ICICI Bank,129,Mumbai,Maharashtra,none,0,0,2,2,0,none,2026-04-26 13:02:13.566269755,2026-04-27 20:03:49.532861900
ACC_000834,ordinary_recipient,IDFC First Bank,194,Kolkata,West Bengal,none,0,0,2,2,0,none,2024-03-16 08:23:13.663728638,2024-05-07 18:38:55.414715202
ACC_000835,suspicious_hub,Union Bank of India,117,Kolkata,West Bengal,none,1,4,7,7,1,hub_account,2024-03-22 18:39:34.442176601,2025-09-24 00:30:16.243555773
ACC_000836,suspicious_hub,IndusInd Bank,17,Chennai,Tamil Nadu,none,2,2,9,7,1,hub_account,2026-05-23 09:31:48.878962517,2026-05-24 04:15:41.288494036
ACC_000837,ordinary_recipient,IndusInd Bank,208,Navi Mumbai,Maharashtra,none,1,0,3,1,0,none,2024-05-24 17:04:56.301663546,2025-01-10 17:14:26.206541671
ACC_000838,mule,Axis Bank,253,Thane,Maharashtra,none,2,3,2,1,1,first_hop_mule,2024-11-07 14:31:45.676321216,2025-12-18 00:42:32.565793576
ACC_000839,victim,Canara Bank,246,Kolkata,West Bengal,none,1,0,1,1,0,none,2025-02-22 03:26:41.353951126,2025-05-19 06:48:52.887243039
ACC_000840,victim,ICICI Bank,135,Hyderabad,Telangana,none,0,0,1,1,0,none,2024-01-07 02:24:03.196444524,2024-11-02 18:39:35.736638811
ACC_000841,ordinary_recipient,IDFC First Bank,90,Indore,Madhya Pradesh,none,0,0,0,1,0,none,2024-06-20 08:11:22.886616236,2024-07-13 14:20:06.113680875
ACC_000842,mule,Punjab National Bank,157,Delhi,Delhi,none,1,5,5,3,1,first_hop_mule,2026-01-24 16:15:22.006285369,2026-02-11 06:02:11.505284349
ACC_000843,mule,Kotak Mahindra Bank,217,Pune,Maharashtra,none,1,5,1,1,1,first_hop_mule,2025-04-17 16:13:13.243409798,2025-07-25 16:54:14.263065245
ACC_000844,victim,Yes Bank,210,Kolkata,West Bengal,none,0,0,2,1,0,none,2024-12-24 20:11:08.363822807,2025-03-04 12:15:30.368676311
ACC_000845,victim,Kotak Mahindra Bank,145,Kolkata,West Bengal,none,1,0,2,1,0,none,2025-09-13 06:35:06.121907204,2026-01-28 01:00:49.334670107
ACC_000846,victim,IDFC First Bank,22,Bengaluru,Karnataka,none,0,0,1,1,0,none,2024-10-22 20:45:10.825511947,2025-01-08 22:54:35.809181276
ACC_000847,mule,HDFC Bank,65,Kolkata,West Bengal,none,3,5,6,4,1,first_hop_mule,2025-02-03 12:12:16.594725676,2025-07-09 14:33:24.481547260
ACC_000848,victim,IDFC First Bank,4,Nashik,Maharashtra,prior_flagged,0,1,2,1,0,none,2026-06-24 06:49:58.697187096,2026-06-28 10:04:57.673657404
ACC_000849,ordinary_recipient,Bank of Baroda,132,Pune,Maharashtra,none,0,0,1,1,0,none,2025-12-06 08:59:32.541965961,2026-04-19 19:45:38.265391719
ACC_000850,ordinary_recipient,Yes Bank,248,Thane,Maharashtra,none,0,0,3,2,0,none,2025-05-19 16:04:20.436680794,2025-10-22 07:03:06.072079436
ACC_000851,victim,Axis Bank,157,Nashik,Maharashtra,none,0,0,1,1,0,none,2025-04-24 20:45:45.871812642,2026-05-31 06:57:06.405285343
ACC_000852,victim,ICICI Bank,56,Chennai,Tamil Nadu,none,0,0,1,1,0,none,2026-02-08 03:09:43.601494960,2026-05-30 19:31:38.182649068
ACC_000853,mule,Canara Bank,11,Pune,Maharashtra,prior_flagged,3,3,1,1,1,cashout_mule,2025-07-01 09:21:17.931933098,2026-02-07 03:58:09.348835823
ACC_000854,victim,Yes Bank,28,Jaipur,Rajasthan,none,0,0,2,1,0,none,2024-11-05 01:59:18.626155302,2025-07-25 23:41:55.166957479
ACC_000855,ordinary_recipient,HDFC Bank,87,Pune,Maharashtra,none,0,0,3,2,0,none,2025-01-15 14:35:52.332616050,2025-02-16 10:49:21.129928928
ACC_000856,high_volume,IndusInd Bank,243,Chennai,Tamil Nadu,none,0,0,5,5,0,none,2024-06-16 01:37:56.263968075,2025-04-19 04:51:24.430650795
ACC_000857,victim,Kotak Mahindra Bank,11,Bengaluru,Karnataka,none,0,0,2,1,0,none,2026-05-24 02:57:28.672432140,2026-06-13 05:32:29.460138962
ACC_000858,victim,Union Bank of India,98,Pune,Maharashtra,none,0,1,0,1,0,none,2025-08-17 03:50:19.628459595,2026-06-27 03:41:44.631080975
ACC_000859,ordinary_recipient,Yes Bank,102,Bengaluru,Karnataka,none,0,1,1,1,0,none,2024-12-29 02:20:37.246034984,2026-06-03 11:38:22.444689994
ACC_000860,ordinary_recipient,Punjab National Bank,222,Surat,Gujarat,none,0,0,1,1,0,none,2024-11-23 20:35:22.226018172,2025-01-28 07:02:11.871419376
ACC_000861,high_volume,Yes Bank,159,Surat,Gujarat,prior_confirmed_fraud,0,1,1,1,0,none,2026-04-06 06:28:47.840920150,2026-06-28 05:50:14.219942686
ACC_000862,victim,Yes Bank,242,Nashik,Maharashtra,none,0,0,1,1,0,none,2024-11-24 05:56:21.355885785,2026-02-07 00:04:02.164809657
ACC_000863,intermediary,Union Bank of India,222,Bengaluru,Karnataka,none,3,0,1,1,1,intermediary_mule,2025-11-20 01:09:35.517287403,2026-04-20 09:43:19.526761719
ACC_000864,ordinary_recipient,SBI,51,Thane,Maharashtra,prior_confirmed_fraud,0,0,0,1,0,none,2026-01-31 01:45:40.149253234,2026-06-15 12:59:21.562781359
ACC_000865,victim,Kotak Mahindra Bank,158,Bengaluru,Karnataka,none,0,0,1,1,0,none,2026-04-08 19:52:28.615013987,2026-05-05 12:55:29.185777522
ACC_000866,ordinary_recipient,Axis Bank,18,Nagpur,Maharashtra,none,0,0,1,1,0,none,2024-12-05 20:24:20.676550981,2025-07-21 21:53:12.600447159
ACC_000867,ordinary_recipient,HDFC Bank,172,Lucknow,Uttar Pradesh,none,0,0,1,1,0,none,2025-11-28 05:06:26.689971231,2026-06-02 09:50:33.613369618
ACC_000868,victim,HDFC Bank,11,Hyderabad,Telangana,none,0,0,1,1,0,none,2024-10-24 18:56:34.620368067,2024-12-27 13:23:19.880294890
ACC_000869,victim,Yes Bank,165,Navi Mumbai,Maharashtra,none,0,2,1,1,0,none,2026-05-10 00:02:02.962433755,2026-06-15 04:01:17.713202549
ACC_000870,victim,Punjab National Bank,72,Indore,Madhya Pradesh,none,0,1,2,2,0,none,2024-01-11 04:00:20.790255974,2026-01-09 16:21:24.684268357
ACC_000871,ordinary_recipient,HDFC Bank,184,Chennai,Tamil Nadu,none,0,0,1,1,0,none,2025-06-03 10:38:38.358912952,2026-05-15 23:53:44.343069958
ACC_000872,victim,Union Bank of India,47,Thane,Maharashtra,none,1,1,1,1,0,none,2025-04-09 13:35:20.933695927,2025-07-16 09:53:47.335215012
ACC_000873,victim,Canara Bank,73,Kolkata,West Bengal,none,0,1,3,3,0,none,2026-03-10 12:20:16.252381772,2026-05-25 05:46:19.114918299
ACC_000874,victim,Punjab National Bank,234,Bengaluru,Karnataka,none,0,1,2,2,0,none,2024-07-16 01:27:03.875520829,2024-09-15 06:11:23.105466183
ACC_000875,ordinary_recipient,Kotak Mahindra Bank,161,Delhi,Delhi,none,0,0,1,1,0,none,2024-03-20 12:27:45.625505536,2026-03-06 09:25:43.025265316
ACC_000876,high_volume,Kotak Mahindra Bank,241,Navi Mumbai,Maharashtra,none,0,0,2,1,0,none,2026-02-10 02:33:16.542943507,2026-04-18 12:10:10.872287467
ACC_000877,victim,IndusInd Bank,198,Pune,Maharashtra,none,1,0,1,1,0,none,2024-11-14 22:37:40.229580410,2025-11-19 11:37:13.391412969
ACC_000878,high_volume,Punjab National Bank,115,Navi Mumbai,Maharashtra,none,1,1,1,1,0,none,2024-10-23 00:02:03.940989770,2026-03-30 14:18:22.044426936
ACC_000879,ordinary_recipient,SBI,97,Ahmedabad,Gujarat,none,0,0,2,1,0,none,2024-04-05 22:30:29.018325157,2025-05-23 09:05:14.501963472
ACC_000880,intermediary,SBI,92,Pune,Maharashtra,none,2,0,0,1,1,intermediary_mule,2026-04-18 04:10:05.013481766,2026-05-25 05:13:03.626735958
ACC_000881,ordinary_recipient,Union Bank of India,123,Bengaluru,Karnataka,none,0,0,0,1,0,none,2025-07-30 14:59:23.951563589,2026-01-01 23:51:36.074350021
ACC_000882,ordinary_recipient,SBI,106,Surat,Gujarat,none,0,0,2,2,0,none,2025-09-22 13:54:21.923343591,2026-03-10 00:37:38.002735759
ACC_000883,mule,IndusInd Bank,34,Indore,Madhya Pradesh,none,2,4,4,3,1,first_hop_mule,2026-03-29 00:30:59.000170335,2026-06-03 17:12:41.232813644
ACC_000884,ordinary_recipient,SBI,216,Kolkata,West Bengal,none,0,0,2,1,0,none,2026-02-07 18:02:07.366134495,2026-06-02 06:51:04.492775143
ACC_000885,intermediary,Canara Bank,61,Kolkata,West Bengal,none,2,1,4,4,1,intermediary_mule,2025-02-15 14:27:30.495585233,2025-03-02 11:40:09.929310137
ACC_000886,intermediary,IDFC First Bank,38,Surat,Gujarat,none,1,0,4,2,1,intermediary_mule,2024-05-25 13:15:21.298480002,2025-02-15 23:41:39.683133410
ACC_000887,ordinary_recipient,HDFC Bank,45,Kolkata,West Bengal,none,0,1,2,2,0,none,2025-09-04 11:28:16.203316987,2026-01-11 14:19:37.501102772
ACC_000888,ordinary_recipient,HDFC Bank,40,Delhi,Delhi,none,0,0,2,1,0,none,2025-08-15 19:14:16.107765913,2025-09-16 04:56:08.882930731
ACC_000889,ordinary_recipient,IndusInd Bank,164,Mumbai,Maharashtra,none,0,0,2,1,0,none,2024-02-12 21:20:52.969770312,2025-11-26 09:07:00.155184919
ACC_000890,ordinary_recipient,Axis Bank,73,Pune,Maharashtra,none,0,2,2,1,0,none,2026-03-30 08:30:39.689806893,2026-05-17 06:34:13.445905177
ACC_000891,ordinary_recipient,Axis Bank,5,Delhi,Delhi,none,0,1,1,1,0,none,2024-11-01 09:40:14.792799659,2024-11-02 13:02:08.715356208
ACC_000892,ordinary_recipient,Kotak Mahindra Bank,151,Pune,Maharashtra,none,0,2,1,1,0,none,2025-01-25 14:50:25.436996631,2025-12-20 04:08:43.317367113
ACC_000893,victim,Axis Bank,113,Nagpur,Maharashtra,none,0,0,2,1,0,none,2025-04-13 01:18:59.155622490,2025-09-10 05:21:07.216848601
ACC_000894,high_volume,Kotak Mahindra Bank,185,Mumbai,Maharashtra,none,0,0,0,1,0,none,2026-04-10 20:23:18.905409172,2026-06-08 02:34:26.042314282
ACC_000895,victim,Axis Bank,48,Bengaluru,Karnataka,none,0,1,1,1,0,none,2024-06-04 07:35:25.907974252,2024-10-18 02:36:54.519257251
ACC_000896,victim,Canara Bank,257,Nagpur,Maharashtra,none,0,0,4,5,0,none,2024-12-01 21:02:01.184869081,2024-12-02 13:43:41.909105429
ACC_000897,victim,HDFC Bank,35,Pune,Maharashtra,none,0,1,2,1,0,none,2025-04-01 17:18:31.776798271,2025-05-11 03:55:23.573898859
ACC_000898,victim,Kotak Mahindra Bank,11,Hyderabad,Telangana,none,0,0,1,1,0,none,2026-06-22 14:52:25.518608451,2026-06-25 20:52:48.600701160
ACC_000899,ordinary_recipient,Kotak Mahindra Bank,93,Pune,Maharashtra,none,0,0,3,2,0,none,2025-02-04 14:43:00.819553629,2026-02-21 09:18:00.090364641
ACC_000900,victim,Bank of Baroda,93,Bengaluru,Karnataka,none,0,2,0,1,0,none,2024-12-29 01:37:50.612046652,2025-11-24 23:19:23.863699744
ACC_000901,victim,Axis Bank,236,Pune,Maharashtra,none,0,0,1,1,0,none,2026-05-01 19:25:34.274125829,2026-05-02 16:41:14.452839483
ACC_000902,victim,Union Bank of India,80,Chennai,Tamil Nadu,none,0,0,2,2,0,none,2025-08-25 14:55:25.130330518,2026-02-24 01:27:42.444405564
ACC_000903,victim,Punjab National Bank,160,Ahmedabad,Gujarat,none,1,0,1,1,0,none,2024-05-29 00:23:15.559093531,2025-05-31 10:11:24.439251019
ACC_000904,suspicious_hub,Axis Bank,11,Mumbai,Maharashtra,none,0,5,12,12,1,hub_account,2024-06-09 03:43:54.842888886,2026-01-28 05:41:12.336591198
ACC_000905,ordinary_recipient,ICICI Bank,154,Ahmedabad,Gujarat,none,0,0,3,3,0,none,2025-08-10 02:18:48.679092422,2025-11-01 05:33:18.970262422
ACC_000906,victim,Bank of Baroda,206,Ahmedabad,Gujarat,prior_flagged,0,0,2,2,0,none,2025-03-01 11:41:53.117610738,2026-02-13 12:54:09.760286814
ACC_000907,ordinary_recipient,Bank of Baroda,188,Surat,Gujarat,none,0,1,3,2,0,none,2024-01-09 04:04:39.331927791,2025-08-01 13:22:02.161681519
ACC_000908,ordinary_recipient,Bank of Baroda,111,Ahmedabad,Gujarat,none,0,0,1,1,0,none,2025-02-12 16:01:02.133149109,2025-12-22 14:47:15.047935694
ACC_000909,ordinary_recipient,Axis Bank,141,Bengaluru,Karnataka,prior_confirmed_fraud,0,0,2,1,0,none,2026-05-06 01:29:53.754425332,2026-05-28 08:13:25.736619701
ACC_000910,victim,Punjab National Bank,160,Mumbai,Maharashtra,none,0,1,1,1,0,none,2025-11-11 20:41:31.019830249,2025-11-14 19:39:25.628967287
ACC_000911,ordinary_recipient,Canara Bank,112,Mumbai,Maharashtra,prior_flagged,0,0,2,1,0,none,2025-05-23 21:17:06.935131826,2025-08-07 08:10:02.967656896
ACC_000912,victim,IndusInd Bank,118,Navi Mumbai,Maharashtra,none,0,0,2,2,0,none,2024-06-26 19:46:04.324591016,2026-03-07 19:22:42.220105383
ACC_000913,victim,Union Bank of India,243,Delhi,Delhi,none,0,2,0,1,0,none,2024-11-01 18:26:03.465796337,2025-11-10 02:26:43.477502664
ACC_000914,suspicious_hub,Yes Bank,95,Surat,Gujarat,none,3,4,6,6,1,hub_account,2026-06-26 22:31:16.631432369,2026-06-28 17:00:08.374581654
ACC_000915,ordinary_recipient,Kotak Mahindra Bank,239,Navi Mumbai,Maharashtra,none,0,1,2,2,0,none,2025-08-23 09:32:57.440551735,2026-02-02 16:17:15.637908145
ACC_000916,victim,Union Bank of India,36,Bengaluru,Karnataka,none,1,0,2,1,0,none,2024-09-08 16:45:05.705771942,2024-10-29 10:03:29.364648143
ACC_000917,victim,Punjab National Bank,124,Indore,Madhya Pradesh,none,0,0,4,4,0,none,2025-11-03 07:25:53.998205833,2026-01-25 07:04:44.602842949
ACC_000918,mule,Union Bank of India,231,Mumbai,Maharashtra,none,4,2,1,1,1,first_hop_mule,2024-03-24 05:36:05.567582503,2025-08-18 17:52:42.659883488
ACC_000919,victim,Kotak Mahindra Bank,57,Mumbai,Maharashtra,prior_flagged,0,0,5,4,0,none,2024-12-03 14:24:46.737268548,2025-02-13 14:10:53.365997933
ACC_000920,victim,Yes Bank,31,Pune,Maharashtra,prior_flagged,1,0,0,1,0,none,2024-07-27 17:42:58.625052731,2026-05-05 12:24:44.037725789
ACC_000921,victim,Bank of Baroda,166,Pune,Maharashtra,none,0,1,2,2,0,none,2026-03-27 06:19:14.760484546,2026-04-03 03:29:56.733114446
ACC_000922,victim,Punjab National Bank,150,Bengaluru,Karnataka,none,1,0,3,3,0,none,2025-10-31 17:13:17.454355590,2026-04-13 17:42:42.773157494
ACC_000923,ordinary_recipient,Bank of Baroda,122,Delhi,Delhi,none,0,2,2,2,0,none,2025-03-29 05:20:13.161756448,2025-08-14 02:58:52.185225256
ACC_000924,victim,Kotak Mahindra Bank,253,Hyderabad,Telangana,none,0,1,1,1,0,none,2025-01-06 12:08:30.557697620,2026-04-17 10:52:41.685854175
ACC_000925,ordinary_recipient,HDFC Bank,100,Thane,Maharashtra,none,1,0,1,1,0,none,2026-02-21 04:09:01.832395628,2026-06-07 16:36:21.979351281
ACC_000926,victim,Punjab National Bank,75,Chennai,Tamil Nadu,none,1,0,3,1,0,none,2024-06-27 00:55:06.541028790,2025-02-26 06:27:58.404124913
ACC_000927,high_volume,Bank of Baroda,100,Pune,Maharashtra,none,0,1,3,1,0,none,2024-03-09 02:36:50.351055612,2025-04-02 14:52:55.106635698
ACC_000928,ordinary_recipient,Yes Bank,124,Delhi,Delhi,none,0,0,2,2,0,none,2026-02-14 23:06:58.990128458,2026-06-24 11:29:05.281786827
ACC_000929,victim,Canara Bank,174,Mumbai,Maharashtra,none,0,0,3,3,0,none,2026-02-19 06:25:52.162092865,2026-05-09 17:45:52.483499964
ACC_000930,victim,Canara Bank,194,Kolkata,West Bengal,none,0,0,0,1,0,none,2024-08-09 10:37:23.141989686,2024-08-13 13:57:28.513403486
ACC_000931,mule,Axis Bank,103,Hyderabad,Telangana,none,1,4,3,3,1,first_hop_mule,2024-06-26 21:41:08.071138848,2026-01-17 16:42:38.146815818
ACC_000932,mule,Kotak Mahindra Bank,67,Pune,Maharashtra,none,3,2,0,1,1,first_hop_mule,2025-10-19 02:39:36.075136617,2026-01-18 20:16:08.111554294
ACC_000933,victim,Yes Bank,161,Hyderabad,Telangana,none,0,1,0,1,0,none,2024-05-10 14:58:24.239943931,2024-12-11 21:12:06.757211971
ACC_000934,victim,Bank of Baroda,59,Delhi,Delhi,prior_flagged,0,2,1,1,0,none,2025-07-20 14:20:11.754335880,2026-05-03 04:31:59.606435938
ACC_000935,ordinary_recipient,IDFC First Bank,39,Ahmedabad,Gujarat,none,0,0,2,2,0,none,2025-09-30 19:47:37.034336790,2026-06-21 03:52:50.707905658
ACC_000936,victim,Kotak Mahindra Bank,29,Indore,Madhya Pradesh,none,1,0,3,1,0,none,2025-07-20 14:58:10.761427857,2025-08-10 23:43:57.928881691
ACC_000937,victim,IDFC First Bank,66,Thane,Maharashtra,none,0,0,1,1,0,none,2025-01-23 22:21:43.063334867,2025-08-15 17:23:02.991302513
ACC_000938,victim,Axis Bank,6,Bengaluru,Karnataka,none,0,0,1,1,0,none,2026-01-13 12:54:34.607087336,2026-03-01 09:06:35.978015838
ACC_000939,mule,Bank of Baroda,173,Pune,Maharashtra,prior_flagged,3,3,3,2,1,cashout_mule,2026-04-27 05:09:30.876253381,2026-06-23 11:28:38.937411203
ACC_000940,victim,Kotak Mahindra Bank,74,Kolkata,West Bengal,none,0,0,1,1,0,none,2025-10-04 21:36:52.616950035,2026-05-25 12:41:54.264105190
ACC_000941,victim,ICICI Bank,20,Mumbai,Maharashtra,prior_flagged,0,1,2,2,0,none,2025-01-16 15:57:00.698040191,2026-05-08 15:47:13.766879043
ACC_000942,victim,ICICI Bank,176,Bengaluru,Karnataka,none,0,0,2,2,0,none,2026-06-26 02:00:48.998148113,2026-06-26 06:01:22.925434487
ACC_000943,ordinary_recipient,Canara Bank,231,Jaipur,Rajasthan,prior_confirmed_fraud,0,0,2,2,0,none,2025-02-13 10:01:40.582021907,2025-03-10 13:14:51.578515424
ACC_000944,ordinary_recipient,ICICI Bank,20,Delhi,Delhi,none,0,0,0,1,0,none,2024-04-15 21:59:00.740177918,2025-07-03 20:09:03.054875069
ACC_000945,ordinary_recipient,ICICI Bank,58,Ahmedabad,Gujarat,prior_flagged,0,0,1,1,0,none,2024-06-15 07:58:40.060159041,2024-10-17 14:50:42.057739265
ACC_000946,ordinary_recipient,ICICI Bank,199,Thane,Maharashtra,none,1,1,1,1,0,none,2024-11-12 23:27:25.822195940,2025-01-18 21:34:44.410925677
ACC_000947,ordinary_recipient,Union Bank of India,207,Lucknow,Uttar Pradesh,none,0,0,1,1,0,none,2024-06-04 21:17:41.196437771,2024-12-18 11:41:32.979168891
ACC_000948,ordinary_recipient,ICICI Bank,111,Kolkata,West Bengal,none,0,0,1,1,0,none,2025-12-10 00:35:09.159350194,2026-05-02 07:20:39.796085083
ACC_000949,high_volume,Kotak Mahindra Bank,125,Delhi,Delhi,none,0,1,1,1,0,none,2024-01-13 20:24:25.196908289,2025-09-08 02:18:31.928512628
ACC_000950,intermediary,Bank of Baroda,144,Thane,Maharashtra,none,1,0,0,1,1,intermediary_mule,2025-01-04 18:13:56.919307441,2026-03-05 17:41:44.256743019
ACC_000951,ordinary_recipient,HDFC Bank,136,Bengaluru,Karnataka,none,0,2,0,1,0,none,2026-03-11 01:07:11.859487295,2026-03-18 00:13:23.109992015
ACC_000952,ordinary_recipient,SBI,81,Chennai,Tamil Nadu,none,1,0,0,1,0,none,2024-04-17 06:11:45.489396788,2025-12-24 06:09:27.916075284
ACC_000953,victim,Union Bank of India,211,Thane,Maharashtra,none,0,1,2,2,0,none,2025-06-08 19:29:47.807758860,2025-12-15 06:47:12.390173340
ACC_000954,victim,Axis Bank,171,Lucknow,Uttar Pradesh,none,0,0,3,3,0,none,2026-04-30 17:40:27.099707514,2026-05-19 14:22:02.095289921
ACC_000955,victim,Yes Bank,127,Kolkata,West Bengal,none,0,0,1,1,0,none,2024-03-06 05:22:55.255369065,2025-08-04 09:18:58.598575654
ACC_000956,mule,Bank of Baroda,196,Surat,Gujarat,none,1,1,0,1,1,cashout_mule,2024-11-14 14:24:14.415523622,2026-03-03 05:48:01.794644367
ACC_000957,intermediary,Punjab National Bank,65,Nashik,Maharashtra,none,3,0,2,1,1,intermediary_mule,2024-02-04 07:26:12.719095498,2024-05-05 09:01:29.227163828
ACC_000958,ordinary_recipient,HDFC Bank,23,Delhi,Delhi,none,0,0,2,2,0,none,2025-09-13 11:29:48.193354920,2026-05-05 04:58:14.876669753
ACC_000959,ordinary_recipient,HDFC Bank,77,Pune,Maharashtra,none,0,0,3,3,0,none,2025-01-15 08:12:17.995792482,2025-11-13 12:28:28.640299397
ACC_000960,victim,Punjab National Bank,230,Pune,Maharashtra,none,0,1,4,5,0,none,2026-05-13 00:14:05.137620568,2026-06-11 18:23:29.172467780
ACC_000961,intermediary,ICICI Bank,188,Thane,Maharashtra,none,2,1,2,1,1,intermediary_mule,2025-09-21 18:21:47.283468634,2026-05-26 22:58:15.777836090
ACC_000962,victim,Kotak Mahindra Bank,153,Thane,Maharashtra,none,0,2,2,2,0,none,2025-07-02 08:49:43.243359506,2026-03-16 19:58:20.364089696
ACC_000963,high_volume,SBI,147,Chennai,Tamil Nadu,none,0,1,3,2,0,none,2026-04-09 07:17:14.177430928,2026-05-26 23:24:37.899407223
ACC_000964,victim,Yes Bank,169,Thane,Maharashtra,none,0,0,1,1,0,none,2024-04-28 02:56:09.694272941,2025-01-19 13:07:57.125343826
ACC_000965,victim,Bank of Baroda,240,Thane,Maharashtra,none,0,0,3,3,0,none,2025-12-14 17:14:27.713131920,2026-03-25 09:26:11.923969605
ACC_000966,ordinary_recipient,Axis Bank,137,Bengaluru,Karnataka,none,0,0,1,1,0,none,2025-10-26 20:27:02.071962968,2026-05-20 18:30:32.559522002
ACC_000967,victim,SBI,85,Chennai,Tamil Nadu,none,0,1,2,2,0,none,2025-09-05 07:57:32.859220035,2026-06-28 16:37:04.207128585
ACC_000968,victim,SBI,25,Kolkata,West Bengal,prior_flagged,0,1,0,1,0,none,2025-08-04 06:54:38.526494264,2026-04-10 14:24:35.690372109
ACC_000969,ordinary_recipient,ICICI Bank,26,Hyderabad,Telangana,none,0,0,1,1,0,none,2024-04-23 07:17:28.575959511,2026-01-13 14:43:24.337733938
ACC_000970,mule,Union Bank of India,116,Navi Mumbai,Maharashtra,prior_flagged,3,1,4,3,1,first_hop_mule,2026-01-11 14:14:39.639439851,2026-05-10 01:54:26.067021910
ACC_000971,victim,SBI,169,Hyderabad,Telangana,none,0,0,3,3,0,none,2025-08-01 15:00:30.512043296,2026-04-13 12:57:57.714308864
ACC_000972,ordinary_recipient,IndusInd Bank,46,Hyderabad,Telangana,none,1,0,0,1,0,none,2025-12-03 19:29:06.767862812,2026-01-23 10:32:09.397356512
ACC_000973,ordinary_recipient,HDFC Bank,42,Pune,Maharashtra,prior_confirmed_fraud,0,1,2,1,0,none,2026-03-09 02:50:01.193860650,2026-04-25 23:04:03.674287296
ACC_000974,victim,IndusInd Bank,133,Thane,Maharashtra,none,1,0,0,1,0,none,2025-05-09 03:36:06.189096786,2025-12-26 22:00:25.157938287
ACC_000975,ordinary_recipient,Punjab National Bank,38,Lucknow,Uttar Pradesh,prior_flagged,0,0,2,1,0,none,2026-05-21 17:20:19.751891837,2026-06-12 07:17:50.371648539
ACC_000976,ordinary_recipient,Bank of Baroda,234,Mumbai,Maharashtra,none,0,0,1,1,0,none,2024-04-09 11:34:44.331996264,2025-08-07 04:13:04.665494584
ACC_000977,intermediary,Union Bank of India,224,Pune,Maharashtra,none,1,2,1,1,1,intermediary_mule,2024-01-04 16:17:02.000865576,2026-06-05 23:42:04.190481623
ACC_000978,ordinary_recipient,ICICI Bank,123,Pune,Maharashtra,none,0,0,2,1,0,none,2024-10-27 13:53:13.846252214,2026-04-02 15:41:49.282082542
ACC_000979,ordinary_recipient,HDFC Bank,201,Jaipur,Rajasthan,none,0,2,1,1,0,none,2024-07-16 06:39:04.580172636,2026-02-27 02:53:40.931204386
ACC_000980,ordinary_recipient,Union Bank of India,55,Bengaluru,Karnataka,none,0,1,1,1,0,none,2025-05-19 08:07:35.828749396,2026-04-22 00:26:02.706179101
ACC_000981,ordinary_recipient,Kotak Mahindra Bank,37,Surat,Gujarat,none,0,0,0,1,0,none,2024-09-12 08:22:42.771058477,2026-02-14 11:58:10.201318436
ACC_000982,mule,IDFC First Bank,131,Ahmedabad,Gujarat,none,3,4,2,2,1,first_hop_mule,2025-09-18 21:26:28.614378929,2026-03-30 20:37:49.060383504
ACC_000983,ordinary_recipient,Bank of Baroda,200,Kolkata,West Bengal,none,0,1,1,1,0,none,2026-05-11 04:39:44.718217492,2026-05-23 23:19:02.398823738
ACC_000984,victim,Kotak Mahindra Bank,88,Navi Mumbai,Maharashtra,none,0,1,2,2,0,none,2025-12-01 19:01:24.009791113,2026-05-30 16:20:44.885650469
ACC_000985,intermediary,Axis Bank,59,Nagpur,Maharashtra,none,3,0,1,1,1,intermediary_mule,2025-01-17 20:23:11.342741735,2025-06-14 14:08:47.053435603
ACC_000986,ordinary_recipient,Punjab National Bank,241,Ahmedabad,Gujarat,none,0,0,0,1,0,none,2026-06-16 19:02:10.433098763,2026-06-26 08:47:58.727959764
ACC_000987,ordinary_recipient,IndusInd Bank,115,Indore,Madhya Pradesh,none,1,0,0,1,0,none,2025-12-03 13:07:54.056656338,2025-12-26 16:22:06.895744175
ACC_000988,ordinary_recipient,Punjab National Bank,111,Jaipur,Rajasthan,prior_flagged,0,0,3,3,0,none,2026-01-08 17:06:53.690261267,2026-04-13 00:02:54.926911595
ACC_000989,victim,Yes Bank,70,Surat,Gujarat,none,0,0,0,1,0,none,2024-07-05 12:37:59.348617451,2025-02-21 11:44:09.199230637
ACC_000990,ordinary_recipient,Bank of Baroda,207,Hyderabad,Telangana,none,0,0,2,2,0,none,2025-09-17 18:22:11.716166288,2026-04-06 16:49:25.070844471
ACC_000991,ordinary_recipient,Canara Bank,57,Bengaluru,Karnataka,none,0,1,5,5,0,none,2024-03-05 08:22:18.424875278,2026-02-27 11:28:52.645385030
ACC_000992,ordinary_recipient,ICICI Bank,125,Bengaluru,Karnataka,none,0,0,2,1,0,none,2024-08-02 08:48:18.056029901,2024-08-13 04:24:24.211764871
ACC_000993,victim,Axis Bank,23,Delhi,Delhi,none,0,0,1,1,0,none,2024-01-15 23:23:45.468096575,2024-04-27 09:50:36.638698273
ACC_000994,mule,Bank of Baroda,62,Thane,Maharashtra,none,4,2,2,1,1,cashout_mule,2025-10-04 11:16:58.888182089,2026-06-09 23:58:37.239447670
ACC_000995,ordinary_recipient,IDFC First Bank,251,Nashik,Maharashtra,none,0,0,1,1,0,none,2024-01-20 01:58:05.501855497,2024-08-20 11:48:38.699611146
ACC_000996,ordinary_recipient,IDFC First Bank,172,Mumbai,Maharashtra,none,0,0,1,1,0,none,2025-02-13 04:48:03.732245386,2026-02-14 21:50:36.048178348
ACC_000997,victim,Kotak Mahindra Bank,63,Mumbai,Maharashtra,prior_flagged,0,1,2,1,0,none,2025-08-14 02:50:08.941770978,2026-05-01 00:53:25.014493539
ACC_000998,ordinary_recipient,Kotak Mahindra Bank,5,Nashik,Maharashtra,none,0,1,4,2,0,none,2024-10-04 20:25:22.173828073,2026-01-16 17:30:45.107594599
ACC_000999,victim,SBI,86,Chennai,Tamil Nadu,none,0,0,2,2,0,none,2024-11-30 14:13:10.602428697,2024-12-19 02:23:07.178263464
ACC_001000,mule,Axis Bank,212,Hyderabad,Telangana,none,2,3,2,2,1,cashout_mule,2026-03-01 21:25:42.849289492,2026-05-29 05:20:23.083350217
ACC_001001,ordinary_recipient,Yes Bank,170,Bengaluru,Karnataka,none,0,1,0,1,0,none,2026-04-01 04:29:41.080852270,2026-06-26 13:09:59.781031299
ACC_001002,ordinary_recipient,Union Bank of India,232,Kolkata,West Bengal,prior_flagged,0,0,2,1,0,none,2026-02-21 06:37:05.047341108,2026-04-09 17:57:39.697320588
ACC_001003,high_volume,Yes Bank,188,Delhi,Delhi,none,0,0,1,1,0,none,2025-11-14 04:33:59.050822087,2026-04-24 23:50:20.742160047
ACC_001004,victim,Punjab National Bank,142,Delhi,Delhi,none,0,0,2,2,0,none,2024-09-09 19:54:06.352183610,2025-03-10 19:02:39.735025549
ACC_001005,ordinary_recipient,Union Bank of India,252,Bengaluru,Karnataka,none,0,0,3,3,0,none,2024-03-09 00:44:27.260125606,2026-06-27 20:31:07.432302430
ACC_001006,mule,ICICI Bank,65,Mumbai,Maharashtra,none,2,4,4,5,1,first_hop_mule,2025-03-21 04:50:08.692167841,2025-06-26 05:54:11.790744368
ACC_001007,ordinary_recipient,Union Bank of India,39,Hyderabad,Telangana,none,0,0,1,1,0,none,2026-04-22 02:55:39.264418229,2026-05-13 04:03:00.968067515
ACC_001008,ordinary_recipient,SBI,46,Kolkata,West Bengal,none,0,0,0,1,0,none,2024-07-22 11:50:28.798274003,2024-11-18 06:54:17.488229734
ACC_001009,high_volume,IndusInd Bank,156,Pune,Maharashtra,none,0,0,2,2,0,none,2024-07-09 21:35:16.288566681,2026-05-28 17:21:18.662308875
ACC_001010,ordinary_recipient,Yes Bank,187,Ahmedabad,Gujarat,prior_confirmed_fraud,0,0,1,1,0,none,2025-12-11 06:14:29.098965250,2026-04-04 23:14:08.699948592
ACC_001011,victim,Canara Bank,184,Pune,Maharashtra,none,0,0,3,2,0,none,2025-06-23 07:13:46.952270962,2025-09-23 02:31:32.892432073
ACC_001012,victim,Kotak Mahindra Bank,56,Bengaluru,Karnataka,none,0,1,1,1,0,none,2025-01-03 07:36:44.981851980,2025-03-17 07:27:59.066854024
ACC_001013,intermediary,IDFC First Bank,186,Jaipur,Rajasthan,prior_flagged,1,1,1,1,1,intermediary_mule,2026-02-24 21:25:22.434595034,2026-06-14 08:05:52.117410865
ACC_001014,victim,SBI,133,Kolkata,West Bengal,none,0,0,1,1,0,none,2025-06-14 16:23:52.645222001,2025-07-08 12:19:46.983025903
ACC_001015,ordinary_recipient,ICICI Bank,258,Hyderabad,Telangana,none,0,1,0,1,0,none,2026-04-18 08:43:47.020435765,2026-06-04 02:06:39.674169073
ACC_001016,intermediary,Bank of Baroda,224,Hyderabad,Telangana,none,4,0,0,1,1,intermediary_mule,2024-12-01 09:14:13.127818815,2025-11-17 14:01:14.069312231
ACC_001017,mule,HDFC Bank,35,Mumbai,Maharashtra,none,2,3,1,1,1,first_hop_mule,2025-02-08 13:16:00.407625593,2026-03-06 10:13:42.918045699
ACC_001018,victim,Axis Bank,198,Chennai,Tamil Nadu,none,0,2,0,1,0,none,2024-03-08 16:34:19.097338899,2025-10-04 16:44:58.279512388
ACC_001019,mule,Kotak Mahindra Bank,27,Hyderabad,Telangana,none,4,3,1,1,1,first_hop_mule,2024-11-30 23:09:41.492938470,2026-03-27 19:17:44.297306232
ACC_001020,ordinary_recipient,Axis Bank,4,Mumbai,Maharashtra,none,0,1,0,1,0,none,2024-06-12 17:16:22.171341464,2024-07-11 03:21:21.413052996
ACC_001021,intermediary,Punjab National Bank,48,Thane,Maharashtra,none,1,0,1,1,1,intermediary_mule,2024-01-30 21:50:28.262981426,2025-02-13 00:51:00.495429742
ACC_001022,ordinary_recipient,IndusInd Bank,183,Surat,Gujarat,none,0,0,1,1,0,none,2024-08-20 23:58:41.927469518,2024-10-14 21:27:37.519411286
ACC_001023,ordinary_recipient,Union Bank of India,230,Navi Mumbai,Maharashtra,none,0,0,0,1,0,none,2025-03-22 23:03:39.017297983,2025-09-26 23:56:29.212122637
ACC_001024,victim,IndusInd Bank,4,Jaipur,Rajasthan,none,0,0,1,1,0,none,2024-08-13 08:13:48.191442695,2025-09-01 21:02:58.422647356
ACC_001025,victim,ICICI Bank,253,Pune,Maharashtra,none,0,0,0,1,0,none,2024-04-09 09:06:47.794055911,2025-08-04 07:11:11.896013818
ACC_001026,ordinary_recipient,Union Bank of India,84,Delhi,Delhi,prior_flagged,0,0,1,1,0,none,2025-02-15 08:20:24.715939999,2026-05-23 09:50:48.913843710
ACC_001027,mule,IndusInd Bank,72,Bengaluru,Karnataka,none,3,4,1,1,1,first_hop_mule,2024-05-14 16:32:01.765157206,2026-04-30 05:34:05.646000887
ACC_001028,ordinary_recipient,ICICI Bank,97,Hyderabad,Telangana,none,0,0,1,1,0,none,2024-03-19 08:09:20.163510221,2024-12-02 06:52:57.910184721
ACC_001029,mule,HDFC Bank,11,Bengaluru,Karnataka,none,2,0,1,1,1,first_hop_mule,2026-05-24 17:26:00.872327656,2026-06-19 02:01:09.601292510
ACC_001030,victim,HDFC Bank,123,Nagpur,Maharashtra,none,0,0,1,1,0,none,2025-03-09 14:18:28.507423721,2026-02-12 20:17:22.745296778
ACC_001031,victim,IndusInd Bank,184,Bengaluru,Karnataka,none,0,0,0,1,0,none,2025-12-31 22:05:06.209317826,2026-06-22 06:48:52.337575804
ACC_001032,ordinary_recipient,SBI,170,Chennai,Tamil Nadu,none,0,1,1,1,0,none,2024-06-04 14:01:21.508360033,2024-08-06 23:44:52.985163383
ACC_001033,ordinary_recipient,Bank of Baroda,183,Delhi,Delhi,none,0,2,3,2,0,none,2025-02-24 11:19:35.917848468,2025-12-24 04:51:01.319375476
ACC_001034,ordinary_recipient,SBI,257,Bengaluru,Karnataka,prior_confirmed_fraud,0,0,1,1,0,none,2024-03-22 22:06:43.218515984,2025-02-23 13:47:48.797537084
ACC_001035,ordinary_recipient,Axis Bank,137,Delhi,Delhi,none,0,0,1,1,0,none,2025-01-10 03:36:40.960733153,2025-07-15 06:23:14.696150459
ACC_001036,victim,IndusInd Bank,46,Nagpur,Maharashtra,none,1,0,0,1,0,none,2026-01-22 20:24:16.744944558,2026-04-30 12:09:44.780344428
ACC_001037,ordinary_recipient,HDFC Bank,74,Nashik,Maharashtra,none,0,1,3,2,0,none,2026-03-24 07:02:02.907148048,2026-04-20 14:32:19.794764487
ACC_001038,intermediary,ICICI Bank,174,Pune,Maharashtra,none,1,1,0,1,1,intermediary_mule,2025-04-17 19:32:57.496788159,2025-05-03 12:44:18.128251319
ACC_001039,mule,SBI,171,Kolkata,West Bengal,none,3,2,1,1,1,cashout_mule,2024-09-17 21:53:58.035296079,2026-02-05 13:05:55.282602029
ACC_001040,ordinary_recipient,Union Bank of India,48,Indore,Madhya Pradesh,none,0,0,3,1,0,none,2025-10-30 04:34:13.900349647,2025-11-20 06:22:38.470524702
ACC_001041,ordinary_recipient,ICICI Bank,183,Mumbai,Maharashtra,none,0,0,2,2,0,none,2025-08-05 01:31:48.649901427,2025-11-21 00:28:53.141985922
ACC_001042,mule,Axis Bank,87,Navi Mumbai,Maharashtra,none,4,2,2,1,1,first_hop_mule,2025-03-04 14:29:56.998861551,2025-12-16 14:15:15.493214671
ACC_001043,mule,IDFC First Bank,30,Surat,Gujarat,none,2,1,0,1,1,cashout_mule,2025-03-09 01:20:54.092300013,2026-01-01 04:00:21.409135079
ACC_001044,victim,IDFC First Bank,211,Nagpur,Maharashtra,none,0,0,0,1,0,none,2025-03-25 07:38:06.788562521,2026-01-26 22:05:43.034150442
ACC_001045,victim,Bank of Baroda,80,Delhi,Delhi,none,0,0,0,1,0,none,2024-11-05 01:11:34.828248058,2026-06-26 16:35:37.159454352
ACC_001046,intermediary,IDFC First Bank,19,Chennai,Tamil Nadu,none,0,0,1,1,1,intermediary_mule,2025-04-17 18:46:38.352227509,2025-10-10 16:15:18.074086200
ACC_001047,mule,Kotak Mahindra Bank,248,Nagpur,Maharashtra,none,2,1,0,1,1,cashout_mule,2024-02-22 06:25:23.202498524,2024-06-19 08:07:30.572801826
ACC_001048,ordinary_recipient,Axis Bank,6,Bengaluru,Karnataka,none,0,1,1,1,0,none,2025-06-03 10:29:56.923256323,2025-07-27 10:52:32.440988125
ACC_001049,victim,ICICI Bank,55,Lucknow,Uttar Pradesh,none,0,0,2,1,0,none,2025-03-28 01:01:03.100048274,2025-11-17 05:23:50.239678370
ACC_001050,mule,Punjab National Bank,94,Bengaluru,Karnataka,none,3,5,2,1,1,cashout_mule,2025-01-18 03:10:55.203361820,2025-08-08 16:42:26.442320249
ACC_001051,victim,SBI,144,Chennai,Tamil Nadu,none,0,0,3,2,0,none,2024-10-22 03:47:51.815688383,2026-05-07 12:32:30.139418659
ACC_001052,victim,Bank of Baroda,114,Pune,Maharashtra,none,1,1,3,3,0,none,2025-07-20 10:36:19.336833037,2026-01-12 11:42:07.480143209
ACC_001053,ordinary_recipient,HDFC Bank,79,Pune,Maharashtra,none,0,0,2,1,0,none,2025-03-17 19:29:59.712664977,2025-10-15 20:43:43.188447215
ACC_001054,ordinary_recipient,SBI,107,Jaipur,Rajasthan,none,0,0,1,1,0,none,2024-04-01 20:45:27.131515765,2026-03-09 06:02:32.514498442
ACC_001055,victim,ICICI Bank,206,Lucknow,Uttar Pradesh,none,0,0,1,1,0,none,2024-12-07 03:02:00.868570995,2026-03-05 19:22:50.347720513
ACC_001056,ordinary_recipient,SBI,152,Ahmedabad,Gujarat,none,0,0,1,1,0,none,2024-03-10 16:42:49.986242807,2025-11-01 06:50:50.868428711
ACC_001057,ordinary_recipient,HDFC Bank,118,Mumbai,Maharashtra,none,0,0,1,1,0,none,2024-12-11 10:09:36.165376857,2025-10-05 16:23:09.551434769
ACC_001058,victim,IDFC First Bank,191,Ahmedabad,Gujarat,none,0,0,1,1,0,none,2025-04-30 09:50:11.897690870,2025-08-08 06:48:57.964904893
ACC_001059,victim,Yes Bank,126,Mumbai,Maharashtra,none,0,0,3,1,0,none,2024-12-22 05:27:26.103552792,2025-11-02 01:07:18.094479033
ACC_001060,ordinary_recipient,Bank of Baroda,167,Hyderabad,Telangana,prior_flagged,0,0,3,1,0,none,2024-11-07 05:23:55.588563319,2025-01-15 15:47:32.069389379
ACC_001061,intermediary,Kotak Mahindra Bank,168,Chennai,Tamil Nadu,none,4,0,0,1,1,intermediary_mule,2024-09-13 03:02:53.240311217,2025-08-30 16:06:10.948940070
ACC_001062,intermediary,Bank of Baroda,192,Delhi,Delhi,none,6,1,1,1,1,intermediary_mule,2024-12-13 19:04:26.454974912,2026-04-07 07:56:27.780356406
ACC_001063,victim,Canara Bank,85,Bengaluru,Karnataka,none,0,0,3,2,0,none,2024-03-04 03:24:32.862547240,2025-05-14 19:11:46.164008914
ACC_001064,ordinary_recipient,Canara Bank,135,Kolkata,West Bengal,none,0,1,2,2,0,none,2026-06-24 10:38:45.800885111,2026-06-24 19:46:39.497951443
ACC_001065,mule,Axis Bank,57,Jaipur,Rajasthan,none,3,6,1,1,1,cashout_mule,2025-05-20 21:56:05.597999856,2025-06-02 14:24:35.500135419
ACC_001066,victim,Axis Bank,115,Navi Mumbai,Maharashtra,none,0,1,2,2,0,none,2025-08-02 13:20:47.765609652,2026-05-14 18:14:13.331540696
ACC_001067,ordinary_recipient,Union Bank of India,2,Thane,Maharashtra,none,0,0,1,1,0,none,2024-06-15 20:11:13.995259248,2024-11-29 17:50:53.191749270
ACC_001068,ordinary_recipient,IDFC First Bank,34,Hyderabad,Telangana,none,1,1,1,1,0,none,2026-04-21 05:19:18.152867600,2026-05-27 21:41:54.383647036
ACC_001069,ordinary_recipient,ICICI Bank,84,Pune,Maharashtra,none,0,0,1,1,0,none,2025-06-04 07:55:49.337433964,2026-04-03 19:09:27.871400010
ACC_001070,victim,SBI,256,Navi Mumbai,Maharashtra,none,0,1,3,3,0,none,2025-01-12 11:52:18.786131933,2025-05-27 14:01:07.667537649
ACC_001071,victim,SBI,184,Navi Mumbai,Maharashtra,none,0,0,0,1,0,none,2025-10-11 17:42:41.365728363,2026-04-22 09:42:42.523935520
ACC_001072,victim,HDFC Bank,171,Navi Mumbai,Maharashtra,none,0,0,0,1,0,none,2024-10-04 06:19:00.806376308,2024-11-20 23:29:33.830914243
ACC_001073,ordinary_recipient,Punjab National Bank,208,Bengaluru,Karnataka,prior_flagged,0,1,5,2,0,none,2026-05-01 10:59:02.405215725,2026-06-15 00:45:51.726767499
ACC_001074,victim,IndusInd Bank,60,Surat,Gujarat,none,0,1,1,1,0,none,2024-06-03 05:53:02.458585162,2024-07-21 16:04:36.947287082
ACC_001075,ordinary_recipient,Canara Bank,256,Ahmedabad,Gujarat,none,0,1,0,1,0,none,2026-01-28 23:07:41.465374649,2026-03-12 02:22:29.760416645
ACC_001076,ordinary_recipient,Yes Bank,179,Bengaluru,Karnataka,none,0,0,1,1,0,none,2026-05-30 13:55:27.185175464,2026-06-07 09:20:15.919353632
ACC_001077,victim,Yes Bank,109,Mumbai,Maharashtra,none,0,0,1,1,0,none,2025-03-23 23:27:36.003978364,2026-05-10 17:20:39.492773238
ACC_001078,victim,SBI,140,Chennai,Tamil Nadu,none,0,0,1,1,0,none,2026-03-09 15:17:31.353111997,2026-05-08 16:37:42.706817615
ACC_001079,victim,HDFC Bank,89,Delhi,Delhi,none,1,0,2,2,0,none,2024-03-06 04:39:00.059535880,2026-02-17 06:32:13.341151177
ACC_001080,high_volume,Kotak Mahindra Bank,105,Kolkata,West Bengal,none,0,0,4,5,0,none,2025-07-19 08:33:21.804592796,2026-02-05 14:49:26.305505901
ACC_001081,victim,Yes Bank,238,Bengaluru,Karnataka,none,0,1,1,1,0,none,2024-11-20 12:40:12.946993761,2026-03-08 18:07:31.600490929
ACC_001082,ordinary_recipient,Union Bank of India,160,Chennai,Tamil Nadu,none,0,0,0,1,0,none,2024-11-27 21:18:14.016803365,2025-10-13 04:14:08.664690090
ACC_001083,ordinary_recipient,Bank of Baroda,135,Navi Mumbai,Maharashtra,none,0,1,2,2,0,none,2025-02-14 06:44:37.636726566,2025-09-27 13:28:12.136920450
ACC_001084,victim,Axis Bank,58,Ahmedabad,Gujarat,prior_confirmed_fraud,0,0,3,2,0,none,2025-06-27 15:55:07.359284580,2026-02-24 08:41:53.588346608
ACC_001085,mule,Axis Bank,209,Kolkata,West Bengal,none,2,2,0,1,1,first_hop_mule,2025-07-15 04:31:09.463445835,2025-10-23 09:23:44.370120756
ACC_001086,ordinary_recipient,SBI,252,Delhi,Delhi,prior_flagged,0,0,2,1,0,none,2024-09-10 12:09:09.231100645,2026-05-07 13:41:04.842342195
ACC_001087,ordinary_recipient,Canara Bank,209,Surat,Gujarat,none,0,0,2,2,0,none,2024-12-15 18:35:40.227676801,2026-05-09 10:39:22.612309071
ACC_001088,victim,Canara Bank,114,Thane,Maharashtra,none,0,0,1,1,0,none,2024-08-15 07:38:31.402958468,2024-10-04 01:04:08.718906404
ACC_001089,victim,Kotak Mahindra Bank,230,Mumbai,Maharashtra,prior_flagged,0,0,4,4,0,none,2025-07-30 05:51:39.837826245,2026-06-02 03:27:45.033801233
ACC_001090,victim,IDFC First Bank,149,Kolkata,West Bengal,none,0,1,2,1,0,none,2024-04-02 22:53:22.550002920,2024-08-29 17:27:53.306518854
ACC_001091,ordinary_recipient,Union Bank of India,97,Hyderabad,Telangana,none,0,3,0,1,0,none,2025-01-20 21:01:56.928369183,2026-01-13 15:05:39.549694656
ACC_001092,intermediary,Union Bank of India,27,Mumbai,Maharashtra,none,1,0,2,1,1,intermediary_mule,2026-06-10 09:38:52.854435325,2026-06-26 12:47:48.459698677
ACC_001093,ordinary_recipient,SBI,155,Thane,Maharashtra,prior_confirmed_fraud,0,0,1,1,0,none,2026-06-19 18:38:57.017222375,2026-06-22 05:50:14.132128743
ACC_001094,victim,ICICI Bank,228,Thane,Maharashtra,none,0,0,2,1,0,none,2025-04-16 20:44:54.861677431,2025-06-05 08:03:04.743953925
ACC_001095,victim,Yes Bank,256,Navi Mumbai,Maharashtra,none,0,1,1,1,0,none,2024-08-13 10:27:56.352948144,2026-01-13 20:16:41.998351152
ACC_001096,ordinary_recipient,Kotak Mahindra Bank,177,Delhi,Delhi,none,0,0,0,1,0,none,2025-06-15 13:33:18.186611220,2025-11-30 10:30:32.301379752
ACC_001097,victim,HDFC Bank,79,Mumbai,Maharashtra,none,0,1,1,1,0,none,2025-03-20 23:42:23.821841449,2025-11-02 18:55:01.517230273
ACC_001098,victim,ICICI Bank,26,Bengaluru,Karnataka,none,0,0,1,1,0,none,2024-02-08 16:55:45.982605746,2025-12-04 06:32:45.739635380
ACC_001099,high_volume,IndusInd Bank,178,Hyderabad,Telangana,none,0,0,0,1,0,none,2026-06-20 01:33:58.957939014,2026-06-22 14:04:47.547958299
ACC_001100,ordinary_recipient,Canara Bank,111,Chennai,Tamil Nadu,none,0,0,0,1,0,none,2024-10-25 01:11:05.168655217,2024-12-23 14:22:02.463170505
ACC_001101,victim,Bank of Baroda,110,Surat,Gujarat,none,0,0,1,1,0,none,2024-12-29 17:50:59.960449900,2026-06-06 20:56:49.906711473
ACC_001102,victim,Bank of Baroda,68,Mumbai,Maharashtra,none,0,1,0,1,0,none,2025-04-12 20:29:53.880793571,2026-02-16 21:43:27.638416872
ACC_001103,ordinary_recipient,Canara Bank,21,Mumbai,Maharashtra,none,0,0,3,1,0,none,2026-03-13 00:24:30.729256287,2026-05-23 02:07:34.220060394
ACC_001104,victim,Kotak Mahindra Bank,126,Thane,Maharashtra,none,0,0,2,2,0,none,2025-12-28 23:57:03.085045286,2026-02-27 22:14:57.643581928
ACC_001105,intermediary,Canara Bank,101,Nagpur,Maharashtra,prior_flagged,3,0,0,1,1,intermediary_mule,2024-07-06 06:08:54.224516496,2026-06-26 21:24:51.181182957
ACC_001106,ordinary_recipient,Axis Bank,108,Bengaluru,Karnataka,none,0,0,2,1,0,none,2025-10-14 16:22:55.497237325,2025-12-11 04:04:14.423007442
ACC_001107,ordinary_recipient,SBI,29,Mumbai,Maharashtra,prior_flagged,0,1,1,1,0,none,2026-03-07 17:28:58.258417502,2026-03-28 01:55:19.131246418
ACC_001108,ordinary_recipient,Kotak Mahindra Bank,202,Chennai,Tamil Nadu,none,0,0,0,1,0,none,2025-10-12 16:39:58.539469048,2026-01-03 13:05:32.238999114
ACC_001109,victim,Kotak Mahindra Bank,160,Surat,Gujarat,prior_flagged,0,0,4,3,0,none,2024-05-06 19:07:33.785120081,2025-12-07 06:53:46.714297289
ACC_001110,victim,Kotak Mahindra Bank,148,Pune,Maharashtra,none,0,1,1,1,0,none,2025-05-05 22:28:36.700220644,2025-08-13 11:54:08.034656807
ACC_001111,ordinary_recipient,IndusInd Bank,15,Mumbai,Maharashtra,none,0,0,1,1,0,none,2026-02-02 22:13:50.486400597,2026-03-20 22:12:23.524986357
ACC_001112,victim,ICICI Bank,115,Kolkata,West Bengal,prior_confirmed_fraud,0,0,1,1,0,none,2024-06-27 04:58:18.772971680,2025-07-20 07:32:30.628926659
ACC_001113,victim,Union Bank of India,92,Kolkata,West Bengal,none,0,2,1,1,0,none,2025-05-05 14:34:45.840250127,2026-02-02 20:09:46.223633418
ACC_001114,intermediary,SBI,46,Mumbai,Maharashtra,none,0,0,1,1,1,intermediary_mule,2025-09-01 23:03:06.766897954,2025-10-16 21:07:50.342556233
ACC_001115,mule,Axis Bank,241,Hyderabad,Telangana,none,3,0,3,3,1,cashout_mule,2025-08-01 19:43:45.368830398,2026-03-07 06:41:24.979303829
ACC_001116,victim,Canara Bank,245,Pune,Maharashtra,none,0,0,1,1,0,none,2024-04-07 02:47:26.518531928,2025-02-11 06:01:16.725538536
ACC_001117,intermediary,Bank of Baroda,242,Hyderabad,Telangana,none,2,0,2,2,1,intermediary_mule,2024-09-09 18:17:38.624510333,2025-04-25 14:45:09.841783857
ACC_001118,victim,ICICI Bank,79,Chennai,Tamil Nadu,none,0,0,0,1,0,none,2025-05-17 23:49:58.264272681,2025-06-19 05:35:26.127682289
ACC_001119,mule,Bank of Baroda,45,Pune,Maharashtra,none,0,2,3,2,1,cashout_mule,2024-07-09 04:23:55.194234028,2026-06-11 05:32:26.031184404
ACC_001120,ordinary_recipient,Kotak Mahindra Bank,17,Pune,Maharashtra,none,0,0,4,2,0,none,2024-10-31 00:16:48.945108447,2025-12-25 17:27:58.067229188
ACC_001121,ordinary_recipient,HDFC Bank,141,Hyderabad,Telangana,none,0,0,0,1,0,none,2025-01-13 03:13:45.137700554,2025-03-07 08:35:13.869507755
ACC_001122,ordinary_recipient,SBI,77,Hyderabad,Telangana,prior_confirmed_fraud,0,0,1,1,0,none,2024-01-13 09:52:30.592103725,2024-12-07 12:11:02.040244573
ACC_001123,victim,ICICI Bank,236,Jaipur,Rajasthan,none,0,0,1,1,0,none,2025-04-09 23:53:14.378525190,2025-05-15 16:56:35.713798530
ACC_001124,intermediary,Axis Bank,48,Bengaluru,Karnataka,none,4,0,1,1,1,intermediary_mule,2026-06-25 05:21:26.990410194,2026-06-27 19:26:24.331444262
ACC_001125,victim,Kotak Mahindra Bank,244,Kolkata,West Bengal,none,0,1,2,2,0,none,2025-01-06 22:22:05.111239545,2026-01-19 08:36:16.855164341
ACC_001126,high_volume,SBI,96,Kolkata,West Bengal,none,0,2,2,1,0,none,2024-09-06 21:15:36.124580912,2024-10-14 06:33:28.153859892
ACC_001127,victim,Punjab National Bank,230,Chennai,Tamil Nadu,none,0,1,2,1,0,none,2024-08-18 11:29:28.084715828,2026-05-08 00:48:46.983485318
ACC_001128,victim,Axis Bank,212,Navi Mumbai,Maharashtra,none,0,0,1,1,0,none,2025-04-14 07:46:25.554496467,2025-09-26 13:41:27.369410946
ACC_001129,victim,Canara Bank,178,Pune,Maharashtra,none,0,0,3,2,0,none,2025-02-19 10:12:43.993636400,2025-06-15 18:47:34.902940641
ACC_001130,ordinary_recipient,Union Bank of India,98,Hyderabad,Telangana,none,0,0,0,1,0,none,2026-02-24 06:26:36.033643618,2026-03-12 14:17:28.456594717
ACC_001131,ordinary_recipient,Union Bank of India,192,Mumbai,Maharashtra,none,0,0,2,2,0,none,2025-08-05 08:26:49.328695171,2025-09-22 05:05:14.025463538
ACC_001132,ordinary_recipient,Canara Bank,119,Mumbai,Maharashtra,none,0,2,4,2,0,none,2024-12-29 04:07:50.207654625,2026-04-08 17:08:40.980806168
ACC_001133,mule,Kotak Mahindra Bank,251,Mumbai,Maharashtra,none,3,1,2,2,1,first_hop_mule,2024-12-17 09:58:10.168084476,2025-09-12 01:03:09.383260984
ACC_001134,ordinary_recipient,HDFC Bank,206,Lucknow,Uttar Pradesh,none,0,0,2,1,0,none,2025-05-13 11:46:30.268016182,2026-04-07 20:35:53.573410424
ACC_001135,ordinary_recipient,Canara Bank,147,Chennai,Tamil Nadu,prior_flagged,0,0,2,1,0,none,2024-08-18 19:38:21.630237740,2025-01-20 06:32:39.490913402
ACC_001136,victim,HDFC Bank,132,Ahmedabad,Gujarat,none,0,0,0,1,0,none,2025-01-20 05:05:46.843944341,2025-07-06 09:18:39.857131423
ACC_001137,ordinary_recipient,Bank of Baroda,19,Surat,Gujarat,none,0,0,1,1,0,none,2024-09-16 16:07:01.002931405,2025-06-12 10:03:45.965163178
ACC_001138,intermediary,HDFC Bank,188,Chennai,Tamil Nadu,none,0,1,1,1,1,intermediary_mule,2025-04-14 14:09:11.004816666,2025-11-01 05:14:54.729776653
ACC_001139,victim,Axis Bank,210,Bengaluru,Karnataka,none,0,1,1,1,0,none,2025-05-12 22:54:51.490532488,2025-06-22 07:13:03.210674064
ACC_001140,victim,Yes Bank,125,Bengaluru,Karnataka,none,1,0,3,2,0,none,2026-02-10 10:38:15.610244758,2026-02-16 17:22:04.059251857
ACC_001141,victim,SBI,115,Kolkata,West Bengal,none,0,1,2,2,0,none,2024-08-16 19:44:14.596200407,2026-06-27 04:48:06.802650581
ACC_001142,victim,Axis Bank,90,Jaipur,Rajasthan,none,0,1,1,1,0,none,2026-04-04 04:54:21.176806018,2026-06-01 01:22:39.635938615
ACC_001143,ordinary_recipient,HDFC Bank,139,Ahmedabad,Gujarat,none,0,0,3,2,0,none,2025-05-02 15:06:25.724301942,2025-05-25 19:36:54.899020691
ACC_001144,victim,IndusInd Bank,131,Bengaluru,Karnataka,prior_confirmed_fraud,0,1,1,1,0,none,2025-10-24 03:29:14.040374227,2026-05-04 09:38:32.578641912
ACC_001145,mule,Yes Bank,219,Kolkata,West Bengal,prior_confirmed_fraud,1,1,1,1,1,cashout_mule,2025-07-11 05:35:14.611435048,2025-11-15 23:35:38.226024815
ACC_001146,victim,Kotak Mahindra Bank,254,Bengaluru,Karnataka,none,0,0,1,1,0,none,2026-01-25 06:06:20.595050491,2026-05-29 07:11:25.980093260
ACC_001147,victim,ICICI Bank,78,Delhi,Delhi,none,0,0,1,1,0,none,2025-08-27 02:53:09.117887579,2026-06-14 14:17:11.519156468
ACC_001148,victim,IndusInd Bank,28,Nashik,Maharashtra,none,0,1,2,1,0,none,2024-01-11 02:06:42.121945033,2024-02-04 00:40:28.869440833
ACC_001149,ordinary_recipient,SBI,136,Mumbai,Maharashtra,none,0,0,2,2,0,none,2024-12-21 12:58:44.199385386,2026-06-10 03:59:08.952355650
ACC_001150,mule,ICICI Bank,230,Navi Mumbai,Maharashtra,none,0,3,2,1,1,cashout_mule,2026-05-04 20:23:43.616490170,2026-05-14 03:46:31.759337838
ACC_001151,intermediary,Kotak Mahindra Bank,58,Kolkata,West Bengal,none,1,0,1,1,1,intermediary_mule,2025-02-15 06:33:34.423461340,2025-07-13 19:24:02.368096712
ACC_001152,ordinary_recipient,IndusInd Bank,163,Navi Mumbai,Maharashtra,none,0,1,0,1,0,none,2026-01-24 15:48:06.346083358,2026-05-02 16:13:29.958421869
ACC_001153,victim,HDFC Bank,18,Lucknow,Uttar Pradesh,none,0,0,1,1,0,none,2026-03-02 14:56:13.541995659,2026-05-27 02:07:02.727663478
ACC_001154,mule,IndusInd Bank,251,Mumbai,Maharashtra,none,2,0,1,1,1,cashout_mule,2024-10-29 23:29:04.307193376,2025-02-10 11:35:16.700968715
ACC_001155,ordinary_recipient,ICICI Bank,37,Mumbai,Maharashtra,none,0,0,3,2,0,none,2026-02-20 09:17:34.938059151,2026-03-10 02:55:08.719621643
ACC_001156,ordinary_recipient,ICICI Bank,65,Bengaluru,Karnataka,none,0,1,4,4,0,none,2024-12-09 20:14:19.481043171,2025-05-21 08:38:08.707778254
ACC_001157,ordinary_recipient,IndusInd Bank,67,Pune,Maharashtra,none,0,0,2,1,0,none,2024-01-24 02:28:49.511546642,2024-11-08 04:50:43.597748702
ACC_001158,ordinary_recipient,IndusInd Bank,99,Mumbai,Maharashtra,none,0,0,1,1,0,none,2025-09-24 14:31:30.611660361,2025-12-22 04:43:05.448502185
ACC_001159,victim,HDFC Bank,202,Mumbai,Maharashtra,none,0,0,4,5,0,none,2026-01-17 06:48:17.480208054,2026-02-14 07:55:20.597919966
ACC_001160,victim,Punjab National Bank,29,Bengaluru,Karnataka,none,0,0,1,1,0,none,2025-02-15 09:56:48.190684445,2026-06-15 09:58:53.343161189
ACC_001161,intermediary,Punjab National Bank,37,Pune,Maharashtra,none,1,0,1,1,1,intermediary_mule,2024-06-06 23:25:20.277729357,2026-01-28 22:38:30.200501809
ACC_001162,victim,HDFC Bank,14,Bengaluru,Karnataka,none,0,2,1,1,0,none,2025-07-14 12:35:11.320528887,2026-06-22 23:56:43.596924272
ACC_001163,victim,IndusInd Bank,23,Thane,Maharashtra,prior_confirmed_fraud,0,0,2,1,0,none,2025-11-03 13:14:48.336884461,2025-11-28 06:27:14.976581214
ACC_001164,victim,Punjab National Bank,121,Mumbai,Maharashtra,none,0,1,3,2,0,none,2025-08-19 12:55:04.241650455,2025-09-12 07:18:37.773872038
ACC_001165,victim,IDFC First Bank,50,Mumbai,Maharashtra,none,0,0,0,1,0,none,2024-11-20 03:03:01.021544479,2025-09-30 16:13:29.536612974
ACC_001166,intermediary,SBI,24,Mumbai,Maharashtra,none,3,0,1,1,1,intermediary_mule,2024-12-01 13:09:14.335773081,2025-11-20 03:28:30.803283691
ACC_001167,victim,Punjab National Bank,182,Kolkata,West Bengal,none,0,1,2,1,0,none,2025-05-15 05:27:57.872512996,2026-01-31 03:11:01.652678451
ACC_001168,ordinary_recipient,Canara Bank,157,Delhi,Delhi,none,0,1,1,1,0,none,2024-06-25 04:21:33.550490379,2024-09-01 17:00:26.124094281
ACC_001169,mule,ICICI Bank,16,Hyderabad,Telangana,prior_flagged,3,3,0,1,1,first_hop_mule,2026-02-09 20:48:07.081595130,2026-06-08 02:39:16.031541850
ACC_001170,victim,Canara Bank,147,Jaipur,Rajasthan,none,1,1,1,1,0,none,2024-04-03 05:06:13.017968243,2025-05-08 16:39:42.884053278
ACC_001171,victim,Bank of Baroda,96,Pune,Maharashtra,none,0,1,2,1,0,none,2025-03-19 05:55:19.892543055,2025-09-07 10:40:43.034424143
ACC_001172,victim,Axis Bank,245,Jaipur,Rajasthan,none,0,0,1,1,0,none,2026-02-21 22:46:29.390814483,2026-04-27 13:01:35.826454018
ACC_001173,victim,Punjab National Bank,185,Kolkata,West Bengal,none,0,0,2,2,0,none,2025-04-27 07:11:42.313673936,2025-05-14 15:28:53.829581235
ACC_001174,victim,Axis Bank,237,Kolkata,West Bengal,none,1,0,1,1,0,none,2025-11-24 05:23:55.903849579,2026-01-10 01:31:05.942918053
ACC_001175,ordinary_recipient,Axis Bank,173,Jaipur,Rajasthan,none,0,0,0,1,0,none,2024-08-06 06:07:23.973510455,2026-06-28 22:53:43.472641266
ACC_001176,victim,SBI,77,Thane,Maharashtra,none,0,0,1,1,0,none,2025-02-09 20:41:04.740221977,2025-11-15 23:31:59.968368483
ACC_001177,ordinary_recipient,Kotak Mahindra Bank,110,Bengaluru,Karnataka,none,0,0,3,2,0,none,2025-10-11 14:20:47.026521690,2025-11-01 03:05:05.474456080
ACC_001178,intermediary,Canara Bank,240,Bengaluru,Karnataka,none,1,2,3,2,1,intermediary_mule,2026-03-20 06:27:07.643475801,2026-04-19 01:25:25.557553142
ACC_001179,victim,IndusInd Bank,189,Chennai,Tamil Nadu,prior_confirmed_fraud,0,0,3,1,0,none,2025-08-08 19:32:58.228705123,2025-10-07 21:36:53.260996272
ACC_001180,victim,Axis Bank,15,Pune,Maharashtra,none,0,2,0,1,0,none,2024-08-09 03:50:48.719342552,2026-05-09 01:19:51.814485591
ACC_001181,victim,Bank of Baroda,55,Thane,Maharashtra,none,0,1,0,1,0,none,2024-05-13 06:32:45.972199164,2026-01-30 06:49:44.406856334
ACC_001182,victim,Bank of Baroda,190,Indore,Madhya Pradesh,none,0,0,1,1,0,none,2026-02-05 15:25:35.992894001,2026-04-25 14:12:51.068214473
ACC_001183,ordinary_recipient,Canara Bank,112,Delhi,Delhi,none,0,0,2,2,0,none,2025-05-19 17:26:26.408075847,2026-06-10 09:50:39.445014508
ACC_001184,ordinary_recipient,Kotak Mahindra Bank,151,Pune,Maharashtra,prior_flagged,0,0,2,1,0,none,2024-06-16 12:10:43.569906279,2025-03-20 17:35:40.721246046
ACC_001185,victim,Bank of Baroda,119,Thane,Maharashtra,none,0,1,0,1,0,none,2025-03-18 10:50:10.134282045,2026-04-27 17:32:22.788699866
ACC_001186,victim,IDFC First Bank,92,Hyderabad,Telangana,none,0,1,3,2,0,none,2024-04-25 01:55:06.238845453,2025-05-02 04:56:38.428908413
ACC_001187,victim,HDFC Bank,90,Thane,Maharashtra,none,0,2,2,1,0,none,2024-04-05 19:28:22.539220016,2026-02-26 14:33:21.742076535
ACC_001188,ordinary_recipient,Canara Bank,213,Navi Mumbai,Maharashtra,none,0,0,1,1,0,none,2026-04-18 02:22:31.718835607,2026-06-22 18:14:30.326266326
ACC_001189,ordinary_recipient,ICICI Bank,119,Surat,Gujarat,prior_confirmed_fraud,0,1,0,1,0,none,2025-05-11 03:43:42.566084333,2025-11-19 05:07:42.489647200
ACC_001190,mule,IndusInd Bank,92,Mumbai,Maharashtra,none,3,3,2,2,1,cashout_mule,2024-08-14 18:13:32.568267804,2024-12-14 13:19:28.140426552
ACC_001191,ordinary_recipient,Union Bank of India,240,Navi Mumbai,Maharashtra,none,0,0,4,2,0,none,2026-03-13 20:01:01.489344195,2026-04-03 15:24:58.758145627
ACC_001192,victim,Canara Bank,138,Chennai,Tamil Nadu,none,0,1,2,1,0,none,2026-06-28 23:36:17.926595762,2026-06-29 06:39:06.471037490
ACC_001193,ordinary_recipient,Yes Bank,186,Pune,Maharashtra,none,0,0,1,1,0,none,2026-03-16 12:11:34.736322060,2026-04-09 00:38:13.789295002
ACC_001194,victim,Punjab National Bank,178,Navi Mumbai,Maharashtra,none,0,0,1,1,0,none,2025-11-12 01:20:10.658295408,2026-02-09 07:58:39.329441876
ACC_001195,ordinary_recipient,HDFC Bank,69,Bengaluru,Karnataka,prior_flagged,0,0,3,2,0,none,2026-05-26 10:37:51.189632952,2026-06-12 22:51:23.626485871
ACC_001196,victim,Yes Bank,70,Chennai,Tamil Nadu,none,0,0,1,1,0,none,2024-06-28 19:40:27.884438518,2024-08-31 12:22:20.824007013
ACC_001197,ordinary_recipient,IndusInd Bank,133,Delhi,Delhi,none,0,0,1,1,0,none,2026-03-10 13:53:36.136854053,2026-06-19 22:22:34.795802602
ACC_001198,ordinary_recipient,Kotak Mahindra Bank,31,Kolkata,West Bengal,none,0,0,0,1,0,none,2024-11-22 19:28:47.497816801,2024-11-24 05:34:31.559178793
ACC_001199,ordinary_recipient,Bank of Baroda,83,Ahmedabad,Gujarat,none,0,0,0,1,0,none,2024-01-30 08:50:58.317002795,2024-05-31 06:57:20.764131395
ACC_001200,ordinary_recipient,ICICI Bank,180,Hyderabad,Telangana,none,0,0,1,1,0,none,2024-01-30 11:54:40.804878615,2024-02-06 21:50:23.568930079
ACC_001201,victim,ICICI Bank,56,Hyderabad,Telangana,prior_confirmed_fraud,0,1,1,1,0,none,2024-06-20 02:48:36.877485337,2026-06-20 00:46:46.892250913
ACC_001202,ordinary_recipient,Kotak Mahindra Bank,49,Ahmedabad,Gujarat,none,0,2,1,1,0,none,2025-12-11 02:44:40.071040913,2026-03-03 14:35:39.873760017
ACC_001203,victim,ICICI Bank,246,Mumbai,Maharashtra,prior_confirmed_fraud,0,0,1,1,0,none,2026-03-27 20:49:54.225714996,2026-04-15 07:41:12.304748025
ACC_001204,victim,HDFC Bank,55,Bengaluru,Karnataka,none,0,1,0,1,0,none,2024-04-26 13:46:03.546983700,2024-07-29 20:23:12.528456195
ACC_001205,victim,Axis Bank,157,Thane,Maharashtra,none,0,2,0,1,0,none,2026-02-09 03:26:43.250663474,2026-04-02 07:38:34.715362587
ACC_001206,ordinary_recipient,Punjab National Bank,52,Pune,Maharashtra,none,0,0,1,1,0,none,2025-11-19 05:38:57.614908792,2026-06-24 15:08:53.503228744
ACC_001207,ordinary_recipient,ICICI Bank,233,Surat,Gujarat,none,0,0,1,1,0,none,2024-02-17 13:49:39.829283590,2025-06-05 08:36:15.912116910
ACC_001208,mule,SBI,194,Mumbai,Maharashtra,none,0,2,1,1,1,first_hop_mule,2025-10-28 07:06:04.144339316,2026-01-22 23:23:05.423736854
ACC_001209,ordinary_recipient,Axis Bank,187,Nashik,Maharashtra,none,0,0,1,1,0,none,2024-02-04 23:07:24.625434817,2024-12-20 07:32:59.484851257
ACC_001210,mule,SBI,82,Thane,Maharashtra,none,4,3,1,1,1,first_hop_mule,2024-08-27 05:06:55.426199432,2024-11-14 00:55:08.591648955
ACC_001211,intermediary,IDFC First Bank,165,Hyderabad,Telangana,none,2,0,0,1,1,intermediary_mule,2025-04-28 15:48:11.234646790,2025-12-05 14:19:51.332432883
ACC_001212,victim,ICICI Bank,192,Ahmedabad,Gujarat,none,0,0,0,1,0,none,2026-04-08 08:02:14.634259298,2026-05-13 09:37:07.904876772
ACC_001213,mule,SBI,165,Delhi,Delhi,none,4,2,1,1,1,first_hop_mule,2024-04-05 23:24:41.348184405,2025-11-21 00:10:10.823866789
ACC_001214,victim,Canara Bank,147,Ahmedabad,Gujarat,none,0,1,0,1,0,none,2024-11-13 07:20:54.238452628,2025-03-07 06:20:36.648708763
ACC_001215,victim,Punjab National Bank,139,Delhi,Delhi,none,0,0,1,1,0,none,2025-06-09 13:42:35.920112237,2025-08-01 12:07:20.004952475
ACC_001216,high_volume,Bank of Baroda,132,Lucknow,Uttar Pradesh,prior_flagged,0,0,2,1,0,none,2025-11-05 07:50:51.607945792,2026-03-22 22:37:57.974621130
ACC_001217,victim,Canara Bank,151,Ahmedabad,Gujarat,none,1,0,1,1,0,none,2026-04-13 22:03:26.144280121,2026-06-10 02:43:42.894416444
ACC_001218,intermediary,Bank of Baroda,235,Navi Mumbai,Maharashtra,none,6,0,0,1,1,intermediary_mule,2025-03-03 02:56:20.301508054,2025-10-29 20:26:23.500731827
ACC_001219,mule,HDFC Bank,62,Jaipur,Rajasthan,none,2,0,3,1,1,cashout_mule,2026-02-05 01:25:32.765420280,2026-05-30 13:36:52.077957410
ACC_001220,intermediary,Kotak Mahindra Bank,150,Navi Mumbai,Maharashtra,none,1,0,0,1,1,intermediary_mule,2025-07-16 02:33:44.529754542,2026-05-05 13:20:51.498351280
ACC_001221,ordinary_recipient,Kotak Mahindra Bank,212,Bengaluru,Karnataka,prior_confirmed_fraud,0,0,1,1,0,none,2024-07-04 21:26:09.706587056,2026-04-30 13:08:32.536001922
ACC_001222,ordinary_recipient,ICICI Bank,62,Navi Mumbai,Maharashtra,none,0,1,1,1,0,none,2025-06-12 00:06:13.061290257,2025-11-03 20:17:10.888696798
ACC_001223,ordinary_recipient,Union Bank of India,28,Delhi,Delhi,none,0,0,2,1,0,none,2024-10-12 21:18:29.490066096,2026-05-01 04:55:15.114970296
ACC_001224,ordinary_recipient,Union Bank of India,255,Indore,Madhya Pradesh,none,0,0,0,1,0,none,2025-10-03 00:26:15.981485777,2026-04-12 10:47:47.385012389
ACC_001225,mule,Union Bank of India,203,Kolkata,West Bengal,prior_confirmed_fraud,2,4,1,1,1,cashout_mule,2024-09-16 05:12:06.270786054,2025-10-28 12:34:52.923826305
ACC_001226,ordinary_recipient,Kotak Mahindra Bank,81,Bengaluru,Karnataka,none,1,1,2,1,0,none,2024-08-27 10:49:28.733604599,2025-09-03 08:06:05.865746577
ACC_001227,ordinary_recipient,Canara Bank,17,Lucknow,Uttar Pradesh,none,0,0,3,3,0,none,2026-05-11 05:25:22.425238177,2026-05-12 04:58:46.660790593
ACC_001228,suspicious_hub,HDFC Bank,123,Delhi,Delhi,none,4,4,7,4,1,hub_account,2026-04-07 19:48:16.908511698,2026-05-24 10:20:01.585929163
ACC_001229,victim,HDFC Bank,184,Navi Mumbai,Maharashtra,none,0,0,1,1,0,none,2025-02-15 12:57:27.047014557,2026-03-11 14:45:30.211031182
ACC_001230,mule,Kotak Mahindra Bank,98,Ahmedabad,Gujarat,none,3,3,1,1,1,first_hop_mule,2025-11-28 08:10:50.979139976,2026-06-27 12:21:04.591893849
ACC_001231,victim,IDFC First Bank,188,Mumbai,Maharashtra,none,0,1,1,1,0,none,2026-06-13 15:48:53.440949604,2026-06-20 17:40:33.557249836
ACC_001232,victim,HDFC Bank,192,Ahmedabad,Gujarat,none,0,0,2,1,0,none,2024-03-21 17:41:58.605229143,2026-06-21 19:52:55.445816486
ACC_001233,ordinary_recipient,Canara Bank,74,Mumbai,Maharashtra,none,0,1,3,2,0,none,2025-07-06 05:11:49.259837195,2025-09-05 14:24:27.194494797
ACC_001234,ordinary_recipient,Union Bank of India,121,Nashik,Maharashtra,prior_confirmed_fraud,0,0,2,1,0,none,2024-08-18 22:28:12.508457929,2026-06-01 13:45:34.912089164
ACC_001235,mule,IndusInd Bank,204,Nagpur,Maharashtra,none,1,4,3,3,1,first_hop_mule,2025-12-29 19:31:43.738411918,2026-04-16 05:46:43.588499076
ACC_001236,victim,ICICI Bank,91,Nagpur,Maharashtra,none,0,0,0,1,0,none,2024-04-02 09:14:49.601063739,2025-09-26 18:35:17.380433661
ACC_001237,victim,IDFC First Bank,94,Pune,Maharashtra,none,0,1,2,1,0,none,2025-12-19 14:33:06.946475416,2026-04-08 23:29:25.060103472
ACC_001238,mule,SBI,168,Mumbai,Maharashtra,none,1,5,1,1,1,first_hop_mule,2024-07-01 18:07:20.425682873,2026-06-17 12:11:28.970027395
ACC_001239,ordinary_recipient,IDFC First Bank,103,Mumbai,Maharashtra,none,0,0,1,1,0,none,2025-02-19 10:24:26.155501775,2025-03-13 09:15:41.613439128
ACC_001240,ordinary_recipient,ICICI Bank,128,Kolkata,West Bengal,none,1,0,0,1,0,none,2026-01-11 09:22:39.194758020,2026-03-22 00:13:31.693723764
ACC_001241,victim,Bank of Baroda,153,Delhi,Delhi,prior_confirmed_fraud,1,1,1,1,0,none,2024-03-02 11:01:18.061025506,2026-03-16 00:06:53.046559417
ACC_001242,intermediary,Bank of Baroda,5,Thane,Maharashtra,none,3,0,3,3,1,intermediary_mule,2026-04-25 13:30:14.263455734,2026-05-06 11:55:21.277708010
ACC_001243,intermediary,IndusInd Bank,179,Mumbai,Maharashtra,none,1,1,2,2,1,intermediary_mule,2024-07-17 00:06:16.498339258,2025-08-27 02:56:15.923111441
ACC_001244,ordinary_recipient,Union Bank of India,168,Pune,Maharashtra,none,1,2,1,1,0,none,2025-04-01 03:55:08.478305697,2025-11-25 07:20:05.382287848
ACC_001245,victim,Bank of Baroda,207,Nagpur,Maharashtra,none,0,0,0,1,0,none,2025-10-31 04:37:12.841252908,2026-05-14 10:26:36.967996956
ACC_001246,suspicious_hub,Punjab National Bank,42,Delhi,Delhi,none,4,4,11,11,1,hub_account,2024-04-22 12:08:25.762653219,2026-04-25 17:24:39.438367936
ACC_001247,intermediary,IndusInd Bank,7,Mumbai,Maharashtra,none,1,0,1,1,1,intermediary_mule,2025-07-08 13:36:52.343856379,2025-10-08 19:47:20.208036545
ACC_001248,ordinary_recipient,Punjab National Bank,249,Indore,Madhya Pradesh,none,0,1,2,1,0,none,2025-04-14 16:21:59.212320924,2026-02-14 13:53:39.424298136
ACC_001249,ordinary_recipient,Yes Bank,13,Pune,Maharashtra,none,0,0,2,1,0,none,2025-06-17 16:40:46.480086841,2026-01-10 08:10:11.254762376
ACC_001250,ordinary_recipient,Bank of Baroda,193,Delhi,Delhi,none,0,1,2,1,0,none,2025-08-26 12:47:51.137930296,2026-03-18 07:37:55.878193916
ACC_001251,victim,ICICI Bank,190,Chennai,Tamil Nadu,none,0,0,2,2,0,none,2025-01-18 04:36:41.118792780,2025-05-03 22:52:30.404096812
ACC_001252,ordinary_recipient,Yes Bank,97,Nashik,Maharashtra,none,1,1,2,1,0,none,2024-09-29 04:17:24.020296928,2025-03-22 08:50:21.634000688
ACC_001253,ordinary_recipient,HDFC Bank,94,Mumbai,Maharashtra,none,0,0,1,1,0,none,2024-06-16 11:46:20.367232211,2025-07-30 07:21:25.835430934
ACC_001254,ordinary_recipient,IDFC First Bank,16,Delhi,Delhi,prior_flagged,0,0,5,3,0,none,2026-05-05 11:44:19.558218405,2026-05-05 15:39:46.972178798
ACC_001255,mule,IDFC First Bank,213,Bengaluru,Karnataka,none,0,1,1,1,1,first_hop_mule,2024-12-31 15:40:48.908845499,2026-01-26 08:28:59.929281914
ACC_001256,ordinary_recipient,IndusInd Bank,85,Ahmedabad,Gujarat,none,1,1,2,2,0,none,2024-09-14 02:33:10.496525601,2024-12-28 18:06:53.494321834
ACC_001257,intermediary,IndusInd Bank,247,Delhi,Delhi,none,3,0,1,1,1,intermediary_mule,2024-02-17 20:52:48.738716227,2026-05-01 16:54:34.807765795
ACC_001258,victim,IDFC First Bank,169,Jaipur,Rajasthan,prior_flagged,0,1,4,2,0,none,2025-11-15 08:22:38.040345654,2026-05-29 09:45:20.448392467
ACC_001259,high_volume,SBI,6,Bengaluru,Karnataka,none,0,0,1,1,0,none,2025-04-25 18:37:49.571949959,2026-01-18 22:57:41.007067332
ACC_001260,victim,Bank of Baroda,233,Chennai,Tamil Nadu,prior_flagged,0,1,0,1,0,none,2024-06-22 23:14:29.160861418,2026-04-10 16:56:43.571710738
ACC_001261,victim,IDFC First Bank,234,Mumbai,Maharashtra,prior_flagged,0,0,2,1,0,none,2026-03-24 20:43:32.376194477,2026-06-28 18:15:53.021902863
ACC_001262,ordinary_recipient,Kotak Mahindra Bank,194,Jaipur,Rajasthan,none,0,0,3,3,0,none,2026-04-30 16:10:45.691716939,2026-06-16 10:10:38.527416894
ACC_001263,victim,Kotak Mahindra Bank,239,Pune,Maharashtra,none,0,0,0,1,0,none,2026-03-13 07:06:24.722845331,2026-05-20 09:55:26.465452485
ACC_001264,victim,Kotak Mahindra Bank,200,Nagpur,Maharashtra,none,0,0,1,1,0,none,2025-05-26 01:04:14.808941849,2025-11-21 17:41:40.176701292
ACC_001265,mule,ICICI Bank,156,Bengaluru,Karnataka,none,1,1,0,1,1,first_hop_mule,2024-12-06 01:23:18.792699739,2026-03-15 13:18:59.911729518
ACC_001266,victim,IndusInd Bank,34,Surat,Gujarat,none,0,0,5,4,0,none,2024-05-27 11:28:11.080746679,2025-11-16 07:55:29.149582469
ACC_001267,mule,ICICI Bank,119,Nagpur,Maharashtra,none,3,1,3,2,1,first_hop_mule,2024-12-09 16:02:52.028589841,2025-09-03 19:29:28.713177811
ACC_001268,victim,Union Bank of India,60,Pune,Maharashtra,none,0,0,0,1,0,none,2025-07-11 16:29:55.149110369,2026-01-04 08:32:36.143710490
ACC_001269,ordinary_recipient,SBI,97,Surat,Gujarat,prior_flagged,0,0,0,1,0,none,2024-07-25 09:21:46.361747522,2025-01-02 16:48:56.946350450
ACC_001270,ordinary_recipient,Kotak Mahindra Bank,205,Ahmedabad,Gujarat,none,0,0,1,1,0,none,2025-02-26 16:04:51.425600998,2026-03-18 18:17:33.940692165
ACC_001271,ordinary_recipient,IndusInd Bank,220,Chennai,Tamil Nadu,none,0,1,1,1,0,none,2025-06-06 02:06:09.015572138,2026-05-13 16:21:07.204103102
ACC_001272,ordinary_recipient,Canara Bank,98,Delhi,Delhi,prior_confirmed_fraud,1,0,2,1,0,none,2025-10-28 08:05:01.195009410,2025-11-01 08:52:25.876602640
ACC_001273,ordinary_recipient,IDFC First Bank,51,Delhi,Delhi,none,0,2,2,2,0,none,2024-03-24 05:18:02.907250221,2024-06-24 20:21:45.576752248
ACC_001274,victim,IndusInd Bank,223,Surat,Gujarat,none,1,0,1,1,0,none,2026-02-28 20:00:22.449143812,2026-06-28 22:30:48.942366057
ACC_001275,victim,Canara Bank,171,Mumbai,Maharashtra,none,0,2,2,1,0,none,2025-02-19 11:36:39.073547475,2025-05-18 17:44:05.607332123
ACC_001276,ordinary_recipient,ICICI Bank,11,Kolkata,West Bengal,none,1,0,1,1,0,none,2025-06-14 03:20:25.683103062,2026-03-21 15:41:47.375632983
ACC_001277,ordinary_recipient,Union Bank of India,112,Hyderabad,Telangana,none,0,0,2,1,0,none,2026-05-06 15:05:09.994658187,2026-06-01 18:32:40.051990123
ACC_001278,victim,IndusInd Bank,160,Surat,Gujarat,none,0,2,2,1,0,none,2024-06-02 00:41:11.721857235,2025-07-02 04:44:59.325147448
ACC_001279,victim,Union Bank of India,32,Bengaluru,Karnataka,none,0,2,2,1,0,none,2026-03-16 18:24:08.550143898,2026-03-28 04:07:13.505283576
ACC_001280,intermediary,Punjab National Bank,132,Pune,Maharashtra,none,0,0,3,1,1,intermediary_mule,2026-01-02 20:04:00.487388790,2026-01-27 09:29:40.323854797
ACC_001281,victim,ICICI Bank,133,Kolkata,West Bengal,none,0,0,1,1,0,none,2026-06-24 13:24:51.615689650,2026-06-27 16:52:52.195239401
ACC_001282,intermediary,Punjab National Bank,209,Indore,Madhya Pradesh,none,5,1,4,2,1,intermediary_mule,2024-12-24 01:28:35.435049016,2025-07-20 20:49:15.767051365
ACC_001283,victim,Union Bank of India,103,Lucknow,Uttar Pradesh,none,0,0,1,1,0,none,2024-04-25 13:23:06.488369679,2026-01-19 21:25:36.267276274
ACC_001284,high_volume,ICICI Bank,44,Nashik,Maharashtra,none,0,0,0,1,0,none,2024-01-13 21:56:50.737528736,2026-06-04 20:00:51.858205454
ACC_001285,ordinary_recipient,Axis Bank,106,Nagpur,Maharashtra,prior_flagged,0,0,2,2,0,none,2025-12-23 01:18:59.386099324,2026-05-25 12:54:58.829376756
ACC_001286,ordinary_recipient,Punjab National Bank,52,Kolkata,West Bengal,none,0,0,1,1,0,none,2024-05-04 10:32:20.946547585,2025-03-19 17:12:10.341127584
ACC_001287,victim,Axis Bank,203,Hyderabad,Telangana,none,0,1,1,1,0,none,2024-10-05 18:38:56.189063527,2025-08-06 14:56:40.201152826
ACC_001288,intermediary,Kotak Mahindra Bank,128,Mumbai,Maharashtra,none,2,1,1,1,1,intermediary_mule,2026-06-18 10:39:21.531803398,2026-06-20 06:06:44.874420656
ACC_001289,victim,Union Bank of India,132,Thane,Maharashtra,none,0,0,2,1,0,none,2025-02-06 17:57:50.271979399,2026-01-26 08:02:09.044786787
ACC_001290,mule,ICICI Bank,157,Mumbai,Maharashtra,prior_flagged,4,3,1,1,1,first_hop_mule,2024-07-29 15:04:53.381675463,2025-06-07 22:41:34.872809281
ACC_001291,victim,IDFC First Bank,225,Navi Mumbai,Maharashtra,none,0,0,1,1,0,none,2025-11-17 04:41:54.638655975,2026-05-28 22:32:31.882323363
ACC_001292,ordinary_recipient,ICICI Bank,43,Nashik,Maharashtra,none,0,0,3,3,0,none,2024-09-04 09:14:59.109594151,2025-11-11 01:57:45.913712182
ACC_001293,mule,Union Bank of India,11,Surat,Gujarat,none,1,2,1,1,1,first_hop_mule,2025-04-28 18:15:44.217677429,2025-07-10 14:58:04.608970424
ACC_001294,ordinary_recipient,Axis Bank,235,Chennai,Tamil Nadu,none,0,0,1,1,0,none,2024-05-23 07:54:23.664398914,2025-04-03 19:53:41.654386969
ACC_001295,ordinary_recipient,Canara Bank,249,Mumbai,Maharashtra,prior_flagged,0,0,0,1,0,none,2025-02-23 19:39:03.811302148,2026-01-22 07:45:43.214600685
ACC_001296,mule,SBI,219,Hyderabad,Telangana,none,2,4,0,1,1,cashout_mule,2024-04-08 22:49:03.404496560,2026-03-06 15:01:17.425404890
ACC_001297,ordinary_recipient,ICICI Bank,49,Delhi,Delhi,none,0,1,1,1,0,none,2025-12-05 06:56:34.238052495,2026-02-15 19:18:50.073401711
ACC_001298,victim,Canara Bank,33,Kolkata,West Bengal,none,0,1,3,2,0,none,2024-11-28 15:23:58.357100952,2025-12-20 20:22:54.699694673
ACC_001299,ordinary_recipient,HDFC Bank,93,Jaipur,Rajasthan,none,0,0,1,1,0,none,2024-10-17 10:19:26.122025456,2025-02-02 03:45:33.408103441
ACC_001300,mule,ICICI Bank,221,Mumbai,Maharashtra,prior_flagged,3,7,1,1,1,first_hop_mule,2026-06-24 08:07:58.240591943,2026-06-29 11:03:12.915876621
ACC_001301,victim,IDFC First Bank,229,Indore,Madhya Pradesh,none,0,1,1,1,0,none,2026-01-25 20:36:57.731920160,2026-04-25 02:11:38.610430685
ACC_001302,ordinary_recipient,Yes Bank,237,Mumbai,Maharashtra,none,0,0,0,1,0,none,2025-05-19 15:01:18.425031789,2026-03-27 23:09:46.820558032
ACC_001303,victim,IDFC First Bank,73,Kolkata,West Bengal,none,0,2,2,2,0,none,2026-05-10 04:15:22.839044392,2026-05-30 08:18:48.167867572
ACC_001304,intermediary,Punjab National Bank,64,Lucknow,Uttar Pradesh,none,1,0,3,1,1,intermediary_mule,2024-07-11 14:01:18.713218583,2026-05-18 06:48:44.673600063
ACC_001305,ordinary_recipient,Kotak Mahindra Bank,78,Kolkata,West Bengal,none,0,0,0,1,0,none,2025-06-06 10:41:07.712890662,2026-03-13 05:54:28.960735688
ACC_001306,ordinary_recipient,Bank of Baroda,224,Thane,Maharashtra,none,0,0,0,1,0,none,2026-04-26 08:54:28.073909640,2026-05-06 07:14:40.741268688
ACC_001307,mule,HDFC Bank,20,Pune,Maharashtra,none,1,2,2,2,1,cashout_mule,2025-06-03 00:03:48.850058742,2026-01-04 16:10:26.952681737
ACC_001308,mule,IndusInd Bank,146,Mumbai,Maharashtra,none,4,7,2,2,1,first_hop_mule,2024-10-07 13:53:18.997465476,2025-03-27 21:31:34.372206306
ACC_001309,victim,IDFC First Bank,26,Thane,Maharashtra,none,0,1,0,1,0,none,2026-01-09 10:02:49.401401736,2026-06-01 09:46:57.050680697
ACC_001310,victim,SBI,208,Mumbai,Maharashtra,none,0,0,0,1,0,none,2024-05-06 10:56:40.608893014,2026-01-10 14:47:19.093746474
ACC_001311,ordinary_recipient,SBI,76,Mumbai,Maharashtra,none,0,0,1,1,0,none,2024-05-18 11:20:04.268124746,2025-06-04 12:31:53.906388365
ACC_001312,victim,Union Bank of India,157,Bengaluru,Karnataka,none,0,1,2,2,0,none,2025-10-28 01:18:52.538148798,2026-01-10 00:14:46.450527135
ACC_001313,victim,Axis Bank,111,Mumbai,Maharashtra,none,1,1,3,3,0,none,2024-03-04 03:52:17.607911730,2026-02-25 02:27:19.649389616
ACC_001314,victim,Kotak Mahindra Bank,78,Delhi,Delhi,none,1,0,1,1,0,none,2024-02-16 02:59:29.162835360,2026-02-20 16:30:06.930305500
ACC_001315,victim,Bank of Baroda,201,Chennai,Tamil Nadu,prior_flagged,0,0,0,1,0,none,2024-12-11 08:05:22.957349487,2025-09-23 03:07:36.619014751
ACC_001316,victim,Canara Bank,180,Mumbai,Maharashtra,none,0,0,4,4,0,none,2024-12-28 11:49:39.583559286,2026-01-25 21:55:16.458451703
ACC_001317,victim,IDFC First Bank,210,Hyderabad,Telangana,none,1,1,0,1,0,none,2025-03-03 20:26:04.285172269,2025-07-19 18:58:33.455730557
ACC_001318,victim,IndusInd Bank,182,Kolkata,West Bengal,none,0,0,2,1,0,none,2025-11-05 19:22:04.169067383,2026-01-27 04:52:10.404675191
ACC_001319,ordinary_recipient,ICICI Bank,199,Bengaluru,Karnataka,none,0,0,2,1,0,none,2025-06-02 05:24:03.730953828,2026-06-08 00:38:18.452410267
ACC_001320,victim,HDFC Bank,187,Bengaluru,Karnataka,none,0,0,0,1,0,none,2025-10-12 01:01:33.935769863,2026-04-22 04:18:31.375012884
ACC_001321,victim,Axis Bank,30,Kolkata,West Bengal,none,1,1,7,4,0,none,2024-02-15 10:53:39.728196690,2024-04-17 21:03:42.547353685
ACC_001322,mule,Union Bank of India,197,Bengaluru,Karnataka,none,3,3,1,1,1,first_hop_mule,2024-10-14 14:32:09.334970325,2025-07-26 22:53:52.992060179
ACC_001323,ordinary_recipient,Axis Bank,104,Bengaluru,Karnataka,prior_confirmed_fraud,0,1,0,1,0,none,2026-05-30 09:31:14.647123843,2026-06-11 12:11:13.718567049
ACC_001324,intermediary,Union Bank of India,168,Ahmedabad,Gujarat,none,1,0,2,1,1,intermediary_mule,2025-01-24 16:39:34.118737549,2025-05-25 02:38:41.041523282
ACC_001325,suspicious_hub,ICICI Bank,18,Ahmedabad,Gujarat,prior_flagged,4,0,5,4,1,hub_account,2024-07-21 16:33:28.436747164,2026-06-26 10:00:48.363312294
ACC_001326,ordinary_recipient,Bank of Baroda,113,Delhi,Delhi,none,0,1,1,1,0,none,2026-06-22 18:58:21.126957461,2026-06-23 18:28:05.188314016
ACC_001327,mule,HDFC Bank,88,Delhi,Delhi,none,2,2,1,1,1,first_hop_mule,2025-01-09 17:03:35.328498073,2025-06-27 05:58:16.806576382
ACC_001328,victim,ICICI Bank,87,Ahmedabad,Gujarat,none,0,1,2,1,0,none,2025-03-12 04:05:11.265556022,2026-04-19 04:00:36.616607125
ACC_001329,ordinary_recipient,IndusInd Bank,111,Bengaluru,Karnataka,none,0,0,1,1,0,none,2024-07-22 21:06:06.495622337,2024-10-24 09:55:18.223250426
ACC_001330,ordinary_recipient,ICICI Bank,236,Chennai,Tamil Nadu,none,0,1,0,1,0,none,2025-08-20 22:30:12.986579955,2025-12-16 16:37:18.550507408
ACC_001331,ordinary_recipient,Bank of Baroda,182,Mumbai,Maharashtra,none,0,1,0,1,0,none,2024-07-07 18:52:41.956657860,2025-10-08 19:24:54.506701150
ACC_001332,victim,Bank of Baroda,211,Mumbai,Maharashtra,none,0,1,2,1,0,none,2025-07-09 15:22:08.137726404,2025-11-06 08:37:42.834321278
ACC_001333,intermediary,Union Bank of India,151,Bengaluru,Karnataka,prior_flagged,2,0,3,1,1,intermediary_mule,2025-11-21 00:39:05.947317265,2026-02-19 08:46:13.222902985
ACC_001334,ordinary_recipient,Union Bank of India,217,Ahmedabad,Gujarat,none,1,1,0,1,0,none,2025-08-17 08:01:34.352156945,2026-02-07 12:52:25.645232625
ACC_001335,mule,Kotak Mahindra Bank,192,Nashik,Maharashtra,none,2,4,3,2,1,first_hop_mule,2024-03-23 08:07:04.580486382,2026-05-21 19:02:33.138475485
ACC_001336,suspicious_hub,Kotak Mahindra Bank,24,Surat,Gujarat,none,5,6,10,12,1,hub_account,2024-03-13 16:10:51.035924973,2026-03-13 18:40:13.220869343
ACC_001337,intermediary,IDFC First Bank,170,Kolkata,West Bengal,none,1,1,2,1,1,intermediary_mule,2026-02-06 09:10:27.238333143,2026-02-22 11:05:27.039210423
ACC_001338,victim,HDFC Bank,106,Kolkata,West Bengal,prior_confirmed_fraud,0,1,3,2,0,none,2026-04-04 01:16:48.723769814,2026-05-23 13:31:12.169510548
ACC_001339,ordinary_recipient,ICICI Bank,128,Ahmedabad,Gujarat,none,0,0,2,1,0,none,2024-05-03 14:04:41.862672431,2025-09-30 00:01:44.344894583
ACC_001340,ordinary_recipient,SBI,92,Pune,Maharashtra,prior_flagged,0,0,2,1,0,none,2024-12-08 01:03:41.523198880,2025-06-11 09:19:09.417962161
ACC_001341,ordinary_recipient,Axis Bank,20,Nagpur,Maharashtra,prior_confirmed_fraud,0,0,0,1,0,none,2025-08-18 20:31:04.281937666,2025-11-10 02:46:02.294672860
ACC_001342,ordinary_recipient,Punjab National Bank,227,Mumbai,Maharashtra,none,0,2,5,5,0,none,2026-01-31 02:57:19.889887072,2026-04-30 17:01:41.829774415
ACC_001343,ordinary_recipient,HDFC Bank,60,Delhi,Delhi,none,0,0,2,1,0,none,2026-04-08 02:03:09.396714985,2026-05-12 11:50:14.179412266
ACC_001344,intermediary,HDFC Bank,86,Mumbai,Maharashtra,none,1,1,3,3,1,intermediary_mule,2025-09-28 11:59:59.150620744,2026-06-03 22:34:02.903125224
ACC_001345,victim,Bank of Baroda,164,Kolkata,West Bengal,prior_confirmed_fraud,0,0,0,1,0,none,2024-05-14 08:22:58.325123230,2024-09-18 08:58:30.089240280
ACC_001346,victim,HDFC Bank,244,Ahmedabad,Gujarat,none,0,0,0,1,0,none,2025-11-30 23:13:31.474066123,2025-12-09 15:18:21.286583708
ACC_001347,ordinary_recipient,Union Bank of India,70,Pune,Maharashtra,none,1,0,2,2,0,none,2026-02-21 13:43:16.151893005,2026-06-17 02:35:21.993808648
ACC_001348,ordinary_recipient,Union Bank of India,210,Bengaluru,Karnataka,none,1,0,2,2,0,none,2024-11-16 00:57:13.444333345,2026-04-29 14:44:03.354352754
ACC_001349,intermediary,Kotak Mahindra Bank,33,Chennai,Tamil Nadu,none,7,1,2,2,1,intermediary_mule,2025-03-26 04:09:14.984261930,2025-10-04 05:34:05.126237137
ACC_001350,mule,Bank of Baroda,225,Kolkata,West Bengal,none,1,1,2,1,1,first_hop_mule,2024-05-31 13:47:21.716294656,2025-12-25 02:19:53.407426242
ACC_001351,ordinary_recipient,Yes Bank,59,Surat,Gujarat,none,0,0,0,1,0,none,2024-10-04 10:00:51.624819744,2026-03-24 05:56:47.912939546
ACC_001352,ordinary_recipient,Canara Bank,28,Navi Mumbai,Maharashtra,none,0,0,3,1,0,none,2026-03-03 09:17:55.625110850,2026-04-02 14:53:42.578715218
ACC_001353,intermediary,Yes Bank,155,Pune,Maharashtra,none,3,1,2,1,1,intermediary_mule,2024-03-21 22:33:21.073721107,2025-09-16 04:01:35.957139548
ACC_001354,victim,Punjab National Bank,253,Ahmedabad,Gujarat,none,0,0,3,3,0,none,2025-11-25 13:37:08.972783342,2026-05-04 02:39:23.724994512
ACC_001355,victim,Kotak Mahindra Bank,244,Mumbai,Maharashtra,none,0,1,3,3,0,none,2024-03-29 22:44:13.154408011,2025-01-17 19:47:43.410850610
ACC_001356,ordinary_recipient,HDFC Bank,96,Kolkata,West Bengal,prior_confirmed_fraud,0,0,2,2,0,none,2024-09-23 13:51:09.952726256,2026-05-26 04:44:50.952539145
ACC_001357,victim,Bank of Baroda,22,Thane,Maharashtra,none,0,1,0,1,0,none,2025-06-14 13:51:53.426473491,2026-06-17 12:05:55.900849326
ACC_001358,intermediary,SBI,21,Delhi,Delhi,prior_flagged,3,1,3,2,1,intermediary_mule,2024-01-04 00:26:38.035596455,2025-03-20 23:00:06.139967809
ACC_001359,victim,Punjab National Bank,52,Hyderabad,Telangana,none,0,0,1,1,0,none,2025-09-07 06:20:39.026340395,2025-09-29 17:45:54.895577163
ACC_001360,victim,SBI,162,Kolkata,West Bengal,none,0,1,1,1,0,none,2024-10-15 01:17:28.163552523,2026-05-10 12:31:25.013567165
ACC_001361,high_volume,ICICI Bank,117,Mumbai,Maharashtra,none,0,0,2,1,0,none,2025-11-12 22:44:28.530439541,2026-03-12 17:40:01.130996798
ACC_001362,victim,Yes Bank,224,Ahmedabad,Gujarat,none,0,0,0,1,0,none,2026-06-07 10:34:35.055561766,2026-06-10 13:44:26.482321115
ACC_001363,victim,Union Bank of India,24,Ahmedabad,Gujarat,none,0,1,2,1,0,none,2025-01-14 10:07:02.952340104,2026-02-07 14:07:42.234059956
ACC_001364,victim,IndusInd Bank,189,Kolkata,West Bengal,prior_flagged,0,0,7,4,0,none,2024-01-28 07:49:48.856310738,2025-09-26 13:06:02.482917311
ACC_001365,suspicious_hub,IndusInd Bank,246,Lucknow,Uttar Pradesh,none,2,3,7,4,1,hub_account,2026-02-12 08:09:55.568952285,2026-03-03 14:14:02.914004880
ACC_001366,high_volume,HDFC Bank,183,Jaipur,Rajasthan,none,0,0,4,4,0,none,2024-09-07 03:22:51.684275474,2025-03-07 18:45:29.974570143
ACC_001367,ordinary_recipient,ICICI Bank,246,Kolkata,West Bengal,none,0,0,1,1,0,none,2024-05-15 09:21:02.912762204,2026-03-16 17:16:19.069766167
ACC_001368,mule,IndusInd Bank,244,Hyderabad,Telangana,none,2,8,1,1,1,cashout_mule,2026-03-11 23:05:26.792679235,2026-06-26 15:40:38.479074372
ACC_001369,mule,IDFC First Bank,89,Ahmedabad,Gujarat,none,3,4,4,2,1,first_hop_mule,2024-07-30 20:01:45.949904054,2025-05-10 04:08:50.059603573
ACC_001370,victim,Axis Bank,251,Indore,Madhya Pradesh,none,0,0,2,1,0,none,2025-07-05 09:57:27.427634940,2025-08-22 19:26:32.791538403
ACC_001371,victim,Axis Bank,44,Hyderabad,Telangana,none,0,0,0,1,0,none,2024-08-19 09:05:54.315632354,2025-04-15 14:12:39.989794850
ACC_001372,intermediary,Canara Bank,214,Pune,Maharashtra,none,1,0,0,1,1,intermediary_mule,2025-10-11 01:11:09.510416761,2026-02-21 00:28:53.472195358
ACC_001373,victim,Kotak Mahindra Bank,244,Pune,Maharashtra,none,1,1,2,1,0,none,2025-08-14 00:11:43.767506681,2025-11-18 03:23:33.070453444
ACC_001374,ordinary_recipient,Punjab National Bank,204,Kolkata,West Bengal,none,0,1,2,1,0,none,2025-04-08 20:27:13.739079610,2026-01-07 04:39:02.635848790
ACC_001375,victim,Punjab National Bank,207,Indore,Madhya Pradesh,none,0,0,2,1,0,none,2025-05-20 15:03:52.180937901,2025-05-23 20:09:07.343518961
ACC_001376,ordinary_recipient,Canara Bank,91,Pune,Maharashtra,none,0,2,2,1,0,none,2024-07-26 00:27:09.199365094,2026-02-20 19:16:06.975238126
ACC_001377,victim,IndusInd Bank,186,Surat,Gujarat,none,1,0,2,2,0,none,2024-01-20 23:24:27.520334837,2026-02-11 14:02:07.816851434
ACC_001378,victim,Yes Bank,120,Pune,Maharashtra,none,1,0,0,1,0,none,2025-12-30 10:41:58.157086603,2026-05-21 16:39:59.955149001
ACC_001379,victim,Union Bank of India,44,Delhi,Delhi,prior_flagged,0,1,2,1,0,none,2026-03-21 03:40:59.850126818,2026-04-20 18:05:28.646555065
ACC_001380,suspicious_hub,Yes Bank,138,Lucknow,Uttar Pradesh,none,4,7,4,3,1,hub_account,2025-12-09 15:20:03.059416212,2026-04-16 14:33:11.030733597
ACC_001381,victim,SBI,229,Surat,Gujarat,none,0,0,3,2,0,none,2025-10-06 22:04:14.929987110,2026-01-12 02:18:31.012123652
ACC_001382,ordinary_recipient,Yes Bank,125,Hyderabad,Telangana,none,0,0,0,1,0,none,2025-03-05 22:08:56.900033988,2025-09-09 04:39:20.855328596
ACC_001383,ordinary_recipient,Punjab National Bank,123,Surat,Gujarat,none,0,0,1,1,0,none,2025-06-15 22:27:26.796975829,2026-03-11 17:31:38.190412808
ACC_001384,victim,Axis Bank,210,Ahmedabad,Gujarat,none,0,0,1,1,0,none,2025-09-22 01:44:13.990983851,2026-05-17 01:06:35.568190553
ACC_001385,mule,Yes Bank,251,Jaipur,Rajasthan,none,1,4,2,2,1,first_hop_mule,2024-01-24 21:27:09.504232849,2026-01-31 01:43:09.976450970
ACC_001386,victim,IDFC First Bank,258,Jaipur,Rajasthan,prior_flagged,2,0,2,1,0,none,2025-01-20 23:07:57.214235224,2025-05-22 07:02:11.340655254
ACC_001387,ordinary_recipient,SBI,231,Delhi,Delhi,none,0,0,1,1,0,none,2024-07-23 16:32:44.853170261,2025-10-31 11:05:23.256100347
ACC_001388,ordinary_recipient,Punjab National Bank,54,Mumbai,Maharashtra,none,0,1,2,2,0,none,2024-11-28 00:18:53.822476830,2025-05-01 15:25:42.827060194
ACC_001389,intermediary,Union Bank of India,63,Thane,Maharashtra,none,0,1,2,2,1,intermediary_mule,2025-11-13 13:12:07.724436589,2026-04-06 02:48:55.491112324
ACC_001390,mule,ICICI Bank,205,Mumbai,Maharashtra,none,4,2,3,1,1,first_hop_mule,2024-11-27 01:04:44.947909705,2025-06-28 00:10:27.482506485
ACC_001391,victim,ICICI Bank,205,Pune,Maharashtra,none,0,0,0,1,0,none,2025-11-04 07:34:03.141021289,2026-05-11 01:50:01.121197814
ACC_001392,mule,Axis Bank,159,Mumbai,Maharashtra,none,3,1,3,3,1,first_hop_mule,2026-06-04 08:07:25.129898071,2026-06-28 09:29:17.480459258
ACC_001393,mule,Axis Bank,176,Pune,Maharashtra,none,1,3,3,2,1,cashout_mule,2026-04-21 04:50:28.778493404,2026-05-11 10:36:20.537756696
ACC_001394,intermediary,Punjab National Bank,189,Hyderabad,Telangana,none,2,0,1,1,1,intermediary_mule,2026-01-24 01:22:34.487898551,2026-06-09 09:52:22.527443962
ACC_001395,high_volume,IDFC First Bank,44,Thane,Maharashtra,none,0,0,4,4,0,none,2026-02-16 01:47:27.802611306,2026-05-26 04:18:26.758508016
ACC_001396,mule,Kotak Mahindra Bank,130,Nashik,Maharashtra,none,4,2,1,1,1,first_hop_mule,2024-12-24 20:56:10.445129797,2025-11-02 09:20:44.058076115
ACC_001397,ordinary_recipient,Bank of Baroda,156,Pune,Maharashtra,none,0,1,0,1,0,none,2025-10-28 11:19:02.284426630,2026-03-05 20:11:57.468630270
ACC_001398,victim,Canara Bank,181,Mumbai,Maharashtra,none,1,1,0,1,0,none,2025-08-30 15:35:11.760978520,2025-12-05 12:15:43.401950959
ACC_001399,intermediary,IndusInd Bank,56,Chennai,Tamil Nadu,none,4,0,1,1,1,intermediary_mule,2026-06-14 09:57:14.166266203,2026-06-17 13:59:30.887078849
ACC_001400,intermediary,Punjab National Bank,162,Jaipur,Rajasthan,none,2,1,0,1,1,intermediary_mule,2025-06-07 17:34:51.518413535,2025-07-10 00:36:26.485907461
ACC_001401,victim,Bank of Baroda,109,Chennai,Tamil Nadu,prior_confirmed_fraud,0,0,5,4,0,none,2025-01-26 12:24:20.805703789,2026-01-31 14:55:50.051287679
ACC_001402,ordinary_recipient,IDFC First Bank,170,Chennai,Tamil Nadu,none,0,1,0,1,0,none,2026-02-01 18:00:07.895655200,2026-03-06 17:26:51.228934069
ACC_001403,victim,ICICI Bank,65,Indore,Madhya Pradesh,none,0,0,3,3,0,none,2025-11-13 20:40:18.111358568,2026-03-06 21:04:56.553712590
ACC_001404,victim,SBI,247,Kolkata,West Bengal,prior_flagged,0,2,2,2,0,none,2024-04-23 17:58:35.028670300,2026-04-03 03:42:57.308992206
ACC_001405,ordinary_recipient,Canara Bank,99,Mumbai,Maharashtra,none,0,1,4,4,0,none,2025-06-27 05:04:12.197761528,2026-03-01 00:52:44.835786037
ACC_001406,victim,Yes Bank,12,Pune,Maharashtra,none,0,1,1,1,0,none,2025-06-23 14:11:35.270682216,2025-08-25 10:43:09.833922370
ACC_001407,ordinary_recipient,Canara Bank,76,Hyderabad,Telangana,none,0,2,1,1,0,none,2025-07-29 09:50:44.959076926,2026-04-01 21:15:00.807485077
ACC_001408,victim,Union Bank of India,77,Hyderabad,Telangana,none,0,0,1,1,0,none,2026-05-07 16:54:51.234272078,2026-05-19 03:42:18.689080074
ACC_001409,ordinary_recipient,ICICI Bank,91,Ahmedabad,Gujarat,prior_confirmed_fraud,0,0,0,1,0,none,2025-07-02 10:54:24.581723735,2026-04-11 04:58:17.524625391
ACC_001410,ordinary_recipient,Punjab National Bank,167,Thane,Maharashtra,none,0,0,1,1,0,none,2026-03-03 14:05:32.111731574,2026-03-12 18:56:35.539138381
ACC_001411,mule,Axis Bank,12,Indore,Madhya Pradesh,prior_flagged,3,3,1,1,1,first_hop_mule,2024-11-22 11:38:17.289945956,2025-02-13 07:35:07.334718828
ACC_001412,victim,Canara Bank,100,Bengaluru,Karnataka,none,0,0,1,1,0,none,2024-02-22 06:32:00.471764556,2026-05-04 11:41:55.617125850
ACC_001413,victim,Axis Bank,42,Lucknow,Uttar Pradesh,none,0,0,0,1,0,none,2024-12-07 19:52:11.891056288,2025-05-16 08:35:37.239360153
ACC_001414,ordinary_recipient,Bank of Baroda,117,Bengaluru,Karnataka,prior_flagged,0,0,0,1,0,none,2025-04-30 06:17:02.153818756,2025-07-03 09:26:16.067691318
ACC_001415,ordinary_recipient,HDFC Bank,87,Navi Mumbai,Maharashtra,none,0,0,0,1,0,none,2026-01-29 03:44:18.976337522,2026-03-02 18:55:08.196821433
ACC_001416,ordinary_recipient,HDFC Bank,111,Nagpur,Maharashtra,none,0,0,2,2,0,none,2025-07-29 14:44:32.467963532,2025-11-27 17:19:37.701530141
ACC_001417,ordinary_recipient,Axis Bank,101,Pune,Maharashtra,none,0,0,2,1,0,none,2025-02-06 20:18:21.733673632,2026-04-08 11:36:46.845627550
ACC_001418,high_volume,IndusInd Bank,202,Pune,Maharashtra,none,0,0,1,1,0,none,2025-02-24 18:22:57.704934068,2025-05-10 12:53:21.825526564
ACC_001419,victim,HDFC Bank,232,Jaipur,Rajasthan,none,0,0,2,1,0,none,2026-06-26 22:54:53.064150333,2026-06-27 00:03:57.186397151
ACC_001420,victim,Punjab National Bank,15,Delhi,Delhi,none,0,0,3,3,0,none,2024-05-08 18:20:30.033620497,2026-03-16 09:23:46.123467889
ACC_001421,high_volume,Kotak Mahindra Bank,98,Navi Mumbai,Maharashtra,none,0,0,1,1,0,none,2024-07-06 05:24:12.693434684,2025-02-08 02:39:13.084047350
ACC_001422,mule,Yes Bank,117,Delhi,Delhi,none,4,3,1,1,1,cashout_mule,2025-07-23 15:09:16.480776154,2025-08-18 21:19:29.387081997
ACC_001423,victim,SBI,104,Hyderabad,Telangana,none,0,0,4,2,0,none,2025-09-30 23:31:46.337887265,2025-10-08 12:48:13.356534054
ACC_001424,mule,IDFC First Bank,173,Navi Mumbai,Maharashtra,none,2,3,1,1,1,first_hop_mule,2024-12-25 19:49:31.021736108,2026-05-05 15:35:28.065150571
ACC_001425,victim,Union Bank of India,183,Mumbai,Maharashtra,none,0,0,3,3,0,none,2024-01-30 06:31:47.441860826,2025-05-05 12:56:58.707216089
ACC_001426,mule,IDFC First Bank,107,Jaipur,Rajasthan,none,1,2,0,1,1,first_hop_mule,2025-04-20 13:16:08.988467872,2026-01-11 09:25:52.932661628
ACC_001427,ordinary_recipient,Canara Bank,153,Pune,Maharashtra,none,0,0,1,1,0,none,2024-05-11 12:17:24.960946841,2025-09-03 17:17:18.820827114
ACC_001428,ordinary_recipient,SBI,17,Lucknow,Uttar Pradesh,none,0,1,1,1,0,none,2024-02-21 01:26:25.020472202,2025-05-15 02:46:08.317223586
ACC_001429,intermediary,SBI,45,Mumbai,Maharashtra,none,1,0,1,1,1,intermediary_mule,2024-11-10 01:49:28.640062615,2026-02-12 06:23:47.856836561
ACC_001430,mule,Yes Bank,246,Chennai,Tamil Nadu,prior_confirmed_fraud,1,3,3,3,1,cashout_mule,2024-05-03 13:54:39.691430673,2026-04-17 01:12:17.690546446
ACC_001431,victim,Yes Bank,148,Chennai,Tamil Nadu,none,1,0,0,1,0,none,2025-02-03 22:13:46.540534995,2025-12-28 13:32:13.256998974
ACC_001432,ordinary_recipient,Bank of Baroda,99,Thane,Maharashtra,none,0,1,3,3,0,none,2025-11-24 21:41:15.912574396,2026-05-27 02:35:15.445197253
ACC_001433,mule,Punjab National Bank,253,Chennai,Tamil Nadu,none,5,3,1,1,1,first_hop_mule,2024-02-12 20:36:52.363746120,2024-02-21 04:57:49.716509073
ACC_001434,ordinary_recipient,Yes Bank,244,Delhi,Delhi,none,0,1,2,2,0,none,2025-03-31 09:37:40.682612613,2025-11-05 04:11:04.359464815
ACC_001435,victim,IDFC First Bank,15,Delhi,Delhi,none,0,0,1,1,0,none,2025-03-28 17:58:47.073878340,2025-12-30 13:18:25.897772313
ACC_001436,victim,Punjab National Bank,239,Jaipur,Rajasthan,none,0,0,0,1,0,none,2024-01-02 14:48:59.963658653,2024-07-03 14:43:55.488264574
ACC_001437,high_volume,ICICI Bank,43,Surat,Gujarat,none,0,0,3,3,0,none,2025-11-03 13:07:17.351721838,2025-12-11 18:28:52.297499577
ACC_001438,ordinary_recipient,Canara Bank,36,Navi Mumbai,Maharashtra,none,0,0,4,4,0,none,2024-03-22 17:59:09.282476216,2024-07-13 17:30:37.421573650
ACC_001439,ordinary_recipient,Yes Bank,27,Chennai,Tamil Nadu,none,0,0,0,1,0,none,2026-04-29 02:27:27.968257084,2026-05-16 17:34:12.127029532
ACC_001440,ordinary_recipient,Axis Bank,166,Thane,Maharashtra,none,0,2,2,2,0,none,2025-08-05 11:03:57.084039658,2026-05-02 23:36:28.445020886
ACC_001441,victim,HDFC Bank,146,Mumbai,Maharashtra,none,0,1,2,1,0,none,2024-09-19 04:48:42.857834555,2024-10-07 03:20:09.376002599
ACC_001442,victim,Union Bank of India,75,Thane,Maharashtra,none,0,0,1,1,0,none,2026-04-22 22:20:38.670367375,2026-06-02 22:30:13.612169139
ACC_001443,victim,SBI,223,Hyderabad,Telangana,none,0,0,0,1,0,none,2024-12-30 19:40:07.803800154,2025-02-06 01:03:08.210265380
ACC_001444,victim,IndusInd Bank,54,Chennai,Tamil Nadu,none,0,0,2,1,0,none,2024-08-25 02:20:14.544494737,2025-09-28 20:29:39.452536560
ACC_001445,intermediary,Punjab National Bank,97,Bengaluru,Karnataka,prior_flagged,1,0,0,1,1,intermediary_mule,2024-12-16 06:43:28.338451695,2025-05-06 16:45:17.669800521
ACC_001446,victim,Axis Bank,146,Surat,Gujarat,none,0,0,1,1,0,none,2025-07-11 03:44:12.764768384,2025-09-04 19:55:49.511374542
ACC_001447,victim,IndusInd Bank,234,Kolkata,West Bengal,none,0,0,0,1,0,none,2025-10-21 04:43:28.286281697,2026-02-15 11:52:49.079269239
ACC_001448,ordinary_recipient,Axis Bank,139,Thane,Maharashtra,none,0,0,1,1,0,none,2025-08-25 22:04:36.519193470,2025-11-05 02:51:33.616672012
ACC_001449,intermediary,ICICI Bank,219,Pune,Maharashtra,none,1,0,0,1,1,intermediary_mule,2026-04-19 05:55:08.797434658,2026-05-16 09:19:32.282909218
ACC_001450,victim,Union Bank of India,230,Hyderabad,Telangana,none,0,1,1,1,0,none,2026-05-21 01:43:41.543475047,2026-06-15 08:21:46.127092291
ACC_001451,victim,Kotak Mahindra Bank,145,Nagpur,Maharashtra,none,0,0,5,4,0,none,2024-06-28 12:34:52.539013598,2026-05-14 08:29:26.168297896
ACC_001452,ordinary_recipient,Bank of Baroda,176,Mumbai,Maharashtra,none,0,1,1,1,0,none,2026-04-11 07:49:37.429050893,2026-05-30 13:12:30.389198967
ACC_001453,ordinary_recipient,SBI,110,Mumbai,Maharashtra,none,2,0,0,1,0,none,2024-04-07 04:29:32.326274835,2025-05-24 20:17:56.773621409
ACC_001454,ordinary_recipient,Axis Bank,190,Delhi,Delhi,prior_flagged,0,1,1,1,0,none,2026-05-21 17:28:54.919908062,2026-06-12 14:27:52.460057945
ACC_001455,victim,Union Bank of India,87,Bengaluru,Karnataka,none,0,0,1,1,0,none,2024-08-24 06:18:56.651723128,2025-07-08 19:14:25.634840525
ACC_001456,intermediary,IndusInd Bank,205,Chennai,Tamil Nadu,none,4,0,1,1,1,intermediary_mule,2024-08-30 03:12:50.558746979,2025-09-10 13:53:34.339433046
ACC_001457,ordinary_recipient,SBI,39,Kolkata,West Bengal,none,0,1,3,1,0,none,2025-01-19 00:40:18.941444412,2025-11-15 11:53:33.383683516
ACC_001458,mule,SBI,18,Surat,Gujarat,none,2,1,0,1,1,cashout_mule,2024-06-14 13:36:48.223562784,2025-06-16 11:10:23.288028194
ACC_001459,high_volume,SBI,14,Ahmedabad,Gujarat,none,0,0,4,3,0,none,2026-01-24 01:14:26.212033637,2026-05-27 18:50:53.776833311
ACC_001460,mule,Yes Bank,94,Delhi,Delhi,prior_flagged,3,0,2,1,1,cashout_mule,2024-04-23 15:15:36.957112534,2025-03-01 04:51:06.055363869
ACC_001461,victim,Kotak Mahindra Bank,41,Bengaluru,Karnataka,none,1,0,1,1,0,none,2025-02-04 04:36:37.451769315,2025-03-31 15:20:04.830487275
ACC_001462,ordinary_recipient,SBI,159,Pune,Maharashtra,none,0,1,3,2,0,none,2026-04-06 10:03:32.469541341,2026-05-30 19:25:01.073873709
ACC_001463,ordinary_recipient,Canara Bank,148,Surat,Gujarat,none,0,0,3,2,0,none,2025-08-01 20:08:50.105993152,2026-04-23 06:30:36.777483021
ACC_001464,victim,Canara Bank,201,Bengaluru,Karnataka,none,0,0,2,1,0,none,2025-07-07 03:03:07.782680281,2026-04-12 06:35:02.744312663
ACC_001465,victim,HDFC Bank,76,Pune,Maharashtra,none,0,1,2,1,0,none,2026-06-25 02:54:04.723131120,2026-06-26 08:25:32.144983992
ACC_001466,victim,Punjab National Bank,209,Chennai,Tamil Nadu,none,0,0,2,2,0,none,2024-01-21 13:00:47.295129224,2025-08-19 16:29:22.987868151
ACC_001467,intermediary,Axis Bank,216,Bengaluru,Karnataka,none,2,0,1,1,1,intermediary_mule,2024-10-18 07:58:08.872103889,2026-06-29 02:59:43.301861555
ACC_001468,mule,Union Bank of India,226,Indore,Madhya Pradesh,none,1,6,5,5,1,first_hop_mule,2024-04-23 21:23:53.937892336,2024-07-16 05:47:27.917831528
ACC_001469,ordinary_recipient,Bank of Baroda,212,Mumbai,Maharashtra,none,0,0,0,1,0,none,2024-06-17 03:35:51.458668975,2025-07-10 11:29:22.417887318
ACC_001470,mule,Canara Bank,175,Nagpur,Maharashtra,none,3,4,2,2,1,first_hop_mule,2024-07-15 18:43:20.480898555,2025-02-18 21:27:12.000765625
ACC_001471,ordinary_recipient,Canara Bank,22,Surat,Gujarat,none,0,0,2,1,0,none,2025-07-25 02:19:31.358796634,2026-04-20 00:52:01.665617859
ACC_001472,mule,Axis Bank,37,Delhi,Delhi,none,2,9,1,1,1,first_hop_mule,2024-09-04 21:20:52.685613025,2025-04-08 05:16:34.635238678
ACC_001473,victim,SBI,241,Nashik,Maharashtra,none,0,0,0,1,0,none,2025-08-28 01:43:48.348611861,2026-04-09 11:53:51.405643824
ACC_001474,victim,Punjab National Bank,72,Hyderabad,Telangana,prior_flagged,0,0,2,2,0,none,2025-11-03 09:09:17.421509661,2025-12-11 16:03:06.335490219
ACC_001475,ordinary_recipient,Bank of Baroda,248,Chennai,Tamil Nadu,prior_flagged,0,0,1,1,0,none,2025-01-01 03:25:17.425673567,2025-02-06 15:07:36.479667846
ACC_001476,mule,Union Bank of India,158,Mumbai,Maharashtra,none,1,3,0,1,1,cashout_mule,2025-05-03 14:15:34.298770897,2025-06-16 13:37:18.984762296
ACC_001477,mule,IDFC First Bank,150,Pune,Maharashtra,none,1,2,0,1,1,first_hop_mule,2024-04-30 08:03:47.860479668,2024-11-22 03:20:39.410708913
ACC_001478,high_volume,SBI,164,Nashik,Maharashtra,none,0,0,2,2,0,none,2025-11-16 15:42:25.472525232,2026-05-27 02:07:44.968939180
ACC_001479,mule,IndusInd Bank,93,Pune,Maharashtra,none,5,1,3,3,1,cashout_mule,2025-01-16 19:36:07.761158738,2025-04-06 10:10:15.725636342
ACC_001480,victim,Punjab National Bank,2,Delhi,Delhi,none,1,0,1,1,0,none,2026-01-30 08:27:50.811051600,2026-02-04 09:11:18.908225724
ACC_001481,victim,IDFC First Bank,63,Nagpur,Maharashtra,none,0,0,2,1,0,none,2025-04-24 09:15:48.883087397,2026-04-27 18:02:21.730248706
ACC_001482,ordinary_recipient,ICICI Bank,129,Kolkata,West Bengal,prior_flagged,0,1,1,1,0,none,2025-09-26 18:03:43.787450351,2026-01-08 07:30:29.596832983
ACC_001483,ordinary_recipient,Yes Bank,61,Hyderabad,Telangana,none,0,0,0,1,0,none,2024-11-22 16:03:07.234695487,2025-11-01 16:25:36.024959726
ACC_001484,ordinary_recipient,Bank of Baroda,254,Delhi,Delhi,none,0,0,0,1,0,none,2024-12-04 16:22:16.216848183,2025-01-21 15:23:48.499852199
ACC_001485,victim,Canara Bank,122,Navi Mumbai,Maharashtra,none,0,2,0,1,0,none,2025-02-01 15:49:14.038900889,2026-05-13 10:28:05.345903998
ACC_001486,ordinary_recipient,ICICI Bank,16,Delhi,Delhi,none,1,1,2,1,0,none,2025-08-02 10:15:06.743295059,2026-01-16 16:28:58.892766080
ACC_001487,mule,Yes Bank,104,Navi Mumbai,Maharashtra,none,1,4,2,1,1,first_hop_mule,2025-04-06 10:51:00.810195714,2025-05-16 17:13:47.787728140
ACC_001488,victim,Union Bank of India,96,Surat,Gujarat,prior_confirmed_fraud,0,0,4,3,0,none,2026-01-02 16:42:01.029054232,2026-04-25 16:58:06.890281960
ACC_001489,ordinary_recipient,Axis Bank,174,Navi Mumbai,Maharashtra,none,0,0,1,1,0,none,2024-02-19 22:05:23.876692337,2024-12-30 16:50:17.327852082
ACC_001490,victim,IDFC First Bank,153,Jaipur,Rajasthan,none,1,1,1,1,0,none,2026-03-31 09:27:58.121989563,2026-05-02 09:57:42.283990483
ACC_001491,ordinary_recipient,ICICI Bank,111,Hyderabad,Telangana,none,0,0,4,5,0,none,2026-04-23 14:51:56.417391807,2026-05-21 03:00:35.883567910
ACC_001492,ordinary_recipient,Axis Bank,243,Ahmedabad,Gujarat,none,0,1,2,1,0,none,2024-08-10 08:28:15.100223858,2025-07-26 06:29:38.165713898
ACC_001493,victim,ICICI Bank,164,Jaipur,Rajasthan,prior_flagged,0,1,1,1,0,none,2024-04-01 19:22:26.838072095,2025-08-22 03:42:36.819026306
ACC_001494,mule,Kotak Mahindra Bank,20,Ahmedabad,Gujarat,none,3,2,2,2,1,cashout_mule,2025-06-04 23:03:52.352905452,2025-08-01 01:37:33.945942114
ACC_001495,ordinary_recipient,IDFC First Bank,87,Hyderabad,Telangana,none,0,0,3,3,0,none,2024-02-28 11:00:59.794599590,2025-12-02 14:05:34.346707815
ACC_001496,victim,Bank of Baroda,217,Pune,Maharashtra,none,0,0,2,2,0,none,2024-07-28 06:30:10.502144579,2024-08-16 07:38:22.097108506
ACC_001497,intermediary,Canara Bank,181,Chennai,Tamil Nadu,prior_confirmed_fraud,1,0,0,1,1,intermediary_mule,2025-04-07 09:25:25.170175694,2026-02-15 01:07:17.784044654
ACC_001498,mule,ICICI Bank,80,Mumbai,Maharashtra,none,3,5,0,1,1,cashout_mule,2025-07-13 04:22:23.318541810,2025-09-15 16:04:07.196231333
ACC_001499,ordinary_recipient,IDFC First Bank,73,Delhi,Delhi,none,0,2,3,1,0,none,2024-06-26 00:16:50.581899682,2025-05-19 23:24:27.925052576
ACC_001500,victim,Union Bank of India,78,Jaipur,Rajasthan,prior_confirmed_fraud,0,1,2,2,0,none,2026-04-29 17:22:58.087441549,2026-06-03 03:12:34.126864379
ACC_001501,ordinary_recipient,Yes Bank,149,Hyderabad,Telangana,none,0,1,2,1,0,none,2024-06-14 04:26:53.495987579,2025-10-10 00:15:24.822792252
ACC_001502,victim,Axis Bank,71,Pune,Maharashtra,none,0,0,0,1,0,none,2024-05-19 23:31:49.255216828,2026-01-19 21:13:14.904010258
ACC_001503,victim,Axis Bank,113,Jaipur,Rajasthan,prior_flagged,0,0,1,1,0,none,2024-05-27 20:57:50.910028074,2025-06-25 19:07:18.320497810
ACC_001504,ordinary_recipient,Canara Bank,230,Mumbai,Maharashtra,none,0,2,0,1,0,none,2026-04-26 19:07:45.793888837,2026-06-22 07:17:29.223473284
ACC_001505,intermediary,SBI,156,Jaipur,Rajasthan,none,2,1,0,1,1,intermediary_mule,2026-03-11 13:26:58.474733442,2026-06-25 00:51:38.387263329
ACC_001506,victim,Yes Bank,43,Kolkata,West Bengal,none,1,0,1,1,0,none,2024-01-31 02:24:19.641908718,2026-06-08 21:35:32.727670851
ACC_001507,mule,Punjab National Bank,150,Thane,Maharashtra,prior_confirmed_fraud,2,4,3,3,1,first_hop_mule,2025-10-23 22:43:02.606693581,2026-01-11 12:49:35.831332168
ACC_001508,ordinary_recipient,Canara Bank,19,Mumbai,Maharashtra,none,0,1,2,1,0,none,2024-03-07 22:45:26.649936060,2024-04-04 02:31:03.293431028
ACC_001509,ordinary_recipient,ICICI Bank,139,Surat,Gujarat,none,1,1,0,1,0,none,2024-03-09 14:35:23.032169751,2025-11-02 14:08:48.125262662
ACC_001510,mule,Punjab National Bank,207,Mumbai,Maharashtra,none,1,4,1,1,1,first_hop_mule,2024-03-10 06:06:20.518316326,2024-10-08 06:54:58.937964646
ACC_001511,victim,Kotak Mahindra Bank,97,Indore,Madhya Pradesh,none,1,0,2,2,0,none,2026-01-25 18:49:59.051612876,2026-05-24 22:35:36.541493960
ACC_001512,ordinary_recipient,Kotak Mahindra Bank,227,Delhi,Delhi,none,0,0,0,1,0,none,2025-01-24 09:27:09.615302987,2025-01-27 00:03:08.052151816
ACC_001513,victim,Union Bank of India,234,Nagpur,Maharashtra,none,0,0,0,1,0,none,2025-05-22 10:53:33.824385643,2026-04-01 01:59:43.490153471
ACC_001514,victim,Yes Bank,67,Chennai,Tamil Nadu,none,1,0,2,1,0,none,2024-01-29 01:42:36.039771033,2024-03-31 00:04:59.263633783
ACC_001515,ordinary_recipient,IDFC First Bank,82,Bengaluru,Karnataka,prior_confirmed_fraud,0,0,5,3,0,none,2026-03-31 17:05:45.995746151,2026-06-19 02:33:23.812093307
ACC_001516,victim,Canara Bank,253,Delhi,Delhi,none,0,0,2,2,0,none,2026-06-13 14:56:36.560757801,2026-06-24 06:56:45.663466679
ACC_001517,victim,SBI,56,Hyderabad,Telangana,none,0,1,1,1,0,none,2024-08-02 05:56:39.169340011,2024-11-22 22:06:13.834807828
ACC_001518,victim,Kotak Mahindra Bank,242,Nagpur,Maharashtra,none,0,0,1,1,0,none,2025-08-21 02:02:52.655922323,2026-01-26 23:45:58.989906719
ACC_001519,victim,HDFC Bank,115,Mumbai,Maharashtra,none,0,1,1,1,0,none,2025-09-10 09:20:52.147199221,2026-02-05 05:12:04.755602461
ACC_001520,ordinary_recipient,Punjab National Bank,32,Ahmedabad,Gujarat,none,0,0,3,2,0,none,2026-05-30 06:45:04.411350757,2026-06-26 06:49:16.831352832
ACC_001521,victim,IndusInd Bank,244,Bengaluru,Karnataka,none,0,0,1,1,0,none,2025-03-16 17:03:47.082967326,2025-11-22 01:30:50.898594855
ACC_001522,victim,IDFC First Bank,41,Chennai,Tamil Nadu,prior_flagged,0,0,4,4,0,none,2024-08-04 17:45:52.973861840,2025-08-21 21:56:26.554703953
ACC_001523,ordinary_recipient,ICICI Bank,160,Hyderabad,Telangana,none,0,0,1,1,0,none,2024-11-24 05:13:10.257482957,2025-05-29 03:00:02.574421373
ACC_001524,ordinary_recipient,ICICI Bank,99,Hyderabad,Telangana,none,1,0,1,1,0,none,2025-08-05 16:28:13.556839921,2026-04-01 20:44:29.416799495
ACC_001525,high_volume,Axis Bank,254,Pune,Maharashtra,prior_flagged,1,0,1,1,0,none,2025-03-06 10:27:30.057851568,2025-03-30 14:34:29.132168821
ACC_001526,intermediary,Union Bank of India,175,Lucknow,Uttar Pradesh,none,2,1,0,1,1,intermediary_mule,2024-03-13 08:09:50.585194836,2026-06-03 02:57:53.860212588
ACC_001527,intermediary,Axis Bank,208,Delhi,Delhi,none,3,1,2,1,1,intermediary_mule,2026-01-05 12:15:19.037245527,2026-04-21 21:37:45.498460295
ACC_001528,ordinary_recipient,Kotak Mahindra Bank,2,Lucknow,Uttar Pradesh,none,1,1,4,2,0,none,2026-02-26 08:22:20.178322271,2026-06-10 21:59:31.325683637
ACC_001529,victim,Kotak Mahindra Bank,94,Ahmedabad,Gujarat,none,2,1,1,1,0,none,2025-03-11 18:15:16.226472728,2026-03-17 22:54:16.414108679
ACC_001530,victim,HDFC Bank,159,Chennai,Tamil Nadu,none,0,0,1,1,0,none,2025-04-21 21:09:23.209101386,2025-07-25 14:03:09.469469278
ACC_001531,high_volume,Canara Bank,95,Delhi,Delhi,none,0,0,4,3,0,none,2025-03-23 19:45:29.468925431,2025-08-04 17:11:51.347587726
ACC_001532,high_volume,Yes Bank,222,Mumbai,Maharashtra,none,1,0,1,1,0,none,2025-04-27 14:22:14.995486461,2025-08-24 16:46:45.193306758
ACC_001533,ordinary_recipient,Bank of Baroda,211,Nashik,Maharashtra,none,0,0,0,1,0,none,2024-04-03 11:44:05.312318342,2024-10-04 20:27:32.265629246
ACC_001534,ordinary_recipient,Kotak Mahindra Bank,124,Chennai,Tamil Nadu,none,0,1,3,2,0,none,2025-01-30 00:56:58.014497235,2025-02-07 05:55:48.906151728
ACC_001535,victim,Union Bank of India,96,Nagpur,Maharashtra,none,0,1,1,1,0,none,2025-02-12 00:20:44.162669554,2026-04-03 23:01:03.793407978
ACC_001536,victim,Canara Bank,21,Mumbai,Maharashtra,prior_confirmed_fraud,0,0,0,1,0,none,2026-06-27 22:01:34.395485476,2026-06-29 00:54:17.071076818
ACC_001537,ordinary_recipient,Axis Bank,223,Bengaluru,Karnataka,none,0,0,1,1,0,none,2024-02-14 07:45:10.750973769,2025-07-10 16:31:38.504756721
ACC_001538,victim,Kotak Mahindra Bank,50,Thane,Maharashtra,none,1,0,1,1,0,none,2024-10-11 08:36:19.672849055,2025-08-15 11:31:36.434665039
ACC_001539,ordinary_recipient,Kotak Mahindra Bank,203,Nashik,Maharashtra,none,0,0,2,1,0,none,2025-03-27 20:26:25.961420342,2025-05-23 22:52:21.046407804
ACC_001540,mule,Yes Bank,160,Bengaluru,Karnataka,none,4,2,4,2,1,first_hop_mule,2026-02-10 19:57:12.930752948,2026-04-12 12:33:26.923326280
ACC_001541,mule,IndusInd Bank,164,Mumbai,Maharashtra,none,0,1,1,1,1,cashout_mule,2025-02-24 04:29:17.817819528,2025-07-18 07:20:38.912065809
ACC_001542,intermediary,Kotak Mahindra Bank,160,Mumbai,Maharashtra,none,2,0,1,1,1,intermediary_mule,2024-09-22 02:33:53.916824657,2026-04-21 06:45:09.268400896
ACC_001543,victim,Yes Bank,130,Pune,Maharashtra,prior_flagged,0,0,0,1,0,none,2025-05-02 15:06:15.074323259,2026-02-23 12:00:24.646969922
ACC_001544,ordinary_recipient,IDFC First Bank,38,Hyderabad,Telangana,none,0,1,3,2,0,none,2024-09-27 14:11:38.577045709,2025-01-09 18:12:23.675178301
ACC_001545,ordinary_recipient,Bank of Baroda,240,Lucknow,Uttar Pradesh,none,0,0,0,1,0,none,2025-05-14 12:30:02.425720982,2026-02-27 08:17:05.313240176
ACC_001546,ordinary_recipient,Kotak Mahindra Bank,162,Pune,Maharashtra,none,0,1,2,2,0,none,2025-09-20 11:06:16.918126628,2026-02-22 09:31:44.606854026
ACC_001547,suspicious_hub,Canara Bank,244,Chennai,Tamil Nadu,none,1,5,5,4,1,hub_account,2025-04-28 13:01:31.443312548,2025-06-02 10:57:03.381831766
ACC_001548,victim,IDFC First Bank,80,Navi Mumbai,Maharashtra,none,0,0,2,1,0,none,2025-07-09 09:03:51.718031064,2025-08-03 02:40:42.830651363
ACC_001549,victim,ICICI Bank,66,Hyderabad,Telangana,none,0,1,1,1,0,none,2024-02-05 06:31:05.322552037,2024-06-13 09:16:46.510482709
ACC_001550,ordinary_recipient,IDFC First Bank,27,Thane,Maharashtra,none,0,0,2,1,0,none,2025-08-23 04:00:17.771347858,2026-05-02 02:18:42.245864862
ACC_001551,ordinary_recipient,IndusInd Bank,130,Ahmedabad,Gujarat,none,0,0,1,1,0,none,2026-06-02 08:58:58.185625613,2026-06-25 07:15:11.864863823
ACC_001552,ordinary_recipient,IndusInd Bank,144,Kolkata,West Bengal,prior_flagged,0,1,1,1,0,none,2025-03-23 21:19:15.253657334,2025-12-30 13:03:15.581861700
ACC_001553,victim,SBI,156,Chennai,Tamil Nadu,none,0,1,0,1,0,none,2026-01-01 06:24:46.047151156,2026-01-04 01:49:05.796038808
ACC_001554,victim,Canara Bank,178,Mumbai,Maharashtra,none,0,0,2,1,0,none,2025-05-15 01:15:58.895554319,2025-09-22 08:57:09.311387606
ACC_001555,ordinary_recipient,Bank of Baroda,210,Ahmedabad,Gujarat,none,0,1,2,2,0,none,2025-10-03 08:13:41.135158531,2026-01-19 10:49:04.008964471
ACC_001556,ordinary_recipient,Punjab National Bank,68,Thane,Maharashtra,none,0,1,4,4,0,none,2024-10-09 07:55:09.651097149,2025-04-06 02:44:50.980298522
ACC_001557,victim,Kotak Mahindra Bank,17,Bengaluru,Karnataka,none,0,0,2,1,0,none,2026-05-30 19:31:03.817922607,2026-06-17 08:32:03.774037384
ACC_001558,intermediary,Yes Bank,201,Kolkata,West Bengal,none,2,0,0,1,1,intermediary_mule,2024-07-14 23:55:47.623782970,2024-08-28 11:28:46.419393278
ACC_001559,ordinary_recipient,SBI,181,Hyderabad,Telangana,none,0,1,1,1,0,none,2024-05-24 22:30:37.535411588,2024-06-09 05:40:03.328067313
ACC_001560,victim,Canara Bank,17,Ahmedabad,Gujarat,none,0,1,0,1,0,none,2024-02-11 11:20:43.108528835,2025-07-06 15:20:05.593931002
ACC_001561,victim,ICICI Bank,164,Chennai,Tamil Nadu,prior_confirmed_fraud,0,1,3,3,0,none,2025-05-08 00:35:25.644955181,2025-08-26 14:12:10.247732416
ACC_001562,victim,Canara Bank,70,Kolkata,West Bengal,none,0,2,0,1,0,none,2025-07-17 19:38:58.220936157,2026-03-13 04:03:06.008171690
ACC_001563,victim,IDFC First Bank,205,Nashik,Maharashtra,none,0,0,1,1,0,none,2025-08-14 17:08:54.305874810,2026-04-19 23:43:36.919250872
ACC_001564,ordinary_recipient,Union Bank of India,116,Delhi,Delhi,none,0,1,0,1,0,none,2024-06-05 21:40:09.059111737,2025-09-09 16:47:02.184571409
ACC_001565,high_volume,HDFC Bank,78,Bengaluru,Karnataka,prior_flagged,0,1,4,2,0,none,2025-08-16 11:01:14.051498130,2026-06-26 17:28:09.854498535
ACC_001566,victim,Kotak Mahindra Bank,126,Hyderabad,Telangana,none,0,0,4,4,0,none,2024-05-30 09:53:23.744328456,2025-10-01 09:56:49.632799563
ACC_001567,victim,Union Bank of India,116,Chennai,Tamil Nadu,none,0,0,0,1,0,none,2025-11-18 19:10:13.311626561,2026-05-10 06:39:44.083264654
ACC_001568,intermediary,Union Bank of India,161,Bengaluru,Karnataka,none,4,0,1,1,1,intermediary_mule,2024-09-07 17:56:52.046219740,2025-11-04 23:32:30.938726650
ACC_001569,ordinary_recipient,Punjab National Bank,189,Chennai,Tamil Nadu,none,0,0,3,2,0,none,2025-01-19 11:36:42.977511156,2026-03-19 13:29:09.338641426
ACC_001570,ordinary_recipient,IndusInd Bank,82,Thane,Maharashtra,none,0,1,1,1,0,none,2024-11-30 13:03:07.554006089,2025-07-13 17:00:32.614362711
ACC_001571,ordinary_recipient,ICICI Bank,112,Delhi,Delhi,none,0,0,2,1,0,none,2024-11-30 23:53:47.991067920,2025-08-08 04:30:06.100722963
ACC_001572,victim,Union Bank of India,43,Lucknow,Uttar Pradesh,none,0,0,4,3,0,none,2025-10-18 18:42:29.875452027,2026-01-11 23:47:05.782718174
ACC_001573,victim,ICICI Bank,251,Pune,Maharashtra,none,0,0,0,1,0,none,2026-06-27 23:18:25.650168732,2026-06-29 03:22:38.974682690
ACC_001574,high_volume,IDFC First Bank,251,Thane,Maharashtra,none,1,0,1,1,0,none,2025-04-25 09:32:15.676111221,2025-10-03 17:16:16.274342080
ACC_001575,ordinary_recipient,Punjab National Bank,52,Kolkata,West Bengal,prior_confirmed_fraud,0,1,0,1,0,none,2024-12-31 08:18:51.735828441,2026-06-23 09:02:38.519507033
ACC_001576,victim,Union Bank of India,30,Navi Mumbai,Maharashtra,none,0,0,5,2,0,none,2024-09-24 13:26:14.646703906,2025-10-17 13:21:37.181390754
ACC_001577,high_volume,HDFC Bank,81,Delhi,Delhi,none,0,0,4,2,0,none,2025-07-22 21:35:31.203059845,2025-11-14 17:49:58.762363017
ACC_001578,ordinary_recipient,Canara Bank,2,Chennai,Tamil Nadu,none,0,0,2,1,0,none,2025-02-15 00:40:11.341498502,2025-10-27 02:19:18.518543263
ACC_001579,victim,Kotak Mahindra Bank,125,Bengaluru,Karnataka,none,0,1,2,2,0,none,2025-12-05 01:17:00.337678939,2026-05-15 14:21:59.177034009
ACC_001580,high_volume,Canara Bank,141,Lucknow,Uttar Pradesh,prior_flagged,0,1,2,1,0,none,2025-07-06 16:39:04.807534449,2026-04-21 12:44:04.774791185
ACC_001581,ordinary_recipient,IndusInd Bank,134,Jaipur,Rajasthan,none,0,2,4,2,0,none,2025-01-10 06:14:57.238270123,2025-12-17 13:56:30.019946193
ACC_001582,mule,IndusInd Bank,40,Bengaluru,Karnataka,none,4,2,3,3,1,first_hop_mule,2026-05-18 04:38:16.950380117,2026-05-18 07:01:56.385059662
ACC_001583,victim,Kotak Mahindra Bank,242,Surat,Gujarat,none,0,0,1,1,0,none,2024-01-11 06:17:19.245695008,2026-03-03 15:42:57.098742084
ACC_001584,victim,Canara Bank,172,Nashik,Maharashtra,none,0,0,1,1,0,none,2025-09-20 02:57:58.212643102,2026-06-04 11:38:34.160818336
ACC_001585,high_volume,HDFC Bank,233,Pune,Maharashtra,none,0,1,2,1,0,none,2025-01-09 05:32:39.896031421,2026-04-22 02:31:31.211078800
ACC_001586,victim,SBI,171,Chennai,Tamil Nadu,prior_confirmed_fraud,0,0,2,1,0,none,2024-04-20 19:08:23.066039076,2025-10-09 19:49:43.987310991
ACC_001587,intermediary,Punjab National Bank,82,Hyderabad,Telangana,none,4,0,4,3,1,intermediary_mule,2024-03-25 10:41:36.095628257,2024-04-16 20:16:24.586812994
ACC_001588,mule,ICICI Bank,131,Pune,Maharashtra,none,0,4,2,2,1,cashout_mule,2025-08-14 12:42:37.184087574,2026-06-14 06:37:04.714939685
ACC_001589,victim,Kotak Mahindra Bank,10,Delhi,Delhi,none,0,0,4,3,0,none,2024-05-14 14:54:43.780686162,2024-07-06 06:22:32.336534975
ACC_001590,intermediary,Axis Bank,88,Pune,Maharashtra,none,0,0,0,1,1,intermediary_mule,2026-02-18 21:14:47.959131420,2026-03-10 11:38:12.123645389
ACC_001591,intermediary,Punjab National Bank,226,Pune,Maharashtra,none,1,0,1,1,1,intermediary_mule,2024-10-10 06:07:46.173249219,2025-11-08 10:00:22.211886635
ACC_001592,intermediary,Union Bank of India,179,Delhi,Delhi,none,3,0,1,1,1,intermediary_mule,2024-11-09 05:46:49.105353247,2025-08-12 06:59:56.310274903
ACC_001593,ordinary_recipient,Bank of Baroda,79,Lucknow,Uttar Pradesh,prior_flagged,0,0,0,1,0,none,2025-08-24 08:57:38.372601733,2026-04-15 01:35:51.249094175
ACC_001594,ordinary_recipient,HDFC Bank,154,Ahmedabad,Gujarat,prior_flagged,0,0,1,1,0,none,2024-07-19 13:39:47.250178161,2025-10-12 08:59:10.971014361
ACC_001595,victim,Bank of Baroda,39,Bengaluru,Karnataka,none,1,0,2,1,0,none,2024-01-07 09:54:19.009810553,2024-01-11 04:52:12.252499067
ACC_001596,victim,Yes Bank,73,Bengaluru,Karnataka,none,0,1,2,1,0,none,2025-02-10 03:36:45.693631828,2025-12-31 16:12:27.200521439
ACC_001597,intermediary,IDFC First Bank,91,Mumbai,Maharashtra,none,6,0,3,1,1,intermediary_mule,2025-04-25 21:33:48.506300732,2026-04-30 00:29:03.343856611
ACC_001598,suspicious_hub,ICICI Bank,30,Delhi,Delhi,prior_confirmed_fraud,6,0,11,6,1,hub_account,2025-02-10 05:03:35.559264973,2026-04-16 08:45:45.045752629
ACC_001599,victim,IDFC First Bank,135,Hyderabad,Telangana,none,0,1,0,1,0,none,2025-02-21 05:31:50.296890996,2025-05-09 22:53:23.670142917
ACC_001600,ordinary_recipient,Yes Bank,35,Kolkata,West Bengal,none,1,0,3,2,0,none,2025-08-29 11:42:54.972244084,2025-12-13 06:19:57.329990239
ACC_001601,high_volume,Canara Bank,144,Delhi,Delhi,none,0,0,1,1,0,none,2026-02-09 10:08:22.707842708,2026-02-26 05:24:54.586825049
ACC_001602,ordinary_recipient,Yes Bank,148,Lucknow,Uttar Pradesh,none,0,0,2,2,0,none,2024-11-28 23:24:49.029557459,2026-02-06 08:25:02.006785515
ACC_001603,victim,Kotak Mahindra Bank,94,Ahmedabad,Gujarat,none,0,0,3,3,0,none,2025-12-20 18:36:19.581571668,2026-04-19 18:43:41.435069241
ACC_001604,victim,IndusInd Bank,118,Mumbai,Maharashtra,none,0,0,1,1,0,none,2024-02-27 02:31:04.314678555,2025-04-15 18:14:59.878754019
ACC_001605,ordinary_recipient,HDFC Bank,95,Lucknow,Uttar Pradesh,none,1,1,0,1,0,none,2025-03-13 12:25:24.071648896,2025-08-02 10:45:26.446295867
ACC_001606,intermediary,SBI,176,Pune,Maharashtra,none,4,0,2,1,1,intermediary_mule,2024-12-08 16:11:08.165413711,2026-03-01 00:03:30.525669353
ACC_001607,victim,Bank of Baroda,139,Lucknow,Uttar Pradesh,none,0,0,0,1,0,none,2025-02-28 11:19:29.296149842,2026-03-20 12:38:08.835824947
ACC_001608,victim,Bank of Baroda,12,Hyderabad,Telangana,none,0,1,3,3,0,none,2024-03-24 08:04:18.668055599,2025-05-04 20:50:17.587349145
ACC_001609,mule,Kotak Mahindra Bank,206,Delhi,Delhi,prior_flagged,1,2,4,3,1,cashout_mule,2024-05-06 11:21:51.686360262,2024-08-12 02:02:12.124445345
ACC_001610,mule,IDFC First Bank,252,Delhi,Delhi,none,2,4,0,1,1,cashout_mule,2024-09-24 08:38:45.061948553,2025-07-20 21:12:41.527433044
ACC_001611,high_volume,IDFC First Bank,101,Bengaluru,Karnataka,none,0,0,5,5,0,none,2024-09-06 04:29:43.719653305,2026-04-22 05:10:36.330532691
ACC_001612,mule,IndusInd Bank,145,Ahmedabad,Gujarat,none,2,3,1,1,1,cashout_mule,2024-12-16 19:45:06.050449640,2025-11-09 00:20:26.618567076
ACC_001613,ordinary_recipient,Axis Bank,172,Ahmedabad,Gujarat,prior_flagged,1,0,1,1,0,none,2025-02-20 13:30:29.121656932,2026-02-28 08:51:08.188848808
ACC_001614,intermediary,Kotak Mahindra Bank,55,Delhi,Delhi,none,2,3,2,2,1,intermediary_mule,2024-07-20 11:42:57.205734834,2025-02-14 13:24:20.735225924
ACC_001615,ordinary_recipient,Canara Bank,177,Ahmedabad,Gujarat,none,1,0,1,1,0,none,2025-07-18 02:38:08.241588935,2025-11-14 03:35:48.419556502
ACC_001616,ordinary_recipient,ICICI Bank,53,Bengaluru,Karnataka,none,0,1,4,2,0,none,2024-12-08 08:57:45.450644486,2025-02-12 23:18:52.613619597
ACC_001617,victim,Kotak Mahindra Bank,26,Delhi,Delhi,none,0,0,0,1,0,none,2024-02-24 18:47:51.996095801,2024-12-14 07:10:07.011026387
ACC_001618,ordinary_recipient,Punjab National Bank,227,Pune,Maharashtra,none,1,0,0,1,0,none,2024-08-10 00:11:05.610499591,2024-12-04 20:52:56.638868803
ACC_001619,victim,Punjab National Bank,198,Ahmedabad,Gujarat,none,0,1,1,1,0,none,2025-05-25 07:03:37.558084480,2025-12-27 06:23:48.932461560
ACC_001620,intermediary,Punjab National Bank,22,Hyderabad,Telangana,none,1,0,0,1,1,intermediary_mule,2025-07-06 20:45:43.852597013,2025-11-24 21:36:50.518985921
ACC_001621,victim,Bank of Baroda,20,Delhi,Delhi,prior_flagged,0,0,3,2,0,none,2025-12-29 11:47:06.929475151,2026-05-31 00:33:25.635192823
ACC_001622,victim,IDFC First Bank,28,Chennai,Tamil Nadu,prior_flagged,0,0,4,4,0,none,2024-08-11 15:08:43.522177290,2025-05-01 16:57:20.052298239
ACC_001623,suspicious_hub,SBI,232,Jaipur,Rajasthan,none,2,1,17,20,1,hub_account,2025-05-27 04:16:03.290423751,2025-08-19 20:42:48.830178422
ACC_001624,mule,IndusInd Bank,203,Navi Mumbai,Maharashtra,prior_flagged,1,1,0,1,1,cashout_mule,2025-03-09 17:33:52.237536475,2025-04-18 22:25:38.564161372
ACC_001625,mule,ICICI Bank,255,Delhi,Delhi,none,0,1,2,1,1,first_hop_mule,2026-02-11 23:56:08.763558783,2026-03-18 20:28:06.029445578
ACC_001626,ordinary_recipient,Bank of Baroda,246,Delhi,Delhi,none,0,0,1,1,0,none,2025-10-27 00:32:21.488986984,2026-04-16 13:23:46.373802753
ACC_001627,victim,Union Bank of India,210,Mumbai,Maharashtra,none,0,1,2,1,0,none,2024-04-30 05:43:48.173023539,2025-09-07 10:30:30.587100194
ACC_001628,victim,IndusInd Bank,115,Nagpur,Maharashtra,prior_confirmed_fraud,0,0,1,1,0,none,2026-05-23 10:38:16.950253263,2026-06-15 17:26:01.422254558
ACC_001629,mule,SBI,215,Kolkata,West Bengal,none,4,3,0,1,1,first_hop_mule,2024-11-19 14:24:46.331939131,2026-04-07 16:32:57.868474853
ACC_001630,intermediary,Union Bank of India,26,Pune,Maharashtra,none,4,0,2,1,1,intermediary_mule,2026-05-19 15:11:10.048391476,2026-05-30 02:10:43.704016463
ACC_001631,victim,Kotak Mahindra Bank,40,Ahmedabad,Gujarat,none,0,0,2,1,0,none,2024-09-16 20:04:22.761011355,2025-07-20 09:35:07.071608472
ACC_001632,victim,Bank of Baroda,179,Surat,Gujarat,none,1,1,0,1,0,none,2025-03-03 04:52:42.492877789,2025-05-23 13:41:17.915078581
ACC_001633,victim,Bank of Baroda,1,Pune,Maharashtra,none,0,1,2,1,0,none,2025-05-16 11:20:27.014019385,2025-08-14 01:48:02.909906106
ACC_001634,ordinary_recipient,HDFC Bank,71,Delhi,Delhi,none,0,0,0,1,0,none,2024-02-27 22:22:08.368774183,2025-01-09 08:25:00.470893210
ACC_001635,victim,HDFC Bank,80,Thane,Maharashtra,none,1,0,2,1,0,none,2025-10-13 23:18:48.448576696,2026-04-15 03:00:27.202938669
ACC_001636,victim,Kotak Mahindra Bank,246,Chennai,Tamil Nadu,none,1,0,1,1,0,none,2024-04-05 09:23:14.671079502,2026-02-14 08:55:33.100412464
ACC_001637,ordinary_recipient,IDFC First Bank,34,Bengaluru,Karnataka,none,0,0,0,1,0,none,2024-05-29 13:15:17.851564914,2025-01-18 11:30:44.744951579
ACC_001638,ordinary_recipient,Punjab National Bank,234,Hyderabad,Telangana,none,0,0,1,1,0,none,2024-09-21 09:51:19.954464823,2025-06-05 14:25:09.736241981
ACC_001639,ordinary_recipient,Union Bank of India,198,Kolkata,West Bengal,none,0,0,1,1,0,none,2026-05-25 05:45:25.132416472,2026-06-25 23:35:07.971363191
ACC_001640,victim,HDFC Bank,228,Kolkata,West Bengal,none,0,1,1,1,0,none,2026-06-05 12:12:51.760901362,2026-06-24 14:49:41.840714421
ACC_001641,victim,Canara Bank,203,Bengaluru,Karnataka,none,0,0,1,1,0,none,2025-03-21 18:24:52.896129847,2026-02-05 22:24:34.020123605
ACC_001642,victim,Yes Bank,1,Jaipur,Rajasthan,prior_confirmed_fraud,0,0,1,1,0,none,2025-04-30 20:31:57.602529332,2025-10-20 22:48:25.291849981
ACC_001643,ordinary_recipient,SBI,19,Lucknow,Uttar Pradesh,prior_flagged,0,0,6,3,0,none,2024-07-11 23:44:16.504032072,2025-03-13 20:57:23.691277487
ACC_001644,victim,HDFC Bank,244,Hyderabad,Telangana,none,0,1,1,1,0,none,2025-01-15 20:03:45.137025770,2026-02-03 08:56:11.652944453
ACC_001645,intermediary,Union Bank of India,104,Mumbai,Maharashtra,none,2,1,1,1,1,intermediary_mule,2026-06-15 19:19:16.141655907,2026-06-17 03:06:55.821788702
ACC_001646,victim,IndusInd Bank,178,Kolkata,West Bengal,none,0,0,2,2,0,none,2025-12-21 09:52:40.462872617,2026-04-03 23:45:32.831805988
ACC_001647,mule,Canara Bank,240,Jaipur,Rajasthan,none,3,4,1,1,1,cashout_mule,2025-09-27 07:55:53.629654966,2025-10-14 02:13:23.312830444
ACC_001648,victim,SBI,13,Bengaluru,Karnataka,none,0,1,1,1,0,none,2024-09-10 15:15:49.263327158,2025-10-25 09:29:47.796350835
ACC_001649,ordinary_recipient,HDFC Bank,82,Chennai,Tamil Nadu,none,1,0,3,1,0,none,2025-11-26 03:31:38.719382562,2026-03-28 20:10:02.114049281
ACC_001650,ordinary_recipient,ICICI Bank,187,Delhi,Delhi,none,0,0,2,1,0,none,2026-05-30 12:44:04.657576591,2026-06-01 08:27:32.277175029
ACC_001651,victim,HDFC Bank,144,Bengaluru,Karnataka,none,0,0,0,1,0,none,2026-06-19 00:36:35.872828856,2026-06-23 15:11:53.700902530
ACC_001652,victim,Union Bank of India,239,Kolkata,West Bengal,none,0,1,1,1,0,none,2025-06-30 09:51:20.186877757,2025-09-08 13:49:12.722956520
ACC_001653,victim,Axis Bank,127,Jaipur,Rajasthan,none,0,0,1,1,0,none,2024-05-26 10:14:43.773914739,2026-01-26 15:35:31.896792155
ACC_001654,ordinary_recipient,IndusInd Bank,90,Mumbai,Maharashtra,none,0,0,2,1,0,none,2026-05-28 06:25:39.803712159,2026-06-27 03:52:38.465825741
ACC_001655,intermediary,ICICI Bank,82,Mumbai,Maharashtra,prior_flagged,1,1,1,1,1,intermediary_mule,2025-05-08 04:42:17.903054886,2025-09-16 16:04:21.420762335
ACC_001656,ordinary_recipient,SBI,176,Delhi,Delhi,none,0,0,1,1,0,none,2024-02-04 22:16:42.109346946,2024-03-01 14:43:49.307532520
ACC_001657,ordinary_recipient,IDFC First Bank,63,Delhi,Delhi,none,0,0,4,3,0,none,2024-03-15 05:51:03.481647836,2026-04-05 08:41:01.037793738
ACC_001658,victim,Axis Bank,87,Kolkata,West Bengal,prior_flagged,0,0,3,2,0,none,2025-06-09 21:10:02.984631702,2026-05-01 02:56:44.428221370
ACC_001659,ordinary_recipient,IDFC First Bank,108,Mumbai,Maharashtra,prior_flagged,0,0,0,1,0,none,2026-01-30 22:51:52.036886066,2026-05-30 12:25:29.152642403
ACC_001660,mule,Canara Bank,170,Kolkata,West Bengal,none,1,5,1,1,1,cashout_mule,2026-05-07 17:25:28.201361477,2026-05-26 17:04:54.268511834
ACC_001661,victim,Union Bank of India,5,Bengaluru,Karnataka,none,0,0,3,3,0,none,2026-05-10 09:09:04.065747797,2026-05-14 09:58:57.238438604
ACC_001662,victim,IndusInd Bank,137,Chennai,Tamil Nadu,none,0,0,1,1,0,none,2025-06-11 02:49:35.107564487,2026-06-20 08:28:55.824346002
ACC_001663,victim,HDFC Bank,123,Bengaluru,Karnataka,none,0,0,1,1,0,none,2026-06-13 01:31:51.555708453,2026-06-21 10:05:13.573616500
ACC_001664,victim,Bank of Baroda,34,Kolkata,West Bengal,none,0,0,0,1,0,none,2024-05-16 06:46:08.406720238,2025-02-16 13:19:26.112176183
ACC_001665,high_volume,HDFC Bank,88,Delhi,Delhi,none,2,1,2,1,0,none,2024-03-27 05:48:48.651334649,2025-12-28 06:03:52.681541154
ACC_001666,victim,Kotak Mahindra Bank,2,Nagpur,Maharashtra,prior_flagged,1,0,2,2,0,none,2024-01-28 13:59:44.613890436,2025-09-12 02:12:12.020315488
ACC_001667,victim,Yes Bank,259,Hyderabad,Telangana,none,0,1,1,1,0,none,2025-12-06 05:37:27.838993520,2025-12-14 20:22:20.474542395
ACC_001668,victim,Punjab National Bank,198,Delhi,Delhi,none,0,1,0,1,0,none,2026-04-15 00:28:32.229280904,2026-06-26 20:08:13.751925534
ACC_001669,victim,Kotak Mahindra Bank,209,Nashik,Maharashtra,none,0,1,3,3,0,none,2026-02-04 02:07:27.088348180,2026-04-26 05:23:25.089876106
ACC_001670,victim,HDFC Bank,58,Lucknow,Uttar Pradesh,none,0,0,2,1,0,none,2026-05-06 00:12:20.410778865,2026-05-16 08:38:30.716105031
ACC_001671,victim,HDFC Bank,113,Chennai,Tamil Nadu,none,1,0,0,1,0,none,2025-05-14 06:57:19.686786763,2025-05-20 20:45:08.596774579
ACC_001672,victim,SBI,106,Navi Mumbai,Maharashtra,none,0,0,2,2,0,none,2025-11-26 03:08:17.143809721,2026-03-25 08:12:16.810023745
ACC_001673,victim,Punjab National Bank,25,Kolkata,West Bengal,none,0,0,2,2,0,none,2024-11-02 17:49:28.811031986,2025-10-27 16:42:01.791078698
ACC_001674,mule,Union Bank of India,232,Pune,Maharashtra,none,2,4,1,1,1,cashout_mule,2025-11-29 08:28:51.368594527,2025-12-20 12:55:02.096891968
ACC_001675,ordinary_recipient,SBI,16,Delhi,Delhi,none,0,1,2,1,0,none,2025-11-17 00:35:51.780526869,2026-03-19 14:53:00.659910122
ACC_001676,mule,Yes Bank,220,Pune,Maharashtra,none,3,6,2,1,1,first_hop_mule,2025-01-31 20:01:16.722938858,2025-09-10 19:28:50.622770348
ACC_001677,victim,Canara Bank,43,Mumbai,Maharashtra,none,0,0,2,1,0,none,2024-02-09 20:53:31.784640834,2025-02-25 02:24:20.377950288
ACC_001678,victim,HDFC Bank,166,Delhi,Delhi,none,0,0,2,1,0,none,2024-08-30 13:34:23.985530999,2026-06-13 11:08:11.703014185
ACC_001679,suspicious_hub,Bank of Baroda,259,Bengaluru,Karnataka,none,3,3,5,3,1,hub_account,2026-03-17 09:41:08.391610876,2026-04-17 08:27:06.545723578
ACC_001680,victim,Kotak Mahindra Bank,72,Nashik,Maharashtra,none,0,1,2,1,0,none,2025-06-18 23:59:53.620327190,2026-05-17 10:39:53.103999688
ACC_001681,ordinary_recipient,Yes Bank,69,Mumbai,Maharashtra,none,0,1,3,2,0,none,2025-01-04 00:57:31.586153131,2025-07-09 18:08:02.831674483
ACC_001682,victim,Union Bank of India,33,Pune,Maharashtra,none,0,1,2,2,0,none,2026-05-13 01:51:05.339630917,2026-05-21 16:18:18.365211382
ACC_001683,victim,Yes Bank,257,Pune,Maharashtra,none,0,1,1,1,0,none,2024-11-29 19:53:08.251229826,2025-02-25 17:05:29.464223746
ACC_001684,ordinary_recipient,Axis Bank,47,Hyderabad,Telangana,prior_confirmed_fraud,0,0,1,1,0,none,2024-10-25 21:12:18.603626113,2026-05-24 15:55:33.021814835
ACC_001685,ordinary_recipient,SBI,202,Pune,Maharashtra,none,1,0,3,2,0,none,2025-12-02 22:07:30.054504797,2025-12-07 19:00:03.966868295
ACC_001686,victim,Punjab National Bank,246,Bengaluru,Karnataka,none,0,0,0,1,0,none,2024-11-19 16:22:49.540590461,2025-03-28 09:35:07.499741050
ACC_001687,ordinary_recipient,Yes Bank,188,Bengaluru,Karnataka,none,0,1,2,1,0,none,2025-02-10 12:26:35.397918835,2025-08-01 06:45:04.260581235
ACC_001688,ordinary_recipient,IndusInd Bank,164,Pune,Maharashtra,none,0,0,3,3,0,none,2025-10-20 03:49:20.704717748,2026-04-04 05:24:03.312734204
ACC_001689,ordinary_recipient,Bank of Baroda,26,Kolkata,West Bengal,none,0,0,1,1,0,none,2025-01-26 20:08:51.522375508,2025-08-09 22:34:08.335155140
ACC_001690,mule,Punjab National Bank,108,Chennai,Tamil Nadu,none,4,7,3,1,1,first_hop_mule,2024-10-20 14:30:12.791894484,2024-11-02 04:58:53.785049036
ACC_001691,ordinary_recipient,Canara Bank,168,Chennai,Tamil Nadu,none,0,2,1,1,0,none,2024-01-15 00:27:41.456993688,2025-04-22 17:19:52.472349897
ACC_001692,victim,Axis Bank,245,Delhi,Delhi,none,0,0,1,1,0,none,2026-02-22 23:29:42.554325834,2026-06-15 07:47:35.137091489
ACC_001693,victim,HDFC Bank,81,Nashik,Maharashtra,none,0,0,1,1,0,none,2025-04-24 19:51:06.229541071,2026-05-12 02:13:12.856868305
ACC_001694,mule,HDFC Bank,139,Hyderabad,Telangana,none,0,5,0,1,1,first_hop_mule,2026-02-14 13:31:12.225719191,2026-06-28 20:40:49.850590273
ACC_001695,victim,IndusInd Bank,2,Surat,Gujarat,none,0,0,1,1,0,none,2025-07-16 20:30:00.878118299,2025-11-13 01:21:39.394167860
ACC_001696,intermediary,Canara Bank,105,Delhi,Delhi,none,3,1,3,1,1,intermediary_mule,2024-07-01 19:22:11.172551399,2024-09-28 23:36:24.664204883
ACC_001697,mule,IDFC First Bank,155,Chennai,Tamil Nadu,none,0,4,3,3,1,first_hop_mule,2024-11-26 20:09:03.718487944,2025-01-06 04:23:42.230549668
ACC_001698,victim,Bank of Baroda,33,Delhi,Delhi,none,0,1,0,1,0,none,2025-01-15 02:55:57.939607080,2026-04-20 10:36:22.718461130
ACC_001699,mule,Axis Bank,229,Lucknow,Uttar Pradesh,none,0,3,0,1,1,first_hop_mule,2025-11-04 21:22:08.296960555,2026-05-01 07:10:39.287682229
ACC_001700,victim,IndusInd Bank,22,Pune,Maharashtra,prior_flagged,0,0,2,1,0,none,2025-05-14 09:15:31.247658640,2026-01-27 16:53:48.583297677
ACC_001701,victim,IndusInd Bank,198,Delhi,Delhi,none,0,0,2,2,0,none,2025-08-02 20:30:45.606347874,2026-01-14 08:30:33.317414807
ACC_001702,high_volume,Canara Bank,174,Bengaluru,Karnataka,prior_flagged,0,0,0,1,0,none,2025-11-17 01:20:41.365419403,2026-02-27 22:22:09.678433658
ACC_001703,mule,IndusInd Bank,223,Kolkata,West Bengal,none,2,1,3,2,1,first_hop_mule,2024-09-06 11:42:14.416057073,2025-07-30 05:49:49.676023993
ACC_001704,ordinary_recipient,ICICI Bank,15,Chennai,Tamil Nadu,none,0,0,0,1,0,none,2026-03-14 11:52:07.238014475,2026-04-22 14:38:08.249285609
ACC_001705,mule,HDFC Bank,246,Kolkata,West Bengal,none,2,2,0,1,1,first_hop_mule,2025-02-16 22:26:50.042515032,2025-10-11 08:31:32.636495189
ACC_001706,victim,SBI,22,Kolkata,West Bengal,none,0,1,2,2,0,none,2025-08-25 06:46:08.548693746,2025-10-29 05:08:55.539411109
ACC_001707,mule,Punjab National Bank,251,Bengaluru,Karnataka,none,0,1,1,1,1,first_hop_mule,2024-07-17 18:46:30.212446544,2024-10-09 15:48:32.951094103
ACC_001708,high_volume,Yes Bank,250,Thane,Maharashtra,none,0,0,1,1,0,none,2024-07-31 14:27:11.803645927,2024-12-26 04:05:13.401847867
ACC_001709,mule,HDFC Bank,47,Jaipur,Rajasthan,none,3,4,2,1,1,first_hop_mule,2025-10-31 13:48:29.948120020,2026-06-22 23:45:35.098876649
ACC_001710,ordinary_recipient,Union Bank of India,154,Nagpur,Maharashtra,none,0,0,2,1,0,none,2024-11-15 05:16:42.462819837,2026-06-24 11:43:22.268542307
ACC_001711,victim,ICICI Bank,185,Mumbai,Maharashtra,none,1,0,1,1,0,none,2026-03-08 23:56:26.282643661,2026-06-01 22:05:03.663145419
ACC_001712,intermediary,Canara Bank,232,Thane,Maharashtra,none,4,0,2,1,1,intermediary_mule,2025-08-28 14:01:49.324036852,2026-05-11 06:36:59.392527638
ACC_001713,victim,Yes Bank,52,Bengaluru,Karnataka,none,0,0,0,1,0,none,2025-08-29 04:56:16.316584043,2025-09-29 18:31:56.038631658
ACC_001714,intermediary,Bank of Baroda,44,Delhi,Delhi,none,2,1,1,1,1,intermediary_mule,2024-12-12 10:09:51.635839667,2025-02-19 21:09:16.772000698
ACC_001715,victim,Kotak Mahindra Bank,157,Chennai,Tamil Nadu,none,0,0,3,2,0,none,2026-04-02 07:59:01.936910719,2026-04-10 13:09:15.992593305
ACC_001716,victim,SBI,247,Hyderabad,Telangana,none,1,0,0,1,0,none,2026-05-10 13:35:50.128069967,2026-05-13 18:05:22.083099922
ACC_001717,victim,IndusInd Bank,149,Mumbai,Maharashtra,none,0,0,2,1,0,none,2024-08-22 23:35:01.514523285,2026-01-10 04:45:53.650685301
ACC_001718,ordinary_recipient,Kotak Mahindra Bank,184,Nashik,Maharashtra,none,0,0,3,1,0,none,2025-04-13 18:23:45.774399117,2025-05-08 17:02:09.300187115
ACC_001719,victim,Kotak Mahindra Bank,223,Jaipur,Rajasthan,none,0,1,2,2,0,none,2026-04-06 05:09:28.486724302,2026-06-25 16:18:20.139812815
ACC_001720,victim,HDFC Bank,82,Kolkata,West Bengal,none,1,0,1,1,0,none,2024-04-02 06:23:52.216516048,2025-09-19 17:57:56.062469363
ACC_001721,intermediary,HDFC Bank,104,Jaipur,Rajasthan,none,3,0,0,1,1,intermediary_mule,2024-09-28 02:16:02.008301586,2025-01-15 10:32:21.363041932
ACC_001722,victim,IDFC First Bank,235,Mumbai,Maharashtra,none,0,0,2,1,0,none,2026-05-19 11:34:53.045315564,2026-06-22 10:10:33.974539892
ACC_001723,ordinary_recipient,IndusInd Bank,57,Lucknow,Uttar Pradesh,none,0,0,2,1,0,none,2025-03-17 19:27:45.119215831,2026-04-08 06:41:49.206212098
ACC_001724,ordinary_recipient,Yes Bank,28,Jaipur,Rajasthan,none,0,1,2,2,0,none,2026-05-16 20:24:31.888061553,2026-06-10 17:54:01.501091702
ACC_001725,ordinary_recipient,Bank of Baroda,15,Delhi,Delhi,none,0,2,1,1,0,none,2024-12-12 07:59:57.282218479,2025-02-01 17:00:51.517879887
ACC_001726,ordinary_recipient,IndusInd Bank,232,Chennai,Tamil Nadu,prior_flagged,0,0,3,2,0,none,2025-04-25 13:15:07.621841282,2025-10-15 01:35:23.808984634
ACC_001727,intermediary,Union Bank of India,190,Pune,Maharashtra,none,1,0,3,3,1,intermediary_mule,2025-02-17 16:56:34.172369614,2025-11-17 11:46:01.250163087
ACC_001728,ordinary_recipient,SBI,172,Chennai,Tamil Nadu,none,1,0,1,1,0,none,2025-02-20 12:31:50.327380382,2026-02-23 07:30:13.413483763
ACC_001729,ordinary_recipient,Kotak Mahindra Bank,86,Kolkata,West Bengal,prior_confirmed_fraud,0,0,2,2,0,none,2026-04-16 00:52:31.604772642,2026-05-08 09:55:15.040674701
ACC_001730,victim,Bank of Baroda,132,Bengaluru,Karnataka,prior_confirmed_fraud,2,1,1,1,0,none,2025-09-24 19:40:14.888351277,2026-05-25 17:09:19.320463347
ACC_001731,ordinary_recipient,Union Bank of India,129,Mumbai,Maharashtra,none,0,1,0,1,0,none,2026-05-11 13:28:22.790300310,2026-05-23 22:58:49.333830868
ACC_001732,victim,Canara Bank,229,Delhi,Delhi,none,1,0,1,1,0,none,2024-10-27 04:53:16.013791308,2026-06-28 21:35:29.307929040
ACC_001733,ordinary_recipient,Punjab National Bank,253,Chennai,Tamil Nadu,none,0,0,3,3,0,none,2026-06-24 10:29:45.522205487,2026-06-25 01:51:22.766669286
ACC_001734,ordinary_recipient,Bank of Baroda,4,Chennai,Tamil Nadu,none,0,0,1,1,0,none,2025-10-06 16:22:32.008167304,2026-05-16 12:16:35.680400612
ACC_001735,mule,HDFC Bank,158,Bengaluru,Karnataka,none,3,0,2,1,1,cashout_mule,2024-04-29 14:57:58.884830605,2024-08-12 06:09:57.702766670
ACC_001736,ordinary_recipient,Canara Bank,145,Indore,Madhya Pradesh,none,0,1,1,1,0,none,2025-01-11 04:35:17.037499353,2026-02-21 06:41:01.961425545
ACC_001737,ordinary_recipient,Kotak Mahindra Bank,164,Mumbai,Maharashtra,none,0,0,2,1,0,none,2024-08-14 12:52:21.932361208,2026-03-27 18:00:17.136996029
ACC_001738,victim,Kotak Mahindra Bank,132,Thane,Maharashtra,none,0,0,0,1,0,none,2024-08-02 12:04:59.451833304,2025-03-08 10:48:11.904170026
ACC_001739,ordinary_recipient,Yes Bank,251,Pune,Maharashtra,none,0,1,2,2,0,none,2026-04-26 19:44:35.673166499,2026-05-03 07:49:24.631058698
ACC_001740,high_volume,HDFC Bank,41,Ahmedabad,Gujarat,none,0,0,2,1,0,none,2026-05-24 12:20:08.662013128,2026-06-29 23:55:13.632114592
ACC_001741,ordinary_recipient,Axis Bank,56,Kolkata,West Bengal,none,0,0,1,1,0,none,2024-01-13 21:44:26.632239536,2026-06-04 00:03:09.113734584
ACC_001742,victim,HDFC Bank,68,Kolkata,West Bengal,prior_flagged,0,3,1,1,0,none,2024-05-05 18:02:06.921733368,2025-12-21 01:03:31.947945506
ACC_001743,ordinary_recipient,Bank of Baroda,181,Jaipur,Rajasthan,none,0,1,1,1,0,none,2024-09-10 02:48:25.647161663,2025-05-22 09:10:40.771964105
ACC_001744,victim,Canara Bank,48,Delhi,Delhi,none,0,0,1,1,0,none,2026-02-11 06:53:07.780563936,2026-03-01 22:19:14.261350585
ACC_001745,ordinary_recipient,Punjab National Bank,74,Nagpur,Maharashtra,none,0,1,1,1,0,none,2025-07-10 17:12:57.912810139,2025-12-05 19:48:26.578706372
ACC_001746,victim,IDFC First Bank,64,Hyderabad,Telangana,none,0,1,2,1,0,none,2025-05-30 02:30:42.015582271,2026-03-11 06:50:17.751596015
ACC_001747,ordinary_recipient,SBI,67,Delhi,Delhi,none,0,1,2,1,0,none,2025-06-29 00:40:13.957384840,2025-08-23 18:56:00.540385932
ACC_001748,intermediary,SBI,183,Bengaluru,Karnataka,none,3,0,2,2,1,intermediary_mule,2026-05-15 23:38:04.581312180,2026-05-16 17:47:06.540130203
ACC_001749,victim,IndusInd Bank,47,Thane,Maharashtra,none,0,1,1,1,0,none,2024-09-08 05:52:55.749797776,2026-04-27 16:28:58.723309273
ACC_001750,ordinary_recipient,Punjab National Bank,250,Delhi,Delhi,none,0,0,4,4,0,none,2024-04-22 08:18:52.539627992,2025-11-02 09:29:59.713676206
ACC_001751,victim,IndusInd Bank,27,Bengaluru,Karnataka,none,0,0,0,1,0,none,2025-07-07 17:16:30.754598014,2026-03-12 14:45:48.102988185
ACC_001752,victim,ICICI Bank,169,Mumbai,Maharashtra,none,0,2,1,1,0,none,2026-06-01 15:21:12.681266457,2026-06-28 12:03:07.817939564
ACC_001753,ordinary_recipient,Kotak Mahindra Bank,6,Indore,Madhya Pradesh,none,0,0,1,1,0,none,2025-10-08 19:31:59.569427200,2026-02-23 09:02:53.236060964
ACC_001754,mule,IndusInd Bank,143,Mumbai,Maharashtra,none,0,3,5,6,1,cashout_mule,2026-03-23 17:13:55.637187675,2026-04-23 23:30:06.566059218
ACC_001755,intermediary,SBI,7,Lucknow,Uttar Pradesh,none,2,0,1,1,1,intermediary_mule,2026-03-27 10:17:41.185541525,2026-06-21 10:25:22.489736472
ACC_001756,victim,Axis Bank,128,Mumbai,Maharashtra,none,0,0,0,1,0,none,2024-07-18 17:50:13.326883446,2026-06-19 21:48:04.340451251
ACC_001757,victim,Canara Bank,57,Jaipur,Rajasthan,none,0,1,1,1,0,none,2025-09-16 13:55:28.687622659,2025-09-22 10:34:03.608329472
ACC_001758,ordinary_recipient,Bank of Baroda,37,Bengaluru,Karnataka,none,0,0,2,2,0,none,2026-02-24 11:35:51.296413288,2026-04-06 23:43:02.493729389
ACC_001759,ordinary_recipient,Punjab National Bank,75,Navi Mumbai,Maharashtra,none,0,0,0,1,0,none,2024-04-02 07:43:01.774794484,2025-01-24 00:21:53.983692990
ACC_001760,mule,Union Bank of India,195,Pune,Maharashtra,none,2,1,3,3,1,first_hop_mule,2025-08-16 11:55:17.032099693,2025-09-20 19:29:09.722938473
ACC_001761,mule,Axis Bank,76,Nagpur,Maharashtra,none,2,2,1,1,1,cashout_mule,2024-09-04 19:04:37.876050871,2025-01-29 17:50:29.586423320
ACC_001762,intermediary,HDFC Bank,237,Kolkata,West Bengal,none,2,0,1,1,1,intermediary_mule,2026-01-18 13:00:14.490689404,2026-01-22 12:21:50.747783427
ACC_001763,victim,Kotak Mahindra Bank,225,Thane,Maharashtra,none,0,0,2,2,0,none,2024-07-22 08:12:40.663190305,2025-11-27 03:59:46.162209080
ACC_001764,suspicious_hub,Axis Bank,97,Pune,Maharashtra,none,4,5,9,5,1,hub_account,2024-12-06 04:27:56.851686481,2025-02-05 05:00:59.596003143
ACC_001765,high_volume,SBI,117,Chennai,Tamil Nadu,none,0,0,2,1,0,none,2025-09-08 12:18:00.061925292,2026-05-27 21:47:07.595161787
ACC_001766,victim,Yes Bank,31,Hyderabad,Telangana,none,0,0,0,1,0,none,2025-05-21 08:34:59.334545612,2026-01-12 15:48:44.012221713
ACC_001767,victim,HDFC Bank,1,Delhi,Delhi,prior_flagged,0,1,1,1,0,none,2024-04-19 07:09:20.409400987,2025-01-29 19:57:23.173186665
ACC_001768,mule,Canara Bank,181,Mumbai,Maharashtra,none,1,5,3,3,1,first_hop_mule,2024-07-24 05:51:10.610857967,2026-02-15 02:54:02.425408415
ACC_001769,ordinary_recipient,Bank of Baroda,214,Bengaluru,Karnataka,none,0,0,0,1,0,none,2026-03-18 00:00:25.703321144,2026-05-24 16:04:33.072729012
ACC_001770,victim,Bank of Baroda,194,Pune,Maharashtra,none,0,0,3,2,0,none,2026-06-19 18:40:37.148548320,2026-06-27 11:24:38.915968784
ACC_001771,victim,Union Bank of India,166,Hyderabad,Telangana,none,0,0,0,1,0,none,2025-09-24 05:00:16.863654174,2026-05-26 22:12:08.120246388
ACC_001772,ordinary_recipient,Canara Bank,37,Pune,Maharashtra,none,0,0,4,4,0,none,2024-01-09 21:29:41.286282950,2026-01-07 11:51:02.856067386
ACC_001773,intermediary,ICICI Bank,170,Indore,Madhya Pradesh,none,3,0,0,1,1,intermediary_mule,2025-11-08 05:42:43.139503621,2026-05-09 08:55:34.612914405
ACC_001774,mule,Canara Bank,63,Hyderabad,Telangana,prior_flagged,1,0,3,3,1,cashout_mule,2025-08-08 14:44:18.915446624,2026-04-03 02:16:36.661689427
ACC_001775,high_volume,ICICI Bank,232,Hyderabad,Telangana,none,0,3,0,1,0,none,2025-01-10 04:02:24.905129436,2025-07-31 10:31:33.553624872
ACC_001776,ordinary_recipient,ICICI Bank,89,Ahmedabad,Gujarat,none,0,0,0,1,0,none,2024-07-26 17:59:37.121269073,2025-10-28 03:36:13.622376979
ACC_001777,mule,IndusInd Bank,13,Indore,Madhya Pradesh,none,2,3,0,1,1,cashout_mule,2024-05-30 22:49:04.373192485,2025-08-03 21:50:03.251186949
ACC_001778,victim,IndusInd Bank,84,Kolkata,West Bengal,none,0,1,2,1,0,none,2024-03-17 02:26:59.837572076,2026-05-30 11:32:42.437311460
ACC_001779,ordinary_recipient,Axis Bank,109,Hyderabad,Telangana,none,0,0,1,1,0,none,2025-08-05 09:00:26.964301296,2026-01-16 23:52:56.245135545
ACC_001780,intermediary,Punjab National Bank,72,Jaipur,Rajasthan,none,5,1,2,1,1,intermediary_mule,2024-11-03 06:10:16.596338384,2025-03-17 04:16:24.596034141
ACC_001781,mule,Bank of Baroda,32,Navi Mumbai,Maharashtra,none,1,6,0,1,1,first_hop_mule,2025-04-16 21:50:30.829506993,2025-11-03 21:27:20.396619281
ACC_001782,ordinary_recipient,Punjab National Bank,152,Kolkata,West Bengal,none,0,0,3,1,0,none,2025-04-23 11:09:20.727376208,2025-10-19 19:34:26.322119359
ACC_001783,victim,Axis Bank,75,Chennai,Tamil Nadu,none,0,0,3,2,0,none,2025-07-07 06:03:41.420167841,2025-12-21 20:42:51.010233449
ACC_001784,victim,HDFC Bank,221,Bengaluru,Karnataka,none,0,1,0,1,0,none,2025-06-25 15:09:14.337910265,2026-01-26 05:53:57.397296287
ACC_001785,ordinary_recipient,Yes Bank,121,Jaipur,Rajasthan,none,0,0,1,1,0,none,2025-04-17 21:05:38.099959634,2026-06-07 05:27:41.481377425
ACC_001786,victim,Kotak Mahindra Bank,152,Chennai,Tamil Nadu,none,0,0,1,1,0,none,2024-05-21 07:29:41.292375477,2024-12-23 15:45:09.479561226
ACC_001787,victim,Axis Bank,36,Chennai,Tamil Nadu,none,0,0,0,1,0,none,2024-01-25 15:16:18.237964811,2026-06-02 15:17:08.442282243
ACC_001788,mule,Canara Bank,42,Lucknow,Uttar Pradesh,none,4,3,3,2,1,first_hop_mule,2025-06-08 21:42:16.164679386,2026-04-05 21:32:50.820688521
ACC_001789,victim,HDFC Bank,197,Chennai,Tamil Nadu,prior_flagged,1,0,2,1,0,none,2025-01-20 13:16:55.402312919,2025-04-26 16:02:46.570830225
ACC_001790,ordinary_recipient,Kotak Mahindra Bank,37,Pune,Maharashtra,none,1,0,0,1,0,none,2025-01-08 14:50:03.645897273,2025-06-08 07:43:23.896990092
ACC_001791,victim,Union Bank of India,207,Navi Mumbai,Maharashtra,none,0,0,0,1,0,none,2025-01-26 18:57:19.890992627,2026-05-13 22:05:52.456018713
ACC_001792,victim,IDFC First Bank,251,Bengaluru,Karnataka,none,0,1,2,2,0,none,2024-04-13 10:28:57.820438910,2026-01-20 13:43:39.017266572
ACC_001793,victim,Canara Bank,96,Pune,Maharashtra,none,0,1,1,1,0,none,2024-06-12 07:30:52.990741959,2024-09-27 12:03:01.704040825
ACC_001794,victim,Punjab National Bank,3,Chennai,Tamil Nadu,none,0,0,3,2,0,none,2025-08-26 05:20:40.534248850,2026-02-22 03:21:04.690796764
ACC_001795,ordinary_recipient,IndusInd Bank,171,Ahmedabad,Gujarat,none,0,0,0,1,0,none,2025-04-13 01:19:05.301515013,2025-08-13 17:56:43.218453610
ACC_001796,ordinary_recipient,Canara Bank,243,Nashik,Maharashtra,none,1,0,1,1,0,none,2025-07-09 09:39:25.923166998,2026-02-18 08:09:45.023573983
ACC_001797,ordinary_recipient,Union Bank of India,132,Lucknow,Uttar Pradesh,none,0,1,2,1,0,none,2024-04-27 19:54:12.151018457,2024-09-12 12:13:38.070115316
ACC_001798,intermediary,ICICI Bank,121,Kolkata,West Bengal,none,5,0,1,1,1,intermediary_mule,2026-01-11 16:20:55.268563367,2026-03-12 06:24:00.243180400
ACC_001799,ordinary_recipient,HDFC Bank,199,Indore,Madhya Pradesh,none,0,0,2,1,0,none,2024-12-05 11:23:41.853866126,2025-07-15 12:41:11.634545286
ACC_001800,ordinary_recipient,IndusInd Bank,2,Navi Mumbai,Maharashtra,none,0,0,1,1,0,none,2025-07-12 12:12:21.389102846,2026-01-18 01:06:40.686816673
