complaint_id,complaint_timestamp,incident_timestamp,fraud_type,channel,reported_loss_amount,victim_state,victim_district,victim_city,victim_area,victim_pincode,victim_lat,victim_lon,victim_rural_urban,victim_bank,device_type,is_otp_shared,clicked_malicious_link,urgency_score,account_age_months,num_transactions,fraud_description_category
CASE_000001,2024-12-07 02:50:08.945935086,2024-12-06 23:42:53.334442850,Investment Scam,UPI,6905.5,Telangana,Hyderabad,Hyderabad,Area-50,44685,17.34924967695852,78.50239610742474,Semi-Urban,Kotak Mahindra Bank,Android,1,0,0.761,180,3,Investment Scam
CASE_000002,2024-11-09 07:44:12.802448708,2024-11-09 07:12:31.628322121,UPI Fraud,Wallet,59737.32,West Bengal,Kolkata,Kolkata,Area-40,51514,22.577105713365146,88.38229239292487,Semi-Urban,Kotak Mahindra Bank,Android,0,0,0.38,36,2,UPI Fraud
CASE_000003,2024-01-06 04:46:19.129871978,2024-01-06 03:18:06.106174240,Impersonation (Digital Arrest/Officer),UPI,80208.3,West Bengal,Kolkata,Kolkata,Area-39,81313,22.6375137273501,88.38483483800562,Urban,HDFC Bank,Desktop,0,0,0.679,102,1,Impersonation (Digital Arrest/Officer)
CASE_000004,2026-06-13 21:10:53.628519083,2026-06-13 18:55:38.564652354,UPI Fraud,UPI,8368.9,Rajasthan,Jaipur,Jaipur,Area-46,78517,26.883479681299477,75.79505834566629,Urban,Punjab National Bank,Android,1,0,0.326,62,5,UPI Fraud
CASE_000005,2025-07-06 15:49:23.315417245,2025-07-06 12:38:36.668415621,UPI Fraud,UPI,2668.06,Gujarat,Ahmedabad,Ahmedabad,Area-27,80863,23.072545909994787,72.44525403127831,Urban,Punjab National Bank,iOS,1,1,0.313,163,1,UPI Fraud
CASE_000006,2025-01-01 19:32:00.395740205,2025-01-01 12:30:46.920501739,Investment Scam,Card,110433.9,Maharashtra,Pune,Pune,Area-4,75285,18.520331126499176,73.8561341281899,Urban,Axis Bank,Android,1,0,0.514,154,3,Investment Scam
CASE_000007,2025-05-10 11:37:21.649851269,2025-05-10 08:57:41.478662133,Remote Access Scam,IMPS,30087.25,Karnataka,Bengaluru Urban,Bengaluru,Area-38,74430,12.955353274281766,77.60538725110246,Urban,Canara Bank,Android,1,1,0.843,193,4,Remote Access Scam
CASE_000008,2024-02-06 23:18:04.781686829,2024-02-06 22:04:59.064530457,OTP Fraud,UPI,1991.06,Maharashtra,Nashik,Nashik,Area-38,79990,19.969917047282483,73.76993198670681,Semi-Urban,Canara Bank,Android,1,1,0.614,89,4,OTP Fraud
CASE_000009,2024-06-07 08:45:25.116241974,2024-06-07 04:42:16.151389372,Card Fraud,IMPS,9967.43,Maharashtra,Nagpur,Nagpur,Area-51,66920,21.121042338819567,79.09944106527968,Urban,HDFC Bank,iOS,0,0,0.626,56,5,Card Fraud
CASE_000010,2025-07-21 22:14:32.948704870,2025-07-21 21:08:29.037839398,OTP Fraud,UPI,308288.17,Uttar Pradesh,Lucknow,Lucknow,Area-55,62130,26.819873003100028,80.92991134832427,Semi-Urban,Canara Bank,iOS,0,0,0.817,8,3,OTP Fraud
CASE_000011,2025-04-13 16:12:41.353566017,2025-04-13 11:49:06.448089607,Card Fraud,UPI,13101.95,Tamil Nadu,Chennai,Chennai,Area-20,77576,12.994580630839497,80.26070927636566,Urban,Kotak Mahindra Bank,Android,0,0,0.884,206,1,Card Fraud
CASE_000012,2025-12-18 02:22:58.541435047,2025-12-18 00:36:14.142563172,Remote Access Scam,UPI,7876.34,Madhya Pradesh,Indore,Indore,Area-57,41158,22.700999254165847,75.81416180205571,Urban,Bank of Baroda,Android,0,0,0.291,79,5,Remote Access Scam
CASE_000013,2025-08-23 12:03:38.144506217,2025-08-23 02:45:00.662028655,UPI Fraud,UPI,3263.82,Delhi,New Delhi,Delhi,Area-1,71930,28.530886069944728,77.20441614097794,Semi-Urban,Axis Bank,Android,0,0,0.318,181,4,UPI Fraud
CASE_000014,2025-07-01 23:54:50.694386104,2025-07-01 21:47:22.630607955,Remote Access Scam,IMPS,125128.38,Karnataka,Bengaluru Urban,Bengaluru,Area-58,69496,13.083626072235235,77.54959398641307,Urban,Kotak Mahindra Bank,Android,0,0,0.653,88,4,Remote Access Scam
CASE_000015,2026-01-12 17:47:33.373540317,2026-01-12 16:58:09.692152940,UPI Fraud,UPI,25148.04,Karnataka,Bengaluru Urban,Bengaluru,Area-9,53476,12.898358196113794,77.63111160112516,Urban,Punjab National Bank,Android,1,0,0.107,80,4,UPI Fraud
CASE_000016,2024-03-03 07:45:17.558371142,2024-03-03 04:30:16.343232319,UPI Fraud,UPI,46545.38,Maharashtra,Mumbai City,Mumbai,Area-39,53345,19.169386847014994,72.88761488503413,Urban,Canara Bank,Android,1,0,0.726,56,5,UPI Fraud
CASE_000017,2025-09-21 12:19:41.137671493,2025-09-21 09:32:56.101825036,UPI Fraud,UPI,13003.89,Maharashtra,Pune,Pune,Area-41,45611,18.52462368888803,73.9085992457867,Semi-Urban,Bank of Baroda,iOS,0,0,0.763,187,2,UPI Fraud
CASE_000018,2025-10-14 00:51:39.958627468,2025-10-13 21:40:31.279263720,OTP Fraud,IMPS,39317.35,Karnataka,Bengaluru Urban,Bengaluru,Area-38,49230,12.95001387751262,77.59451553628237,Urban,Canara Bank,iOS,0,0,0.536,69,4,OTP Fraud
CASE_000019,2024-09-07 18:32:20.220512469,2024-09-07 16:10:33.060733538,Card Fraud,ATM,5060.46,Maharashtra,Mumbai City,Mumbai,Area-59,51818,19.03407785659356,72.8661407497803,Rural,Axis Bank,iOS,0,0,0.705,71,3,Card Fraud
CASE_000020,2024-06-27 09:15:19.971157502,2024-06-27 05:41:01.147777410,Marketplace Fraud (OLX/e-commerce),IMPS,8284.78,Uttar Pradesh,Lucknow,Lucknow,Area-33,64541,26.723386545642104,80.89899188906108,Rural,SBI,iOS,0,1,0.221,169,3,Marketplace Fraud (OLX/e-commerce)
CASE_000021,2024-07-13 23:09:19.725372087,2024-07-13 19:40:13.884131879,Loan App Scam,Card,21715.09,Maharashtra,Thane,Thane,Area-8,65609,19.19973902703795,72.89131034925637,Semi-Urban,Axis Bank,Feature Phone,0,0,0.748,124,4,Loan App Scam
CASE_000022,2024-06-29 13:22:40.007171609,2024-06-29 12:09:06.617077637,Fake Customer Care,Wallet,54339.85,Maharashtra,Thane,Navi Mumbai,Area-36,61855,19.027215373800704,73.06889545611725,Urban,Canara Bank,Desktop,0,1,0.112,179,6,Fake Customer Care
CASE_000023,2025-04-22 11:51:27.974708388,2025-04-22 03:58:25.758898288,UPI Fraud,UPI,14054.91,West Bengal,Kolkata,Kolkata,Area-18,71266,22.54155008160287,88.30712022275924,Semi-Urban,Bank of Baroda,Android,0,0,0.919,25,1,UPI Fraud
CASE_000024,2024-05-03 15:28:30.434150223,2024-05-03 13:20:01.218128907,Fake Customer Care,UPI,5968.55,Maharashtra,Mumbai City,Mumbai,Area-37,75257,19.043841228573683,72.76318077595481,Urban,Bank of Baroda,Android,1,0,0.883,230,4,Fake Customer Care
CASE_000025,2025-08-23 15:41:02.000924506,2025-08-23 14:37:33.866661638,OTP Fraud,Card,10619.86,Uttar Pradesh,Lucknow,Lucknow,Area-23,43478,26.770044657317325,80.99975870348558,Semi-Urban,Bank of Baroda,Android,0,1,0.571,57,4,OTP Fraud
CASE_000026,2024-04-05 20:53:09.186642068,2024-04-05 17:25:51.793161230,Fake Customer Care,UPI,1878.57,Tamil Nadu,Chennai,Chennai,Area-3,56806,13.02080449839993,80.3155577321209,Urban,Punjab National Bank,Desktop,1,1,0.362,29,3,Fake Customer Care
CASE_000027,2024-01-25 14:32:38.223293163,2024-01-25 11:54:54.344676390,UPI Fraud,Net Banking,770.42,Maharashtra,Mumbai City,Mumbai,Area-38,69152,19.127660298418274,72.99185449140782,Urban,SBI,Android,0,0,0.977,27,4,UPI Fraud
CASE_000028,2024-10-18 04:09:31.423537234,2024-10-17 20:57:42.699011493,UPI Fraud,Net Banking,24697.95,Tamil Nadu,Chennai,Chennai,Area-6,61814,13.004780078670498,80.31869926191884,Urban,Axis Bank,Android,0,1,0.872,75,6,UPI Fraud
CASE_000029,2024-06-23 22:11:48.169828290,2024-06-23 18:49:15.598917155,Marketplace Fraud (OLX/e-commerce),UPI,4587.57,Telangana,Hyderabad,Hyderabad,Area-20,71550,17.404912987540133,78.39811126979474,Semi-Urban,SBI,Android,0,0,0.313,102,5,Marketplace Fraud (OLX/e-commerce)
CASE_000030,2026-06-19 17:41:38.557579922,2026-06-19 16:06:25.846149743,UPI Fraud,Net Banking,7423.76,West Bengal,Kolkata,Kolkata,Area-37,66605,22.594163117247227,88.34886810881409,Semi-Urban,ICICI Bank,iOS,1,1,0.917,19,2,UPI Fraud
CASE_000031,2024-10-03 04:23:42.372976708,2024-10-03 00:42:40.020101428,Phishing,Net Banking,27155.95,Gujarat,Ahmedabad,Ahmedabad,Area-52,49607,23.010539225426726,72.56273258078255,Urban,Bank of Baroda,iOS,0,0,0.898,149,6,Phishing
CASE_000032,2024-07-21 10:50:07.933234185,2024-07-21 07:12:33.036702599,Investment Scam,UPI,161050.68,Tamil Nadu,Chennai,Chennai,Area-19,69150,13.042887630854507,80.39820923895275,Urban,Kotak Mahindra Bank,iOS,0,1,0.769,147,3,Investment Scam
CASE_000033,2024-06-28 09:29:15.660471848,2024-06-28 06:10:31.515552578,UPI Fraud,NEFT,17817.51,Telangana,Hyderabad,Hyderabad,Area-18,69324,17.351600035720928,78.40945861211311,Semi-Urban,HDFC Bank,iOS,1,1,0.651,186,4,UPI Fraud
CASE_000034,2024-12-06 17:33:48.122471962,2024-12-06 13:55:11.678244643,UPI Fraud,IMPS,82526.94,Maharashtra,Nagpur,Nagpur,Area-18,40779,21.142324344648888,79.02808647949865,Semi-Urban,Bank of Baroda,Desktop,0,1,0.243,4,3,UPI Fraud
CASE_000035,2025-07-05 23:17:21.562931265,2025-07-05 22:16:48.891106620,Social Engineering (Romance/Job),UPI,34410.09,Tamil Nadu,Chennai,Chennai,Area-34,56470,13.043387614213104,80.34175618443192,Semi-Urban,HDFC Bank,Android,0,1,0.396,24,3,Social Engineering (Romance/Job)
CASE_000036,2025-12-13 13:16:57.003335034,2025-12-13 08:27:05.377002910,Fake Customer Care,UPI,16560.18,Gujarat,Surat,Surat,Area-12,66603,21.17406437001652,72.82315874185397,Urban,HDFC Bank,Desktop,1,0,0.34,50,4,Fake Customer Care
CASE_000037,2024-11-28 07:17:39.414171639,2024-11-28 03:05:42.290356010,Fake Customer Care,UPI,15471.41,Telangana,Hyderabad,Hyderabad,Area-32,66949,17.48439926646936,78.53870017010573,Semi-Urban,Canara Bank,iOS,0,0,0.437,105,5,Fake Customer Care
CASE_000038,2025-07-24 10:53:41.598159554,2025-07-24 06:13:46.227559969,Phishing,UPI,2647.22,Tamil Nadu,Chennai,Chennai,Area-48,67141,13.111909620137183,80.27272930479285,Semi-Urban,Punjab National Bank,Android,1,0,0.245,141,2,Phishing
CASE_000039,2025-03-15 06:05:56.852619078,2025-03-15 03:45:27.417529896,UPI Fraud,UPI,28327.79,Delhi,New Delhi,Delhi,Area-5,49504,28.69175229469596,77.29545041137435,Urban,HDFC Bank,Desktop,0,1,0.318,49,3,UPI Fraud
CASE_000040,2026-02-10 06:06:05.459306451,2026-02-10 03:46:27.301743492,Investment Scam,UPI,2351.36,West Bengal,Kolkata,Kolkata,Area-57,60424,22.612810681639836,88.42885839242867,Urban,HDFC Bank,Desktop,1,0,0.834,86,6,Investment Scam
CASE_000041,2025-06-02 13:34:39.290634602,2025-06-02 09:31:45.896851294,Investment Scam,NEFT,18176.5,Madhya Pradesh,Indore,Indore,Area-32,47195,22.74667213131909,75.82976498673163,Urban,SBI,iOS,0,0,0.522,123,8,Investment Scam
CASE_000042,2024-09-21 04:43:13.728702891,2024-09-21 02:11:29.450272724,UPI Fraud,NEFT,10149.94,Maharashtra,Thane,Thane,Area-38,46954,19.214662745404446,72.98006320758483,Urban,Axis Bank,Desktop,1,1,0.589,131,6,UPI Fraud
CASE_000043,2025-10-03 01:49:58.617149049,2025-10-02 23:13:54.447403394,Card Fraud,IMPS,5397.15,Maharashtra,Thane,Navi Mumbai,Area-37,57964,19.015800188578424,73.14489544049559,Semi-Urban,SBI,Android,1,0,0.513,126,4,Card Fraud
CASE_000044,2026-01-17 07:17:54.313384055,2026-01-17 01:53:23.878085211,Social Engineering (Romance/Job),Card,12042.72,Karnataka,Bengaluru Urban,Bengaluru,Area-56,54380,12.950082891685915,77.60514748819007,Urban,Punjab National Bank,Android,1,1,0.699,154,3,Social Engineering (Romance/Job)
CASE_000045,2025-02-28 05:32:15.439565755,2025-02-28 00:23:40.270154394,Impersonation (Digital Arrest/Officer),IMPS,209595.03,Karnataka,Bengaluru Urban,Bengaluru,Area-40,61951,12.966072660929152,77.59900880729118,Urban,Axis Bank,Android,1,1,0.889,181,5,Impersonation (Digital Arrest/Officer)
CASE_000046,2026-06-18 12:18:26.508454910,2026-06-18 08:04:49.551322877,Phishing,IMPS,36670.81,Telangana,Hyderabad,Hyderabad,Area-53,64131,17.352544420566964,78.58818842984766,Urban,Bank of Baroda,Desktop,1,0,0.215,201,6,Phishing
CASE_000047,2026-03-12 04:52:55.139628752,2026-03-11 20:34:26.999899954,Investment Scam,Wallet,16290.75,Maharashtra,Mumbai City,Mumbai,Area-17,51981,19.10663052696978,72.9158410882831,Semi-Urban,HDFC Bank,iOS,0,0,0.592,231,4,Investment Scam
CASE_000048,2024-06-28 13:39:05.002345215,2024-06-28 10:13:00.831238700,UPI Fraud,IMPS,5904.54,Delhi,New Delhi,Delhi,Area-13,46851,28.584578060470918,77.15923809295633,Semi-Urban,HDFC Bank,Feature Phone,0,1,0.776,94,5,UPI Fraud
CASE_000049,2025-12-17 19:01:23.891343874,2025-12-17 17:37:49.399766304,Phishing,IMPS,2672.06,Telangana,Hyderabad,Hyderabad,Area-38,79292,17.4068259741054,78.51317506297436,Urban,SBI,iOS,0,0,0.434,79,5,Phishing
CASE_000050,2025-07-01 13:37:12.652788333,2025-07-01 11:11:52.823267832,Investment Scam,NEFT,75226.3,Telangana,Hyderabad,Hyderabad,Area-10,64638,17.403468620329498,78.36658612244533,Semi-Urban,SBI,iOS,0,1,0.749,67,6,Investment Scam
CASE_000051,2025-05-02 07:12:14.452430666,2025-05-02 05:06:51.174973786,Investment Scam,Card,26319.0,Tamil Nadu,Chennai,Chennai,Area-7,74817,13.094710216468512,80.31006439677336,Urban,SBI,Android,0,0,0.877,84,3,Investment Scam
CASE_000052,2025-04-13 06:33:58.445957453,2025-04-13 04:45:11.725112461,Impersonation (Digital Arrest/Officer),UPI,3185.95,Tamil Nadu,Chennai,Chennai,Area-13,42387,13.07938292119291,80.2417382271619,Semi-Urban,ICICI Bank,Android,1,0,0.735,129,3,Impersonation (Digital Arrest/Officer)
CASE_000053,2026-02-16 14:46:23.766079010,2026-02-16 10:58:52.412862107,OTP Fraud,UPI,11057.48,Telangana,Hyderabad,Hyderabad,Area-16,80418,17.399300731759755,78.44555285677417,Semi-Urban,Kotak Mahindra Bank,Android,1,0,0.811,145,3,OTP Fraud
CASE_000054,2025-07-10 16:29:52.964559120,2025-07-10 12:07:21.563705996,UPI Fraud,Net Banking,16040.58,West Bengal,Kolkata,Kolkata,Area-6,50665,22.591972147900904,88.38496541333039,Urban,Punjab National Bank,iOS,1,1,0.471,17,3,UPI Fraud
CASE_000055,2025-05-05 01:06:45.740641342,2025-05-04 20:24:13.165973403,UPI Fraud,UPI,28551.22,Telangana,Hyderabad,Hyderabad,Area-43,48232,17.421706635726377,78.5100205886908,Rural,ICICI Bank,Android,0,0,0.46,239,5,UPI Fraud
CASE_000056,2024-02-14 15:17:32.953683483,2024-02-14 12:16:22.804888746,UPI Fraud,UPI,9129.9,Karnataka,Bengaluru Urban,Bengaluru,Area-35,74206,12.982249723567534,77.59101661889902,Urban,Canara Bank,Desktop,1,1,0.21,11,6,UPI Fraud
CASE_000057,2025-02-12 12:59:14.698809655,2025-02-12 09:41:38.199843958,UPI Fraud,UPI,6568.64,Telangana,Hyderabad,Hyderabad,Area-12,78324,17.364151882425748,78.49186546185233,Semi-Urban,Kotak Mahindra Bank,iOS,1,1,0.473,96,4,UPI Fraud
CASE_000058,2026-04-07 06:54:32.666682080,2026-04-07 05:25:14.565226734,Impersonation (Digital Arrest/Officer),UPI,246350.49,Maharashtra,Mumbai City,Mumbai,Area-17,44766,19.037480785343444,72.83416891217335,Urban,Kotak Mahindra Bank,Android,1,0,0.403,109,3,Impersonation (Digital Arrest/Officer)
CASE_000059,2025-10-10 13:35:49.756139048,2025-10-10 09:24:42.661406696,OTP Fraud,ATM,9969.09,Maharashtra,Pune,Pune,Area-55,47429,18.637979861969292,73.87495297117572,Semi-Urban,Canara Bank,Desktop,1,0,0.536,83,3,OTP Fraud
CASE_000060,2024-02-16 10:12:41.716443199,2024-02-16 10:03:27.994391059,Fake Customer Care,Net Banking,26208.51,Karnataka,Bengaluru Urban,Bengaluru,Area-54,55556,12.970210973295858,77.60241581603884,Urban,Bank of Baroda,iOS,0,0,0.617,53,5,Fake Customer Care
CASE_000061,2026-03-16 12:00:38.702606505,2026-03-16 07:36:26.125021398,Remote Access Scam,UPI,9840.81,Rajasthan,Jaipur,Jaipur,Area-8,60275,26.88367670132011,75.78620713314824,Urban,Canara Bank,iOS,0,1,0.366,127,6,Remote Access Scam
CASE_000062,2026-01-23 04:55:50.807726996,2026-01-23 02:15:07.661476478,Investment Scam,Net Banking,73988.4,Tamil Nadu,Chennai,Chennai,Area-37,50274,13.175394382227289,80.1880872897471,Urban,ICICI Bank,Android,1,0,0.911,2,6,Investment Scam
CASE_000063,2025-05-13 05:33:37.893953224,2025-05-13 00:42:12.966322176,UPI Fraud,UPI,1995.82,Maharashtra,Mumbai City,Mumbai,Area-20,42684,19.059847340526076,73.00380775484194,Rural,Kotak Mahindra Bank,Android,1,1,0.39,178,7,UPI Fraud
CASE_000064,2024-01-21 14:19:22.443990734,2024-01-21 09:52:23.126683448,Investment Scam,IMPS,20837.07,Telangana,Hyderabad,Hyderabad,Area-22,60197,17.399472454251118,78.39168988299502,Urban,SBI,Android,1,1,0.899,163,3,Investment Scam
CASE_000065,2025-05-27 12:32:56.458985172,2025-05-27 08:57:40.207287662,Phishing,Card,2881.91,Maharashtra,Pune,Pune,Area-36,54700,18.50337071440979,73.82751124539355,Urban,ICICI Bank,Android,1,0,0.678,185,2,Phishing
CASE_000066,2024-02-19 23:01:31.073393389,2024-02-19 17:32:05.955328969,Fake Customer Care,UPI,6104.92,West Bengal,Kolkata,Kolkata,Area-59,52460,22.615090780168327,88.40460779640885,Urban,Canara Bank,iOS,1,0,0.581,196,4,Fake Customer Care
CASE_000067,2024-10-19 08:35:38.745272109,2024-10-18 20:45:56.064649940,Investment Scam,Card,137074.52,Gujarat,Ahmedabad,Ahmedabad,Area-35,71703,23.01481689306069,72.60126891283765,Semi-Urban,HDFC Bank,Desktop,1,1,0.712,213,4,Investment Scam
CASE_000068,2025-07-27 07:05:53.286906259,2025-07-26 22:28:47.667682141,UPI Fraud,UPI,5046.46,Telangana,Hyderabad,Hyderabad,Area-57,70443,17.386323742853026,78.50485571027744,Urban,Punjab National Bank,Desktop,1,1,0.308,36,3,UPI Fraud
CASE_000069,2026-04-11 18:44:22.024371531,2026-04-11 15:55:53.997599497,Phishing,IMPS,23989.99,Telangana,Hyderabad,Hyderabad,Area-49,60860,17.336960742263695,78.50571147871777,Urban,ICICI Bank,Android,1,1,0.347,200,6,Phishing
CASE_000070,2024-11-22 01:37:32.963040608,2024-11-21 22:50:37.726948474,UPI Fraud,Wallet,52522.23,Maharashtra,Nagpur,Nagpur,Area-46,77149,21.094463551435226,79.02550133302321,Rural,SBI,Feature Phone,0,0,0.672,135,1,UPI Fraud
CASE_000071,2026-02-22 19:35:03.424668213,2026-02-22 11:33:35.960269764,Fake Customer Care,Wallet,11521.69,Delhi,New Delhi,Delhi,Area-47,76903,28.56945482334932,77.23150837605715,Urban,HDFC Bank,Android,0,0,0.299,30,2,Fake Customer Care
CASE_000072,2026-04-16 17:58:22.416909698,2026-04-16 15:02:42.473028794,UPI Fraud,UPI,29529.46,Rajasthan,Jaipur,Jaipur,Area-47,80341,26.915232984904197,75.87981459702168,Urban,Punjab National Bank,Android,0,0,0.57,236,1,UPI Fraud
CASE_000073,2024-01-20 05:56:13.097864775,2024-01-20 04:06:12.248347393,UPI Fraud,IMPS,17750.95,Tamil Nadu,Chennai,Chennai,Area-16,61138,13.069347008627147,80.2319523577393,Semi-Urban,Bank of Baroda,iOS,0,1,0.427,195,4,UPI Fraud
CASE_000074,2024-08-06 08:37:33.280300599,2024-08-06 02:51:00.880636856,UPI Fraud,NEFT,11249.52,Karnataka,Bengaluru Urban,Bengaluru,Area-58,44605,12.931293040811026,77.57032347220503,Urban,Bank of Baroda,Desktop,1,0,0.569,65,5,UPI Fraud
CASE_000075,2025-10-08 20:08:47.136448506,2025-10-08 16:25:45.517116122,OTP Fraud,NEFT,22591.91,Delhi,New Delhi,Delhi,Area-55,48301,28.50783800012958,77.19426600802394,Urban,HDFC Bank,Desktop,1,1,0.209,213,2,OTP Fraud
CASE_000076,2025-11-20 12:22:20.139019003,2025-11-20 11:36:58.658008486,Impersonation (Digital Arrest/Officer),UPI,209724.77,Maharashtra,Mumbai City,Mumbai,Area-36,52512,18.964179874932135,72.83558987417106,Urban,ICICI Bank,iOS,0,0,0.423,175,5,Impersonation (Digital Arrest/Officer)
CASE_000077,2024-12-23 14:05:28.557849893,2024-12-23 11:48:07.247324415,Remote Access Scam,Net Banking,8837.78,Maharashtra,Thane,Thane,Area-42,46821,19.225943420034046,73.02347003891131,Semi-Urban,SBI,Android,0,1,0.804,107,4,Remote Access Scam
CASE_000078,2025-08-21 08:11:46.025801032,2025-08-21 07:16:58.273196526,Phishing,UPI,3790.26,Maharashtra,Thane,Navi Mumbai,Area-52,68811,19.000305661162983,72.9556832853077,Rural,SBI,Android,0,0,0.703,39,3,Phishing
CASE_000079,2025-07-11 16:24:18.843868515,2025-07-11 16:14:09.636012733,UPI Fraud,UPI,3230.18,Delhi,New Delhi,Delhi,Area-10,79639,28.58531663946632,77.236808694101,Semi-Urban,Axis Bank,Android,1,1,0.691,175,3,UPI Fraud
CASE_000080,2025-11-05 07:51:31.450904537,2025-11-04 22:26:23.137604065,OTP Fraud,IMPS,29550.94,Gujarat,Surat,Surat,Area-4,55979,21.165485938168654,72.83694654569922,Semi-Urban,Punjab National Bank,iOS,1,0,0.432,223,9,OTP Fraud
CASE_000081,2025-10-16 19:58:06.745832463,2025-10-16 16:44:52.311189637,UPI Fraud,Net Banking,34279.55,Karnataka,Bengaluru Urban,Bengaluru,Area-59,64516,13.030342954533632,77.67727929892304,Urban,ICICI Bank,Android,0,1,0.933,47,7,UPI Fraud
CASE_000082,2024-03-19 07:50:15.593739610,2024-03-19 05:28:44.858140538,UPI Fraud,UPI,5482.19,Maharashtra,Pune,Pune,Area-33,57135,18.50143856208833,73.84276984582779,Urban,SBI,Android,0,0,0.451,1,4,UPI Fraud
CASE_000083,2024-05-24 05:56:18.071517822,2024-05-24 03:58:55.041864572,Impersonation (Digital Arrest/Officer),NEFT,2643.88,Maharashtra,Mumbai City,Mumbai,Area-43,81836,19.03003087222413,72.8411013030297,Urban,HDFC Bank,Android,1,0,0.655,55,2,Impersonation (Digital Arrest/Officer)
CASE_000084,2024-05-01 00:55:00.490144612,2024-04-30 21:56:46.851639666,UPI Fraud,Net Banking,4711.53,Maharashtra,Nagpur,Nagpur,Area-30,70298,21.11042859922728,79.14771156165075,Urban,Axis Bank,iOS,0,0,0.752,71,2,UPI Fraud
CASE_000085,2026-04-29 13:40:48.321835739,2026-04-29 11:44:39.289356217,UPI Fraud,ATM,18081.41,Gujarat,Ahmedabad,Ahmedabad,Area-31,79258,23.038371979741132,72.55051365848509,Urban,ICICI Bank,iOS,1,0,0.58,91,5,UPI Fraud
CASE_000086,2026-04-12 06:57:02.971947608,2026-04-12 05:41:47.268923119,OTP Fraud,NEFT,9196.74,Delhi,New Delhi,Delhi,Area-3,50162,28.621112536619496,77.19698505488256,Semi-Urban,Kotak Mahindra Bank,Android,1,0,0.47,234,5,OTP Fraud
CASE_000087,2025-12-27 12:39:14.502275731,2025-12-27 10:37:18.704885349,Investment Scam,NEFT,42240.95,West Bengal,Kolkata,Kolkata,Area-18,52394,22.60901378548587,88.39613048552826,Urban,Punjab National Bank,Android,0,0,0.749,231,4,Investment Scam
CASE_000088,2024-04-16 15:26:12.285298800,2024-04-16 07:56:04.598229028,Phishing,IMPS,6121.92,Gujarat,Ahmedabad,Ahmedabad,Area-6,74393,22.978937942124713,72.43983078675363,Urban,Canara Bank,iOS,0,0,0.516,161,2,Phishing
CASE_000089,2025-06-07 09:33:23.976347011,2025-06-07 03:52:17.105958574,Phishing,UPI,33216.71,Maharashtra,Mumbai City,Mumbai,Area-26,81372,19.01069200944491,72.93211653408595,Urban,HDFC Bank,iOS,0,0,0.745,52,3,Phishing
CASE_000090,2024-06-19 15:38:41.117809093,2024-06-19 13:36:37.471782641,Card Fraud,UPI,18767.37,Telangana,Hyderabad,Hyderabad,Area-2,62633,17.436541840032724,78.48660323492726,Urban,ICICI Bank,Android,0,0,0.46,51,7,Card Fraud
CASE_000091,2024-12-02 00:24:09.914183185,2024-12-01 14:20:47.078828368,UPI Fraud,Wallet,18865.87,Gujarat,Surat,Surat,Area-48,75775,21.171021795596356,72.83666947796189,Urban,SBI,Android,0,1,0.366,20,5,UPI Fraud
CASE_000092,2024-08-31 10:27:56.191317650,2024-08-31 07:41:01.220641427,UPI Fraud,UPI,11789.59,Delhi,New Delhi,Delhi,Area-18,77943,28.598437639068127,77.29970930838195,Urban,SBI,Desktop,0,0,0.251,190,12,UPI Fraud
CASE_000093,2026-01-25 05:16:03.104005449,2026-01-25 03:44:49.125271037,Impersonation (Digital Arrest/Officer),Net Banking,49336.74,Maharashtra,Mumbai City,Mumbai,Area-44,45184,19.064348523577912,72.88239343043173,Urban,Canara Bank,iOS,0,0,0.608,53,8,Impersonation (Digital Arrest/Officer)
CASE_000094,2024-05-11 18:07:27.143587388,2024-05-11 14:17:07.436721802,Impersonation (Digital Arrest/Officer),Card,45892.1,Uttar Pradesh,Lucknow,Lucknow,Area-4,59235,26.83809848172223,81.02780612228494,Urban,Axis Bank,Android,1,1,0.911,215,7,Impersonation (Digital Arrest/Officer)
CASE_000095,2025-08-12 00:22:08.674529750,2025-08-11 16:03:40.832966506,Loan App Scam,UPI,5705.13,Rajasthan,Jaipur,Jaipur,Area-2,61630,26.876179273465233,75.6808288693607,Semi-Urban,Bank of Baroda,iOS,0,0,0.62,144,7,Loan App Scam
CASE_000096,2026-06-15 15:08:13.427057537,2026-06-15 07:52:22.543687597,Phishing,UPI,16410.55,Karnataka,Bengaluru Urban,Bengaluru,Area-25,51188,12.914770090834251,77.60162946546691,Semi-Urban,ICICI Bank,iOS,1,0,0.369,117,2,Phishing
CASE_000097,2025-09-17 23:20:55.100959634,2025-09-17 21:45:41.069726788,UPI Fraud,Net Banking,23639.14,Karnataka,Bengaluru Urban,Bengaluru,Area-47,81433,12.978962059751602,77.6354274533283,Semi-Urban,SBI,Android,0,1,0.283,223,4,UPI Fraud
CASE_000098,2024-03-13 05:23:35.469426515,2024-03-13 04:21:39.613133401,Impersonation (Digital Arrest/Officer),Net Banking,98742.92,Maharashtra,Pune,Pune,Area-48,76661,18.514001859769298,73.85642961793208,Semi-Urban,Canara Bank,Android,0,1,0.337,38,5,Impersonation (Digital Arrest/Officer)
CASE_000099,2026-04-07 03:24:40.266859921,2026-04-07 01:13:17.439271122,Remote Access Scam,IMPS,28155.68,Gujarat,Ahmedabad,Ahmedabad,Area-33,68801,23.025063625708505,72.56905968225412,Rural,Bank of Baroda,Desktop,0,0,0.481,111,7,Remote Access Scam
CASE_000100,2025-08-09 00:36:30.418965112,2025-08-08 20:17:38.662819192,UPI Fraud,UPI,3422.83,Karnataka,Bengaluru Urban,Bengaluru,Area-37,51295,12.986897356184256,77.53706980052156,Urban,Bank of Baroda,Android,0,0,0.519,62,1,UPI Fraud
CASE_000101,2025-02-19 21:57:12.848589406,2025-02-19 16:46:59.729117408,Impersonation (Digital Arrest/Officer),Net Banking,11352.24,Maharashtra,Mumbai City,Mumbai,Area-41,82700,18.956632248914794,72.87862936937915,Semi-Urban,Punjab National Bank,Android,0,1,0.635,44,3,Impersonation (Digital Arrest/Officer)
CASE_000102,2025-08-24 06:05:46.919085233,2025-08-23 23:30:58.862962857,UPI Fraud,UPI,6132.37,Tamil Nadu,Chennai,Chennai,Area-40,52680,13.074800770527935,80.30357482128238,Urban,Axis Bank,iOS,1,1,0.225,226,4,UPI Fraud
CASE_000103,2026-03-11 22:46:46.677845454,2026-03-11 19:25:30.869233444,OTP Fraud,Card,12190.48,Gujarat,Surat,Surat,Area-44,56872,21.203279921648463,72.90634670827663,Urban,Axis Bank,Android,1,0,0.516,145,5,OTP Fraud
CASE_000104,2025-03-10 19:20:47.835414598,2025-03-10 15:54:34.960100442,OTP Fraud,UPI,8651.95,Gujarat,Ahmedabad,Ahmedabad,Area-2,61382,23.089263802802563,72.5018783962889,Urban,Kotak Mahindra Bank,iOS,0,0,0.187,39,5,OTP Fraud
CASE_000105,2025-04-29 04:04:32.575153541,2025-04-29 00:48:46.440743685,Investment Scam,UPI,10063.37,Maharashtra,Pune,Pune,Area-26,69774,18.518364058973678,73.84830087667031,Urban,HDFC Bank,Android,0,1,0.387,26,4,Investment Scam
CASE_000106,2025-02-16 10:19:03.984859999,2025-02-16 04:18:35.771404810,Marketplace Fraud (OLX/e-commerce),NEFT,1999.46,Maharashtra,Mumbai City,Mumbai,Area-50,56776,19.057401278015305,72.86811073272234,Semi-Urban,ICICI Bank,Android,0,1,0.418,75,5,Marketplace Fraud (OLX/e-commerce)
CASE_000107,2024-03-07 08:22:22.907132225,2024-03-07 03:08:20.202506219,Loan App Scam,UPI,1574.4,Gujarat,Surat,Surat,Area-26,50315,21.202724772076753,72.79811281135771,Urban,ICICI Bank,Android,1,0,0.372,200,6,Loan App Scam
CASE_000108,2025-12-18 02:02:21.082648344,2025-12-18 00:30:04.518503151,UPI Fraud,IMPS,500.0,Uttar Pradesh,Lucknow,Lucknow,Area-9,75658,26.9120483463179,81.01645797437197,Semi-Urban,Punjab National Bank,Desktop,0,0,0.708,35,4,UPI Fraud
CASE_000109,2024-04-25 08:39:41.399230261,2024-04-25 03:51:58.906746600,Phishing,UPI,9417.74,Karnataka,Bengaluru Urban,Bengaluru,Area-40,41706,12.94718159612019,77.53911298733615,Semi-Urban,Canara Bank,iOS,0,0,0.43,178,6,Phishing
CASE_000110,2024-12-25 16:37:23.930640856,2024-12-25 10:52:43.337797020,Impersonation (Digital Arrest/Officer),UPI,355710.63,Telangana,Hyderabad,Hyderabad,Area-18,53346,17.405600238582245,78.58839912404697,Urban,Canara Bank,iOS,1,0,0.643,26,6,Impersonation (Digital Arrest/Officer)
CASE_000111,2024-12-18 15:33:23.969850027,2024-12-18 09:29:40.906922605,UPI Fraud,UPI,71428.87,Delhi,New Delhi,Delhi,Area-31,58506,28.699074683195906,77.30077688624206,Urban,Punjab National Bank,Android,1,0,0.189,81,1,UPI Fraud
CASE_000112,2024-09-12 06:31:55.425355032,2024-09-12 02:48:42.761463977,Phishing,Wallet,3711.74,Delhi,New Delhi,Delhi,Area-31,78491,28.51380063218034,77.23403040341319,Urban,HDFC Bank,iOS,1,0,0.487,125,4,Phishing
CASE_000113,2025-01-01 19:59:20.311752741,2025-01-01 16:24:56.882000029,Phishing,Net Banking,12838.5,Maharashtra,Mumbai City,Mumbai,Area-42,52795,18.97409770252685,72.96991533591279,Urban,Canara Bank,Android,0,0,0.5,31,2,Phishing
CASE_000114,2025-07-17 03:01:37.053914739,2025-07-17 00:09:04.281845108,Marketplace Fraud (OLX/e-commerce),UPI,1383.38,Maharashtra,Mumbai City,Mumbai,Area-55,63100,19.171056195721597,72.83873324360752,Rural,ICICI Bank,iOS,0,0,0.344,95,8,Marketplace Fraud (OLX/e-commerce)
CASE_000115,2024-10-10 19:16:52.391606628,2024-10-10 16:10:19.898793876,Investment Scam,Card,8179.96,Maharashtra,Pune,Pune,Area-41,67550,18.468777708640275,73.96526325671513,Semi-Urban,ICICI Bank,Android,0,1,0.833,65,4,Investment Scam
CASE_000116,2024-06-06 12:51:08.171768614,2024-06-06 03:48:03.621006418,Card Fraud,Net Banking,3446.6,Gujarat,Ahmedabad,Ahmedabad,Area-59,64265,23.067108560342636,72.45920563363943,Semi-Urban,Canara Bank,iOS,1,1,0.486,12,8,Card Fraud
CASE_000117,2026-03-03 03:02:22.474880079,2026-03-02 23:51:04.499031156,Phishing,NEFT,8495.24,Maharashtra,Thane,Thane,Area-2,60681,19.217572684245066,72.87359414035149,Urban,ICICI Bank,Android,1,1,0.562,1,4,Phishing
CASE_000118,2026-06-03 11:55:54.391157003,2026-06-03 10:17:06.203315079,UPI Fraud,ATM,8097.37,Maharashtra,Pune,Pune,Area-47,69711,18.466967111312712,73.757291441198,Semi-Urban,Axis Bank,Android,0,1,0.525,35,6,UPI Fraud
CASE_000119,2025-02-21 22:15:16.798917592,2025-02-21 18:28:36.210834742,Fake Customer Care,Card,15682.39,Karnataka,Bengaluru Urban,Bengaluru,Area-25,82550,13.082437783125087,77.53244293955306,Semi-Urban,Canara Bank,iOS,1,1,0.584,179,3,Fake Customer Care
CASE_000120,2024-10-25 03:03:30.742619010,2024-10-24 21:57:32.366527289,UPI Fraud,Net Banking,20527.86,Maharashtra,Pune,Pune,Area-44,58587,18.466632913449892,73.89373122460525,Urban,ICICI Bank,Android,0,0,0.302,10,4,UPI Fraud
CASE_000121,2024-02-13 12:02:21.493707881,2024-02-13 06:08:53.334755541,UPI Fraud,Net Banking,6832.4,Maharashtra,Thane,Thane,Area-6,54383,19.151953110242594,73.03647114759328,Urban,Punjab National Bank,Android,1,0,0.296,121,4,UPI Fraud
CASE_000122,2024-02-03 14:57:48.109751717,2024-02-03 13:43:19.502033525,Phishing,ATM,11329.13,Karnataka,Bengaluru Urban,Bengaluru,Area-32,69381,13.008535873549366,77.65511905765773,Urban,SBI,Desktop,0,1,0.692,6,3,Phishing
CASE_000123,2024-12-24 05:49:07.724681062,2024-12-23 21:58:19.030047853,Remote Access Scam,Net Banking,5348.61,Delhi,New Delhi,Delhi,Area-2,72769,28.5953655686369,77.3382925615611,Urban,Canara Bank,Android,0,0,0.426,52,7,Remote Access Scam
CASE_000124,2026-04-27 15:46:42.229326429,2026-04-27 10:48:41.357276335,Phishing,UPI,2480.87,Telangana,Hyderabad,Hyderabad,Area-40,80218,17.427436832212766,78.44482388585742,Semi-Urban,Axis Bank,iOS,0,0,0.98,43,4,Phishing
CASE_000125,2025-10-27 23:45:51.846937780,2025-10-27 16:12:41.734554499,UPI Fraud,ATM,1902.89,Uttar Pradesh,Lucknow,Lucknow,Area-13,55793,26.73735802030772,80.96609813099356,Urban,Bank of Baroda,iOS,1,1,0.871,82,7,UPI Fraud
CASE_000126,2024-11-14 05:16:41.166766924,2024-11-14 04:25:35.667086247,Phishing,ATM,22236.33,Maharashtra,Thane,Thane,Area-9,58688,19.159646082897936,73.07416306486536,Urban,Punjab National Bank,iOS,0,0,0.566,178,4,Phishing
CASE_000127,2026-06-01 03:35:14.177477628,2026-05-31 21:22:01.344650090,Phishing,Net Banking,7507.15,Uttar Pradesh,Lucknow,Lucknow,Area-5,71895,26.874168217343193,81.08859701665261,Rural,Axis Bank,Android,0,1,0.537,101,5,Phishing
CASE_000128,2025-01-25 15:32:59.547915553,2025-01-25 14:21:46.068419866,UPI Fraud,Net Banking,1263.66,Uttar Pradesh,Lucknow,Lucknow,Area-16,49333,26.81321214567371,80.94975739611206,Urban,Axis Bank,iOS,1,0,0.866,4,4,UPI Fraud
CASE_000129,2024-09-09 06:11:43.011455531,2024-09-09 03:47:47.595341954,Impersonation (Digital Arrest/Officer),IMPS,25854.02,Gujarat,Ahmedabad,Ahmedabad,Area-57,60555,23.00256164254337,72.46948365989486,Urban,SBI,Android,1,0,0.703,35,4,Impersonation (Digital Arrest/Officer)
CASE_000130,2025-01-23 14:52:03.620305797,2025-01-23 09:47:14.433552049,UPI Fraud,NEFT,2505.63,Telangana,Hyderabad,Hyderabad,Area-59,78135,17.36162694050958,78.591046889978,Rural,ICICI Bank,Android,1,1,0.549,73,2,UPI Fraud
CASE_000131,2024-07-11 18:15:47.289406088,2024-07-11 17:10:52.013188271,Phishing,Net Banking,67624.59,Telangana,Hyderabad,Hyderabad,Area-5,50920,17.39113203412414,78.35427521042804,Rural,Axis Bank,iOS,1,1,0.323,67,4,Phishing
CASE_000132,2026-03-17 21:31:46.039857514,2026-03-17 19:36:21.858012706,Remote Access Scam,UPI,9424.64,Telangana,Hyderabad,Hyderabad,Area-58,66707,17.3009866996933,78.39320255377956,Semi-Urban,ICICI Bank,Desktop,1,0,0.768,135,6,Remote Access Scam
CASE_000133,2024-11-25 01:31:45.075612385,2024-11-25 00:41:35.732300572,Card Fraud,UPI,27228.54,Tamil Nadu,Chennai,Chennai,Area-35,50659,13.100822454378967,80.19333704576455,Urban,ICICI Bank,Android,1,0,0.174,84,1,Card Fraud
CASE_000134,2025-08-22 14:49:13.452071730,2025-08-22 09:50:00.382933833,Phishing,UPI,36068.3,Maharashtra,Mumbai City,Mumbai,Area-20,55758,19.075552695289286,72.96051010887646,Rural,Bank of Baroda,Android,0,0,0.483,178,4,Phishing
CASE_000135,2024-12-20 11:38:36.887141860,2024-12-20 10:07:40.638565574,Phishing,UPI,3808.11,Gujarat,Surat,Surat,Area-56,43355,21.154831278119573,72.81332074428995,Semi-Urban,Kotak Mahindra Bank,iOS,0,0,0.933,61,4,Phishing
CASE_000136,2026-04-01 14:29:33.011402771,2026-04-01 11:27:20.600510672,Phishing,IMPS,11836.72,Telangana,Hyderabad,Hyderabad,Area-15,67642,17.459919024123238,78.60026519005548,Semi-Urban,Canara Bank,Android,0,0,0.446,163,6,Phishing
CASE_000137,2025-08-08 09:03:22.436922557,2025-08-08 05:00:45.919837937,Marketplace Fraud (OLX/e-commerce),UPI,12735.39,West Bengal,Kolkata,Kolkata,Area-11,76820,22.550006035217297,88.39208051654116,Urban,Canara Bank,iOS,0,0,0.872,25,6,Marketplace Fraud (OLX/e-commerce)
CASE_000138,2025-03-20 22:53:09.579743427,2025-03-20 19:08:21.584797189,UPI Fraud,Net Banking,11238.5,Delhi,New Delhi,Delhi,Area-14,40181,28.598190428532043,77.09888173067661,Urban,Bank of Baroda,Android,0,0,0.784,237,1,UPI Fraud
CASE_000139,2024-04-30 12:40:34.636032199,2024-04-30 09:10:25.961450826,UPI Fraud,NEFT,14723.66,Maharashtra,Mumbai City,Mumbai,Area-9,55961,19.003209704200238,72.79393981648896,Semi-Urban,Axis Bank,Android,0,0,0.462,236,5,UPI Fraud
CASE_000140,2026-04-01 19:00:11.948440719,2026-04-01 15:30:21.299762145,Investment Scam,Net Banking,8023.83,Karnataka,Bengaluru Urban,Bengaluru,Area-29,60901,12.99429209943247,77.65118055892438,Semi-Urban,Bank of Baroda,iOS,0,0,0.507,66,3,Investment Scam
CASE_000141,2025-05-13 04:29:47.845675123,2025-05-13 03:36:14.428418398,UPI Fraud,UPI,18204.79,Karnataka,Bengaluru Urban,Bengaluru,Area-9,42965,12.989561911463719,77.57184076487813,Urban,HDFC Bank,Feature Phone,1,0,0.31,56,3,UPI Fraud
CASE_000142,2024-09-16 18:54:08.577729187,2024-09-16 16:23:53.522982359,UPI Fraud,Wallet,5797.72,Delhi,New Delhi,Delhi,Area-14,42826,28.638013895883017,77.21856904310934,Urban,Kotak Mahindra Bank,Android,1,0,0.585,1,9,UPI Fraud
CASE_000143,2026-03-10 22:28:04.737886506,2026-03-10 18:59:36.825649515,UPI Fraud,UPI,14536.19,Maharashtra,Nagpur,Nagpur,Area-22,77364,21.05015971278379,79.01830707045227,Semi-Urban,Punjab National Bank,Desktop,1,0,0.898,234,2,UPI Fraud
CASE_000144,2024-02-19 17:29:12.722999333,2024-02-19 14:17:07.816384795,Remote Access Scam,Wallet,49009.74,Maharashtra,Pune,Pune,Area-39,52622,18.589064804013788,73.84931289928652,Urban,HDFC Bank,Android,1,1,0.698,10,2,Remote Access Scam
CASE_000145,2024-10-13 05:42:45.126204285,2024-10-13 02:58:39.793777518,Impersonation (Digital Arrest/Officer),UPI,57832.65,Karnataka,Bengaluru Urban,Bengaluru,Area-51,71208,12.959657193656245,77.59214182152839,Urban,Axis Bank,Android,0,1,0.589,1,3,Impersonation (Digital Arrest/Officer)
CASE_000146,2025-05-04 02:54:51.595515210,2025-05-04 01:12:58.189981520,Remote Access Scam,Net Banking,26144.09,Delhi,New Delhi,Delhi,Area-5,50777,28.644230776364843,77.1041720753378,Urban,ICICI Bank,Android,0,1,0.524,24,7,Remote Access Scam
CASE_000147,2024-11-05 17:23:17.583716750,2024-11-05 13:42:02.315702010,Card Fraud,Card,26074.3,Gujarat,Surat,Surat,Area-38,74238,21.14226059589377,72.81068837764911,Urban,ICICI Bank,Android,0,0,0.26,71,4,Card Fraud
CASE_000148,2025-03-10 11:30:48.813359614,2025-03-10 07:19:03.934572048,Phishing,Net Banking,23215.2,Maharashtra,Thane,Navi Mumbai,Area-7,78879,19.057444969751618,72.9071170235975,Semi-Urban,SBI,iOS,0,1,0.696,234,4,Phishing
CASE_000149,2024-08-28 21:08:58.060435705,2024-08-28 19:00:37.947472673,Fake Customer Care,Card,61535.7,Maharashtra,Nagpur,Nagpur,Area-59,77316,21.122415117757182,79.05100804919181,Urban,SBI,Android,0,0,0.616,40,5,Fake Customer Care
CASE_000150,2024-04-28 18:03:20.909982298,2024-04-28 12:08:12.120564708,Card Fraud,UPI,12393.27,Maharashtra,Nashik,Nashik,Area-17,68244,19.987716442061807,73.76294765881569,Urban,ICICI Bank,Android,1,0,0.759,137,9,Card Fraud
CASE_000151,2024-02-03 21:44:06.272317129,2024-02-03 13:46:43.992187846,OTP Fraud,Card,11853.19,Karnataka,Bengaluru Urban,Bengaluru,Area-51,48163,12.973193566434862,77.6062534718452,Rural,ICICI Bank,Android,0,1,0.361,156,4,OTP Fraud
CASE_000152,2024-05-23 17:52:00.916985703,2024-05-23 14:47:04.182860654,Card Fraud,UPI,35869.33,Karnataka,Bengaluru Urban,Bengaluru,Area-46,61739,12.968049137618937,77.52375763691869,Semi-Urban,Canara Bank,iOS,0,0,0.162,192,2,Card Fraud
CASE_000153,2026-05-18 04:47:24.580424425,2026-05-18 03:13:21.297498539,Phishing,NEFT,6347.93,Telangana,Hyderabad,Hyderabad,Area-20,48267,17.389622580969245,78.55034208504279,Urban,ICICI Bank,Desktop,0,1,0.45,168,3,Phishing
CASE_000154,2025-06-08 05:41:00.923631422,2025-06-08 04:36:50.786188014,Phishing,Card,2506.18,Gujarat,Surat,Surat,Area-20,51277,21.27097846099671,72.81788881151874,Urban,ICICI Bank,Android,0,1,0.362,236,7,Phishing
CASE_000155,2025-03-21 12:59:43.873757721,2025-03-21 10:37:27.044677675,Investment Scam,Net Banking,59594.36,Maharashtra,Nashik,Nashik,Area-19,75252,20.006234185306315,73.85596275421558,Semi-Urban,Canara Bank,Android,1,0,0.181,159,5,Investment Scam
CASE_000156,2024-12-16 05:46:13.886474163,2024-12-16 02:51:23.121288043,UPI Fraud,UPI,7890.18,Tamil Nadu,Chennai,Chennai,Area-28,51374,13.086582764553198,80.31823283853953,Urban,Kotak Mahindra Bank,Feature Phone,1,0,0.48,202,5,UPI Fraud
CASE_000157,2025-10-07 09:54:52.737935802,2025-10-07 08:53:53.058410652,Investment Scam,Net Banking,9177.25,Maharashtra,Mumbai City,Mumbai,Area-27,48946,19.098310611721743,72.84867474637637,Urban,SBI,Android,1,1,0.217,77,5,Investment Scam
CASE_000158,2024-05-08 18:48:41.230931561,2024-05-08 16:29:49.852358969,UPI Fraud,Card,17164.46,Maharashtra,Pune,Pune,Area-39,49537,18.522055982888876,73.89630185725848,Urban,SBI,iOS,1,0,0.884,98,5,UPI Fraud
CASE_000159,2024-09-08 19:00:47.289716926,2024-09-08 13:18:12.334888201,UPI Fraud,UPI,47774.45,Delhi,New Delhi,Delhi,Area-28,64334,28.533429960108894,77.31853344654527,Urban,SBI,iOS,0,0,0.334,177,4,UPI Fraud
CASE_000160,2025-08-20 12:59:27.681138145,2025-08-20 12:38:38.199581847,Marketplace Fraud (OLX/e-commerce),IMPS,1153.56,Maharashtra,Mumbai City,Mumbai,Area-47,60253,19.0710844686235,72.85467604594005,Semi-Urban,Axis Bank,Desktop,0,0,0.595,210,4,Marketplace Fraud (OLX/e-commerce)
CASE_000161,2025-03-12 13:29:32.052569759,2025-03-12 10:15:47.762249127,Remote Access Scam,UPI,54849.27,Telangana,Hyderabad,Hyderabad,Area-28,60116,17.457437208647207,78.60425322225004,Urban,Punjab National Bank,Android,1,1,0.734,2,6,Remote Access Scam
CASE_000162,2025-12-02 15:13:01.275208555,2025-12-02 13:18:11.778485455,Impersonation (Digital Arrest/Officer),UPI,1700.78,Tamil Nadu,Chennai,Chennai,Area-19,58428,13.106589067442405,80.30885255419732,Urban,ICICI Bank,Android,0,0,0.438,104,6,Impersonation (Digital Arrest/Officer)
CASE_000163,2026-03-28 09:23:33.573146907,2026-03-28 06:24:34.661765769,Phishing,IMPS,7009.31,West Bengal,Kolkata,Kolkata,Area-20,55198,22.560699223183775,88.36500738367093,Urban,SBI,Android,0,1,0.267,192,1,Phishing
CASE_000164,2026-01-20 10:27:32.020504971,2026-01-20 02:13:06.015820891,Impersonation (Digital Arrest/Officer),UPI,209858.11,Karnataka,Bengaluru Urban,Bengaluru,Area-44,82124,12.972930631615831,77.6290598200271,Urban,HDFC Bank,Android,0,1,0.742,28,4,Impersonation (Digital Arrest/Officer)
CASE_000165,2024-06-16 22:23:44.026439689,2024-06-16 19:31:02.872547921,Fake Customer Care,UPI,8276.41,Telangana,Hyderabad,Hyderabad,Area-9,46192,17.385710380515658,78.49493813557525,Urban,Punjab National Bank,Android,1,0,0.561,85,3,Fake Customer Care
CASE_000166,2024-03-24 10:28:30.090463868,2024-03-24 07:54:18.826422690,Remote Access Scam,IMPS,19667.42,Delhi,New Delhi,Delhi,Area-17,82386,28.72048094964997,77.21605570319603,Semi-Urban,ICICI Bank,Feature Phone,0,0,0.357,132,5,Remote Access Scam
CASE_000167,2024-06-03 13:24:56.695079172,2024-06-03 08:38:57.445140986,Impersonation (Digital Arrest/Officer),IMPS,64136.71,Maharashtra,Mumbai City,Mumbai,Area-19,58775,19.028443151361802,72.93098306669452,Urban,SBI,Android,1,1,0.237,20,6,Impersonation (Digital Arrest/Officer)
CASE_000168,2025-12-14 22:50:21.419744436,2025-12-14 19:06:54.148130789,Investment Scam,UPI,5242.96,Maharashtra,Mumbai City,Mumbai,Area-39,42160,19.057064638570882,72.9215217458974,Urban,Bank of Baroda,Android,0,0,0.228,219,4,Investment Scam
CASE_000169,2026-04-12 15:14:31.879787993,2026-04-12 12:00:10.586407036,Phishing,UPI,11785.37,Tamil Nadu,Chennai,Chennai,Area-8,47710,13.17045740959695,80.28856576747579,Urban,Punjab National Bank,Android,0,0,0.485,88,3,Phishing
CASE_000170,2026-04-23 05:50:09.022245980,2026-04-23 02:00:50.556517705,Remote Access Scam,Net Banking,19118.68,Madhya Pradesh,Indore,Indore,Area-27,82657,22.657929354833495,75.79393369821747,Semi-Urban,Axis Bank,Android,0,0,0.674,188,4,Remote Access Scam
CASE_000171,2024-09-28 22:58:28.119005333,2024-09-28 16:11:24.067663521,Loan App Scam,Card,122830.02,Maharashtra,Mumbai City,Mumbai,Area-40,77892,18.987129391831758,72.78168906761486,Urban,Canara Bank,Android,0,1,0.336,103,3,Loan App Scam
CASE_000172,2026-02-04 18:41:04.180907744,2026-02-04 13:13:25.999998383,Investment Scam,Net Banking,8896.81,Karnataka,Bengaluru Urban,Bengaluru,Area-55,51265,13.08885743576956,77.65196303356095,Rural,Kotak Mahindra Bank,Android,0,1,0.939,97,5,Investment Scam
CASE_000173,2025-05-03 14:41:17.408892928,2025-05-03 12:15:13.455803238,Investment Scam,Card,22767.05,West Bengal,Kolkata,Kolkata,Area-26,46814,22.534988780456068,88.45480754560211,Semi-Urban,SBI,iOS,1,0,0.556,231,5,Investment Scam
CASE_000174,2026-01-19 21:28:25.268173145,2026-01-19 13:31:15.500226736,Investment Scam,IMPS,12476.12,Gujarat,Ahmedabad,Ahmedabad,Area-58,68877,23.09956148086287,72.48532807037472,Urban,Canara Bank,iOS,0,0,0.388,205,6,Investment Scam
CASE_000175,2025-05-14 15:27:34.670597984,2025-05-14 13:26:56.089666836,Investment Scam,Wallet,11102.33,Karnataka,Bengaluru Urban,Bengaluru,Area-36,61977,12.878472269417239,77.54035449838366,Semi-Urban,SBI,Android,0,0,0.414,124,6,Investment Scam
CASE_000176,2024-05-13 01:02:19.154326166,2024-05-12 21:48:33.686102303,Social Engineering (Romance/Job),Net Banking,68411.09,Telangana,Hyderabad,Hyderabad,Area-46,78826,17.328505998269957,78.52324603504438,Urban,Axis Bank,iOS,0,1,0.605,111,3,Social Engineering (Romance/Job)
CASE_000177,2024-03-13 07:33:47.119262410,2024-03-13 04:03:22.552783927,Remote Access Scam,UPI,18344.83,Tamil Nadu,Chennai,Chennai,Area-15,74211,12.989782307041047,80.29195888089909,Rural,Canara Bank,Android,0,0,0.421,187,3,Remote Access Scam
CASE_000178,2026-05-22 02:59:02.775150455,2026-05-22 00:38:22.121926799,Phishing,UPI,5908.73,Rajasthan,Jaipur,Jaipur,Area-55,72951,26.91514057491884,75.79875483403505,Rural,Canara Bank,Android,1,1,0.059,164,2,Phishing
CASE_000179,2025-01-23 05:08:15.653260039,2025-01-22 21:44:49.537752151,Phishing,UPI,6159.06,Maharashtra,Thane,Thane,Area-16,52832,19.25713221353522,72.87771626001548,Urban,SBI,Desktop,0,1,0.334,235,5,Phishing
CASE_000180,2024-11-15 10:02:11.871279776,2024-11-15 07:47:00.168125845,Investment Scam,Net Banking,18642.76,Uttar Pradesh,Lucknow,Lucknow,Area-9,55290,26.95816109069331,80.87126065449664,Semi-Urban,SBI,Desktop,1,0,0.359,80,2,Investment Scam
CASE_000181,2024-11-20 16:55:10.412324796,2024-11-20 14:12:38.323347621,UPI Fraud,Wallet,5877.09,Maharashtra,Mumbai City,Mumbai,Area-5,71248,19.085721068126112,72.87123240453586,Urban,HDFC Bank,Android,0,1,0.635,27,2,UPI Fraud
CASE_000182,2024-12-11 11:01:57.265961820,2024-12-11 05:01:19.100998994,Impersonation (Digital Arrest/Officer),Net Banking,6896.23,Gujarat,Ahmedabad,Ahmedabad,Area-39,60941,23.040922104290193,72.69252406743335,Urban,ICICI Bank,Android,0,1,0.457,47,6,Impersonation (Digital Arrest/Officer)
CASE_000183,2026-05-10 23:28:56.581084615,2026-05-10 21:24:38.322294518,OTP Fraud,UPI,7445.74,Maharashtra,Mumbai City,Mumbai,Area-38,46239,19.02904271580265,73.0015062831832,Semi-Urban,ICICI Bank,Android,1,0,0.18,127,3,OTP Fraud
CASE_000184,2024-02-27 03:56:59.879822675,2024-02-27 02:58:23.156338933,Remote Access Scam,Card,11999.97,Maharashtra,Thane,Navi Mumbai,Area-12,80798,19.049277006049437,73.05706784876705,Rural,Axis Bank,Android,0,0,0.466,75,4,Remote Access Scam
CASE_000185,2024-04-18 14:27:13.933105213,2024-04-18 11:09:21.554375719,UPI Fraud,ATM,4300.23,Maharashtra,Mumbai City,Mumbai,Area-52,59464,19.051056035300398,72.94794657934212,Urban,ICICI Bank,iOS,1,1,0.278,194,1,UPI Fraud
CASE_000186,2025-12-20 10:12:29.342796102,2025-12-20 08:56:26.644182540,Card Fraud,UPI,15258.85,Delhi,New Delhi,Delhi,Area-17,81750,28.551567436463287,77.33293115366591,Semi-Urban,Punjab National Bank,Android,0,0,0.65,210,3,Card Fraud
CASE_000187,2025-05-15 13:25:56.585477870,2025-05-15 12:17:20.827178858,Card Fraud,IMPS,16751.49,Maharashtra,Nagpur,Nagpur,Area-36,79182,21.058835621378908,78.98494067080023,Semi-Urban,Kotak Mahindra Bank,Desktop,0,1,0.372,45,5,Card Fraud
CASE_000188,2024-04-27 02:41:05.533700044,2024-04-27 02:19:39.633809716,Phishing,NEFT,5901.71,Maharashtra,Thane,Thane,Area-31,62751,19.224697393464062,72.99510111852193,Urban,Punjab National Bank,iOS,1,0,0.354,237,2,Phishing
CASE_000189,2024-02-01 09:51:20.889776571,2024-02-01 09:26:11.149877567,Remote Access Scam,Net Banking,15202.86,Delhi,New Delhi,Delhi,Area-35,41560,28.655142627088548,77.18293994007065,Semi-Urban,ICICI Bank,Android,0,0,0.789,151,1,Remote Access Scam
CASE_000190,2024-07-23 07:07:04.757427026,2024-07-23 06:39:35.246797301,Impersonation (Digital Arrest/Officer),Card,297778.59,Delhi,New Delhi,Delhi,Area-44,42909,28.689131449467823,77.27385008351429,Semi-Urban,Punjab National Bank,Desktop,1,1,0.519,64,4,Impersonation (Digital Arrest/Officer)
CASE_000191,2024-08-25 23:00:58.622828120,2024-08-25 14:21:57.489470519,OTP Fraud,Net Banking,101974.35,West Bengal,Kolkata,Kolkata,Area-55,69269,22.602512383714952,88.3653008035875,Semi-Urban,Punjab National Bank,iOS,1,0,0.587,49,3,OTP Fraud
CASE_000192,2024-01-13 23:12:35.178408491,2024-01-13 22:45:13.243031901,UPI Fraud,UPI,3104.17,Rajasthan,Jaipur,Jaipur,Area-43,62198,26.93928725992897,75.74839952906844,Rural,Canara Bank,Android,0,0,0.66,40,5,UPI Fraud
CASE_000193,2024-07-15 21:50:32.125669891,2024-07-15 20:36:12.708735827,UPI Fraud,Net Banking,3619.56,Tamil Nadu,Chennai,Chennai,Area-54,74276,13.081798556307545,80.26760405301114,Urban,Canara Bank,Android,0,1,0.137,113,5,UPI Fraud
CASE_000194,2025-11-03 17:20:57.145182025,2025-11-03 14:36:18.855098158,Investment Scam,UPI,10801.27,Maharashtra,Thane,Thane,Area-52,66170,19.2055474906642,72.99542965906446,Urban,ICICI Bank,Desktop,1,0,0.807,17,2,Investment Scam
CASE_000195,2026-02-18 11:49:21.220178171,2026-02-18 07:12:07.884804413,UPI Fraud,IMPS,31658.42,Maharashtra,Nashik,Nashik,Area-22,46981,19.934784174028554,73.74413674606083,Urban,Canara Bank,Desktop,0,1,0.831,32,1,UPI Fraud
CASE_000196,2026-03-29 11:58:58.346895121,2026-03-29 07:01:41.455506399,Investment Scam,NEFT,22345.51,Uttar Pradesh,Lucknow,Lucknow,Area-33,56210,26.86130299282063,81.04375340200451,Urban,Kotak Mahindra Bank,Android,1,1,0.769,181,2,Investment Scam
CASE_000197,2024-12-21 06:38:55.805916707,2024-12-21 05:04:49.474986359,Card Fraud,UPI,16747.53,Maharashtra,Mumbai City,Mumbai,Area-12,70280,19.11902070185546,72.95855260112103,Urban,HDFC Bank,iOS,0,0,0.626,117,5,Card Fraud
CASE_000198,2024-10-18 02:50:50.673422267,2024-10-17 23:39:42.131359383,UPI Fraud,Card,89024.25,Delhi,New Delhi,Delhi,Area-55,65827,28.51043963506799,77.2306012046969,Semi-Urban,Punjab National Bank,Desktop,0,0,0.441,127,6,UPI Fraud
CASE_000199,2026-06-29 23:38:26.513995946,2026-06-29 20:57:27.306782112,Investment Scam,UPI,34243.49,Gujarat,Surat,Surat,Area-58,69321,21.136311316374314,72.87906888643963,Urban,HDFC Bank,Feature Phone,0,1,0.738,78,5,Investment Scam
CASE_000200,2025-12-01 23:54:43.165814263,2025-12-01 20:51:34.628218621,Loan App Scam,UPI,34436.67,Gujarat,Surat,Surat,Area-53,50299,21.142512598442952,72.80484730612994,Semi-Urban,Axis Bank,Android,1,1,0.649,133,3,Loan App Scam
CASE_000201,2025-05-04 16:01:35.265810307,2025-05-04 12:39:57.229065970,Investment Scam,IMPS,61403.73,Delhi,New Delhi,Delhi,Area-44,67704,28.61431855533937,77.21135055935119,Urban,SBI,Android,1,0,0.497,82,3,Investment Scam
CASE_000202,2024-08-20 06:21:22.940775490,2024-08-20 02:19:21.375555482,Investment Scam,UPI,18137.26,Tamil Nadu,Chennai,Chennai,Area-51,62458,13.06817433195786,80.24621718335625,Urban,ICICI Bank,Desktop,1,1,0.712,11,10,Investment Scam
CASE_000203,2024-10-19 18:54:25.042609893,2024-10-19 17:01:20.718767744,Impersonation (Digital Arrest/Officer),IMPS,88849.33,Delhi,New Delhi,Delhi,Area-47,42851,28.618364020961508,77.16118194986387,Semi-Urban,Punjab National Bank,Android,0,0,0.51,136,4,Impersonation (Digital Arrest/Officer)
CASE_000204,2025-04-14 14:11:34.824318851,2025-04-14 11:55:34.042100601,UPI Fraud,UPI,3886.75,West Bengal,Kolkata,Kolkata,Area-14,68673,22.58464500340593,88.38648334276328,Semi-Urban,ICICI Bank,Android,0,0,0.545,20,6,UPI Fraud
CASE_000205,2025-05-09 07:35:53.928286408,2025-05-08 20:06:03.449897900,UPI Fraud,NEFT,43211.75,Maharashtra,Mumbai City,Mumbai,Area-16,44359,19.078619517208,72.87848374317109,Urban,SBI,iOS,0,0,0.887,165,2,UPI Fraud
CASE_000206,2024-01-13 13:03:00.166457537,2024-01-13 11:04:11.562238891,Remote Access Scam,Net Banking,9335.6,Maharashtra,Thane,Thane,Area-32,53637,19.198537793963272,72.9864490190963,Rural,Axis Bank,Android,0,0,0.719,219,2,Remote Access Scam
CASE_000207,2026-05-24 03:33:04.155430205,2026-05-24 00:19:24.471751869,Investment Scam,Net Banking,20475.79,Telangana,Hyderabad,Hyderabad,Area-25,73878,17.39853579163255,78.39345031216855,Urban,Punjab National Bank,iOS,0,0,0.347,160,6,Investment Scam
CASE_000208,2025-06-08 11:45:23.994820188,2025-06-08 09:03:17.971540503,Phishing,IMPS,3287.8,Maharashtra,Pune,Pune,Area-44,62427,18.4707296115886,73.78385262787404,Urban,Kotak Mahindra Bank,Android,1,0,0.263,138,4,Phishing
CASE_000209,2025-06-20 20:29:26.351552931,2025-06-20 17:21:21.080740646,UPI Fraud,Card,3580.7,Tamil Nadu,Chennai,Chennai,Area-44,57762,13.045051235182763,80.14677474724053,Urban,HDFC Bank,iOS,0,1,0.734,231,6,UPI Fraud
CASE_000210,2024-07-11 21:43:23.907068798,2024-07-11 15:36:17.526216610,OTP Fraud,UPI,6189.19,Maharashtra,Nagpur,Nagpur,Area-58,53473,21.057421861770827,79.15449612485779,Semi-Urban,Axis Bank,Android,0,0,0.292,53,5,OTP Fraud
CASE_000211,2025-11-28 00:15:51.416098100,2025-11-27 21:40:46.838317744,UPI Fraud,NEFT,682.33,Rajasthan,Jaipur,Jaipur,Area-47,73588,26.919646481434942,75.87295757164867,Urban,HDFC Bank,iOS,1,0,0.8,185,2,UPI Fraud
CASE_000212,2025-11-02 16:39:02.512779719,2025-11-02 15:33:05.282236978,Card Fraud,Net Banking,9953.69,Gujarat,Ahmedabad,Ahmedabad,Area-1,60759,23.0042806317163,72.56739388367072,Semi-Urban,HDFC Bank,Android,0,0,0.458,50,6,Card Fraud
CASE_000213,2024-03-27 18:23:26.036238687,2024-03-27 16:32:02.149878342,Phishing,UPI,6226.31,Karnataka,Bengaluru Urban,Bengaluru,Area-21,52154,12.993157917511793,77.6696285537742,Urban,SBI,Android,1,0,0.208,1,6,Phishing
CASE_000214,2025-06-26 03:32:45.678388325,2025-06-26 00:57:25.038327225,Impersonation (Digital Arrest/Officer),Net Banking,66080.68,West Bengal,Kolkata,Kolkata,Area-20,73508,22.571361399937583,88.35498615912414,Urban,Kotak Mahindra Bank,Desktop,0,1,0.65,58,5,Impersonation (Digital Arrest/Officer)
CASE_000215,2025-08-22 18:11:19.070848668,2025-08-22 14:44:52.972412974,Phishing,Card,17336.84,Maharashtra,Pune,Pune,Area-38,53185,18.539445532119576,73.91473017246798,Semi-Urban,Canara Bank,iOS,0,0,0.628,121,3,Phishing
CASE_000216,2026-01-31 06:26:14.483064001,2026-01-31 04:51:45.247979715,UPI Fraud,Card,4544.16,Karnataka,Bengaluru Urban,Bengaluru,Area-21,79751,12.958079650895495,77.6469099681799,Urban,Bank of Baroda,Android,1,0,0.535,16,3,UPI Fraud
CASE_000217,2024-07-06 19:42:10.501492201,2024-07-06 17:58:39.129084574,Impersonation (Digital Arrest/Officer),NEFT,16734.26,Maharashtra,Thane,Navi Mumbai,Area-58,51646,18.97523619746614,73.02718584745115,Urban,Axis Bank,Android,1,1,0.776,67,6,Impersonation (Digital Arrest/Officer)
CASE_000218,2026-03-10 16:08:21.908390323,2026-03-10 12:36:25.910550922,Remote Access Scam,Card,13762.56,Rajasthan,Jaipur,Jaipur,Area-18,59393,26.87471744799777,75.79083703875163,Urban,Canara Bank,iOS,1,0,0.109,12,3,Remote Access Scam
CASE_000219,2025-02-24 13:26:36.084987070,2025-02-24 09:49:19.746533535,UPI Fraud,UPI,50744.18,Gujarat,Ahmedabad,Ahmedabad,Area-26,53168,22.947812266996674,72.51177582867217,Urban,Axis Bank,Feature Phone,0,0,0.66,59,5,UPI Fraud
CASE_000220,2024-03-29 03:56:17.711145840,2024-03-28 22:23:32.684995024,Investment Scam,UPI,14019.83,Uttar Pradesh,Lucknow,Lucknow,Area-49,81932,26.741724416892943,80.99498306083136,Urban,Punjab National Bank,Android,0,1,0.616,173,5,Investment Scam
CASE_000221,2024-04-06 07:08:23.896889994,2024-04-06 05:18:08.593609650,Investment Scam,UPI,15693.88,Rajasthan,Jaipur,Jaipur,Area-22,77383,27.003241576650453,75.73085411411927,Urban,Bank of Baroda,Desktop,1,1,0.597,37,5,Investment Scam
CASE_000222,2024-06-29 09:06:46.474587617,2024-06-29 04:47:47.670396646,UPI Fraud,IMPS,2859.94,Gujarat,Surat,Surat,Area-3,82347,21.215625254149334,72.75427061333575,Urban,Bank of Baroda,Android,0,0,0.622,64,2,UPI Fraud
CASE_000223,2024-09-14 16:46:01.115640664,2024-09-14 14:03:41.168386027,Impersonation (Digital Arrest/Officer),UPI,5428.27,Maharashtra,Pune,Pune,Area-20,75190,18.573153728783222,73.80386895989633,Urban,Axis Bank,iOS,1,1,0.507,33,8,Impersonation (Digital Arrest/Officer)
CASE_000224,2025-03-28 07:28:33.657225897,2025-03-28 05:24:59.431352615,UPI Fraud,Card,13873.06,Uttar Pradesh,Lucknow,Lucknow,Area-22,53619,26.843815227776375,80.94277781887166,Urban,Axis Bank,Android,0,0,0.355,92,5,UPI Fraud
CASE_000225,2025-11-13 05:28:10.175806096,2025-11-13 02:41:46.274953410,Investment Scam,Card,43302.11,Telangana,Hyderabad,Hyderabad,Area-37,81338,17.320397586585536,78.40990761335213,Urban,ICICI Bank,Android,0,0,0.288,182,2,Investment Scam
CASE_000226,2024-06-19 05:38:43.947999958,2024-06-19 02:34:30.438310323,UPI Fraud,IMPS,40580.3,Delhi,New Delhi,Delhi,Area-42,58857,28.556918883265162,77.1558511078139,Urban,Bank of Baroda,Desktop,0,0,0.623,129,7,UPI Fraud
CASE_000227,2026-06-23 08:19:46.640753716,2026-06-23 07:20:19.805776328,Investment Scam,UPI,108913.89,Karnataka,Bengaluru Urban,Bengaluru,Area-33,60713,12.93803303768449,77.60953588093372,Semi-Urban,Bank of Baroda,Android,1,1,0.366,48,5,Investment Scam
CASE_000228,2024-05-27 04:34:54.946206698,2024-05-27 03:30:55.858414013,Phishing,UPI,152076.44,Maharashtra,Nagpur,Nagpur,Area-24,57103,21.126407935379245,79.13090923050915,Semi-Urban,Axis Bank,Desktop,0,0,0.209,77,3,Phishing
CASE_000229,2025-06-30 05:31:56.416171398,2025-06-30 00:47:59.590597317,Investment Scam,Wallet,31936.44,Maharashtra,Nashik,Nashik,Area-30,52608,19.891609777915637,73.71628309676814,Urban,Bank of Baroda,Android,1,1,0.215,161,3,Investment Scam
CASE_000230,2026-04-26 08:34:37.042354001,2026-04-26 06:21:13.283607513,Investment Scam,Card,26008.55,Maharashtra,Pune,Pune,Area-9,40308,18.603689930312495,73.8709133899781,Urban,HDFC Bank,Android,0,1,0.279,115,6,Investment Scam
CASE_000231,2026-01-28 13:24:03.695845146,2026-01-28 09:56:32.257604212,Fake Customer Care,Net Banking,2841.46,Maharashtra,Mumbai City,Mumbai,Area-11,80113,19.140241923189155,72.88088695595529,Urban,Axis Bank,Desktop,0,1,0.412,110,6,Fake Customer Care
CASE_000232,2025-08-13 10:05:08.417819309,2025-08-13 05:26:58.218587980,Investment Scam,IMPS,74533.13,Karnataka,Bengaluru Urban,Bengaluru,Area-37,50656,13.021617727021642,77.52546488014679,Urban,Canara Bank,iOS,0,1,0.481,207,5,Investment Scam
CASE_000233,2025-10-13 22:19:28.918802800,2025-10-13 19:32:19.974610336,OTP Fraud,Wallet,11275.5,Rajasthan,Jaipur,Jaipur,Area-52,64284,26.965949382950996,75.80533127314214,Urban,Bank of Baroda,Android,1,0,0.746,196,2,OTP Fraud
CASE_000234,2024-05-02 10:38:36.352455819,2024-05-02 06:16:18.560229905,UPI Fraud,UPI,20259.78,Telangana,Hyderabad,Hyderabad,Area-31,42908,17.322231373673276,78.47636930535731,Semi-Urban,Bank of Baroda,iOS,1,0,0.18,59,5,UPI Fraud
CASE_000235,2024-01-09 22:21:28.524867502,2024-01-09 19:16:22.826690642,Phishing,Wallet,3109.68,Karnataka,Bengaluru Urban,Bengaluru,Area-4,63615,12.942170412472706,77.5679790208547,Semi-Urban,Kotak Mahindra Bank,Android,0,0,0.897,169,3,Phishing
CASE_000236,2025-01-30 15:25:15.712345886,2025-01-30 12:13:44.476518683,UPI Fraud,UPI,14570.65,Delhi,New Delhi,Delhi,Area-58,42288,28.632916193913424,77.27315058419141,Urban,Punjab National Bank,Desktop,0,0,0.51,190,8,UPI Fraud
CASE_000237,2024-03-22 19:41:47.975857818,2024-03-22 13:14:30.499658369,Investment Scam,ATM,43411.63,Delhi,New Delhi,Delhi,Area-20,43980,28.687365945349995,77.14469912087569,Rural,Bank of Baroda,Android,1,1,0.777,216,8,Investment Scam
CASE_000238,2024-11-22 00:27:53.741491760,2024-11-21 21:54:07.249183170,Remote Access Scam,UPI,20758.79,Maharashtra,Pune,Pune,Area-45,73591,18.52238395315629,73.86199388370521,Urban,Axis Bank,Android,0,1,0.561,64,6,Remote Access Scam
CASE_000239,2024-07-23 00:40:56.396643845,2024-07-22 19:54:44.778991472,OTP Fraud,UPI,4667.63,Gujarat,Ahmedabad,Ahmedabad,Area-53,69248,23.102872145300765,72.49393605013238,Semi-Urban,Kotak Mahindra Bank,Android,1,0,0.813,174,4,OTP Fraud
CASE_000240,2026-04-14 19:49:51.056484439,2026-04-14 19:00:17.057277203,Impersonation (Digital Arrest/Officer),UPI,102526.49,Maharashtra,Thane,Navi Mumbai,Area-59,82565,19.036117733809366,72.98938271800425,Semi-Urban,Bank of Baroda,iOS,1,0,0.72,45,5,Impersonation (Digital Arrest/Officer)
CASE_000241,2026-03-12 20:54:49.708436779,2026-03-12 17:32:39.704323813,Remote Access Scam,NEFT,169927.13,Tamil Nadu,Chennai,Chennai,Area-7,62962,13.08806187143362,80.3652355639179,Urban,Punjab National Bank,Desktop,0,1,0.504,107,5,Remote Access Scam
CASE_000242,2026-01-16 08:55:23.207455312,2026-01-16 01:21:59.185015082,UPI Fraud,ATM,2917.91,West Bengal,Kolkata,Kolkata,Area-11,44481,22.623322847576556,88.44025411499459,Urban,HDFC Bank,iOS,1,0,0.527,18,5,UPI Fraud
CASE_000243,2025-10-12 21:42:35.699227935,2025-10-12 09:40:41.305884324,UPI Fraud,UPI,21861.63,Telangana,Hyderabad,Hyderabad,Area-39,43482,17.34934849645022,78.57122712269123,Urban,Kotak Mahindra Bank,Android,1,0,0.873,145,2,UPI Fraud
CASE_000244,2024-05-20 09:29:52.230863171,2024-05-20 08:37:43.168549607,OTP Fraud,UPI,500.0,Rajasthan,Jaipur,Jaipur,Area-45,51514,26.84654282396626,75.84242623360952,Rural,ICICI Bank,Android,0,0,0.581,164,1,OTP Fraud
CASE_000245,2024-02-14 03:43:11.679692718,2024-02-14 01:30:19.463105700,UPI Fraud,UPI,20650.01,Maharashtra,Nashik,Nashik,Area-50,70351,20.000932361365688,73.92767576845758,Urban,ICICI Bank,Android,0,0,0.55,107,8,UPI Fraud
CASE_000246,2025-08-18 17:53:50.612797904,2025-08-18 16:36:14.846885987,UPI Fraud,UPI,1265.0,Rajasthan,Jaipur,Jaipur,Area-33,42245,26.98109349107381,75.78676346197511,Semi-Urban,SBI,Desktop,0,1,0.57,99,4,UPI Fraud
CASE_000247,2025-08-08 04:58:22.915614505,2025-08-08 02:19:54.880306937,Marketplace Fraud (OLX/e-commerce),IMPS,3888.82,West Bengal,Kolkata,Kolkata,Area-10,70620,22.585217674658388,88.47019739942216,Urban,HDFC Bank,Android,1,0,0.304,58,6,Marketplace Fraud (OLX/e-commerce)
CASE_000248,2024-12-02 18:24:02.683406920,2024-12-02 13:05:33.222739100,Marketplace Fraud (OLX/e-commerce),UPI,1634.35,West Bengal,Kolkata,Kolkata,Area-43,82903,22.618858904518618,88.27362938636723,Urban,HDFC Bank,iOS,1,0,0.297,185,5,Marketplace Fraud (OLX/e-commerce)
CASE_000249,2025-03-06 21:25:50.305430404,2025-03-06 14:49:16.589812420,Impersonation (Digital Arrest/Officer),ATM,21860.72,Tamil Nadu,Chennai,Chennai,Area-40,46761,13.099957078056557,80.29827830879543,Urban,SBI,Android,0,0,0.919,218,3,Impersonation (Digital Arrest/Officer)
CASE_000250,2025-03-21 21:30:50.717145505,2025-03-21 14:45:44.007967435,Phishing,Wallet,27391.37,Gujarat,Ahmedabad,Ahmedabad,Area-28,43186,23.060490017858662,72.56624985453755,Urban,SBI,Feature Phone,0,0,0.295,32,4,Phishing
CASE_000251,2024-08-06 14:34:50.684390950,2024-08-06 13:47:19.299730614,OTP Fraud,UPI,1283.0,Madhya Pradesh,Indore,Indore,Area-38,74460,22.72837744800853,75.91908655678404,Urban,ICICI Bank,Android,0,0,0.646,66,1,OTP Fraud
CASE_000252,2024-10-13 07:57:36.935065020,2024-10-13 04:56:19.689890847,UPI Fraud,Card,6664.65,Delhi,New Delhi,Delhi,Area-13,82104,28.580825109511437,77.2291952554383,Rural,Kotak Mahindra Bank,Android,0,0,0.911,145,6,UPI Fraud
CASE_000253,2025-01-16 05:28:34.472563665,2025-01-16 03:40:09.203386076,Investment Scam,ATM,19693.76,Gujarat,Ahmedabad,Ahmedabad,Area-48,61376,22.976257664727314,72.55202943005357,Urban,Kotak Mahindra Bank,Desktop,0,1,0.312,88,6,Investment Scam
CASE_000254,2025-07-03 14:25:54.506407430,2025-07-03 11:54:22.715953194,Phishing,NEFT,61973.6,West Bengal,Kolkata,Kolkata,Area-3,82701,22.611048258337465,88.4031415703046,Rural,HDFC Bank,Desktop,0,1,0.739,4,4,Phishing
CASE_000255,2026-05-20 20:03:08.886280329,2026-05-20 18:01:52.033311367,Fake Customer Care,IMPS,19096.47,Delhi,New Delhi,Delhi,Area-50,73360,28.64716289772479,77.12411660518276,Rural,Axis Bank,iOS,0,0,0.599,5,3,Fake Customer Care
CASE_000256,2025-05-05 14:15:40.975052633,2025-05-05 13:25:39.009087443,Fake Customer Care,UPI,3253.16,Uttar Pradesh,Lucknow,Lucknow,Area-50,78855,26.842109568616163,80.97910469118412,Urban,Kotak Mahindra Bank,iOS,1,0,0.505,56,7,Fake Customer Care
CASE_000257,2025-10-28 08:49:12.148594951,2025-10-28 02:10:03.785709210,Remote Access Scam,UPI,10607.99,Delhi,New Delhi,Delhi,Area-41,73529,28.51037849928367,77.17128137620907,Urban,Bank of Baroda,iOS,1,1,0.533,232,5,Remote Access Scam
CASE_000258,2026-01-05 05:51:37.273459462,2026-01-05 04:16:19.569994956,UPI Fraud,NEFT,54814.75,Karnataka,Bengaluru Urban,Bengaluru,Area-49,79701,12.915325433968578,77.57598325391731,Urban,Canara Bank,Android,0,0,0.289,146,5,UPI Fraud
CASE_000259,2024-04-13 11:34:36.430379942,2024-04-13 09:44:29.631444776,Investment Scam,Net Banking,76005.79,Maharashtra,Mumbai City,Mumbai,Area-54,42894,18.999730052051188,72.81699592259292,Semi-Urban,Axis Bank,Android,1,0,0.284,62,5,Investment Scam
CASE_000260,2025-08-18 07:30:15.423850473,2025-08-17 23:55:03.833037712,Phishing,IMPS,3964.97,Maharashtra,Pune,Pune,Area-10,40713,18.530743657723885,73.86066500938358,Rural,HDFC Bank,iOS,0,0,0.356,14,5,Phishing
CASE_000261,2025-03-15 05:33:36.304150658,2025-03-15 04:52:07.635513850,Fake Customer Care,IMPS,8853.29,Gujarat,Ahmedabad,Ahmedabad,Area-33,50906,23.053577447980846,72.63157875644598,Semi-Urban,HDFC Bank,iOS,0,0,0.328,181,3,Fake Customer Care
CASE_000262,2025-06-05 15:37:23.011198584,2025-06-05 11:37:48.436708488,UPI Fraud,Net Banking,7641.73,Delhi,New Delhi,Delhi,Area-39,71826,28.615919171933164,77.21268509085803,Rural,Bank of Baroda,Android,1,1,0.576,91,3,UPI Fraud
CASE_000263,2024-02-05 05:45:48.130085221,2024-02-04 23:56:52.381155808,UPI Fraud,UPI,5476.49,Delhi,New Delhi,Delhi,Area-56,70609,28.584557411201516,77.30753173901842,Urban,SBI,Android,0,0,0.128,95,3,UPI Fraud
CASE_000264,2026-04-05 20:41:40.867765064,2026-04-05 13:30:03.109939307,Remote Access Scam,Net Banking,2715.02,Maharashtra,Pune,Pune,Area-44,77367,18.54888767350016,73.8953888864332,Urban,Axis Bank,iOS,0,1,0.544,135,8,Remote Access Scam
CASE_000265,2026-05-18 03:28:30.845535474,2026-05-17 23:40:21.526743501,Investment Scam,Wallet,16438.46,Karnataka,Bengaluru Urban,Bengaluru,Area-36,62368,13.084748167631572,77.53258073522179,Urban,ICICI Bank,Android,0,1,0.733,55,6,Investment Scam
CASE_000266,2024-01-04 08:57:31.965752276,2024-01-04 04:07:43.605985265,OTP Fraud,UPI,45620.81,Gujarat,Ahmedabad,Ahmedabad,Area-33,44886,22.978844443715534,72.56753058492306,Semi-Urban,Canara Bank,iOS,1,1,0.553,174,3,OTP Fraud
CASE_000267,2024-07-13 02:17:19.513236338,2024-07-12 20:28:31.326224137,UPI Fraud,UPI,6507.7,Rajasthan,Jaipur,Jaipur,Area-9,61148,26.858045392465538,75.72742559075022,Urban,Canara Bank,iOS,0,1,0.256,75,2,UPI Fraud
CASE_000268,2024-06-13 06:26:16.861286144,2024-06-13 03:45:55.490300935,OTP Fraud,Wallet,8834.51,Maharashtra,Mumbai City,Mumbai,Area-19,75946,19.05425476121747,72.90642397955746,Urban,Axis Bank,Android,1,1,0.959,169,3,OTP Fraud
CASE_000269,2025-12-12 19:50:34.354113707,2025-12-12 18:26:31.076904014,UPI Fraud,IMPS,11551.59,Telangana,Hyderabad,Hyderabad,Area-26,68394,17.371243310073414,78.57331900134795,Urban,Punjab National Bank,Android,0,0,0.797,124,6,UPI Fraud
CASE_000270,2025-06-29 04:23:11.121452301,2025-06-28 20:25:20.684715018,UPI Fraud,Card,113545.12,Karnataka,Bengaluru Urban,Bengaluru,Area-52,76764,12.908498744272634,77.59330716686132,Urban,Axis Bank,Android,0,1,0.369,36,3,UPI Fraud
CASE_000271,2024-06-10 17:42:07.664493241,2024-06-10 13:13:23.571551073,Investment Scam,NEFT,34979.77,Telangana,Hyderabad,Hyderabad,Area-51,52396,17.37123147936435,78.53716031720685,Urban,Kotak Mahindra Bank,Android,0,0,0.412,149,2,Investment Scam
CASE_000272,2026-01-11 15:40:47.366676520,2026-01-11 12:39:39.481529631,UPI Fraud,Net Banking,32969.56,Delhi,New Delhi,Delhi,Area-38,82957,28.598622572105185,77.23508218506339,Urban,ICICI Bank,iOS,1,1,0.197,18,4,UPI Fraud
CASE_000273,2024-11-18 01:15:09.289174854,2024-11-18 00:22:28.549779180,Impersonation (Digital Arrest/Officer),ATM,14351.66,Delhi,New Delhi,Delhi,Area-7,69132,28.599488800209233,77.21402195748179,Semi-Urban,Bank of Baroda,iOS,0,0,0.738,171,6,Impersonation (Digital Arrest/Officer)
CASE_000274,2025-02-23 20:26:38.286221171,2025-02-23 20:10:29.075780600,UPI Fraud,NEFT,7440.26,Karnataka,Bengaluru Urban,Bengaluru,Area-43,49417,12.95541062848308,77.5940012325006,Semi-Urban,Canara Bank,Desktop,1,0,0.872,90,4,UPI Fraud
CASE_000275,2024-12-19 00:00:35.188270817,2024-12-18 20:04:17.827430129,UPI Fraud,UPI,10034.74,Telangana,Hyderabad,Hyderabad,Area-28,63879,17.51935023913799,78.47277977646333,Urban,HDFC Bank,Android,1,0,0.67,161,4,UPI Fraud
CASE_000276,2025-04-19 23:42:10.417539576,2025-04-19 23:27:24.601071753,Card Fraud,Net Banking,5490.74,Karnataka,Bengaluru Urban,Bengaluru,Area-39,76346,12.980895674310958,77.65097538852275,Semi-Urban,HDFC Bank,iOS,0,0,0.556,58,6,Card Fraud
CASE_000277,2025-03-13 12:49:46.203115346,2025-03-13 09:50:05.778496504,UPI Fraud,UPI,7910.22,Karnataka,Bengaluru Urban,Bengaluru,Area-26,44347,12.971339972487806,77.59462019742263,Urban,Axis Bank,Android,0,0,0.231,98,5,UPI Fraud
CASE_000278,2024-09-07 05:09:22.983532063,2024-09-07 03:30:16.683161926,Remote Access Scam,IMPS,47317.84,Gujarat,Ahmedabad,Ahmedabad,Area-43,50907,23.098510804108756,72.68434359118758,Semi-Urban,Kotak Mahindra Bank,iOS,0,0,0.855,74,4,Remote Access Scam
CASE_000279,2025-01-21 20:30:37.755628537,2025-01-21 18:29:35.533555169,Card Fraud,Card,5334.57,West Bengal,Kolkata,Kolkata,Area-13,40846,22.571012996368065,88.36626556173631,Urban,Bank of Baroda,Android,1,0,0.74,60,4,Card Fraud
CASE_000280,2026-04-07 18:41:02.177626107,2026-04-07 11:53:00.399891913,UPI Fraud,Card,9898.1,Maharashtra,Nagpur,Nagpur,Area-9,68195,21.134263329069174,79.02882529698708,Urban,HDFC Bank,iOS,1,0,0.546,82,7,UPI Fraud
CASE_000281,2025-04-03 04:56:33.057932520,2025-04-03 03:16:38.639935970,Card Fraud,ATM,28056.38,Gujarat,Ahmedabad,Ahmedabad,Area-13,69621,23.066808993150598,72.66510287287383,Urban,ICICI Bank,Android,0,0,0.176,13,5,Card Fraud
CASE_000282,2026-04-14 22:58:46.540114266,2026-04-14 19:52:20.918909356,Phishing,Net Banking,4395.77,Gujarat,Ahmedabad,Ahmedabad,Area-55,40300,22.914702761520477,72.50570821424883,Urban,Bank of Baroda,Android,1,0,0.155,95,3,Phishing
CASE_000283,2025-05-16 05:39:01.880916751,2025-05-16 03:58:39.984571122,Phishing,IMPS,36325.14,Maharashtra,Thane,Thane,Area-5,54293,19.13486019328873,73.02909168258682,Urban,Canara Bank,Desktop,0,0,0.846,30,2,Phishing
CASE_000284,2025-12-01 13:06:11.279983697,2025-12-01 09:25:16.679739244,UPI Fraud,IMPS,10723.27,Telangana,Hyderabad,Hyderabad,Area-17,64653,17.444390638890397,78.5076059871283,Semi-Urban,Axis Bank,Android,1,0,0.663,124,5,UPI Fraud
CASE_000285,2024-09-24 14:23:48.432537602,2024-09-24 11:04:49.419839866,OTP Fraud,Card,8253.27,Maharashtra,Nashik,Nashik,Area-21,47211,20.11770989267391,73.7325964147285,Semi-Urban,SBI,Android,1,0,0.522,22,2,OTP Fraud
CASE_000286,2025-12-21 04:35:47.895113709,2025-12-21 01:36:01.966791362,Impersonation (Digital Arrest/Officer),UPI,3043.18,West Bengal,Kolkata,Kolkata,Area-50,68522,22.56805042212441,88.36687250354959,Urban,SBI,iOS,0,0,0.576,3,4,Impersonation (Digital Arrest/Officer)
CASE_000287,2024-08-29 00:57:20.123405209,2024-08-28 19:07:39.886693411,Investment Scam,IMPS,22966.44,Maharashtra,Pune,Pune,Area-22,51329,18.54861391318667,73.71923556340245,Urban,SBI,Android,0,1,0.393,105,3,Investment Scam
CASE_000288,2024-01-18 20:08:01.183834777,2024-01-18 19:26:26.088007063,Marketplace Fraud (OLX/e-commerce),Card,10426.2,Tamil Nadu,Chennai,Chennai,Area-53,41867,12.98342291672526,80.32984696416176,Semi-Urban,HDFC Bank,Android,0,0,0.466,72,4,Marketplace Fraud (OLX/e-commerce)
CASE_000289,2024-05-26 10:41:17.373153539,2024-05-26 10:10:39.409093490,Phishing,UPI,74249.75,Maharashtra,Pune,Pune,Area-59,76598,18.63633339403118,73.80593023484278,Urban,Axis Bank,Android,1,0,0.256,210,6,Phishing
CASE_000290,2024-01-20 18:27:33.611544454,2024-01-20 17:25:06.454921632,Fake Customer Care,NEFT,22181.18,Karnataka,Bengaluru Urban,Bengaluru,Area-39,55293,12.962939419338536,77.62879420323196,Urban,ICICI Bank,Android,0,0,0.596,64,7,Fake Customer Care
CASE_000291,2026-05-12 21:54:22.665323944,2026-05-12 18:34:39.368331105,Card Fraud,Net Banking,44409.21,Gujarat,Surat,Surat,Area-21,53932,21.15380279329913,72.84191641270763,Urban,ICICI Bank,Desktop,1,1,0.676,96,4,Card Fraud
CASE_000292,2026-06-30 03:38:09.624267904,2026-06-29 23:29:51.267884880,Marketplace Fraud (OLX/e-commerce),UPI,1832.27,Delhi,New Delhi,Delhi,Area-36,43839,28.618889822704322,77.10705035758858,Urban,Kotak Mahindra Bank,iOS,0,0,0.242,57,2,Marketplace Fraud (OLX/e-commerce)
CASE_000293,2025-11-25 09:29:01.565694884,2025-11-25 09:24:08.941597916,Fake Customer Care,NEFT,10330.1,Rajasthan,Jaipur,Jaipur,Area-40,53338,26.873700908815305,75.8523246687227,Urban,Axis Bank,Android,0,0,0.04,213,3,Fake Customer Care
CASE_000294,2024-04-08 16:12:51.902392009,2024-04-08 12:06:51.020152962,Social Engineering (Romance/Job),Net Banking,75808.69,Madhya Pradesh,Indore,Indore,Area-7,74963,22.673060936623298,75.91539700729287,Urban,Bank of Baroda,Android,1,0,0.707,189,3,Social Engineering (Romance/Job)
CASE_000295,2026-03-30 00:48:07.316573913,2026-03-29 22:32:36.760966986,UPI Fraud,Card,3727.5,Rajasthan,Jaipur,Jaipur,Area-50,82340,27.037282445485552,75.78274299493314,Urban,Punjab National Bank,Desktop,0,0,0.577,42,3,UPI Fraud
CASE_000296,2025-11-08 22:01:18.130509587,2025-11-08 13:55:20.895348385,OTP Fraud,Card,28616.68,Maharashtra,Thane,Thane,Area-26,65363,19.139569346989784,72.94771820725909,Semi-Urban,HDFC Bank,Desktop,1,0,0.486,61,4,OTP Fraud
CASE_000297,2024-10-29 20:05:05.099029230,2024-10-29 16:11:38.705104496,OTP Fraud,UPI,22173.42,Gujarat,Ahmedabad,Ahmedabad,Area-50,48446,23.006873619211753,72.52899963949992,Semi-Urban,Canara Bank,Android,0,1,0.723,45,4,OTP Fraud
CASE_000298,2025-04-02 21:17:31.722789047,2025-04-02 13:48:15.349645771,Remote Access Scam,Net Banking,24100.37,Maharashtra,Mumbai City,Mumbai,Area-37,42248,19.04245318351285,72.83284054211522,Semi-Urban,Axis Bank,iOS,0,1,0.699,37,5,Remote Access Scam
CASE_000299,2025-08-26 03:16:55.660677558,2025-08-25 20:42:22.454466075,Phishing,UPI,7583.55,Delhi,New Delhi,Delhi,Area-51,65717,28.62238390171221,77.19086449363361,Urban,Kotak Mahindra Bank,Android,0,0,0.426,58,4,Phishing
CASE_000300,2024-01-23 00:05:56.557276717,2024-01-22 21:50:22.560433448,Marketplace Fraud (OLX/e-commerce),UPI,2341.16,Rajasthan,Jaipur,Jaipur,Area-5,51601,26.929194153569757,75.76505807413027,Rural,SBI,Android,0,0,0.43,204,4,Marketplace Fraud (OLX/e-commerce)
CASE_000301,2025-04-02 03:00:51.944451493,2025-04-01 21:41:25.807747588,UPI Fraud,IMPS,69767.06,Tamil Nadu,Chennai,Chennai,Area-3,72904,13.06483836788735,80.26300204896383,Semi-Urban,Kotak Mahindra Bank,Desktop,1,0,0.627,110,6,UPI Fraud
CASE_000302,2025-10-29 07:20:57.521757522,2025-10-29 05:05:37.509673178,Investment Scam,UPI,69411.77,Karnataka,Bengaluru Urban,Bengaluru,Area-7,64316,12.941344212711176,77.70259162552897,Urban,Bank of Baroda,Desktop,0,1,0.717,92,3,Investment Scam
CASE_000303,2024-06-20 20:07:34.082832967,2024-06-20 11:21:34.312109115,Impersonation (Digital Arrest/Officer),ATM,40307.67,Delhi,New Delhi,Delhi,Area-52,70253,28.70817740590155,77.22449115238472,Urban,HDFC Bank,Android,0,1,0.619,46,1,Impersonation (Digital Arrest/Officer)
CASE_000304,2025-02-08 09:27:56.676185962,2025-02-08 07:02:13.554787695,UPI Fraud,Net Banking,6284.65,Gujarat,Ahmedabad,Ahmedabad,Area-59,45422,22.96856352689257,72.52012267006627,Semi-Urban,Kotak Mahindra Bank,Desktop,0,0,0.309,44,2,UPI Fraud
CASE_000305,2025-04-30 07:31:03.055004407,2025-04-30 03:14:19.480197772,Card Fraud,UPI,13413.58,Tamil Nadu,Chennai,Chennai,Area-59,54231,13.105800176102944,80.22449225996307,Urban,Bank of Baroda,iOS,1,0,0.203,133,2,Card Fraud
CASE_000306,2025-11-01 12:15:06.658649328,2025-11-01 02:24:04.653059952,UPI Fraud,Wallet,11863.11,Karnataka,Bengaluru Urban,Bengaluru,Area-20,42950,12.885590157234612,77.6229475163146,Semi-Urban,Canara Bank,iOS,1,0,0.681,180,8,UPI Fraud
CASE_000307,2026-05-28 19:13:40.532035857,2026-05-28 14:48:57.358009800,Remote Access Scam,Net Banking,27657.44,Rajasthan,Jaipur,Jaipur,Area-16,69744,26.968493742434124,75.89322231812142,Semi-Urban,HDFC Bank,iOS,1,1,0.539,134,7,Remote Access Scam
CASE_000308,2026-02-11 20:46:09.746961578,2026-02-11 18:41:47.693636984,OTP Fraud,Card,22198.37,Maharashtra,Pune,Pune,Area-21,42815,18.492176718068887,73.97871168944378,Rural,Canara Bank,Android,1,0,0.589,158,6,OTP Fraud
CASE_000309,2025-07-20 05:48:25.584973477,2025-07-20 04:52:43.463667475,Phishing,IMPS,4603.59,Maharashtra,Thane,Navi Mumbai,Area-49,55772,18.959224431831146,73.02479545987262,Rural,Kotak Mahindra Bank,Desktop,0,0,0.144,63,7,Phishing
CASE_000310,2025-06-15 17:25:10.018686531,2025-06-15 16:43:10.972517774,Remote Access Scam,Wallet,3549.39,Telangana,Hyderabad,Hyderabad,Area-15,61318,17.442403616111037,78.38739869568987,Semi-Urban,ICICI Bank,Android,0,0,0.592,226,12,Remote Access Scam
CASE_000311,2025-07-03 16:09:34.220711015,2025-07-03 12:04:25.886427142,UPI Fraud,UPI,10858.56,Gujarat,Surat,Surat,Area-33,51226,21.202817991136683,72.89642008381962,Rural,ICICI Bank,Android,0,0,0.345,197,4,UPI Fraud
CASE_000312,2025-05-11 18:33:30.521369575,2025-05-11 15:47:09.035207860,OTP Fraud,UPI,1448.18,Maharashtra,Pune,Pune,Area-39,75486,18.471546945042597,73.81289229435745,Rural,ICICI Bank,Android,0,1,0.861,210,4,OTP Fraud
CASE_000313,2024-02-24 02:58:08.467322849,2024-02-24 01:54:36.050331976,Marketplace Fraud (OLX/e-commerce),ATM,4852.74,Maharashtra,Pune,Pune,Area-22,73845,18.522875140417295,73.73338978451845,Urban,Axis Bank,iOS,1,0,0.398,160,7,Marketplace Fraud (OLX/e-commerce)
CASE_000314,2025-09-28 08:29:20.935736640,2025-09-28 03:33:08.536595456,UPI Fraud,UPI,5652.71,Maharashtra,Thane,Thane,Area-28,47397,19.26635388316223,72.9564745127886,Semi-Urban,Canara Bank,Android,1,0,0.357,166,5,UPI Fraud
CASE_000315,2025-10-14 18:52:39.099634879,2025-10-14 13:59:16.072921105,Remote Access Scam,IMPS,30598.6,Rajasthan,Jaipur,Jaipur,Area-40,45108,26.952151192131318,75.82745801140865,Urban,Kotak Mahindra Bank,Android,0,1,0.808,17,5,Remote Access Scam
CASE_000316,2025-04-11 23:36:20.119763726,2025-04-11 20:52:14.306182638,Investment Scam,Card,306698.27,Maharashtra,Pune,Pune,Area-47,82693,18.55727540362801,73.83731126559707,Urban,HDFC Bank,iOS,1,0,0.167,39,8,Investment Scam
CASE_000317,2026-03-04 05:51:39.606253974,2026-03-03 22:09:16.576276317,Impersonation (Digital Arrest/Officer),Card,3263.55,Karnataka,Bengaluru Urban,Bengaluru,Area-12,59279,12.915274401434742,77.55178559909967,Urban,HDFC Bank,Android,0,1,0.292,32,5,Impersonation (Digital Arrest/Officer)
CASE_000318,2025-09-04 14:43:31.383339152,2025-09-04 14:09:29.719699264,Remote Access Scam,IMPS,217377.38,Madhya Pradesh,Indore,Indore,Area-31,65588,22.727312328107715,75.77831700954582,Urban,SBI,Android,1,1,0.907,116,3,Remote Access Scam
CASE_000319,2024-11-26 11:26:15.915323750,2024-11-26 09:18:00.285788946,Investment Scam,ATM,26805.98,Maharashtra,Mumbai City,Mumbai,Area-10,49113,19.160205289412183,72.90900454004394,Urban,Punjab National Bank,Android,0,0,0.487,141,3,Investment Scam
CASE_000320,2024-01-19 02:59:33.458857710,2024-01-18 22:35:50.449489941,Impersonation (Digital Arrest/Officer),UPI,40627.85,Karnataka,Bengaluru Urban,Bengaluru,Area-1,60557,12.913467414093715,77.59229438444858,Urban,ICICI Bank,iOS,1,0,0.79,29,6,Impersonation (Digital Arrest/Officer)
CASE_000321,2024-02-23 22:41:20.578862224,2024-02-23 21:30:36.860490998,UPI Fraud,Card,2087.42,Karnataka,Bengaluru Urban,Bengaluru,Area-39,74453,12.95047687555241,77.57355995798943,Urban,Kotak Mahindra Bank,Android,0,0,0.223,180,5,UPI Fraud
CASE_000322,2024-11-16 16:59:39.069241180,2024-11-16 11:43:01.893129654,Phishing,IMPS,32593.52,Gujarat,Ahmedabad,Ahmedabad,Area-29,44891,22.981552681930545,72.6906490577418,Semi-Urban,Kotak Mahindra Bank,Android,1,1,0.367,132,2,Phishing
CASE_000323,2025-02-25 05:49:56.629652421,2025-02-24 23:28:14.988518409,Fake Customer Care,UPI,12430.91,Maharashtra,Nagpur,Nagpur,Area-16,57748,21.103288974899023,79.10907392042812,Semi-Urban,HDFC Bank,Android,1,1,0.415,143,5,Fake Customer Care
CASE_000324,2024-06-01 00:37:34.257903241,2024-06-01 00:28:12.564955939,UPI Fraud,Wallet,9250.06,Delhi,New Delhi,Delhi,Area-4,41132,28.496366219761633,77.16146410024935,Rural,Bank of Baroda,Desktop,0,0,0.462,220,5,UPI Fraud
CASE_000325,2024-06-21 19:21:11.431958484,2024-06-21 11:28:26.729847942,Impersonation (Digital Arrest/Officer),Net Banking,3289.52,Maharashtra,Thane,Navi Mumbai,Area-56,41809,19.006492741567083,73.0200902599264,Urban,Kotak Mahindra Bank,iOS,0,1,0.504,140,3,Impersonation (Digital Arrest/Officer)
CASE_000326,2024-07-28 21:33:02.381066986,2024-07-28 17:20:28.134065073,UPI Fraud,UPI,10734.05,West Bengal,Kolkata,Kolkata,Area-49,50811,22.645680554540835,88.38521030571955,Urban,Canara Bank,Android,1,1,0.762,1,4,UPI Fraud
CASE_000327,2025-12-12 03:04:51.730480514,2025-12-12 01:08:37.163384251,OTP Fraud,NEFT,25094.68,West Bengal,Kolkata,Kolkata,Area-56,80696,22.505264023372902,88.39304699205357,Semi-Urban,Bank of Baroda,Desktop,1,1,0.152,184,2,OTP Fraud
CASE_000328,2025-12-03 16:12:09.381225640,2025-12-03 15:26:14.476450309,Impersonation (Digital Arrest/Officer),Wallet,21369.35,Maharashtra,Thane,Thane,Area-7,82935,19.243538382447735,73.0936369320025,Urban,ICICI Bank,iOS,0,0,0.133,210,7,Impersonation (Digital Arrest/Officer)
CASE_000329,2024-12-15 02:20:40.388693723,2024-12-14 20:34:40.717512693,Investment Scam,UPI,126043.49,Delhi,New Delhi,Delhi,Area-1,71822,28.630151516193724,77.198316204599,Rural,Canara Bank,iOS,1,0,0.404,20,4,Investment Scam
CASE_000330,2024-06-06 01:34:53.005260335,2024-06-06 00:34:29.420260429,Phishing,IMPS,37854.11,Rajasthan,Jaipur,Jaipur,Area-13,65296,27.034035560009535,75.76708100451285,Semi-Urban,ICICI Bank,Android,1,1,0.458,129,3,Phishing
CASE_000331,2024-04-11 05:06:17.758715742,2024-04-11 00:54:03.351699688,Investment Scam,UPI,17112.39,Maharashtra,Mumbai City,Mumbai,Area-6,44443,19.05395964804647,72.95002022820702,Urban,Kotak Mahindra Bank,Android,1,1,0.967,113,3,Investment Scam
CASE_000332,2024-03-20 10:02:33.875882165,2024-03-20 08:59:43.002957824,Marketplace Fraud (OLX/e-commerce),UPI,40052.66,Maharashtra,Nashik,Nashik,Area-28,60414,20.033375618490364,73.86494369135868,Urban,Axis Bank,iOS,0,1,0.766,37,4,Marketplace Fraud (OLX/e-commerce)
CASE_000333,2024-12-22 13:52:23.083506166,2024-12-22 10:55:46.349989939,Investment Scam,UPI,36409.59,Karnataka,Bengaluru Urban,Bengaluru,Area-39,44553,12.98472924864999,77.66405198782486,Urban,Canara Bank,Android,1,1,0.941,66,5,Investment Scam
CASE_000334,2024-02-11 17:19:56.566290938,2024-02-11 11:44:23.143678637,Investment Scam,NEFT,36588.26,Maharashtra,Nagpur,Nagpur,Area-12,61957,21.14097925534414,79.08892727022929,Urban,Kotak Mahindra Bank,Android,0,0,0.566,205,8,Investment Scam
CASE_000335,2024-10-31 00:33:19.368652830,2024-10-30 22:35:47.226228680,Card Fraud,UPI,14346.25,Maharashtra,Pune,Pune,Area-24,81653,18.567751701563612,73.80645081899718,Urban,Punjab National Bank,Android,0,1,0.928,94,5,Card Fraud
CASE_000336,2026-05-26 06:48:22.733953037,2026-05-25 22:57:46.133709937,Phishing,UPI,11749.4,Delhi,New Delhi,Delhi,Area-32,76381,28.578285181641338,77.20899076855434,Semi-Urban,HDFC Bank,Android,1,0,0.93,129,2,Phishing
CASE_000337,2025-04-07 12:32:54.333061938,2025-04-07 08:04:51.296512388,Investment Scam,IMPS,1919.11,Maharashtra,Thane,Navi Mumbai,Area-19,81946,19.076532673777,73.04640734835071,Semi-Urban,HDFC Bank,iOS,0,0,0.658,186,3,Investment Scam
CASE_000338,2026-01-19 11:29:06.824186395,2026-01-19 10:18:09.997360453,Phishing,Net Banking,8877.3,Karnataka,Bengaluru Urban,Bengaluru,Area-28,45729,13.056576316942495,77.61692276060079,Urban,Canara Bank,Android,0,0,0.276,108,4,Phishing
CASE_000339,2024-04-27 19:06:01.328429367,2024-04-27 18:16:14.307805220,UPI Fraud,UPI,2207.59,Tamil Nadu,Chennai,Chennai,Area-35,59339,13.092222127901579,80.33905303413015,Urban,Kotak Mahindra Bank,iOS,1,0,0.157,214,3,UPI Fraud
CASE_000340,2024-09-01 06:46:30.939518568,2024-09-01 05:16:28.194980834,Card Fraud,UPI,76982.51,Telangana,Hyderabad,Hyderabad,Area-57,57914,17.391934007057607,78.47567966730807,Urban,Punjab National Bank,iOS,1,0,0.684,120,4,Card Fraud
CASE_000341,2026-05-12 10:07:42.272930117,2026-05-12 07:17:29.268636748,Fake Customer Care,NEFT,67982.99,Maharashtra,Mumbai City,Mumbai,Area-19,79409,19.06886792324316,72.87048010159457,Urban,Canara Bank,Android,0,0,0.458,236,2,Fake Customer Care
CASE_000342,2024-12-15 18:19:13.456013882,2024-12-15 09:58:43.228435770,Fake Customer Care,Card,30316.69,Gujarat,Ahmedabad,Ahmedabad,Area-6,59564,22.99934861544317,72.56089559937227,Semi-Urban,Kotak Mahindra Bank,Android,0,1,0.537,36,7,Fake Customer Care
CASE_000343,2025-08-14 02:09:08.986676730,2025-08-13 16:45:05.732618831,Fake Customer Care,IMPS,9136.27,Maharashtra,Thane,Navi Mumbai,Area-52,71530,19.022168239359136,73.05446476093424,Urban,Axis Bank,Android,0,0,0.359,213,4,Fake Customer Care
CASE_000344,2026-06-08 07:55:58.059289753,2026-06-08 06:02:09.238599077,Investment Scam,UPI,11429.43,West Bengal,Kolkata,Kolkata,Area-35,57930,22.64685247634772,88.32570551499506,Semi-Urban,Kotak Mahindra Bank,Android,0,0,0.88,27,5,Investment Scam
CASE_000345,2025-05-16 20:16:14.635357265,2025-05-16 18:25:24.615894727,Phishing,Net Banking,5281.53,Delhi,New Delhi,Delhi,Area-28,56338,28.60216838251842,77.23288799919715,Urban,Kotak Mahindra Bank,iOS,0,0,0.613,195,2,Phishing
CASE_000346,2024-10-05 09:05:14.755669216,2024-10-05 04:05:01.802173495,Remote Access Scam,NEFT,150948.31,West Bengal,Kolkata,Kolkata,Area-43,54399,22.633217109049927,88.2528101525229,Urban,Axis Bank,iOS,0,0,0.379,159,7,Remote Access Scam
CASE_000347,2025-04-29 19:29:45.917632956,2025-04-29 14:31:15.747369207,Marketplace Fraud (OLX/e-commerce),UPI,3235.4,Maharashtra,Pune,Pune,Area-58,63693,18.542896029130052,73.83851200056569,Semi-Urban,SBI,Desktop,1,0,0.483,134,6,Marketplace Fraud (OLX/e-commerce)
CASE_000348,2024-02-20 01:36:34.895767567,2024-02-19 18:35:15.814211668,Card Fraud,UPI,964.11,Maharashtra,Thane,Navi Mumbai,Area-8,45897,19.02075238940901,73.03106158147013,Semi-Urban,Bank of Baroda,Feature Phone,1,0,0.542,211,7,Card Fraud
CASE_000349,2024-04-12 16:00:11.581289215,2024-04-12 08:51:17.737785360,Investment Scam,Net Banking,107575.16,Karnataka,Bengaluru Urban,Bengaluru,Area-51,50203,13.064785306774942,77.51973888677949,Semi-Urban,ICICI Bank,Android,1,1,0.53,154,6,Investment Scam
CASE_000350,2024-01-07 14:11:51.876748465,2024-01-07 12:47:20.547106186,Remote Access Scam,UPI,92812.82,Maharashtra,Mumbai City,Mumbai,Area-38,68288,19.069310627770903,72.91933062680349,Urban,ICICI Bank,iOS,1,0,0.872,166,3,Remote Access Scam
CASE_000351,2026-03-16 13:02:07.268541251,2026-03-16 12:22:06.055598110,Card Fraud,UPI,79817.78,Maharashtra,Pune,Pune,Area-35,72952,18.48911927848439,73.80583105797403,Semi-Urban,Bank of Baroda,Android,1,0,0.445,181,3,Card Fraud
CASE_000352,2025-09-03 17:23:22.122129594,2025-09-03 12:52:31.070858732,Fake Customer Care,Wallet,37216.38,Tamil Nadu,Chennai,Chennai,Area-51,69798,13.19300281887926,80.34054953272793,Urban,Kotak Mahindra Bank,Android,1,1,0.561,201,3,Fake Customer Care
CASE_000353,2024-09-28 22:08:39.734265281,2024-09-28 18:40:55.145504657,Card Fraud,Net Banking,48244.44,Gujarat,Ahmedabad,Ahmedabad,Area-18,61411,22.896590233835948,72.59400809241576,Urban,SBI,Android,0,0,0.276,56,2,Card Fraud
CASE_000354,2024-07-20 11:48:53.487020268,2024-07-20 11:28:23.770374626,Investment Scam,Card,36716.83,Maharashtra,Mumbai City,Mumbai,Area-47,66421,19.095691327098358,72.97777803664793,Semi-Urban,Kotak Mahindra Bank,Android,1,0,0.265,202,5,Investment Scam
CASE_000355,2025-09-14 07:26:11.221617170,2025-09-14 06:47:12.507769316,Phishing,UPI,1109.19,Rajasthan,Jaipur,Jaipur,Area-34,77522,26.921001021348054,75.79131406519149,Urban,ICICI Bank,iOS,0,0,0.712,141,4,Phishing
CASE_000356,2026-04-17 21:00:32.752053358,2026-04-17 16:38:56.632075503,Investment Scam,Card,35718.79,West Bengal,Kolkata,Kolkata,Area-56,61705,22.652759131929976,88.36593240717345,Semi-Urban,Punjab National Bank,iOS,0,0,0.952,8,2,Investment Scam
CASE_000357,2024-09-29 15:01:21.479977584,2024-09-29 12:22:37.512348052,Phishing,Card,21569.6,Rajasthan,Jaipur,Jaipur,Area-28,48604,26.851905559762876,75.92096112005477,Urban,Kotak Mahindra Bank,Android,0,1,0.755,220,4,Phishing
CASE_000358,2024-10-20 02:59:58.689473281,2024-10-19 22:34:06.123477347,Marketplace Fraud (OLX/e-commerce),Wallet,5970.15,Tamil Nadu,Chennai,Chennai,Area-43,72797,12.97445664981087,80.2006350896455,Urban,HDFC Bank,Android,0,0,0.785,185,3,Marketplace Fraud (OLX/e-commerce)
CASE_000359,2026-02-17 06:13:35.879472634,2026-02-17 05:07:09.176291943,Investment Scam,Net Banking,28391.45,Tamil Nadu,Chennai,Chennai,Area-30,49148,13.068938348621964,80.27478250376284,Urban,HDFC Bank,iOS,0,0,0.639,214,4,Investment Scam
CASE_000360,2026-03-25 01:25:51.515494256,2026-03-24 20:46:07.818536490,Investment Scam,IMPS,11994.86,Karnataka,Bengaluru Urban,Bengaluru,Area-24,48836,12.954500076242432,77.64663096848126,Semi-Urban,Canara Bank,iOS,1,0,0.354,185,6,Investment Scam
CASE_000361,2026-04-12 20:16:50.428728031,2026-04-12 16:29:43.789798602,Phishing,UPI,3616.99,Tamil Nadu,Chennai,Chennai,Area-23,51152,13.125274938014666,80.26828075863355,Semi-Urban,ICICI Bank,iOS,0,0,0.456,83,4,Phishing
CASE_000362,2024-09-24 06:25:50.665381804,2024-09-24 01:31:24.973890148,Remote Access Scam,Card,134557.92,Uttar Pradesh,Lucknow,Lucknow,Area-55,65891,26.862980417535045,80.93891238539481,Urban,Canara Bank,Android,0,1,0.537,84,5,Remote Access Scam
CASE_000363,2024-04-19 16:31:34.354300221,2024-04-19 14:30:50.320535660,Impersonation (Digital Arrest/Officer),Wallet,217814.8,Maharashtra,Mumbai City,Mumbai,Area-50,49138,19.142118346780272,72.94823686774858,Urban,ICICI Bank,Android,0,0,0.85,67,6,Impersonation (Digital Arrest/Officer)
CASE_000364,2025-02-04 21:46:18.448744783,2025-02-04 20:06:24.891034044,UPI Fraud,Card,9868.35,Maharashtra,Nashik,Nashik,Area-14,46214,19.96563421147566,73.80982362855933,Urban,Punjab National Bank,iOS,1,1,0.462,98,4,UPI Fraud
CASE_000365,2024-09-26 11:22:01.087744337,2024-09-26 10:36:10.841208417,Fake Customer Care,IMPS,16187.55,Maharashtra,Mumbai City,Mumbai,Area-52,48261,19.048334723396252,72.8380172936592,Urban,Punjab National Bank,iOS,0,0,0.743,9,5,Fake Customer Care
CASE_000366,2026-03-16 07:09:35.365832323,2026-03-16 04:51:38.891426325,Phishing,Wallet,3701.03,Gujarat,Surat,Surat,Area-35,67300,21.168935653961725,72.81807600916281,Semi-Urban,Canara Bank,Android,0,0,0.598,179,5,Phishing
CASE_000367,2024-02-03 15:09:49.364200508,2024-02-03 08:59:10.923333738,Investment Scam,Wallet,70234.53,Delhi,New Delhi,Delhi,Area-7,63461,28.568964868232573,77.2660606112479,Urban,Punjab National Bank,Android,1,0,0.155,180,6,Investment Scam
CASE_000368,2025-07-31 18:31:33.428272243,2025-07-31 11:09:45.317258850,UPI Fraud,UPI,68570.25,Tamil Nadu,Chennai,Chennai,Area-46,68689,13.082200703926965,80.24876239224491,Urban,Punjab National Bank,Android,1,1,0.472,236,3,UPI Fraud
CASE_000369,2026-04-05 13:45:52.737596392,2026-04-05 12:44:57.770580351,Impersonation (Digital Arrest/Officer),UPI,5153.68,Gujarat,Ahmedabad,Ahmedabad,Area-10,65902,23.064008303634697,72.61602132244425,Urban,Axis Bank,iOS,0,0,0.417,132,3,Impersonation (Digital Arrest/Officer)
CASE_000370,2026-06-08 20:45:22.255517302,2026-06-08 17:55:15.239452183,Remote Access Scam,Card,29674.94,Madhya Pradesh,Indore,Indore,Area-52,48571,22.71007544156556,75.87598606973685,Urban,Axis Bank,Android,1,1,0.664,237,1,Remote Access Scam
CASE_000371,2025-08-15 14:52:49.873754123,2025-08-15 06:27:19.522988699,Fake Customer Care,ATM,21487.92,Maharashtra,Thane,Thane,Area-27,56578,19.19131552547747,72.84461882866327,Semi-Urban,Axis Bank,iOS,0,0,0.545,51,3,Fake Customer Care
CASE_000372,2026-05-15 18:18:22.029512210,2026-05-15 09:06:55.916414335,UPI Fraud,Net Banking,17683.14,West Bengal,Kolkata,Kolkata,Area-55,46387,22.558805759797202,88.34883263998691,Semi-Urban,Axis Bank,Desktop,1,0,0.771,114,3,UPI Fraud
CASE_000373,2024-03-10 00:26:30.914392852,2024-03-09 22:13:06.567004096,Loan App Scam,UPI,96481.16,Rajasthan,Jaipur,Jaipur,Area-29,80819,26.949139814301827,75.71978882144664,Urban,Kotak Mahindra Bank,Android,1,0,0.442,188,2,Loan App Scam
CASE_000374,2024-11-23 13:48:55.050947317,2024-11-23 07:15:42.324702431,Remote Access Scam,Card,167277.05,Maharashtra,Mumbai City,Mumbai,Area-6,58199,19.101473567264605,72.88587299270777,Rural,SBI,Android,1,0,0.298,189,1,Remote Access Scam
CASE_000375,2024-01-09 04:20:48.304432234,2024-01-08 22:32:17.312466139,Phishing,UPI,8420.95,West Bengal,Kolkata,Kolkata,Area-46,67370,22.577319908189594,88.37383776236658,Urban,Punjab National Bank,Android,0,0,0.699,185,5,Phishing
CASE_000376,2026-06-13 02:05:10.155885909,2026-06-12 20:36:07.182648197,UPI Fraud,UPI,20753.93,Maharashtra,Nagpur,Nagpur,Area-43,54187,21.171879682341533,79.0969940470258,Semi-Urban,Punjab National Bank,Android,1,0,0.832,112,3,UPI Fraud
CASE_000377,2026-04-02 09:45:46.456348231,2026-04-02 09:12:42.234318405,Phishing,UPI,11943.8,Telangana,Hyderabad,Hyderabad,Area-18,52292,17.38763316326232,78.49394884443933,Semi-Urban,Kotak Mahindra Bank,Desktop,0,1,0.902,18,5,Phishing
CASE_000378,2024-01-26 15:08:33.383146000,2024-01-26 13:20:27.923318428,Fake Customer Care,UPI,5925.35,Karnataka,Bengaluru Urban,Bengaluru,Area-13,41627,12.990430664208606,77.59512012251143,Urban,Bank of Baroda,Desktop,0,0,0.861,207,5,Fake Customer Care
CASE_000379,2024-01-17 15:03:10.499361650,2024-01-17 12:27:08.170748364,Phishing,IMPS,14664.81,Maharashtra,Pune,Pune,Area-51,81213,18.453736284748093,73.85483971661061,Semi-Urban,Axis Bank,Android,1,0,0.179,92,4,Phishing
CASE_000380,2024-11-30 09:57:46.104371273,2024-11-30 07:25:15.668909721,Investment Scam,UPI,72505.12,Maharashtra,Thane,Thane,Area-46,42190,19.131607067156835,72.96159216837572,Urban,SBI,Desktop,1,0,0.672,156,9,Investment Scam
CASE_000381,2024-08-23 15:29:08.399447364,2024-08-23 12:40:26.781298596,Remote Access Scam,UPI,22615.89,Maharashtra,Mumbai City,Mumbai,Area-18,63842,19.069544363683253,72.8672451976153,Semi-Urban,ICICI Bank,Android,0,0,0.797,32,6,Remote Access Scam
CASE_000382,2026-02-10 23:11:17.965960063,2026-02-10 13:19:38.314668246,Fake Customer Care,Card,4505.36,Maharashtra,Mumbai City,Mumbai,Area-42,53206,19.031317234935987,72.91942833764773,Urban,ICICI Bank,iOS,1,0,0.441,224,5,Fake Customer Care
CASE_000383,2024-05-26 07:07:01.866718254,2024-05-26 04:49:51.575289590,Remote Access Scam,UPI,10698.62,Telangana,Hyderabad,Hyderabad,Area-15,44646,17.463530942470104,78.4883587410371,Urban,HDFC Bank,iOS,0,0,0.885,62,4,Remote Access Scam
CASE_000384,2025-12-21 10:40:30.588411823,2025-12-21 06:45:35.468969561,Card Fraud,Net Banking,7792.1,Maharashtra,Nagpur,Nagpur,Area-11,55416,21.13123410193463,79.05806974863134,Semi-Urban,Bank of Baroda,Android,1,0,0.643,239,6,Card Fraud
CASE_000385,2025-05-20 06:31:15.311535869,2025-05-20 02:42:24.770145103,UPI Fraud,UPI,3917.9,Maharashtra,Pune,Pune,Area-40,50905,18.56778369526619,73.87443988352179,Urban,Axis Bank,Android,0,0,0.377,171,5,UPI Fraud
CASE_000386,2024-12-09 22:07:57.900772993,2024-12-09 19:17:37.283995152,Fake Customer Care,UPI,16767.79,Tamil Nadu,Chennai,Chennai,Area-50,56736,13.089173003954564,80.26327299463094,Urban,Kotak Mahindra Bank,iOS,0,0,0.769,79,5,Fake Customer Care
CASE_000387,2024-05-12 19:05:47.640344246,2024-05-12 18:01:00.733938934,Phishing,IMPS,17244.24,Tamil Nadu,Chennai,Chennai,Area-55,71153,13.112146603445693,80.27503239401081,Urban,HDFC Bank,Android,1,1,0.6,89,4,Phishing
CASE_000388,2026-06-28 00:39:44.846623904,2026-06-27 21:31:21.768608093,UPI Fraud,UPI,29070.21,Karnataka,Bengaluru Urban,Bengaluru,Area-28,50905,12.909678066189011,77.58228172352801,Urban,Canara Bank,Feature Phone,0,1,0.475,235,6,UPI Fraud
CASE_000389,2025-07-16 23:58:54.129024184,2025-07-16 23:38:54.772182524,Loan App Scam,UPI,6164.85,Uttar Pradesh,Lucknow,Lucknow,Area-9,77472,26.952414802010043,80.85419535369522,Semi-Urban,Axis Bank,Android,1,0,0.609,142,6,Loan App Scam
CASE_000390,2025-02-04 10:51:27.321117038,2025-02-04 06:39:11.278319858,UPI Fraud,UPI,5243.65,Delhi,New Delhi,Delhi,Area-33,46368,28.492994296682188,77.14153956931095,Semi-Urban,ICICI Bank,Android,0,1,0.669,166,7,UPI Fraud
CASE_000391,2024-12-04 02:35:42.660499056,2024-12-04 02:19:58.427288130,UPI Fraud,UPI,54722.29,Gujarat,Ahmedabad,Ahmedabad,Area-41,80704,22.919664078001333,72.48082136917357,Rural,ICICI Bank,Desktop,1,0,0.68,147,5,UPI Fraud
CASE_000392,2026-04-05 06:46:37.210136537,2026-04-05 02:50:31.324246868,Remote Access Scam,UPI,14866.14,Maharashtra,Mumbai City,Mumbai,Area-58,43745,19.0521813998744,72.82270376514502,Urban,Kotak Mahindra Bank,Android,0,0,0.856,57,7,Remote Access Scam
CASE_000393,2026-01-18 04:15:29.320976939,2026-01-18 02:32:15.699418075,Phishing,Net Banking,11253.72,West Bengal,Kolkata,Kolkata,Area-7,46372,22.580433898452355,88.37211196735727,Urban,Bank of Baroda,Android,1,0,0.614,32,3,Phishing
CASE_000394,2026-01-09 00:59:41.211636226,2026-01-08 23:45:57.876778238,UPI Fraud,UPI,8163.15,Madhya Pradesh,Indore,Indore,Area-39,60416,22.699730904525634,75.81547219742664,Urban,HDFC Bank,Android,1,0,0.646,1,4,UPI Fraud
CASE_000395,2025-07-15 13:37:17.980606823,2025-07-15 08:33:48.286259122,Impersonation (Digital Arrest/Officer),UPI,96370.3,Gujarat,Ahmedabad,Ahmedabad,Area-31,70240,23.04596604555363,72.54756364299881,Urban,Canara Bank,Android,1,0,0.528,97,5,Impersonation (Digital Arrest/Officer)
CASE_000396,2026-03-20 00:21:24.471379023,2026-03-19 22:16:57.806619644,Card Fraud,Wallet,46693.2,Telangana,Hyderabad,Hyderabad,Area-35,77633,17.38688400910159,78.48637740336075,Semi-Urban,HDFC Bank,Android,0,0,0.572,164,2,Card Fraud
CASE_000397,2024-09-29 18:26:20.830405769,2024-09-29 15:25:20.381077010,OTP Fraud,UPI,33675.6,Telangana,Hyderabad,Hyderabad,Area-6,53960,17.37294568526998,78.4914229831538,Urban,ICICI Bank,Android,1,1,0.582,73,7,OTP Fraud
CASE_000398,2025-10-03 02:24:16.255456587,2025-10-03 01:49:51.381156564,UPI Fraud,UPI,10190.63,Maharashtra,Nagpur,Nagpur,Area-1,60474,21.11153455437904,79.14262363425571,Urban,Bank of Baroda,Android,1,0,0.73,54,6,UPI Fraud
CASE_000399,2025-01-03 18:34:40.800933316,2025-01-03 10:50:43.582762815,Impersonation (Digital Arrest/Officer),Card,10614.11,Tamil Nadu,Chennai,Chennai,Area-36,40995,13.08365442533246,80.22358673602066,Semi-Urban,Punjab National Bank,Android,0,0,0.217,93,5,Impersonation (Digital Arrest/Officer)
CASE_000400,2025-06-30 17:37:13.420260138,2025-06-30 14:22:26.221256793,OTP Fraud,UPI,82267.74,West Bengal,Kolkata,Kolkata,Area-12,76258,22.549106875725887,88.35687546357704,Urban,Axis Bank,Desktop,1,0,0.737,56,5,OTP Fraud
CASE_000401,2026-06-28 10:51:27.172818241,2026-06-28 07:37:01.939425305,UPI Fraud,IMPS,25385.66,Madhya Pradesh,Indore,Indore,Area-37,80815,22.715160142844496,75.96250022794743,Urban,Canara Bank,Desktop,1,0,0.439,104,3,UPI Fraud
CASE_000402,2026-06-16 01:55:14.715156606,2026-06-15 21:38:59.296866581,UPI Fraud,UPI,5988.97,Karnataka,Bengaluru Urban,Bengaluru,Area-2,58934,12.994273387402977,77.63831646696597,Semi-Urban,Kotak Mahindra Bank,Android,1,1,0.879,132,5,UPI Fraud
CASE_000403,2025-04-12 00:01:34.460589451,2025-04-11 23:54:07.833759435,UPI Fraud,Net Banking,47391.62,Maharashtra,Mumbai City,Mumbai,Area-48,64718,19.131312140852344,72.98452434653508,Urban,Canara Bank,Desktop,0,1,0.934,66,6,UPI Fraud
CASE_000404,2025-06-07 03:12:30.106832626,2025-06-06 18:57:01.865274213,Impersonation (Digital Arrest/Officer),Wallet,15374.25,Telangana,Hyderabad,Hyderabad,Area-20,47198,17.353500889178452,78.49535690303246,Semi-Urban,ICICI Bank,Desktop,0,0,0.839,8,2,Impersonation (Digital Arrest/Officer)
CASE_000405,2026-03-28 13:15:40.664429449,2026-03-28 11:02:35.377504617,UPI Fraud,UPI,46712.81,Maharashtra,Mumbai City,Mumbai,Area-27,62393,19.111000564272295,72.94518999177393,Semi-Urban,Kotak Mahindra Bank,Desktop,1,1,0.782,25,3,UPI Fraud
CASE_000406,2026-06-17 05:52:12.871518236,2026-06-16 21:56:21.186250523,Card Fraud,UPI,65413.07,Maharashtra,Pune,Pune,Area-21,82177,18.545092931750624,73.85994310935594,Urban,HDFC Bank,iOS,1,0,0.307,100,2,Card Fraud
CASE_000407,2025-12-10 09:38:07.681109474,2025-12-10 07:28:51.587819785,Marketplace Fraud (OLX/e-commerce),Card,2514.16,Maharashtra,Nagpur,Nagpur,Area-25,72640,21.209179680141737,79.11127035028834,Urban,Kotak Mahindra Bank,Android,0,0,0.437,43,5,Marketplace Fraud (OLX/e-commerce)
CASE_000408,2024-02-29 10:57:29.088674246,2024-02-29 09:11:34.759707006,UPI Fraud,ATM,18768.48,West Bengal,Kolkata,Kolkata,Area-32,77997,22.59123630982586,88.3543849918807,Urban,Punjab National Bank,Android,1,0,0.32,192,4,UPI Fraud
CASE_000409,2024-10-21 02:15:27.611950997,2024-10-20 22:11:42.546099268,Remote Access Scam,Net Banking,42116.57,Maharashtra,Thane,Navi Mumbai,Area-39,77436,19.0525804592138,73.0399216563828,Semi-Urban,Punjab National Bank,Desktop,0,0,0.281,40,5,Remote Access Scam
CASE_000410,2026-03-28 05:37:07.690758204,2026-03-27 18:26:20.400063396,UPI Fraud,Card,175676.61,Maharashtra,Thane,Thane,Area-41,69246,19.292440068130542,73.01698168994257,Urban,SBI,Android,0,0,0.961,7,5,UPI Fraud
CASE_000411,2025-12-01 05:48:29.025585836,2025-11-30 23:15:33.076493666,UPI Fraud,UPI,4374.16,Maharashtra,Mumbai City,Mumbai,Area-59,60341,19.04201660535414,72.88908732072582,Semi-Urban,Canara Bank,Desktop,1,0,0.672,149,5,UPI Fraud
CASE_000412,2025-11-07 08:34:37.824255038,2025-11-07 04:11:01.913561068,Card Fraud,Card,62203.21,Rajasthan,Jaipur,Jaipur,Area-11,50613,26.913116977115468,75.81340950079083,Urban,ICICI Bank,iOS,1,1,0.251,150,5,Card Fraud
CASE_000413,2025-08-31 15:29:22.145239941,2025-08-31 11:28:24.639439568,Investment Scam,UPI,35307.25,Tamil Nadu,Chennai,Chennai,Area-52,45611,13.204908429415141,80.24074010818543,Urban,Punjab National Bank,Android,1,1,0.365,161,6,Investment Scam
CASE_000414,2025-01-13 10:26:46.289864725,2025-01-13 07:19:43.710104760,Marketplace Fraud (OLX/e-commerce),Card,1768.39,Maharashtra,Mumbai City,Mumbai,Area-36,57306,19.080925794173353,72.87443746961232,Urban,HDFC Bank,Android,1,1,0.663,38,5,Marketplace Fraud (OLX/e-commerce)
CASE_000415,2025-01-02 16:09:37.422624948,2025-01-02 08:28:05.620859612,Impersonation (Digital Arrest/Officer),UPI,24285.47,Maharashtra,Mumbai City,Mumbai,Area-19,64774,19.01290405908606,72.9232291093778,Urban,Canara Bank,Desktop,0,0,0.708,163,2,Impersonation (Digital Arrest/Officer)
CASE_000416,2026-01-07 03:38:58.141166065,2026-01-06 22:29:59.671266988,UPI Fraud,Card,9924.0,Karnataka,Bengaluru Urban,Bengaluru,Area-55,66179,12.901321211381088,77.61867008053235,Urban,ICICI Bank,Android,0,0,0.88,207,2,UPI Fraud
CASE_000417,2024-09-24 15:57:31.639321866,2024-09-24 15:12:44.276945438,Investment Scam,UPI,10807.37,Maharashtra,Pune,Pune,Area-42,64660,18.496435981946025,73.8819368159609,Urban,Kotak Mahindra Bank,iOS,0,1,0.453,145,8,Investment Scam
CASE_000418,2025-09-15 22:23:59.514302099,2025-09-15 21:09:50.633042701,UPI Fraud,IMPS,13952.18,Telangana,Hyderabad,Hyderabad,Area-11,69482,17.444461799580424,78.50181053448213,Rural,Kotak Mahindra Bank,Desktop,1,0,0.666,94,3,UPI Fraud
CASE_000419,2025-10-23 18:19:33.411962450,2025-10-23 13:49:23.362108991,Fake Customer Care,IMPS,34061.12,Delhi,New Delhi,Delhi,Area-11,44214,28.610746485459657,77.22201950172092,Urban,Punjab National Bank,Android,0,0,0.737,116,7,Fake Customer Care
CASE_000420,2026-02-08 10:24:38.348156867,2026-02-08 09:22:19.745041676,Remote Access Scam,NEFT,23151.33,Uttar Pradesh,Lucknow,Lucknow,Area-39,54670,26.91662103587212,81.02230934757964,Semi-Urban,SBI,Android,0,0,0.376,195,4,Remote Access Scam
CASE_000421,2024-10-18 13:12:39.436872708,2024-10-18 09:58:42.798785489,Phishing,ATM,5998.6,Maharashtra,Nashik,Nashik,Area-44,71705,20.021472459571605,73.80892138386382,Urban,ICICI Bank,Android,0,0,0.656,35,11,Phishing
CASE_000422,2025-11-07 02:07:16.717821213,2025-11-06 20:40:00.948541626,Impersonation (Digital Arrest/Officer),Net Banking,23536.32,Tamil Nadu,Chennai,Chennai,Area-3,53495,13.058454439653087,80.26068849461672,Semi-Urban,Punjab National Bank,iOS,0,0,0.444,173,3,Impersonation (Digital Arrest/Officer)
CASE_000423,2024-04-07 04:22:43.821124424,2024-04-07 00:17:42.434377476,Remote Access Scam,IMPS,17726.02,Maharashtra,Mumbai City,Mumbai,Area-38,42817,19.110617661984058,72.90388071974252,Urban,Punjab National Bank,Android,0,0,0.721,65,5,Remote Access Scam
CASE_000424,2024-05-05 19:27:53.453279129,2024-05-05 18:34:53.910496000,Card Fraud,UPI,16340.76,Gujarat,Surat,Surat,Area-32,55557,21.267516270934305,72.90989833808032,Semi-Urban,Punjab National Bank,Android,1,0,0.865,210,3,Card Fraud
CASE_000425,2025-01-15 05:56:15.920094255,2025-01-15 04:38:06.656464506,UPI Fraud,Wallet,33550.73,Madhya Pradesh,Indore,Indore,Area-58,59356,22.612775086261742,75.87195072868279,Urban,HDFC Bank,Android,0,1,0.406,34,4,UPI Fraud
CASE_000426,2024-02-20 11:38:02.907990061,2024-02-20 07:27:22.947232055,UPI Fraud,Card,13348.16,West Bengal,Kolkata,Kolkata,Area-44,47957,22.452964023275403,88.41305964863948,Urban,Punjab National Bank,Android,1,0,0.889,124,5,UPI Fraud
CASE_000427,2026-05-13 18:51:23.803676165,2026-05-13 08:28:33.961865366,UPI Fraud,Net Banking,2115.47,Delhi,New Delhi,Delhi,Area-54,45948,28.671061577777905,77.2853697788833,Urban,SBI,Android,1,0,0.238,96,5,UPI Fraud
CASE_000428,2026-04-01 17:46:51.378787576,2026-04-01 15:03:00.003515974,Investment Scam,Net Banking,18661.35,Maharashtra,Pune,Pune,Area-3,44185,18.609948988504165,73.85934066743408,Urban,Axis Bank,Android,0,0,0.935,117,4,Investment Scam
CASE_000429,2024-02-14 19:28:24.173652726,2024-02-14 13:53:10.748317325,Investment Scam,IMPS,41580.48,Gujarat,Ahmedabad,Ahmedabad,Area-46,78950,23.045248585609375,72.6374068063019,Urban,SBI,iOS,1,1,0.452,92,3,Investment Scam
CASE_000430,2026-02-02 20:57:26.825886081,2026-02-02 16:50:50.954830021,UPI Fraud,NEFT,34082.42,West Bengal,Kolkata,Kolkata,Area-20,78797,22.583428663964522,88.49585043641986,Urban,Bank of Baroda,Android,0,0,0.496,9,4,UPI Fraud
CASE_000431,2025-04-08 15:43:46.553843564,2025-04-08 14:01:29.792295530,Investment Scam,NEFT,144407.44,Maharashtra,Pune,Pune,Area-33,61195,18.54183621414854,73.78749054855899,Rural,Punjab National Bank,iOS,0,0,0.595,206,2,Investment Scam
CASE_000432,2025-10-01 17:20:54.077340748,2025-10-01 11:42:59.729037464,Investment Scam,Card,243998.37,Delhi,New Delhi,Delhi,Area-52,65566,28.65526645498931,77.18130727816062,Urban,Kotak Mahindra Bank,Desktop,0,0,0.796,128,4,Investment Scam
CASE_000433,2026-03-19 00:24:58.905335736,2026-03-18 23:51:47.107928038,UPI Fraud,Net Banking,11426.33,Delhi,New Delhi,Delhi,Area-52,71131,28.54203942710651,77.26392352993574,Urban,Axis Bank,iOS,1,1,0.764,144,5,UPI Fraud
CASE_000434,2025-06-09 20:19:05.987364041,2025-06-09 14:58:12.667680487,Fake Customer Care,Wallet,27500.56,Gujarat,Ahmedabad,Ahmedabad,Area-14,43629,22.961452309569527,72.61646212032282,Semi-Urban,HDFC Bank,iOS,1,0,0.425,125,4,Fake Customer Care
CASE_000435,2024-04-16 03:40:13.555180671,2024-04-15 23:22:32.594243297,Impersonation (Digital Arrest/Officer),Card,5595.47,Tamil Nadu,Chennai,Chennai,Area-15,76938,13.078785671327793,80.25396984839232,Semi-Urban,HDFC Bank,Android,0,0,0.58,127,4,Impersonation (Digital Arrest/Officer)
CASE_000436,2024-01-03 10:13:43.686762153,2024-01-03 08:22:43.462843399,Phishing,Card,17468.94,Telangana,Hyderabad,Hyderabad,Area-43,64431,17.347929048794516,78.44690479195793,Urban,Kotak Mahindra Bank,iOS,1,0,0.778,145,4,Phishing
CASE_000437,2025-03-28 17:49:28.475459472,2025-03-28 16:41:32.572124258,Investment Scam,Card,10614.46,Telangana,Hyderabad,Hyderabad,Area-52,60557,17.40202543036349,78.52732321242894,Urban,Canara Bank,Android,1,1,0.646,101,8,Investment Scam
CASE_000438,2026-05-14 20:00:22.009799725,2026-05-14 18:00:40.812361225,Phishing,Card,10163.08,Maharashtra,Pune,Pune,Area-37,66304,18.609625025614744,73.93227072877592,Urban,SBI,Android,1,0,0.572,32,2,Phishing
CASE_000439,2025-06-05 17:23:46.190051416,2025-06-05 15:48:16.563423291,OTP Fraud,IMPS,277290.85,Delhi,New Delhi,Delhi,Area-4,56586,28.56658828095862,77.23127923221014,Urban,Bank of Baroda,iOS,0,0,0.5,7,6,OTP Fraud
CASE_000440,2024-12-05 20:19:49.286255965,2024-12-05 17:56:28.734579757,Impersonation (Digital Arrest/Officer),Card,38697.45,Maharashtra,Mumbai City,Mumbai,Area-10,76821,18.974062494027898,72.8311625997495,Urban,Axis Bank,Android,1,0,0.237,130,2,Impersonation (Digital Arrest/Officer)
CASE_000441,2024-01-29 06:15:10.959188509,2024-01-29 04:04:44.333245522,Investment Scam,Wallet,13394.08,West Bengal,Kolkata,Kolkata,Area-45,72293,22.61107951059973,88.41344782372187,Semi-Urban,ICICI Bank,Android,1,0,0.608,45,4,Investment Scam
CASE_000442,2026-04-13 14:57:33.072853088,2026-04-13 13:06:35.925734058,Fake Customer Care,NEFT,18599.49,Delhi,New Delhi,Delhi,Area-44,57597,28.58655427660661,77.32072963525066,Semi-Urban,Punjab National Bank,iOS,0,0,0.279,109,2,Fake Customer Care
CASE_000443,2024-10-25 01:28:47.615180169,2024-10-25 00:57:11.638800845,OTP Fraud,Net Banking,5603.9,Delhi,New Delhi,Delhi,Area-53,81418,28.607605611928996,77.22855145082272,Urban,Canara Bank,Android,1,0,0.706,145,3,OTP Fraud
CASE_000444,2025-10-04 02:13:53.741488928,2025-10-04 01:15:11.168471746,OTP Fraud,UPI,3439.84,Maharashtra,Pune,Pune,Area-32,79772,18.511537217353297,73.98814550267461,Urban,HDFC Bank,Android,0,0,0.338,143,3,OTP Fraud
CASE_000445,2025-09-24 17:03:44.066432796,2025-09-24 10:48:07.873074248,UPI Fraud,Card,100052.82,Maharashtra,Pune,Pune,Area-26,67731,18.457423171525182,73.87341464632769,Urban,Kotak Mahindra Bank,Android,1,1,0.765,41,4,UPI Fraud
CASE_000446,2024-08-19 08:47:52.237699573,2024-08-19 06:54:05.184598695,UPI Fraud,Card,32000.07,Telangana,Hyderabad,Hyderabad,Area-7,74728,17.364914629027435,78.4565268481631,Urban,SBI,Android,1,0,0.219,158,1,UPI Fraud
CASE_000447,2024-02-28 04:51:29.624624923,2024-02-28 02:25:53.044526275,Remote Access Scam,Card,26052.71,Maharashtra,Pune,Pune,Area-47,68439,18.487823048824076,73.854670682465,Urban,Bank of Baroda,Android,0,1,0.844,225,6,Remote Access Scam
CASE_000448,2024-12-16 19:43:30.115927701,2024-12-16 17:38:53.805412274,Investment Scam,Wallet,22510.95,Maharashtra,Mumbai City,Mumbai,Area-57,58638,19.086757131818022,72.91385323811147,Semi-Urban,SBI,Android,0,0,0.847,87,6,Investment Scam
CASE_000449,2024-10-16 05:33:49.986009903,2024-10-15 21:45:08.951531537,Remote Access Scam,UPI,12656.4,West Bengal,Kolkata,Kolkata,Area-3,76685,22.612147995204666,88.39624202557712,Urban,SBI,Android,1,1,0.612,29,2,Remote Access Scam
CASE_000450,2025-09-29 23:57:48.880868592,2025-09-29 22:24:21.257800317,Card Fraud,UPI,70199.35,Delhi,New Delhi,Delhi,Area-30,82712,28.656212668953913,77.10961967645018,Rural,SBI,iOS,1,0,0.234,121,4,Card Fraud
CASE_000451,2026-01-16 21:10:59.056523837,2026-01-16 19:43:28.146384194,Phishing,NEFT,15253.21,Delhi,New Delhi,Delhi,Area-21,57617,28.486658623167862,77.22795436048258,Urban,Kotak Mahindra Bank,Feature Phone,1,0,0.677,148,2,Phishing
CASE_000452,2024-07-21 19:54:38.019401750,2024-07-21 15:32:47.781065669,Phishing,Wallet,500.0,Delhi,New Delhi,Delhi,Area-44,66879,28.697506599580812,77.2481963018811,Urban,Punjab National Bank,iOS,1,0,0.314,95,2,Phishing
CASE_000453,2025-04-26 08:40:11.294096147,2025-04-26 05:14:38.794531681,Investment Scam,Net Banking,496726.74,Gujarat,Ahmedabad,Ahmedabad,Area-46,51323,23.018728490548284,72.65163581396102,Urban,Bank of Baroda,Android,0,0,0.661,144,3,Investment Scam
CASE_000454,2024-02-07 04:18:46.698510367,2024-02-06 23:51:39.266261159,Phishing,UPI,13315.43,Maharashtra,Nagpur,Nagpur,Area-13,48150,21.16598809398962,79.02691215923056,Urban,HDFC Bank,iOS,0,1,0.44,183,4,Phishing
CASE_000455,2024-07-14 08:44:28.321828686,2024-07-14 04:29:21.525421958,Remote Access Scam,Net Banking,25990.66,West Bengal,Kolkata,Kolkata,Area-57,69965,22.573813932280565,88.24270406314334,Urban,Canara Bank,Desktop,1,0,0.697,139,7,Remote Access Scam
CASE_000456,2025-11-25 04:53:21.297480569,2025-11-24 23:09:20.659543283,Card Fraud,Net Banking,42519.95,Gujarat,Surat,Surat,Area-9,66154,21.251804483400846,72.74448305815841,Urban,Kotak Mahindra Bank,Desktop,0,1,0.319,191,9,Card Fraud
CASE_000457,2025-12-23 19:43:10.630437337,2025-12-23 18:51:39.165023088,Investment Scam,Card,57797.81,Tamil Nadu,Chennai,Chennai,Area-47,55911,13.050971269662282,80.24637424768561,Urban,Axis Bank,Android,1,0,0.2,35,3,Investment Scam
CASE_000458,2025-12-08 11:22:29.247947408,2025-12-08 07:18:25.880076818,Card Fraud,UPI,29259.62,Delhi,New Delhi,Delhi,Area-44,42650,28.49988173025315,77.27734491246024,Semi-Urban,Canara Bank,Android,0,0,0.393,71,4,Card Fraud
CASE_000459,2024-05-09 18:38:12.551113292,2024-05-09 17:10:10.530996738,Investment Scam,UPI,21734.74,West Bengal,Kolkata,Kolkata,Area-10,58925,22.524779119903073,88.3896207165993,Rural,HDFC Bank,Android,0,1,0.514,133,3,Investment Scam
CASE_000460,2025-05-17 00:10:42.461565533,2025-05-16 23:49:23.812930115,Card Fraud,IMPS,3326.21,Delhi,New Delhi,Delhi,Area-40,62607,28.65116230196885,77.32461509465486,Urban,ICICI Bank,iOS,1,0,0.475,63,8,Card Fraud
CASE_000461,2025-01-20 06:19:39.521307094,2025-01-20 02:05:48.384204447,UPI Fraud,Card,13470.48,Delhi,New Delhi,Delhi,Area-16,71838,28.537636649771244,77.0881578325178,Urban,SBI,Android,1,1,0.582,238,4,UPI Fraud
CASE_000462,2026-06-22 09:54:41.235361723,2026-06-22 05:51:23.015260294,Card Fraud,IMPS,62139.7,Karnataka,Bengaluru Urban,Bengaluru,Area-17,62748,12.889773878058373,77.54489196402209,Urban,HDFC Bank,Desktop,1,0,0.776,163,6,Card Fraud
CASE_000463,2025-08-18 23:30:28.877315440,2025-08-18 20:35:01.021529257,Card Fraud,Net Banking,6309.31,Maharashtra,Nagpur,Nagpur,Area-6,74572,21.158086321057564,79.10754850635074,Urban,Kotak Mahindra Bank,Android,0,0,0.437,99,1,Card Fraud
CASE_000464,2026-05-02 05:03:43.151941302,2026-05-01 23:15:30.694594398,Phishing,UPI,4887.73,Maharashtra,Mumbai City,Mumbai,Area-45,70426,19.13563223391284,72.82253775520186,Rural,Axis Bank,iOS,1,1,0.376,185,4,Phishing
CASE_000465,2024-05-12 11:25:01.899256053,2024-05-12 09:56:20.647336127,Impersonation (Digital Arrest/Officer),Net Banking,106164.03,Delhi,New Delhi,Delhi,Area-48,55102,28.60302548079924,77.22244834498986,Urban,Bank of Baroda,Android,0,0,0.665,235,2,Impersonation (Digital Arrest/Officer)
CASE_000466,2025-02-14 22:37:48.596269893,2025-02-14 17:53:35.675028272,OTP Fraud,Wallet,5985.11,Maharashtra,Thane,Thane,Area-30,68325,19.319775396403756,73.01282234002308,Semi-Urban,Canara Bank,Android,1,0,0.477,3,3,OTP Fraud
CASE_000467,2025-12-04 01:02:00.644646772,2025-12-03 22:25:42.847372957,Phishing,Net Banking,6930.55,Delhi,New Delhi,Delhi,Area-46,74955,28.59603102464892,77.24722240094792,Rural,Kotak Mahindra Bank,Android,1,0,0.202,134,4,Phishing
CASE_000468,2024-12-01 05:36:27.099891148,2024-12-01 02:50:28.916364204,Card Fraud,Card,8534.79,Karnataka,Bengaluru Urban,Bengaluru,Area-21,77347,13.035850114262082,77.52426209973473,Semi-Urban,Axis Bank,iOS,0,0,0.171,103,4,Card Fraud
CASE_000469,2025-07-30 05:35:31.391312392,2025-07-30 05:09:56.735651992,Marketplace Fraud (OLX/e-commerce),Card,6450.07,Uttar Pradesh,Lucknow,Lucknow,Area-34,68775,26.953320052210508,80.87749658358081,Urban,ICICI Bank,Android,1,0,0.569,181,5,Marketplace Fraud (OLX/e-commerce)
CASE_000470,2025-04-11 09:42:02.683288702,2025-04-11 03:51:22.668399781,Fake Customer Care,Wallet,2103.42,Maharashtra,Mumbai City,Mumbai,Area-47,61557,19.051583708769982,72.8792604808247,Urban,SBI,Android,1,0,0.467,74,7,Fake Customer Care
CASE_000471,2026-06-22 19:29:10.201117551,2026-06-22 15:32:40.571311861,Investment Scam,Net Banking,19139.1,Telangana,Hyderabad,Hyderabad,Area-26,58377,17.436103822365435,78.47162998317685,Urban,Kotak Mahindra Bank,iOS,0,0,0.711,78,4,Investment Scam
CASE_000472,2024-06-07 14:09:28.734519680,2024-06-07 09:32:57.177570859,Impersonation (Digital Arrest/Officer),Net Banking,35704.22,Delhi,New Delhi,Delhi,Area-37,64990,28.67582929378652,77.13866883417096,Urban,Canara Bank,Desktop,1,0,0.474,184,4,Impersonation (Digital Arrest/Officer)
CASE_000473,2026-05-02 03:45:43.656980651,2026-05-02 02:27:49.948912486,Social Engineering (Romance/Job),NEFT,25303.78,Maharashtra,Mumbai City,Mumbai,Area-9,49142,19.10181930547738,72.82427400165962,Rural,Punjab National Bank,iOS,0,0,0.733,213,4,Social Engineering (Romance/Job)
CASE_000474,2024-12-31 23:33:38.730510812,2024-12-31 19:56:50.402239010,Impersonation (Digital Arrest/Officer),UPI,99053.14,Maharashtra,Pune,Pune,Area-30,42623,18.535425434675208,73.83747415872281,Urban,Axis Bank,iOS,1,0,0.603,35,3,Impersonation (Digital Arrest/Officer)
CASE_000475,2025-03-02 10:47:55.640656263,2025-03-02 08:11:53.580743402,UPI Fraud,Card,74856.74,Maharashtra,Mumbai City,Mumbai,Area-51,51514,19.07310468630608,72.88050966779727,Urban,Kotak Mahindra Bank,Android,0,0,0.933,147,6,UPI Fraud
CASE_000476,2025-04-26 17:26:41.722384195,2025-04-26 13:21:05.705991723,UPI Fraud,Net Banking,52246.69,Maharashtra,Pune,Pune,Area-46,80168,18.52263268331667,73.79880113936368,Urban,ICICI Bank,Desktop,0,1,0.257,187,5,UPI Fraud
CASE_000477,2024-08-29 21:27:55.876369074,2024-08-29 17:58:27.252536843,OTP Fraud,ATM,27068.27,Maharashtra,Pune,Pune,Area-18,47292,18.442824914737926,73.81348863519545,Urban,Axis Bank,Android,1,1,0.567,40,4,OTP Fraud
CASE_000478,2026-05-28 06:14:42.016346468,2026-05-27 21:24:22.770872563,Investment Scam,IMPS,29411.91,Delhi,New Delhi,Delhi,Area-33,59724,28.59921443940703,77.12224136285485,Urban,Canara Bank,Desktop,0,0,0.47,159,8,Investment Scam
CASE_000479,2026-04-10 15:49:40.612807936,2026-04-10 08:45:22.518912375,Phishing,UPI,5485.89,Karnataka,Bengaluru Urban,Bengaluru,Area-37,47197,12.980854635356952,77.6140742909326,Semi-Urban,Axis Bank,iOS,1,0,0.634,235,4,Phishing
CASE_000480,2026-06-05 09:57:58.857667825,2026-06-05 07:35:49.599676445,Phishing,NEFT,11103.06,Maharashtra,Mumbai City,Mumbai,Area-56,43820,19.06889613383053,72.81369649963466,Semi-Urban,Canara Bank,Android,0,0,0.495,202,5,Phishing
CASE_000481,2026-06-27 08:52:36.454672028,2026-06-27 04:38:58.296440437,Card Fraud,IMPS,24501.78,Maharashtra,Thane,Thane,Area-49,41661,19.266466567669376,72.96417728626395,Urban,HDFC Bank,Android,0,0,0.923,47,6,Card Fraud
CASE_000482,2025-09-02 06:43:15.998581243,2025-09-02 04:30:33.411732383,Investment Scam,Card,85553.27,Maharashtra,Mumbai City,Mumbai,Area-49,64190,19.063961473093435,72.91478051308559,Urban,Axis Bank,iOS,0,0,0.746,237,4,Investment Scam
CASE_000483,2025-02-15 17:20:54.716512190,2025-02-15 11:39:06.049068488,Fake Customer Care,UPI,23569.67,Karnataka,Bengaluru Urban,Bengaluru,Area-45,63357,13.069777859928012,77.58581764835475,Urban,Axis Bank,iOS,0,1,0.682,86,2,Fake Customer Care
CASE_000484,2026-02-14 03:08:02.089203556,2026-02-14 00:26:45.680334747,Card Fraud,UPI,11260.67,Maharashtra,Nagpur,Nagpur,Area-22,62223,21.115590271874407,79.11924493611482,Urban,ICICI Bank,iOS,0,1,0.32,114,4,Card Fraud
CASE_000485,2024-01-22 18:26:17.253578940,2024-01-22 16:28:11.456449342,Loan App Scam,Card,37629.82,Karnataka,Bengaluru Urban,Bengaluru,Area-23,68817,12.994276386608357,77.66579722404289,Semi-Urban,Canara Bank,Desktop,0,0,0.184,70,2,Loan App Scam
CASE_000486,2026-01-30 06:59:11.173712458,2026-01-30 03:24:36.121017739,Fake Customer Care,Net Banking,47537.84,Maharashtra,Pune,Pune,Area-28,40579,18.615376944396658,73.94201606800655,Semi-Urban,Axis Bank,Android,0,0,0.71,168,3,Fake Customer Care
CASE_000487,2025-03-29 07:22:01.217661042,2025-03-29 00:39:41.880058020,Phishing,NEFT,28666.56,Maharashtra,Mumbai City,Mumbai,Area-26,67102,19.091880197768862,72.80244349021439,Semi-Urban,Canara Bank,Android,0,0,0.937,31,3,Phishing
CASE_000488,2025-09-05 13:17:07.683459686,2025-09-05 07:16:57.619746648,Remote Access Scam,UPI,17198.41,Gujarat,Surat,Surat,Area-57,71588,21.0917170361547,72.80090372117951,Semi-Urban,HDFC Bank,iOS,0,1,0.709,170,4,Remote Access Scam
CASE_000489,2024-12-06 20:12:27.174273728,2024-12-06 18:08:35.106693313,UPI Fraud,Card,3955.12,Maharashtra,Mumbai City,Mumbai,Area-52,53534,19.072522727965744,72.88750567474412,Urban,ICICI Bank,Android,0,0,0.65,14,3,UPI Fraud
CASE_000490,2024-12-02 03:54:16.827742081,2024-12-01 19:34:35.890118625,Social Engineering (Romance/Job),UPI,7706.53,Maharashtra,Thane,Thane,Area-53,69678,19.199603546433348,72.96204225499793,Semi-Urban,Axis Bank,iOS,0,1,0.46,202,5,Social Engineering (Romance/Job)
CASE_000491,2024-01-29 22:50:05.126629973,2024-01-29 21:27:49.784606096,Phishing,Card,5145.98,Maharashtra,Thane,Thane,Area-36,73131,19.21157064095128,72.99066716998075,Semi-Urban,Punjab National Bank,Desktop,0,0,0.531,78,3,Phishing
CASE_000492,2025-01-21 03:30:16.995380422,2025-01-21 01:43:55.584839806,Remote Access Scam,UPI,23637.02,Madhya Pradesh,Indore,Indore,Area-12,73131,22.621640137935163,75.89342223115258,Rural,HDFC Bank,Android,0,1,0.625,124,5,Remote Access Scam
CASE_000493,2025-01-07 05:47:17.962377434,2025-01-07 00:15:22.063133634,OTP Fraud,Net Banking,17532.02,Telangana,Hyderabad,Hyderabad,Area-9,67414,17.458451691591304,78.39677037447038,Urban,ICICI Bank,iOS,0,0,0.533,55,3,OTP Fraud
CASE_000494,2024-07-23 19:11:27.931078748,2024-07-23 18:49:57.544476636,UPI Fraud,UPI,2088.11,Telangana,Hyderabad,Hyderabad,Area-17,42718,17.37260785729504,78.46371113665457,Semi-Urban,Punjab National Bank,iOS,0,0,0.529,26,2,UPI Fraud
CASE_000495,2024-08-13 10:29:57.288779738,2024-08-13 07:28:33.789624512,OTP Fraud,Card,5685.11,Madhya Pradesh,Indore,Indore,Area-39,63699,22.721906626895773,75.82567353687564,Urban,ICICI Bank,Android,0,0,0.492,6,3,OTP Fraud
CASE_000496,2025-06-16 05:59:19.953307783,2025-06-16 03:37:40.032462269,UPI Fraud,UPI,12933.99,Maharashtra,Mumbai City,Mumbai,Area-22,56350,19.03819690562273,72.85455247741258,Semi-Urban,Kotak Mahindra Bank,iOS,1,0,0.254,235,4,UPI Fraud
CASE_000497,2024-10-16 20:24:25.517824022,2024-10-16 11:45:17.350861304,Investment Scam,IMPS,12875.93,Madhya Pradesh,Indore,Indore,Area-39,66294,22.79935871814314,75.8530220449764,Rural,Axis Bank,iOS,0,0,0.26,33,3,Investment Scam
CASE_000498,2026-01-26 09:46:45.800602470,2026-01-26 08:37:39.859514482,Investment Scam,UPI,55829.49,Maharashtra,Thane,Navi Mumbai,Area-52,74714,19.037532889688332,73.11845638957723,Rural,Canara Bank,Android,0,0,0.514,14,5,Investment Scam
CASE_000499,2024-04-11 12:35:59.566873352,2024-04-11 11:19:26.314762445,Phishing,Card,7763.12,Telangana,Hyderabad,Hyderabad,Area-20,82124,17.37784004265277,78.58365711651895,Urban,HDFC Bank,Android,1,1,0.501,123,2,Phishing
CASE_000500,2025-06-10 15:04:27.857365330,2025-06-10 05:37:44.802900314,Impersonation (Digital Arrest/Officer),Card,12504.67,Delhi,New Delhi,Delhi,Area-55,65600,28.71611387530423,77.28554482793085,Urban,Kotak Mahindra Bank,Android,0,0,0.481,231,5,Impersonation (Digital Arrest/Officer)
CASE_000501,2024-05-25 21:36:03.978405566,2024-05-25 19:13:04.491009600,Fake Customer Care,UPI,12592.38,Delhi,New Delhi,Delhi,Area-31,76481,28.576304320843757,77.19387900656436,Semi-Urban,Axis Bank,iOS,0,1,0.85,20,4,Fake Customer Care
CASE_000502,2025-04-26 11:58:57.287919875,2025-04-26 05:27:11.041175820,Phishing,UPI,16761.14,Uttar Pradesh,Lucknow,Lucknow,Area-48,80314,26.779320644020686,80.88099235136431,Semi-Urban,SBI,Android,1,0,0.81,62,4,Phishing
CASE_000503,2025-05-18 10:56:50.865560218,2025-05-18 08:51:47.780214362,Impersonation (Digital Arrest/Officer),UPI,10896.94,Maharashtra,Thane,Thane,Area-4,76567,19.206919148617594,72.89890971201989,Rural,Bank of Baroda,Android,1,0,0.784,133,1,Impersonation (Digital Arrest/Officer)
CASE_000504,2025-08-08 04:54:27.749509521,2025-08-08 03:11:47.825514756,Fake Customer Care,Card,9094.71,Madhya Pradesh,Indore,Indore,Area-17,80295,22.698462056153378,75.89620238171874,Urban,HDFC Bank,Desktop,1,0,0.553,118,1,Fake Customer Care
CASE_000505,2025-01-24 15:58:08.092113452,2025-01-24 09:13:08.569828376,Card Fraud,ATM,21521.56,Delhi,New Delhi,Delhi,Area-55,51607,28.736160224643132,77.21974665612494,Semi-Urban,HDFC Bank,iOS,1,0,0.704,35,6,Card Fraud
CASE_000506,2025-04-09 14:07:21.902683206,2025-04-09 03:09:16.256397665,UPI Fraud,UPI,4279.97,Telangana,Hyderabad,Hyderabad,Area-53,63233,17.376299803798133,78.47671506390579,Semi-Urban,Punjab National Bank,iOS,1,0,0.571,228,4,UPI Fraud
CASE_000507,2024-06-14 03:26:57.654345314,2024-06-13 20:20:52.792805029,Marketplace Fraud (OLX/e-commerce),IMPS,1118.55,Gujarat,Surat,Surat,Area-34,68464,21.26641312299215,72.8302543003276,Urban,Kotak Mahindra Bank,Desktop,1,1,0.696,86,6,Marketplace Fraud (OLX/e-commerce)
CASE_000508,2025-02-25 21:20:33.866005593,2025-02-25 19:22:03.383886397,UPI Fraud,IMPS,1825.79,Maharashtra,Mumbai City,Mumbai,Area-2,46558,19.04882562911135,72.97772590334705,Urban,ICICI Bank,Android,0,0,0.756,162,4,UPI Fraud
CASE_000509,2024-12-05 22:51:33.200604510,2024-12-05 19:56:11.137767244,Impersonation (Digital Arrest/Officer),IMPS,17496.63,Uttar Pradesh,Lucknow,Lucknow,Area-4,70128,26.89658323517647,81.07306157596344,Semi-Urban,Punjab National Bank,Android,1,0,0.505,110,6,Impersonation (Digital Arrest/Officer)
CASE_000510,2025-08-29 21:37:12.020077222,2025-08-29 20:17:25.699790448,Impersonation (Digital Arrest/Officer),Card,6498.71,Telangana,Hyderabad,Hyderabad,Area-25,79649,17.371105192467294,78.55867507386448,Urban,SBI,iOS,1,1,0.381,140,2,Impersonation (Digital Arrest/Officer)
CASE_000511,2025-01-31 04:29:02.420035266,2025-01-31 02:56:31.785097815,Card Fraud,ATM,8776.83,Tamil Nadu,Chennai,Chennai,Area-53,51774,13.04392327111596,80.29085348906617,Semi-Urban,HDFC Bank,Android,0,0,0.551,217,7,Card Fraud
CASE_000512,2025-12-11 00:59:57.126880805,2025-12-10 23:31:33.085313529,UPI Fraud,Card,61786.31,Maharashtra,Thane,Thane,Area-23,76959,19.21765838125761,73.0965564319788,Urban,Kotak Mahindra Bank,Android,0,0,0.697,78,2,UPI Fraud
CASE_000513,2025-01-23 04:01:01.125821403,2025-01-23 01:53:28.475574739,UPI Fraud,NEFT,2172.3,Karnataka,Bengaluru Urban,Bengaluru,Area-53,73282,12.911994890670092,77.68226108135929,Urban,SBI,iOS,1,0,0.728,195,5,UPI Fraud
CASE_000514,2024-08-02 22:11:24.953419983,2024-08-02 18:54:03.333249476,Card Fraud,UPI,9428.56,Tamil Nadu,Chennai,Chennai,Area-32,47287,13.039019402994414,80.2177191601994,Urban,ICICI Bank,Android,0,1,0.457,70,5,Card Fraud
CASE_000515,2024-09-06 10:56:42.343231084,2024-09-06 07:55:48.544717778,UPI Fraud,NEFT,103314.71,Delhi,New Delhi,Delhi,Area-8,77374,28.555560603064322,77.30674985388832,Rural,Punjab National Bank,Android,1,1,0.385,76,3,UPI Fraud
CASE_000516,2024-02-11 11:06:29.021309125,2024-02-11 06:06:58.181052751,Investment Scam,ATM,54268.87,Maharashtra,Thane,Thane,Area-34,54900,19.189549870990763,73.00139422639333,Semi-Urban,SBI,iOS,0,1,0.598,8,4,Investment Scam
CASE_000517,2025-05-07 00:12:15.232144079,2025-05-06 20:47:05.549921870,Card Fraud,Wallet,8585.83,Maharashtra,Pune,Pune,Area-22,48465,18.597556364394922,73.87760942946251,Semi-Urban,Canara Bank,iOS,1,0,0.836,83,6,Card Fraud
CASE_000518,2026-01-27 03:02:36.979928854,2026-01-26 22:22:46.724147886,Remote Access Scam,UPI,14991.16,Gujarat,Ahmedabad,Ahmedabad,Area-14,52371,23.124218179397275,72.50876652998801,Semi-Urban,Punjab National Bank,Android,0,0,0.567,141,6,Remote Access Scam
CASE_000519,2025-12-01 21:02:59.362161091,2025-12-01 15:51:30.088293672,UPI Fraud,NEFT,15871.79,Maharashtra,Mumbai City,Mumbai,Area-40,65766,19.040175911002812,72.90280923442322,Urban,ICICI Bank,Android,1,1,0.277,153,5,UPI Fraud
CASE_000520,2025-02-02 21:50:00.358956864,2025-02-02 19:49:44.011287615,Phishing,UPI,70309.3,Tamil Nadu,Chennai,Chennai,Area-13,51134,13.051890068152245,80.32986075675983,Rural,Canara Bank,Desktop,0,0,0.83,103,3,Phishing
CASE_000521,2024-06-27 18:37:13.814328863,2024-06-27 15:58:31.601566613,Marketplace Fraud (OLX/e-commerce),IMPS,3863.72,Madhya Pradesh,Indore,Indore,Area-54,67593,22.82960730860711,75.929740435761,Urban,Punjab National Bank,Desktop,0,0,0.464,86,3,Marketplace Fraud (OLX/e-commerce)
CASE_000522,2026-02-26 09:45:24.987881561,2026-02-25 15:13:25.925719827,Investment Scam,Net Banking,15053.89,Maharashtra,Mumbai City,Mumbai,Area-48,68504,19.0042523276911,72.79247527848368,Urban,Bank of Baroda,Android,0,1,0.968,54,5,Investment Scam
CASE_000523,2024-02-21 19:19:45.321292911,2024-02-21 17:27:37.902100952,UPI Fraud,IMPS,2171.8,Maharashtra,Thane,Thane,Area-47,73661,19.296905535809707,72.88226024593465,Urban,SBI,Android,0,0,0.548,217,3,UPI Fraud
CASE_000524,2024-12-29 21:27:29.256202248,2024-12-29 16:36:20.389778387,UPI Fraud,Net Banking,11085.64,Tamil Nadu,Chennai,Chennai,Area-5,72757,13.133029706908928,80.2843666487436,Urban,HDFC Bank,iOS,0,0,0.249,92,4,UPI Fraud
CASE_000525,2026-02-19 09:57:14.088637851,2026-02-19 09:02:00.503097743,Phishing,UPI,2319.38,Maharashtra,Mumbai City,Mumbai,Area-57,61392,19.158353543183168,72.99043651102039,Semi-Urban,SBI,Android,1,1,0.705,74,2,Phishing
CASE_000526,2024-12-24 09:42:38.456472338,2024-12-24 04:24:54.336259261,Social Engineering (Romance/Job),UPI,11884.45,Telangana,Hyderabad,Hyderabad,Area-30,65672,17.397493549990738,78.50388538212982,Urban,Punjab National Bank,Android,0,0,0.288,225,2,Social Engineering (Romance/Job)
CASE_000527,2024-04-17 10:50:47.569086117,2024-04-17 09:13:45.453468619,Phishing,UPI,4006.84,Tamil Nadu,Chennai,Chennai,Area-44,64571,13.026579312229797,80.22756788677259,Semi-Urban,Kotak Mahindra Bank,Android,1,1,0.427,153,7,Phishing
CASE_000528,2024-08-30 09:49:04.370674392,2024-08-30 06:43:11.552017752,UPI Fraud,Net Banking,32258.47,Telangana,Hyderabad,Hyderabad,Area-12,54220,17.441995004055116,78.45446563763484,Rural,Canara Bank,Android,1,0,0.416,203,6,UPI Fraud
CASE_000529,2025-06-30 15:48:50.357690278,2025-06-30 15:02:37.371364161,Investment Scam,NEFT,19801.78,Delhi,New Delhi,Delhi,Area-46,58892,28.514147388753436,77.25584305072732,Urban,Punjab National Bank,Android,0,0,0.444,93,3,Investment Scam
CASE_000530,2024-05-18 14:58:41.724394922,2024-05-18 12:06:47.109002750,UPI Fraud,IMPS,15315.54,Tamil Nadu,Chennai,Chennai,Area-19,70778,13.01444744484193,80.37548863732717,Urban,SBI,Android,1,1,0.564,103,6,UPI Fraud
CASE_000531,2025-08-19 18:25:00.567304707,2025-08-19 15:30:21.549892560,Phishing,IMPS,1864.61,Telangana,Hyderabad,Hyderabad,Area-42,71928,17.394817593014974,78.38368027049145,Semi-Urban,Bank of Baroda,iOS,1,1,0.81,175,1,Phishing
CASE_000532,2025-02-03 06:32:24.484654878,2025-02-03 03:58:20.869465113,Social Engineering (Romance/Job),NEFT,22875.11,Maharashtra,Pune,Pune,Area-17,49747,18.516446568336413,73.76746604136065,Urban,Bank of Baroda,Android,1,1,0.464,235,5,Social Engineering (Romance/Job)
CASE_000533,2024-10-31 19:12:50.202255659,2024-10-31 15:05:31.365383606,Remote Access Scam,Net Banking,4742.46,Karnataka,Bengaluru Urban,Bengaluru,Area-56,42320,12.972777184288597,77.65386095838217,Semi-Urban,Punjab National Bank,Android,1,0,0.825,189,5,Remote Access Scam
CASE_000534,2024-08-07 17:57:34.772651221,2024-08-07 11:35:40.942170437,UPI Fraud,Card,6196.79,Rajasthan,Jaipur,Jaipur,Area-42,41487,26.949049378699087,75.85281357876204,Urban,Bank of Baroda,Android,1,0,0.091,111,2,UPI Fraud
CASE_000535,2026-01-20 02:33:25.722725785,2026-01-20 01:17:12.518775946,Investment Scam,Card,394386.16,Tamil Nadu,Chennai,Chennai,Area-27,46447,13.039563520162815,80.32575776031925,Urban,Punjab National Bank,Desktop,1,0,0.779,143,5,Investment Scam
CASE_000536,2024-12-27 11:29:48.303198348,2024-12-27 08:52:45.074423324,UPI Fraud,UPI,27595.05,Karnataka,Bengaluru Urban,Bengaluru,Area-27,45132,12.972040889047076,77.59181189492861,Urban,Bank of Baroda,Android,0,0,0.454,84,5,UPI Fraud
CASE_000537,2025-11-03 18:35:08.535847387,2025-11-03 18:06:38.387572423,UPI Fraud,Card,8593.37,Maharashtra,Nagpur,Nagpur,Area-1,60469,21.122798356373924,79.01961222068499,Urban,Axis Bank,Android,0,1,0.293,110,3,UPI Fraud
CASE_000538,2025-02-05 07:18:45.342538884,2025-02-05 03:55:33.354565583,Impersonation (Digital Arrest/Officer),IMPS,935143.73,Maharashtra,Mumbai City,Mumbai,Area-18,57410,19.017653201688418,72.77201867824674,Urban,HDFC Bank,iOS,1,1,0.638,93,4,Impersonation (Digital Arrest/Officer)
CASE_000539,2024-03-24 17:45:53.368415687,2024-03-24 16:35:03.026733163,Investment Scam,Card,12658.33,Maharashtra,Pune,Pune,Area-47,57103,18.566273181293173,73.76794614281926,Urban,SBI,iOS,0,0,0.574,24,2,Investment Scam
CASE_000540,2025-02-05 10:12:57.224387634,2025-02-05 07:13:21.507805131,Card Fraud,IMPS,46355.83,Maharashtra,Mumbai City,Mumbai,Area-50,60861,19.057758873311606,72.98982703759407,Urban,Canara Bank,iOS,1,1,0.45,210,8,Card Fraud
CASE_000541,2025-04-07 15:34:27.612316612,2025-04-07 12:05:08.218113877,Fake Customer Care,UPI,2200.37,Madhya Pradesh,Indore,Indore,Area-59,45229,22.69141395548188,75.90606243340493,Semi-Urban,Axis Bank,Android,0,0,0.079,33,6,Fake Customer Care
CASE_000542,2025-02-21 02:50:25.079732231,2025-02-21 02:15:42.186741091,Phishing,IMPS,8324.81,Maharashtra,Pune,Pune,Area-6,73550,18.589368324992037,73.87651926744546,Urban,ICICI Bank,Android,0,1,0.972,64,2,Phishing
CASE_000543,2026-01-13 18:11:47.473147922,2026-01-13 14:18:31.628391229,Marketplace Fraud (OLX/e-commerce),UPI,1573.03,Gujarat,Ahmedabad,Ahmedabad,Area-15,51805,23.02557135391853,72.56778969519813,Urban,ICICI Bank,Android,1,0,0.443,61,6,Marketplace Fraud (OLX/e-commerce)
CASE_000544,2026-04-10 01:00:40.762222328,2026-04-09 18:51:14.023716450,Investment Scam,Wallet,45971.02,Maharashtra,Thane,Navi Mumbai,Area-46,53643,18.988031374755032,73.00259484006408,Urban,SBI,iOS,0,1,0.612,54,2,Investment Scam
CASE_000545,2025-12-17 22:40:20.309801178,2025-12-17 18:07:44.237330563,Phishing,UPI,11578.18,Maharashtra,Nashik,Nashik,Area-22,63252,19.978409549956762,73.85492875155855,Urban,Canara Bank,Android,0,1,0.613,119,4,Phishing
CASE_000546,2025-06-14 23:14:32.503602207,2025-06-14 21:56:36.635785520,OTP Fraud,Net Banking,7055.54,Delhi,New Delhi,Delhi,Area-15,72655,28.64515901696179,77.2255966463981,Urban,SBI,Android,1,0,0.413,230,4,OTP Fraud
CASE_000547,2025-05-08 09:06:40.102418060,2025-05-08 06:15:42.975259669,UPI Fraud,Net Banking,32901.14,Maharashtra,Nagpur,Nagpur,Area-17,48781,21.145097935661582,79.08373648200157,Semi-Urban,HDFC Bank,Android,1,1,0.381,79,2,UPI Fraud
CASE_000548,2025-08-10 08:59:00.750704458,2025-08-10 05:53:05.577445246,Impersonation (Digital Arrest/Officer),UPI,14850.82,West Bengal,Kolkata,Kolkata,Area-55,66868,22.571859927716815,88.2628646142707,Urban,Axis Bank,Desktop,1,0,0.774,176,1,Impersonation (Digital Arrest/Officer)
CASE_000549,2024-09-19 07:46:42.409587487,2024-09-19 05:07:17.764861744,Card Fraud,Net Banking,18433.06,Gujarat,Surat,Surat,Area-51,75386,21.14064618670529,72.7765933004673,Semi-Urban,ICICI Bank,Android,0,1,0.576,176,5,Card Fraud
CASE_000550,2026-01-09 15:05:38.396787853,2026-01-09 14:13:09.999101460,Phishing,UPI,26847.3,Rajasthan,Jaipur,Jaipur,Area-1,80130,26.92848439299564,75.84765743493543,Urban,SBI,Android,1,0,0.96,183,6,Phishing
CASE_000551,2026-02-19 15:37:23.217956334,2026-02-19 14:07:42.798455194,Fake Customer Care,Card,2323.38,Maharashtra,Thane,Thane,Area-50,54646,19.24718300724981,72.95954466215578,Urban,ICICI Bank,Desktop,1,0,0.483,149,4,Fake Customer Care
CASE_000552,2024-08-31 12:54:38.741876826,2024-08-31 10:26:09.800907154,Phishing,Wallet,4779.32,West Bengal,Kolkata,Kolkata,Area-33,62302,22.574042048067113,88.28520608924562,Urban,Kotak Mahindra Bank,iOS,1,1,0.659,177,5,Phishing
CASE_000553,2026-04-02 14:40:10.672467847,2026-04-02 11:13:02.289988771,OTP Fraud,UPI,10501.22,Maharashtra,Thane,Thane,Area-50,48802,19.185881518649865,72.92565102600524,Semi-Urban,ICICI Bank,iOS,0,1,0.473,182,6,OTP Fraud
CASE_000554,2026-02-12 06:33:02.950730113,2026-02-12 04:41:32.198473744,UPI Fraud,Card,19794.69,Uttar Pradesh,Lucknow,Lucknow,Area-37,77711,26.809359196548353,80.88787177102982,Rural,Kotak Mahindra Bank,iOS,0,1,0.718,164,3,UPI Fraud
CASE_000555,2025-01-21 17:23:28.186867397,2025-01-21 16:58:43.263255373,UPI Fraud,NEFT,47257.26,Karnataka,Bengaluru Urban,Bengaluru,Area-41,62795,13.036344034417981,77.5490547343438,Urban,ICICI Bank,Android,0,0,0.227,134,5,UPI Fraud
CASE_000556,2026-04-08 04:20:13.311468057,2026-04-08 02:22:49.506800845,Phishing,Net Banking,8585.61,Maharashtra,Nagpur,Nagpur,Area-35,50969,21.146569425054864,79.08780102427608,Rural,SBI,iOS,1,0,0.968,22,5,Phishing
CASE_000557,2024-04-20 02:06:29.169553636,2024-04-19 17:16:41.378501330,OTP Fraud,NEFT,6987.53,Maharashtra,Thane,Thane,Area-44,45625,19.117125909237032,72.90465520567902,Urban,SBI,Android,0,0,0.351,122,6,OTP Fraud
CASE_000558,2024-01-26 15:48:18.987082057,2024-01-26 11:53:53.269956231,UPI Fraud,Net Banking,3790.09,Maharashtra,Mumbai City,Mumbai,Area-49,54912,19.067680526417387,72.8827821402326,Urban,Kotak Mahindra Bank,Desktop,0,1,0.522,181,8,UPI Fraud
CASE_000559,2024-11-13 01:08:22.166276169,2024-11-12 21:45:36.989238255,Fake Customer Care,Net Banking,17073.86,Maharashtra,Pune,Pune,Area-30,50677,18.480467314478137,73.9052416454005,Semi-Urban,Axis Bank,Android,1,1,0.906,82,3,Fake Customer Care
CASE_000560,2025-05-30 04:09:37.416326109,2025-05-30 02:41:10.028979860,UPI Fraud,UPI,7137.88,Uttar Pradesh,Lucknow,Lucknow,Area-7,46263,26.85848481050821,80.91770368115448,Urban,Canara Bank,iOS,0,1,0.518,60,2,UPI Fraud
CASE_000561,2024-11-16 05:58:27.590613084,2024-11-16 03:56:28.766927712,Investment Scam,UPI,25625.1,West Bengal,Kolkata,Kolkata,Area-6,57818,22.52907902678117,88.30344851617107,Urban,Kotak Mahindra Bank,Android,0,0,0.405,143,4,Investment Scam
CASE_000562,2026-05-08 05:44:39.267567586,2026-05-08 05:22:08.144366175,Phishing,Card,9818.59,Gujarat,Surat,Surat,Area-25,51723,21.203693275548126,72.85004966404595,Urban,SBI,Android,0,1,0.656,32,3,Phishing
CASE_000563,2024-08-20 02:22:12.774024296,2024-08-20 00:59:04.013022091,UPI Fraud,NEFT,18156.63,Maharashtra,Mumbai City,Mumbai,Area-28,64979,19.148842678418905,72.97351755936997,Semi-Urban,ICICI Bank,Android,1,0,0.579,172,4,UPI Fraud
CASE_000564,2024-09-13 08:12:52.788499608,2024-09-13 04:26:58.695037197,Marketplace Fraud (OLX/e-commerce),UPI,3726.49,Telangana,Hyderabad,Hyderabad,Area-51,52318,17.428369424332985,78.45376298954501,Urban,Bank of Baroda,iOS,1,1,0.503,235,4,Marketplace Fraud (OLX/e-commerce)
CASE_000565,2025-08-01 11:16:08.305504099,2025-08-01 07:52:15.314450562,Investment Scam,Wallet,14814.91,Maharashtra,Pune,Pune,Area-2,78399,18.58496800773655,73.79628387612435,Semi-Urban,SBI,Android,1,0,0.282,116,4,Investment Scam
CASE_000566,2024-01-04 14:11:30.470993786,2024-01-04 12:28:47.724668789,Remote Access Scam,Net Banking,28643.54,Karnataka,Bengaluru Urban,Bengaluru,Area-53,49838,13.003703847147635,77.58431347982122,Urban,Canara Bank,Desktop,1,0,0.741,7,5,Remote Access Scam
CASE_000567,2025-10-24 21:57:44.595632597,2025-10-24 19:18:26.613651447,Impersonation (Digital Arrest/Officer),Net Banking,993.59,Maharashtra,Nagpur,Nagpur,Area-4,74156,21.143442426650758,79.08943144216774,Rural,HDFC Bank,Android,1,0,0.609,65,5,Impersonation (Digital Arrest/Officer)
CASE_000568,2024-12-10 00:00:33.460693373,2024-12-09 20:59:34.002055641,Investment Scam,Wallet,17831.41,Maharashtra,Nashik,Nashik,Area-30,76669,20.00909929464993,73.73300623389731,Urban,Kotak Mahindra Bank,iOS,0,1,0.559,8,2,Investment Scam
CASE_000569,2026-06-09 19:16:16.645328769,2026-06-09 17:28:45.761350885,Impersonation (Digital Arrest/Officer),Wallet,7810.15,Telangana,Hyderabad,Hyderabad,Area-25,51581,17.419215580225057,78.41972426357665,Urban,Kotak Mahindra Bank,iOS,1,0,0.617,110,4,Impersonation (Digital Arrest/Officer)
CASE_000570,2025-09-22 01:13:34.810231944,2025-09-21 21:09:15.314408727,Fake Customer Care,Card,44618.58,Maharashtra,Thane,Navi Mumbai,Area-33,50251,19.008087407173335,73.0898745987385,Urban,Punjab National Bank,Android,1,0,0.6,75,3,Fake Customer Care
CASE_000571,2024-02-17 16:58:46.748426697,2024-02-17 13:37:40.000513257,Remote Access Scam,UPI,10968.26,Karnataka,Bengaluru Urban,Bengaluru,Area-3,45248,13.051060962077226,77.70018489904453,Urban,Kotak Mahindra Bank,iOS,0,1,0.578,185,2,Remote Access Scam
CASE_000572,2024-03-25 11:18:34.573451642,2024-03-25 09:12:51.877204241,Impersonation (Digital Arrest/Officer),UPI,14955.46,Tamil Nadu,Chennai,Chennai,Area-46,65828,13.17820213548388,80.26886788425759,Urban,Canara Bank,iOS,1,1,0.582,202,5,Impersonation (Digital Arrest/Officer)
CASE_000573,2024-03-21 08:38:34.133039709,2024-03-21 07:42:26.963243289,Remote Access Scam,UPI,16887.04,Maharashtra,Thane,Thane,Area-8,60113,19.350431873134863,73.00499286461887,Semi-Urban,Bank of Baroda,iOS,0,0,0.395,104,2,Remote Access Scam
CASE_000574,2026-05-17 22:06:17.511313662,2026-05-17 20:07:59.124998853,Impersonation (Digital Arrest/Officer),IMPS,14396.06,Uttar Pradesh,Lucknow,Lucknow,Area-46,58771,26.814054308940676,80.92054087720248,Urban,Bank of Baroda,iOS,1,0,0.299,234,4,Impersonation (Digital Arrest/Officer)
CASE_000575,2025-09-15 05:57:57.160750010,2025-09-15 04:06:10.429852813,Investment Scam,UPI,22244.5,Karnataka,Bengaluru Urban,Bengaluru,Area-34,75758,12.909040262932056,77.50599077577934,Urban,Axis Bank,iOS,1,0,0.744,108,3,Investment Scam
CASE_000576,2025-01-24 14:53:10.956462300,2025-01-24 13:10:39.876115046,Remote Access Scam,IMPS,19823.2,Gujarat,Ahmedabad,Ahmedabad,Area-53,55684,22.991300148997365,72.49720507829912,Rural,ICICI Bank,Android,1,0,0.57,29,4,Remote Access Scam
CASE_000577,2024-07-01 15:57:36.019602398,2024-07-01 15:21:12.713533195,Investment Scam,UPI,21775.01,Tamil Nadu,Chennai,Chennai,Area-58,42468,13.079777373604882,80.35552020331414,Urban,Kotak Mahindra Bank,Android,1,0,0.326,218,4,Investment Scam
CASE_000578,2026-03-07 04:33:35.933333888,2026-03-06 21:15:33.897860646,Card Fraud,Net Banking,8024.26,Tamil Nadu,Chennai,Chennai,Area-50,63125,13.059036149532453,80.1361014975347,Urban,HDFC Bank,Android,0,0,0.744,95,6,Card Fraud
CASE_000579,2024-07-02 21:52:48.973839491,2024-07-02 14:49:07.689382276,Marketplace Fraud (OLX/e-commerce),Net Banking,2280.5,Tamil Nadu,Chennai,Chennai,Area-27,40820,13.101219590371976,80.35941715859536,Urban,Axis Bank,iOS,0,0,0.219,212,3,Marketplace Fraud (OLX/e-commerce)
CASE_000580,2025-10-05 21:24:54.962375314,2025-10-05 18:50:03.800498180,Marketplace Fraud (OLX/e-commerce),Card,1947.23,Rajasthan,Jaipur,Jaipur,Area-25,49213,26.970270392343064,75.66754062723555,Urban,Punjab National Bank,Desktop,1,0,0.235,176,6,Marketplace Fraud (OLX/e-commerce)
CASE_000581,2025-11-26 12:45:50.685220462,2025-11-26 09:19:25.826978803,OTP Fraud,Card,10579.79,Telangana,Hyderabad,Hyderabad,Area-40,65352,17.403911697050145,78.58754023513436,Urban,Axis Bank,Android,0,0,0.668,225,3,OTP Fraud
CASE_000582,2024-09-25 14:22:54.839992394,2024-09-25 10:21:38.616244730,Impersonation (Digital Arrest/Officer),ATM,38827.34,Maharashtra,Pune,Pune,Area-39,82951,18.514742798304297,73.83955379222482,Semi-Urban,ICICI Bank,Android,0,0,0.464,155,3,Impersonation (Digital Arrest/Officer)
CASE_000583,2025-04-05 02:04:08.143496552,2025-04-04 23:27:20.928596124,Card Fraud,Wallet,2674.16,Maharashtra,Mumbai City,Mumbai,Area-47,75371,19.095697687753244,72.77988731137349,Urban,Punjab National Bank,Android,1,0,0.676,142,5,Card Fraud
CASE_000584,2024-07-22 07:03:36.433532590,2024-07-22 03:26:15.606993709,UPI Fraud,IMPS,22832.39,Telangana,Hyderabad,Hyderabad,Area-29,77329,17.40949559033546,78.55029630217422,Urban,ICICI Bank,iOS,0,0,0.094,56,2,UPI Fraud
CASE_000585,2024-12-11 09:21:20.237892610,2024-12-11 04:55:04.910185240,Investment Scam,UPI,80275.15,Maharashtra,Mumbai City,Mumbai,Area-28,50975,19.08536323006259,73.00870220934344,Semi-Urban,Canara Bank,iOS,0,0,0.763,67,4,Investment Scam
CASE_000586,2026-05-29 08:57:29.638816814,2026-05-29 05:41:54.542378798,Phishing,Wallet,31807.84,Maharashtra,Pune,Pune,Area-7,68177,18.540227056396414,73.74363041188181,Urban,HDFC Bank,iOS,0,0,0.625,79,4,Phishing
CASE_000587,2025-09-23 15:46:08.388963984,2025-09-23 10:46:11.962864064,UPI Fraud,Wallet,13764.91,Maharashtra,Mumbai City,Mumbai,Area-10,78244,19.0880673806216,72.88535988194064,Urban,Axis Bank,iOS,0,1,0.706,75,8,UPI Fraud
CASE_000588,2026-02-10 08:01:56.591144954,2026-02-10 06:22:22.814937919,Marketplace Fraud (OLX/e-commerce),Wallet,13962.29,Karnataka,Bengaluru Urban,Bengaluru,Area-49,69494,12.978181318865987,77.61189899873781,Rural,Kotak Mahindra Bank,iOS,1,1,0.796,143,1,Marketplace Fraud (OLX/e-commerce)
CASE_000589,2025-05-07 14:30:57.588036830,2025-05-07 11:40:08.509975768,Fake Customer Care,Net Banking,131380.11,Maharashtra,Thane,Thane,Area-59,40808,19.209257916599245,72.9808474004104,Urban,Axis Bank,Android,0,0,0.452,208,4,Fake Customer Care
CASE_000590,2024-08-06 08:53:16.741477793,2024-08-05 18:21:53.720630102,Investment Scam,UPI,24861.84,Telangana,Hyderabad,Hyderabad,Area-36,69895,17.4453433890847,78.4570335580783,Urban,Bank of Baroda,Android,0,1,0.313,9,3,Investment Scam
CASE_000591,2025-10-11 16:13:45.452967723,2025-10-11 10:24:18.670217469,Phishing,IMPS,3446.28,West Bengal,Kolkata,Kolkata,Area-21,66779,22.562499508457883,88.3594191646135,Semi-Urban,Bank of Baroda,Android,1,1,0.598,148,7,Phishing
CASE_000592,2025-04-01 03:43:59.554046682,2025-04-01 00:25:04.421009801,Remote Access Scam,Net Banking,3295.53,Gujarat,Ahmedabad,Ahmedabad,Area-4,78977,22.94806565214406,72.64031849055915,Semi-Urban,ICICI Bank,Desktop,0,0,0.461,182,4,Remote Access Scam
CASE_000593,2024-06-10 03:53:49.108747762,2024-06-10 02:37:25.148253832,Investment Scam,Net Banking,238948.73,Maharashtra,Nashik,Nashik,Area-3,64115,20.071454788120942,73.77903805220893,Semi-Urban,Bank of Baroda,iOS,1,0,0.798,106,5,Investment Scam
CASE_000594,2025-01-10 20:19:35.731654831,2025-01-10 17:22:01.583805177,OTP Fraud,Net Banking,69262.99,Karnataka,Bengaluru Urban,Bengaluru,Area-40,54656,12.861566077411927,77.62080130344387,Semi-Urban,HDFC Bank,Android,0,0,0.497,66,6,OTP Fraud
CASE_000595,2025-08-01 13:42:19.883570262,2025-08-01 08:08:47.574861050,Social Engineering (Romance/Job),Card,7158.73,Karnataka,Bengaluru Urban,Bengaluru,Area-38,44204,12.937019925788938,77.6102920319043,Urban,Bank of Baroda,Android,0,0,0.375,104,4,Social Engineering (Romance/Job)
CASE_000596,2025-11-01 02:05:11.682145587,2025-10-31 21:17:44.572201639,Phishing,UPI,4891.51,Karnataka,Bengaluru Urban,Bengaluru,Area-17,56918,12.91198168395757,77.6325448102737,Urban,HDFC Bank,Android,1,0,0.935,198,8,Phishing
CASE_000597,2024-08-09 14:14:05.867492059,2024-08-09 13:46:46.132847939,Phishing,IMPS,7622.96,Tamil Nadu,Chennai,Chennai,Area-12,53940,13.076654153847864,80.28577052042087,Semi-Urban,Bank of Baroda,Desktop,1,0,0.14,219,5,Phishing
CASE_000598,2026-03-09 01:26:16.093092748,2026-03-09 00:48:20.979121596,Phishing,Card,41856.1,Maharashtra,Pune,Pune,Area-5,74372,18.46566464185275,73.96877917682231,Semi-Urban,SBI,Android,1,1,0.322,164,3,Phishing
CASE_000599,2024-12-11 19:10:11.141981922,2024-12-11 18:30:19.458290733,UPI Fraud,Card,2401.79,Madhya Pradesh,Indore,Indore,Area-41,49844,22.71059608989459,75.83399217606433,Semi-Urban,Kotak Mahindra Bank,iOS,0,0,0.727,117,6,UPI Fraud
CASE_000600,2024-09-04 04:12:02.407602362,2024-09-04 00:07:59.520025384,Investment Scam,UPI,3981.77,Maharashtra,Mumbai City,Mumbai,Area-36,72666,19.089379910178412,72.88141432605181,Urban,Bank of Baroda,Android,0,0,0.768,155,5,Investment Scam
CASE_000601,2024-06-26 18:46:44.422514789,2024-06-26 18:06:17.612784861,UPI Fraud,Wallet,107394.68,Gujarat,Ahmedabad,Ahmedabad,Area-20,82190,23.010988810324463,72.54401330756936,Semi-Urban,SBI,iOS,0,1,0.615,162,5,UPI Fraud
CASE_000602,2026-01-02 15:37:28.335465887,2026-01-02 14:24:07.399391815,UPI Fraud,Net Banking,13955.24,Telangana,Hyderabad,Hyderabad,Area-44,56641,17.417882318726807,78.59554166867679,Urban,SBI,iOS,0,0,0.49,184,7,UPI Fraud
CASE_000603,2024-11-18 17:59:38.154249041,2024-11-18 15:27:15.361408763,Phishing,Net Banking,17946.76,Maharashtra,Pune,Pune,Area-50,43977,18.509721155910047,73.86672892046519,Urban,HDFC Bank,Android,0,0,0.511,35,5,Phishing
CASE_000604,2025-03-16 15:14:19.244235366,2025-03-16 09:02:10.844670489,UPI Fraud,Net Banking,7898.15,West Bengal,Kolkata,Kolkata,Area-31,64376,22.622853360278363,88.43547960760974,Urban,Canara Bank,iOS,1,1,0.616,18,1,UPI Fraud
CASE_000605,2024-07-22 03:56:25.433620036,2024-07-21 23:43:57.440642077,Card Fraud,Net Banking,21476.78,Maharashtra,Mumbai City,Mumbai,Area-16,50101,18.980652827477947,72.84298066812715,Urban,Punjab National Bank,Android,1,0,0.757,83,4,Card Fraud
CASE_000606,2025-09-17 02:59:59.775948486,2025-09-17 00:41:42.648135066,UPI Fraud,IMPS,1871.27,West Bengal,Kolkata,Kolkata,Area-1,65978,22.559468130366334,88.25490603639776,Semi-Urban,ICICI Bank,iOS,0,0,0.906,63,6,UPI Fraud
CASE_000607,2025-12-12 17:36:47.183427894,2025-12-12 12:30:51.921814181,Fake Customer Care,UPI,4709.37,Telangana,Hyderabad,Hyderabad,Area-47,41472,17.36930210955042,78.50800136052086,Urban,ICICI Bank,Android,0,0,0.618,147,6,Fake Customer Care
CASE_000608,2024-11-05 15:45:05.087701034,2024-11-05 05:11:37.115217097,UPI Fraud,Wallet,11110.81,Maharashtra,Mumbai City,Mumbai,Area-35,68487,19.08031017855956,72.88523937699674,Semi-Urban,SBI,iOS,0,0,0.329,125,3,UPI Fraud
CASE_000609,2026-05-11 02:11:43.425226154,2026-05-10 23:12:56.454337195,UPI Fraud,UPI,814.05,Maharashtra,Mumbai City,Mumbai,Area-21,67740,19.084920586130774,72.9411755908622,Urban,HDFC Bank,Android,0,1,0.727,220,4,UPI Fraud
CASE_000610,2024-01-28 22:09:06.758274722,2024-01-28 21:16:13.322730007,UPI Fraud,ATM,7095.6,West Bengal,Kolkata,Kolkata,Area-1,81643,22.583956176772553,88.33693959444125,Urban,Kotak Mahindra Bank,iOS,1,0,0.313,186,4,UPI Fraud
CASE_000611,2024-05-01 03:55:50.377726071,2024-05-01 02:40:04.835941026,Card Fraud,Card,8619.51,Maharashtra,Nashik,Nashik,Area-49,70371,19.987042768925964,73.8897413684262,Urban,Punjab National Bank,Android,1,1,0.271,36,3,Card Fraud
CASE_000612,2025-06-20 10:29:28.763817340,2025-06-20 09:14:22.768938854,Phishing,UPI,7803.68,Rajasthan,Jaipur,Jaipur,Area-55,46189,26.919851434829717,75.73389379215902,Urban,ICICI Bank,iOS,0,0,0.895,203,7,Phishing
CASE_000613,2025-10-01 01:04:59.490709674,2025-09-30 23:33:34.674572781,Investment Scam,Card,18893.5,West Bengal,Kolkata,Kolkata,Area-29,44843,22.542946048776518,88.42128661041741,Semi-Urban,SBI,Android,0,1,0.896,185,2,Investment Scam
CASE_000614,2024-08-16 11:06:33.215447790,2024-08-16 08:55:58.377453838,UPI Fraud,UPI,3309.39,Tamil Nadu,Chennai,Chennai,Area-16,41534,13.088458856814642,80.28529220797279,Urban,ICICI Bank,Android,0,0,0.399,92,5,UPI Fraud
CASE_000615,2025-05-19 21:44:16.817743746,2025-05-19 18:12:37.664756797,Loan App Scam,Wallet,2134.03,Maharashtra,Pune,Pune,Area-37,66704,18.509502115300137,73.77663573574878,Urban,Axis Bank,iOS,0,1,0.726,14,4,Loan App Scam
CASE_000616,2024-10-17 01:56:49.230933803,2024-10-17 01:11:48.859238606,UPI Fraud,IMPS,11605.35,Tamil Nadu,Chennai,Chennai,Area-52,42873,13.05811721210673,80.27575391871069,Urban,SBI,Android,1,0,0.389,190,4,UPI Fraud
CASE_000617,2025-05-19 19:30:33.177005611,2025-05-19 18:36:26.158573613,Investment Scam,Card,24900.09,Gujarat,Surat,Surat,Area-35,58115,21.260188709598037,72.85031250384594,Urban,Punjab National Bank,Android,1,1,0.622,47,1,Investment Scam
CASE_000618,2025-08-23 19:56:59.549153282,2025-08-23 15:32:25.247895420,OTP Fraud,Net Banking,2180.24,Maharashtra,Mumbai City,Mumbai,Area-1,45872,19.085314393959212,72.87516570946752,Urban,Bank of Baroda,iOS,1,1,0.451,53,2,OTP Fraud
CASE_000619,2026-06-05 07:20:44.262380008,2026-06-05 05:28:31.019641936,Phishing,ATM,11662.07,Maharashtra,Nagpur,Nagpur,Area-12,80775,21.224813966746957,79.20140939185241,Rural,Canara Bank,Android,1,0,0.594,113,8,Phishing
CASE_000620,2025-02-19 04:43:57.155495320,2025-02-19 03:21:22.131011374,Phishing,IMPS,7870.41,Maharashtra,Pune,Pune,Area-6,54951,18.46443829003345,73.93437898133213,Urban,ICICI Bank,Desktop,0,0,0.457,20,5,Phishing
CASE_000621,2025-08-13 14:58:32.553584756,2025-08-13 12:35:43.816176474,OTP Fraud,Card,5960.29,Delhi,New Delhi,Delhi,Area-25,51309,28.595499706306704,77.22752705399056,Urban,ICICI Bank,Android,1,0,0.545,96,3,OTP Fraud
CASE_000622,2025-06-10 21:11:40.833845351,2025-06-10 14:15:00.419477008,Phishing,Net Banking,1015.08,West Bengal,Kolkata,Kolkata,Area-27,72389,22.570699517228377,88.36403689107159,Semi-Urban,Kotak Mahindra Bank,Desktop,1,0,0.745,59,6,Phishing
CASE_000623,2024-10-16 11:51:58.862141555,2024-10-16 07:01:12.719848424,UPI Fraud,UPI,20974.11,Karnataka,Bengaluru Urban,Bengaluru,Area-32,62694,12.981582590748712,77.54936414355184,Semi-Urban,ICICI Bank,Desktop,0,0,0.543,13,5,UPI Fraud
CASE_000624,2024-08-18 17:36:31.535023404,2024-08-18 12:59:39.031580247,Investment Scam,IMPS,8923.17,Telangana,Hyderabad,Hyderabad,Area-45,47932,17.405635323568173,78.48752784124518,Urban,Bank of Baroda,Android,0,0,0.925,216,3,Investment Scam
CASE_000625,2026-06-19 07:24:44.322770484,2026-06-18 22:48:19.656815901,UPI Fraud,Card,10610.48,Maharashtra,Nashik,Nashik,Area-7,47992,20.024397975428563,73.77686981916293,Semi-Urban,Bank of Baroda,Android,1,1,0.229,63,3,UPI Fraud
CASE_000626,2024-07-07 14:16:18.980260046,2024-07-07 10:37:12.130470952,Fake Customer Care,NEFT,4881.59,Maharashtra,Thane,Thane,Area-56,51474,19.146594971190936,72.87893584575606,Rural,Canara Bank,iOS,1,1,0.569,131,4,Fake Customer Care
CASE_000627,2025-12-21 07:42:42.242259139,2025-12-20 22:34:42.381520011,Remote Access Scam,Card,11616.57,Maharashtra,Pune,Pune,Area-16,50584,18.598026609810468,73.83046851010612,Urban,ICICI Bank,iOS,0,0,0.886,196,4,Remote Access Scam
CASE_000628,2024-05-13 22:36:24.791251010,2024-05-13 12:59:12.182200508,Impersonation (Digital Arrest/Officer),Card,98433.96,Rajasthan,Jaipur,Jaipur,Area-31,40253,26.92219773234657,75.7629198277824,Urban,Punjab National Bank,Android,1,0,0.649,116,3,Impersonation (Digital Arrest/Officer)
CASE_000629,2026-01-02 19:06:40.811365741,2026-01-02 18:20:10.151931792,UPI Fraud,Net Banking,17761.35,Telangana,Hyderabad,Hyderabad,Area-13,62723,17.452623620112533,78.45217226456373,Semi-Urban,HDFC Bank,Android,1,0,0.323,71,4,UPI Fraud
CASE_000630,2024-06-18 05:20:00.002008533,2024-06-18 04:46:00.039084522,Remote Access Scam,IMPS,61748.85,Delhi,New Delhi,Delhi,Area-21,81852,28.586064641582702,77.1856568639515,Semi-Urban,Kotak Mahindra Bank,Android,1,1,0.53,178,5,Remote Access Scam
CASE_000631,2026-05-31 03:05:20.829029685,2026-05-31 01:54:46.313170105,Remote Access Scam,Net Banking,25622.1,West Bengal,Kolkata,Kolkata,Area-50,79817,22.49024221558793,88.47550193678617,Rural,SBI,iOS,0,1,0.716,166,3,Remote Access Scam
CASE_000632,2025-09-17 04:55:01.281738983,2025-09-16 22:26:02.844042890,UPI Fraud,NEFT,15302.29,Maharashtra,Mumbai City,Mumbai,Area-3,73410,19.07185505733203,72.87934422306701,Urban,Bank of Baroda,iOS,0,0,0.384,3,5,UPI Fraud
CASE_000633,2024-03-23 04:45:51.824303732,2024-03-23 02:20:43.007021962,Fake Customer Care,UPI,1674.16,Maharashtra,Pune,Pune,Area-29,78965,18.46634457800774,73.76927809074242,Rural,HDFC Bank,Android,1,0,0.426,196,5,Fake Customer Care
CASE_000634,2025-09-23 13:48:34.371208923,2025-09-23 11:37:28.343466528,Impersonation (Digital Arrest/Officer),IMPS,19542.4,Maharashtra,Pune,Pune,Area-35,62208,18.42675753229681,73.90551848263351,Urban,Axis Bank,Android,0,0,0.457,29,4,Impersonation (Digital Arrest/Officer)
CASE_000635,2025-07-04 02:45:34.308879476,2025-07-03 21:33:51.686841056,OTP Fraud,Wallet,7727.96,Madhya Pradesh,Indore,Indore,Area-34,41544,22.71855717127793,75.84792562739284,Semi-Urban,SBI,iOS,0,0,0.659,177,1,OTP Fraud
CASE_000636,2024-11-03 13:54:08.574108919,2024-11-03 12:06:40.095780149,Phishing,IMPS,41828.85,Tamil Nadu,Chennai,Chennai,Area-23,67598,13.10216419234456,80.28370941730142,Semi-Urban,Bank of Baroda,Desktop,1,1,0.305,24,4,Phishing
CASE_000637,2024-08-25 16:02:39.577544381,2024-08-25 12:43:54.677830111,UPI Fraud,Net Banking,5671.15,Telangana,Hyderabad,Hyderabad,Area-23,78582,17.410015255908164,78.43900982045983,Urban,Axis Bank,Android,0,1,0.57,16,2,UPI Fraud
CASE_000638,2025-10-16 23:23:37.487782930,2025-10-16 18:59:08.635709755,Remote Access Scam,IMPS,23840.29,Maharashtra,Mumbai City,Mumbai,Area-54,68781,19.109304644329782,72.99672793623695,Urban,Bank of Baroda,Android,0,0,0.515,30,4,Remote Access Scam
CASE_000639,2025-11-06 10:24:13.006350369,2025-11-06 09:07:30.209433116,OTP Fraud,UPI,12687.0,Maharashtra,Thane,Navi Mumbai,Area-15,78648,19.101113388406556,73.00322004629135,Urban,ICICI Bank,Android,1,0,0.39,178,4,OTP Fraud
CASE_000640,2024-10-25 03:03:00.066116702,2024-10-25 02:01:43.253393735,Phishing,UPI,38900.13,Telangana,Hyderabad,Hyderabad,Area-29,63169,17.434523816236318,78.56362648045793,Semi-Urban,SBI,iOS,0,0,0.666,109,1,Phishing
CASE_000641,2026-03-09 08:47:47.358461972,2026-03-09 05:49:46.385021672,UPI Fraud,NEFT,8543.12,Delhi,New Delhi,Delhi,Area-22,67261,28.686737741185137,77.29643077678632,Urban,Punjab National Bank,Android,1,0,0.931,144,2,UPI Fraud
CASE_000642,2024-09-02 00:54:00.102905339,2024-09-01 21:38:17.929600701,OTP Fraud,NEFT,24601.57,Uttar Pradesh,Lucknow,Lucknow,Area-46,55578,26.889119905154896,80.83013303259239,Semi-Urban,Bank of Baroda,Android,0,0,0.499,68,2,OTP Fraud
CASE_000643,2024-03-04 20:25:57.723826735,2024-03-04 15:30:56.914247765,UPI Fraud,UPI,1517.24,West Bengal,Kolkata,Kolkata,Area-48,43724,22.599528410144476,88.30059140582479,Urban,Bank of Baroda,iOS,0,0,0.385,29,5,UPI Fraud
CASE_000644,2025-06-30 12:39:32.937823142,2025-06-30 11:30:38.013516642,Phishing,Wallet,1844.36,Delhi,New Delhi,Delhi,Area-51,52562,28.609048042280598,77.13087377618038,Urban,ICICI Bank,Android,0,0,0.694,188,7,Phishing
CASE_000645,2024-04-07 14:33:22.252621655,2024-04-07 12:59:27.615805639,Remote Access Scam,Net Banking,1445.35,West Bengal,Kolkata,Kolkata,Area-6,55419,22.666659413851583,88.33810768095367,Urban,Bank of Baroda,Android,0,1,0.386,200,7,Remote Access Scam
CASE_000646,2024-09-09 10:32:23.973055858,2024-09-09 00:58:59.164040763,UPI Fraud,Wallet,23495.95,Madhya Pradesh,Indore,Indore,Area-6,56145,22.715020107775757,75.89595957997462,Rural,Punjab National Bank,Android,0,1,0.508,201,2,UPI Fraud
CASE_000647,2025-04-07 06:51:25.653193929,2025-04-07 01:07:23.871399768,UPI Fraud,IMPS,20765.2,Delhi,New Delhi,Delhi,Area-23,48806,28.66738600072187,77.0924249613829,Urban,HDFC Bank,Android,1,0,0.57,16,4,UPI Fraud
CASE_000648,2024-09-17 23:34:06.032829074,2024-09-17 20:58:00.419591837,UPI Fraud,Wallet,26542.71,Telangana,Hyderabad,Hyderabad,Area-27,45546,17.38331989342581,78.48905895877229,Urban,SBI,Android,1,0,0.439,222,6,UPI Fraud
CASE_000649,2024-07-15 03:03:21.668035552,2024-07-14 20:40:48.110418662,Fake Customer Care,NEFT,5637.66,Uttar Pradesh,Lucknow,Lucknow,Area-4,46584,26.8209714204448,80.93929635601678,Urban,ICICI Bank,Android,0,1,0.763,130,2,Fake Customer Care
CASE_000650,2025-10-02 15:35:55.038168983,2025-10-02 14:26:45.281390026,Phishing,ATM,5857.09,Maharashtra,Pune,Pune,Area-53,67521,18.41852036485837,73.89492529481697,Rural,SBI,Android,0,1,0.347,47,5,Phishing
CASE_000651,2025-05-13 09:57:47.904324619,2025-05-13 07:35:36.961511247,Remote Access Scam,Card,15593.89,Rajasthan,Jaipur,Jaipur,Area-53,73338,26.958349781491247,75.78919495084031,Semi-Urban,Bank of Baroda,Android,1,1,0.641,48,3,Remote Access Scam
CASE_000652,2026-02-04 03:46:51.021348057,2026-02-04 00:32:23.754278883,Loan App Scam,UPI,77503.07,Maharashtra,Mumbai City,Mumbai,Area-26,63348,19.057928226103176,72.86803819074021,Urban,SBI,Desktop,0,0,0.587,121,3,Loan App Scam
CASE_000653,2025-06-13 14:22:49.449987832,2025-06-13 12:13:20.991170503,Remote Access Scam,Net Banking,114805.84,Telangana,Hyderabad,Hyderabad,Area-46,61157,17.384604525909626,78.46025806460739,Urban,SBI,Desktop,0,0,0.044,145,6,Remote Access Scam
CASE_000654,2025-03-16 12:18:37.288486258,2025-03-16 10:05:23.417598806,Impersonation (Digital Arrest/Officer),IMPS,66357.28,West Bengal,Kolkata,Kolkata,Area-34,51736,22.605341546104086,88.43300872677437,Urban,HDFC Bank,Android,0,0,0.469,12,5,Impersonation (Digital Arrest/Officer)
CASE_000655,2024-08-26 04:51:09.400259161,2024-08-26 00:06:31.937825784,Impersonation (Digital Arrest/Officer),UPI,39884.42,Telangana,Hyderabad,Hyderabad,Area-39,73344,17.488966876471487,78.43681279135481,Urban,ICICI Bank,iOS,0,1,0.653,119,2,Impersonation (Digital Arrest/Officer)
CASE_000656,2025-12-22 19:31:04.224543739,2025-12-22 13:43:41.854786053,Phishing,Wallet,47298.37,Karnataka,Bengaluru Urban,Bengaluru,Area-52,51368,12.962226237198008,77.59273999471924,Semi-Urban,SBI,Android,0,1,0.875,58,2,Phishing
CASE_000657,2024-06-28 10:21:42.989254038,2024-06-28 08:23:15.832504770,Impersonation (Digital Arrest/Officer),UPI,20914.39,Telangana,Hyderabad,Hyderabad,Area-6,52993,17.386794769679817,78.49058493573966,Urban,Bank of Baroda,iOS,0,0,0.881,220,4,Impersonation (Digital Arrest/Officer)
CASE_000658,2024-08-08 16:54:07.509414360,2024-08-08 16:04:55.119061835,Marketplace Fraud (OLX/e-commerce),Wallet,4506.56,Maharashtra,Thane,Thane,Area-14,67446,19.180068722132017,72.92525704101105,Urban,HDFC Bank,Desktop,1,1,0.362,148,3,Marketplace Fraud (OLX/e-commerce)
CASE_000659,2026-02-05 17:08:49.064897360,2026-02-05 16:29:35.085872836,Card Fraud,Net Banking,11163.89,Maharashtra,Pune,Pune,Area-26,59559,18.566512213178875,73.98399923036924,Semi-Urban,Kotak Mahindra Bank,iOS,0,1,0.393,89,2,Card Fraud
CASE_000660,2025-11-06 05:45:45.457816847,2025-11-06 05:26:00.177156501,Investment Scam,NEFT,11803.8,Maharashtra,Pune,Pune,Area-53,63447,18.55513956419509,73.87215497157531,Urban,Punjab National Bank,iOS,0,0,0.539,101,7,Investment Scam
CASE_000661,2025-07-12 16:22:34.775039649,2025-07-12 07:51:57.466973655,Phishing,Wallet,8980.4,Telangana,Hyderabad,Hyderabad,Area-35,81360,17.33375835000736,78.3619419577978,Urban,SBI,Android,0,0,0.584,201,9,Phishing
CASE_000662,2024-02-05 15:42:58.786275029,2024-02-05 10:57:30.546423509,Fake Customer Care,Net Banking,3474.38,Delhi,New Delhi,Delhi,Area-24,58105,28.70599366681404,77.29656024711312,Urban,Axis Bank,Android,0,0,0.81,166,4,Fake Customer Care
CASE_000663,2024-04-26 02:24:03.133072828,2024-04-25 22:21:38.038238136,UPI Fraud,IMPS,30561.88,Maharashtra,Pune,Pune,Area-2,61868,18.550452245362827,73.88167474152675,Urban,HDFC Bank,Android,1,0,0.605,93,4,UPI Fraud
CASE_000664,2025-03-31 12:50:06.409885529,2025-03-31 11:04:11.674350835,OTP Fraud,UPI,17998.72,Rajasthan,Jaipur,Jaipur,Area-35,82525,26.905428958008898,75.66374036514827,Urban,Canara Bank,Android,1,1,0.454,201,5,OTP Fraud
CASE_000665,2025-11-10 23:42:38.703533346,2025-11-10 21:57:15.202907741,Phishing,NEFT,52461.18,Delhi,New Delhi,Delhi,Area-16,45747,28.701065354138734,77.24488998862365,Urban,Punjab National Bank,iOS,1,0,0.397,149,4,Phishing
CASE_000666,2025-02-27 01:01:21.510780409,2025-02-26 19:06:04.660884090,Card Fraud,NEFT,2143.41,Delhi,New Delhi,Delhi,Area-20,67961,28.63926811149411,77.13570297750165,Urban,Kotak Mahindra Bank,Android,0,1,0.719,15,4,Card Fraud
CASE_000667,2024-01-16 18:39:51.632159732,2024-01-16 18:05:40.868897343,OTP Fraud,UPI,80166.95,Delhi,New Delhi,Delhi,Area-59,61102,28.630240282297986,77.14661574556554,Urban,ICICI Bank,Android,0,1,0.932,151,2,OTP Fraud
CASE_000668,2024-06-16 22:55:30.083927528,2024-06-16 20:52:45.303065002,Investment Scam,UPI,6142.83,Maharashtra,Thane,Navi Mumbai,Area-32,78706,19.102499974201915,73.12017063018959,Semi-Urban,HDFC Bank,iOS,0,1,0.663,225,5,Investment Scam
CASE_000669,2025-06-20 15:18:44.959323415,2025-06-20 08:47:42.433787212,UPI Fraud,Net Banking,2648.8,West Bengal,Kolkata,Kolkata,Area-9,74206,22.466141030266215,88.3505256465798,Urban,HDFC Bank,iOS,0,1,0.591,207,5,UPI Fraud
CASE_000670,2025-09-24 12:24:16.424453952,2025-09-24 10:21:42.454865672,OTP Fraud,UPI,4999.52,Delhi,New Delhi,Delhi,Area-3,59511,28.697909380528035,77.27547456286405,Urban,Axis Bank,iOS,1,0,0.714,11,6,OTP Fraud
CASE_000671,2024-01-31 15:27:45.791458522,2024-01-31 10:52:35.864879079,Phishing,NEFT,45880.84,Maharashtra,Mumbai City,Mumbai,Area-23,51861,18.985255637641572,72.77208372998851,Urban,Kotak Mahindra Bank,Android,0,0,0.739,211,2,Phishing
CASE_000672,2024-02-09 14:05:22.809849853,2024-02-09 11:24:19.647577365,Phishing,UPI,13952.88,Gujarat,Surat,Surat,Area-4,48164,21.2298745264833,72.85780969532534,Urban,Axis Bank,iOS,0,1,0.74,235,4,Phishing
CASE_000673,2024-08-26 01:23:07.963526346,2024-08-26 01:17:03.711616512,Investment Scam,Wallet,26490.75,Gujarat,Ahmedabad,Ahmedabad,Area-26,50989,23.12497603895492,72.53090277048841,Urban,Canara Bank,Android,0,0,0.316,39,6,Investment Scam
CASE_000674,2024-03-17 04:16:36.982195127,2024-03-17 01:40:51.844554680,Investment Scam,ATM,14485.06,Tamil Nadu,Chennai,Chennai,Area-25,44622,13.113291688449607,80.38616160635902,Urban,ICICI Bank,iOS,0,1,0.371,153,5,Investment Scam
CASE_000675,2025-05-08 20:07:30.710370678,2025-05-08 17:06:44.714432612,Remote Access Scam,Wallet,3921.61,Rajasthan,Jaipur,Jaipur,Area-52,47455,26.900697430974144,75.7580405673714,Semi-Urban,HDFC Bank,Android,0,0,0.453,181,3,Remote Access Scam
CASE_000676,2024-04-22 19:03:34.009486009,2024-04-22 16:37:12.480603103,UPI Fraud,Card,34402.69,Uttar Pradesh,Lucknow,Lucknow,Area-20,63117,26.85063567495281,80.95079744264494,Urban,Axis Bank,Android,1,0,0.312,11,4,UPI Fraud
CASE_000677,2025-08-13 13:38:30.196916314,2025-08-13 12:40:03.137824923,Investment Scam,UPI,83388.54,Maharashtra,Nagpur,Nagpur,Area-17,50627,21.159536559927638,79.14496494388011,Semi-Urban,SBI,Desktop,1,0,0.618,198,4,Investment Scam
CASE_000678,2025-12-09 03:42:55.940690618,2025-12-09 01:15:15.772827893,Fake Customer Care,NEFT,52576.1,Telangana,Hyderabad,Hyderabad,Area-37,40544,17.27467970468998,78.52349995461836,Urban,Bank of Baroda,Android,0,1,0.863,95,1,Fake Customer Care
CASE_000679,2026-06-03 03:44:02.223398430,2026-06-03 03:22:34.810593814,UPI Fraud,IMPS,15313.65,Telangana,Hyderabad,Hyderabad,Area-38,65293,17.349980473605875,78.4685521390565,Urban,SBI,Android,0,0,0.244,72,6,UPI Fraud
CASE_000680,2026-05-14 01:59:41.759057379,2026-05-13 23:58:11.313289151,Investment Scam,ATM,1894.01,Maharashtra,Pune,Pune,Area-3,46540,18.61499355387443,73.85598745447892,Urban,Bank of Baroda,Android,0,0,0.749,62,5,Investment Scam
CASE_000681,2024-09-06 05:42:22.659291246,2024-09-06 00:51:20.321078841,Remote Access Scam,Net Banking,4531.22,Maharashtra,Pune,Pune,Area-5,70111,18.521379845770092,73.85686983906227,Urban,Axis Bank,Feature Phone,0,0,0.504,121,1,Remote Access Scam
CASE_000682,2024-01-28 03:12:29.349268360,2024-01-27 19:00:41.586310982,Fake Customer Care,UPI,19804.81,Maharashtra,Mumbai City,Mumbai,Area-10,54998,19.124022126872685,72.87780038301021,Semi-Urban,ICICI Bank,Desktop,1,1,0.624,191,2,Fake Customer Care
CASE_000683,2024-10-27 09:33:48.572597725,2024-10-27 02:16:07.295043699,Impersonation (Digital Arrest/Officer),ATM,18452.05,Tamil Nadu,Chennai,Chennai,Area-46,54398,13.03365415715257,80.33966956295758,Semi-Urban,Punjab National Bank,Android,0,0,0.617,197,2,Impersonation (Digital Arrest/Officer)
CASE_000684,2025-10-07 11:20:00.062377755,2025-10-07 10:12:33.535920426,OTP Fraud,NEFT,5352.26,West Bengal,Kolkata,Kolkata,Area-13,71531,22.560908799600636,88.37805259028313,Semi-Urban,Bank of Baroda,iOS,1,0,0.803,54,2,OTP Fraud
CASE_000685,2024-02-24 12:10:46.354460796,2024-02-24 11:29:37.102325276,UPI Fraud,UPI,2940.84,West Bengal,Kolkata,Kolkata,Area-59,56805,22.662897965637,88.27640922418628,Urban,Canara Bank,Android,1,0,0.538,198,1,UPI Fraud
CASE_000686,2024-11-23 19:59:57.084843380,2024-11-23 16:45:27.170381222,Phishing,IMPS,30873.66,Maharashtra,Nashik,Nashik,Area-26,41740,20.015511865124278,73.77806779773859,Semi-Urban,ICICI Bank,iOS,0,0,0.553,198,4,Phishing
CASE_000687,2024-09-28 15:05:28.757680161,2024-09-28 12:13:38.451236065,Marketplace Fraud (OLX/e-commerce),UPI,11443.04,Maharashtra,Thane,Navi Mumbai,Area-56,56898,19.12290022286949,72.94098438447378,Urban,Kotak Mahindra Bank,Android,1,0,0.677,15,3,Marketplace Fraud (OLX/e-commerce)
CASE_000688,2024-07-19 00:07:07.814790664,2024-07-18 19:46:22.733565982,Fake Customer Care,Card,20612.07,Delhi,New Delhi,Delhi,Area-15,71946,28.632085727913804,77.2350847695351,Urban,Kotak Mahindra Bank,Android,1,0,0.366,75,5,Fake Customer Care
CASE_000689,2025-10-05 08:28:58.061694511,2025-10-05 06:50:34.157125011,Impersonation (Digital Arrest/Officer),Net Banking,13803.22,Karnataka,Bengaluru Urban,Bengaluru,Area-25,45270,12.857212238644735,77.66693403271229,Urban,Canara Bank,iOS,1,0,0.684,4,2,Impersonation (Digital Arrest/Officer)
CASE_000690,2025-08-23 13:25:45.741010272,2025-08-23 10:29:48.904270492,Investment Scam,Net Banking,42052.73,Uttar Pradesh,Lucknow,Lucknow,Area-9,78450,26.8445873506147,80.8546355116271,Urban,Canara Bank,Desktop,0,1,0.953,237,6,Investment Scam
CASE_000691,2025-05-02 22:51:16.494229330,2025-05-02 20:02:34.339080781,Investment Scam,UPI,7952.34,Rajasthan,Jaipur,Jaipur,Area-50,75717,26.908030842404404,75.79910587538416,Semi-Urban,Kotak Mahindra Bank,Android,1,1,0.351,113,4,Investment Scam
CASE_000692,2026-04-09 19:15:37.833848448,2026-04-09 17:10:36.199194416,UPI Fraud,UPI,8580.0,Uttar Pradesh,Lucknow,Lucknow,Area-36,61140,26.84212583784125,80.93774618912624,Semi-Urban,ICICI Bank,Android,0,0,0.678,65,1,UPI Fraud
CASE_000693,2024-04-03 23:33:08.279945445,2024-04-03 23:01:40.353940837,Fake Customer Care,Net Banking,736.27,Gujarat,Ahmedabad,Ahmedabad,Area-5,43744,23.023317010322117,72.58236487236263,Urban,Bank of Baroda,Desktop,0,1,0.493,214,2,Fake Customer Care
CASE_000694,2024-05-16 13:36:18.712114002,2024-05-16 08:48:18.734363468,OTP Fraud,UPI,1763.53,Gujarat,Surat,Surat,Area-44,44104,21.134717258401718,72.9076488775286,Urban,Kotak Mahindra Bank,Android,1,0,0.253,164,3,OTP Fraud
CASE_000695,2024-12-15 11:00:08.472633842,2024-12-15 07:44:37.631231692,Investment Scam,Net Banking,24299.72,Delhi,New Delhi,Delhi,Area-53,49921,28.683863147209525,77.11319095137483,Semi-Urban,ICICI Bank,Android,0,0,0.761,225,6,Investment Scam
CASE_000696,2025-08-20 17:14:43.501461228,2025-08-20 12:12:18.654949650,Phishing,Card,148440.6,Maharashtra,Mumbai City,Mumbai,Area-41,66745,19.07582583500386,72.9353181978687,Rural,Kotak Mahindra Bank,Android,0,1,0.473,192,2,Phishing
CASE_000697,2025-06-16 08:13:39.055039744,2025-06-16 02:18:34.724353284,Phishing,IMPS,1501.91,Maharashtra,Mumbai City,Mumbai,Area-48,68608,19.13460900689411,72.86356133031238,Semi-Urban,Bank of Baroda,Android,0,1,0.238,229,1,Phishing
CASE_000698,2024-03-08 13:29:31.245509488,2024-03-08 10:52:09.547675912,UPI Fraud,IMPS,2520.12,Delhi,New Delhi,Delhi,Area-17,51485,28.586333008417736,77.29410377357374,Urban,Axis Bank,Android,0,0,0.718,52,3,UPI Fraud
CASE_000699,2026-05-23 07:49:17.991254679,2026-05-23 02:59:59.672805950,Card Fraud,UPI,16330.94,Maharashtra,Pune,Pune,Area-26,63988,18.591646842081047,73.8678894220628,Urban,Kotak Mahindra Bank,Android,0,0,0.893,49,4,Card Fraud
CASE_000700,2024-10-05 06:15:51.324107204,2024-10-04 21:56:13.729602709,Impersonation (Digital Arrest/Officer),UPI,194072.02,Maharashtra,Thane,Navi Mumbai,Area-51,78762,19.030137252167034,73.12801185524884,Semi-Urban,SBI,Android,0,0,0.907,19,7,Impersonation (Digital Arrest/Officer)
CASE_000701,2024-11-23 10:44:57.323939190,2024-11-23 00:34:38.019912831,UPI Fraud,NEFT,12362.09,Gujarat,Surat,Surat,Area-36,74825,21.200490270400703,72.89125978856946,Urban,Bank of Baroda,Android,0,0,0.57,82,5,UPI Fraud
CASE_000702,2025-07-22 06:36:20.394823796,2025-07-22 03:02:30.934627481,Remote Access Scam,Wallet,38566.63,Maharashtra,Thane,Navi Mumbai,Area-37,68842,18.9366210759692,73.02532405031661,Rural,Kotak Mahindra Bank,iOS,1,0,0.692,132,3,Remote Access Scam
CASE_000703,2026-05-11 04:52:23.842951190,2026-05-11 01:05:55.945462704,Loan App Scam,ATM,10923.15,Gujarat,Surat,Surat,Area-46,43119,21.27256230133773,72.92511090892638,Rural,SBI,Android,0,0,0.775,136,3,Loan App Scam
CASE_000704,2025-08-26 20:32:04.182460162,2025-08-26 17:00:56.375114180,UPI Fraud,Wallet,5643.82,West Bengal,Kolkata,Kolkata,Area-37,59149,22.539348620137513,88.32741224903664,Rural,Axis Bank,iOS,1,1,0.652,162,7,UPI Fraud
CASE_000705,2026-05-19 23:23:57.219073703,2026-05-19 19:09:50.678031608,Investment Scam,Card,37917.41,Telangana,Hyderabad,Hyderabad,Area-8,54278,17.38616650774277,78.48547610244407,Urban,Punjab National Bank,Android,1,0,0.708,176,1,Investment Scam
CASE_000706,2024-06-20 03:13:54.419627575,2024-06-19 21:29:31.998807427,Investment Scam,Wallet,16791.78,Tamil Nadu,Chennai,Chennai,Area-13,81689,13.071673206339717,80.28395156837715,Semi-Urban,HDFC Bank,Android,1,0,0.258,196,5,Investment Scam
CASE_000707,2025-07-17 21:07:25.697755921,2025-07-17 17:39:37.033431298,UPI Fraud,Net Banking,21953.82,Maharashtra,Nagpur,Nagpur,Area-46,41660,21.182453935906587,79.15811022014785,Semi-Urban,Canara Bank,Android,1,1,0.384,125,3,UPI Fraud
CASE_000708,2026-01-25 12:23:22.740524892,2026-01-25 02:36:29.131139129,Impersonation (Digital Arrest/Officer),IMPS,4734.92,Telangana,Hyderabad,Hyderabad,Area-15,71392,17.347359165343242,78.51534728456858,Urban,Bank of Baroda,Android,1,0,0.9,66,7,Impersonation (Digital Arrest/Officer)
CASE_000709,2025-04-09 02:10:35.705442619,2025-04-08 17:18:39.506126321,Impersonation (Digital Arrest/Officer),Wallet,73762.46,Maharashtra,Thane,Navi Mumbai,Area-40,77974,19.0614621139538,72.89874596626255,Urban,ICICI Bank,iOS,0,0,0.751,105,8,Impersonation (Digital Arrest/Officer)
CASE_000710,2024-11-26 01:34:18.858993065,2024-11-25 22:33:54.893997718,UPI Fraud,NEFT,10334.51,Uttar Pradesh,Lucknow,Lucknow,Area-29,82183,26.77553722132862,80.89453107437267,Urban,Axis Bank,Android,1,0,0.702,209,7,UPI Fraud
CASE_000711,2026-06-16 05:45:11.102020848,2026-06-16 02:45:37.802221060,UPI Fraud,Net Banking,7815.05,Maharashtra,Nashik,Nashik,Area-37,59798,20.054090320153676,73.83421765331681,Urban,SBI,iOS,1,0,0.257,196,6,UPI Fraud
CASE_000712,2024-05-08 12:30:07.633471935,2024-05-08 10:32:49.957557306,OTP Fraud,Net Banking,1624.11,Maharashtra,Pune,Pune,Area-15,59532,18.41548725566848,73.83036691141824,Rural,SBI,Desktop,1,0,0.246,219,5,OTP Fraud
CASE_000713,2025-01-09 12:57:58.155408311,2025-01-09 08:33:47.483591575,Phishing,UPI,3705.39,Tamil Nadu,Chennai,Chennai,Area-19,54476,13.048455640545932,80.2778458869215,Semi-Urban,Bank of Baroda,Android,0,0,0.295,130,5,Phishing
CASE_000714,2026-03-06 17:40:55.075098784,2026-03-06 15:26:37.413550586,Remote Access Scam,Net Banking,66589.57,Tamil Nadu,Chennai,Chennai,Area-41,69122,13.031103514050058,80.37133766937272,Urban,Canara Bank,Desktop,1,1,0.52,187,4,Remote Access Scam
CASE_000715,2026-03-31 09:59:22.799685736,2026-03-31 08:06:39.749779642,Remote Access Scam,NEFT,14162.14,Delhi,New Delhi,Delhi,Area-11,74754,28.614218466452076,77.2093007290897,Urban,ICICI Bank,Android,1,0,0.666,99,6,Remote Access Scam
CASE_000716,2026-06-12 07:24:27.415195151,2026-06-12 03:04:27.366610438,OTP Fraud,IMPS,13443.33,Telangana,Hyderabad,Hyderabad,Area-19,45793,17.46815116579124,78.4763106609536,Urban,HDFC Bank,Android,0,1,0.626,2,6,OTP Fraud
CASE_000717,2026-03-17 03:22:22.456825008,2026-03-17 02:18:27.926166371,Card Fraud,UPI,4889.66,Maharashtra,Thane,Thane,Area-59,62386,19.274908376114073,73.09768867378571,Urban,Bank of Baroda,Android,1,1,0.384,178,2,Card Fraud
CASE_000718,2024-02-16 15:56:02.563914000,2024-02-16 10:07:27.851053396,OTP Fraud,IMPS,9585.82,Tamil Nadu,Chennai,Chennai,Area-9,59564,13.120181566900527,80.3730072114958,Urban,Punjab National Bank,iOS,1,0,0.777,21,6,OTP Fraud
CASE_000719,2026-04-27 04:52:31.122191159,2026-04-27 00:24:53.092279449,Remote Access Scam,Net Banking,3937.97,Maharashtra,Pune,Pune,Area-35,49645,18.590768304099182,73.9530998286359,Semi-Urban,HDFC Bank,iOS,0,0,0.745,152,3,Remote Access Scam
CASE_000720,2025-01-25 10:00:09.447789336,2025-01-25 01:26:50.902504630,Investment Scam,Card,38662.81,Maharashtra,Pune,Pune,Area-9,67430,18.471890529108055,73.83255058607494,Semi-Urban,Bank of Baroda,Desktop,0,1,0.519,239,2,Investment Scam
CASE_000721,2025-08-16 18:36:50.654963219,2025-08-16 15:00:06.892382547,Investment Scam,Net Banking,52076.44,Maharashtra,Thane,Thane,Area-42,59653,19.113820327358905,73.01898293300962,Semi-Urban,HDFC Bank,iOS,0,0,0.906,7,4,Investment Scam
CASE_000722,2024-12-25 09:24:52.430853756,2024-12-25 04:26:51.372491609,Phishing,Card,15490.56,Maharashtra,Nagpur,Nagpur,Area-8,61490,21.14600710554485,79.16801042057712,Semi-Urban,SBI,Android,1,0,0.11,176,6,Phishing
CASE_000723,2026-01-11 11:28:26.586414231,2026-01-11 06:02:19.777483061,Investment Scam,IMPS,12820.74,Maharashtra,Nagpur,Nagpur,Area-34,81889,21.070298093095374,79.12665235758115,Urban,Axis Bank,Desktop,0,0,0.442,208,3,Investment Scam
CASE_000724,2025-06-08 22:48:02.437058343,2025-06-08 15:53:56.607075445,UPI Fraud,IMPS,6793.65,Delhi,New Delhi,Delhi,Area-26,56745,28.610219813445358,77.20095788881495,Semi-Urban,Bank of Baroda,Desktop,1,1,0.275,150,6,UPI Fraud
CASE_000725,2026-02-09 10:18:17.070528957,2026-02-09 06:59:17.033282697,Investment Scam,IMPS,62547.19,Maharashtra,Thane,Navi Mumbai,Area-41,74199,19.027610782244338,73.05794219664769,Urban,Punjab National Bank,iOS,0,0,0.872,165,5,Investment Scam
CASE_000726,2024-06-25 14:33:42.089569675,2024-06-25 12:37:10.031988198,Phishing,Net Banking,8627.66,Maharashtra,Thane,Navi Mumbai,Area-1,65818,19.097144698653615,72.98971242540595,Urban,Bank of Baroda,iOS,1,0,0.519,216,5,Phishing
CASE_000727,2024-06-17 16:08:44.396170689,2024-06-17 12:28:13.381396260,UPI Fraud,IMPS,7215.34,Karnataka,Bengaluru Urban,Bengaluru,Area-31,42403,12.96884521576887,77.60224846512648,Urban,HDFC Bank,iOS,1,0,0.93,186,3,UPI Fraud
CASE_000728,2025-02-05 10:12:11.958555955,2025-02-05 04:23:54.203459218,Phishing,UPI,88355.57,Maharashtra,Thane,Thane,Area-32,74941,19.250350343902845,73.07863373058524,Urban,Axis Bank,Android,1,1,0.183,10,2,Phishing
CASE_000729,2024-01-05 14:14:11.202427926,2024-01-05 07:53:16.004614828,Card Fraud,Net Banking,4520.04,Tamil Nadu,Chennai,Chennai,Area-15,82642,13.191627309142175,80.23788086058234,Urban,Bank of Baroda,Desktop,0,0,0.273,186,4,Card Fraud
CASE_000730,2025-09-23 05:04:02.062601270,2025-09-23 04:32:13.221066430,Impersonation (Digital Arrest/Officer),Card,90951.32,Gujarat,Surat,Surat,Area-18,41124,21.216391907715828,72.70726523772966,Urban,Punjab National Bank,Feature Phone,0,1,0.708,182,5,Impersonation (Digital Arrest/Officer)
CASE_000731,2024-09-27 08:57:16.618452856,2024-09-26 16:55:07.337259669,OTP Fraud,IMPS,2779.01,Delhi,New Delhi,Delhi,Area-42,74760,28.606303577109053,77.22205903618246,Urban,HDFC Bank,iOS,1,0,0.416,55,2,OTP Fraud
CASE_000732,2025-05-22 18:40:48.481110258,2025-05-22 16:47:34.460277833,Impersonation (Digital Arrest/Officer),Wallet,56947.13,Uttar Pradesh,Lucknow,Lucknow,Area-33,48217,26.9157060803837,80.82671793700835,Rural,Canara Bank,Android,0,0,0.539,157,5,Impersonation (Digital Arrest/Officer)
CASE_000733,2024-03-04 23:35:10.049707507,2024-03-04 18:33:28.245297442,OTP Fraud,UPI,21568.04,Maharashtra,Mumbai City,Mumbai,Area-35,46888,19.066925934771646,72.87655967931907,Urban,SBI,Android,0,0,0.811,202,7,OTP Fraud
CASE_000734,2024-06-04 18:24:33.108505156,2024-06-04 10:58:05.784755595,OTP Fraud,NEFT,5645.41,Maharashtra,Mumbai City,Mumbai,Area-56,72952,19.039410782826913,72.93333986243259,Urban,Canara Bank,Desktop,0,0,0.666,203,5,OTP Fraud
CASE_000735,2025-07-21 12:59:13.435519419,2025-07-21 10:11:34.416094340,UPI Fraud,UPI,2593.53,Tamil Nadu,Chennai,Chennai,Area-24,44725,13.143307607831344,80.17212187517516,Rural,Bank of Baroda,Desktop,0,0,0.274,209,5,UPI Fraud
CASE_000736,2024-10-05 17:31:50.727728407,2024-10-05 11:00:27.644961044,Loan App Scam,Card,1812.62,West Bengal,Kolkata,Kolkata,Area-52,79579,22.57272924989464,88.35361118806276,Urban,SBI,iOS,1,1,0.69,186,5,Loan App Scam
CASE_000737,2024-07-14 15:12:19.156249073,2024-07-14 14:40:49.989692263,UPI Fraud,NEFT,5031.01,Gujarat,Ahmedabad,Ahmedabad,Area-58,73641,23.021770041148983,72.57395667027559,Urban,ICICI Bank,Desktop,0,0,0.505,30,6,UPI Fraud
CASE_000738,2024-07-27 18:11:22.127777087,2024-07-27 11:29:59.617179736,Impersonation (Digital Arrest/Officer),IMPS,49437.27,Maharashtra,Mumbai City,Mumbai,Area-35,40485,19.073358079699194,72.87548403159023,Rural,ICICI Bank,Android,0,1,0.249,116,5,Impersonation (Digital Arrest/Officer)
CASE_000739,2024-07-14 22:56:35.498670985,2024-07-14 16:48:38.125289638,OTP Fraud,NEFT,3024.83,West Bengal,Kolkata,Kolkata,Area-13,51175,22.525497559768517,88.418639041071,Urban,Canara Bank,Desktop,0,0,0.524,56,1,OTP Fraud
CASE_000740,2025-07-21 14:02:12.108887166,2025-07-21 10:00:47.370058224,Phishing,NEFT,12112.02,Delhi,New Delhi,Delhi,Area-25,65935,28.72357283998389,77.20982577372591,Urban,Punjab National Bank,Android,0,0,0.819,17,5,Phishing
CASE_000741,2024-06-02 00:13:07.075160008,2024-06-01 18:24:02.567376757,Impersonation (Digital Arrest/Officer),UPI,5461.87,Maharashtra,Nashik,Nashik,Area-3,42395,20.014226597913968,73.78544562621238,Urban,ICICI Bank,Android,0,0,0.756,63,4,Impersonation (Digital Arrest/Officer)
CASE_000742,2024-11-26 19:14:27.476050795,2024-11-26 10:12:42.613592841,Phishing,ATM,8417.21,Maharashtra,Thane,Navi Mumbai,Area-42,68381,19.01697286280246,73.02423496369111,Urban,Canara Bank,Android,1,1,0.587,218,8,Phishing
CASE_000743,2025-09-18 23:33:36.624337944,2025-09-18 15:57:30.345606863,UPI Fraud,Wallet,2802.46,Madhya Pradesh,Indore,Indore,Area-17,45272,22.65700096852481,75.80940716101877,Semi-Urban,SBI,Android,1,0,0.773,143,2,UPI Fraud
CASE_000744,2025-04-13 01:49:45.104186347,2025-04-12 22:54:14.392256521,UPI Fraud,Net Banking,9083.56,Maharashtra,Mumbai City,Mumbai,Area-55,41992,19.05037256389963,72.85802694790533,Urban,Kotak Mahindra Bank,Android,1,0,0.413,183,5,UPI Fraud
CASE_000745,2025-06-28 06:35:52.650898804,2025-06-28 02:56:56.251086645,UPI Fraud,UPI,5703.37,Gujarat,Ahmedabad,Ahmedabad,Area-39,61947,22.928775751953197,72.53785734038156,Urban,Kotak Mahindra Bank,iOS,0,0,0.281,121,4,UPI Fraud
CASE_000746,2024-08-16 16:22:28.899376055,2024-08-16 13:49:48.716383431,UPI Fraud,UPI,2672.04,Telangana,Hyderabad,Hyderabad,Area-29,69414,17.35304848443769,78.61693723324146,Semi-Urban,Axis Bank,Android,0,0,0.813,86,5,UPI Fraud
CASE_000747,2026-04-29 19:09:53.182451916,2026-04-29 16:52:40.752782598,Impersonation (Digital Arrest/Officer),NEFT,13424.79,West Bengal,Kolkata,Kolkata,Area-12,80333,22.67447154333978,88.34398496694016,Rural,SBI,iOS,0,0,0.212,116,2,Impersonation (Digital Arrest/Officer)
CASE_000748,2025-01-12 06:28:06.755084270,2025-01-12 01:03:21.186678100,Impersonation (Digital Arrest/Officer),Wallet,9917.41,Tamil Nadu,Chennai,Chennai,Area-6,47824,12.997145455058813,80.1864680451671,Urban,Canara Bank,Android,1,1,0.634,236,4,Impersonation (Digital Arrest/Officer)
CASE_000749,2024-09-18 12:42:05.881602733,2024-09-18 10:10:46.236331496,Investment Scam,NEFT,8163.64,Rajasthan,Jaipur,Jaipur,Area-40,63479,26.87893075027238,75.71807929145218,Urban,Canara Bank,iOS,1,0,0.883,69,1,Investment Scam
CASE_000750,2026-04-04 01:35:29.627779742,2026-04-03 20:11:15.677715972,Remote Access Scam,Net Banking,58618.58,Maharashtra,Thane,Navi Mumbai,Area-46,65970,18.925031361582267,73.06304314384309,Rural,Axis Bank,Android,1,1,0.328,75,4,Remote Access Scam
CASE_000751,2025-08-20 02:02:37.442868285,2025-08-19 23:15:07.733306006,UPI Fraud,UPI,6659.55,Maharashtra,Mumbai City,Mumbai,Area-16,52910,19.070175453903065,72.90311627126354,Semi-Urban,HDFC Bank,iOS,0,0,0.359,203,8,UPI Fraud
CASE_000752,2025-07-13 10:26:05.484649614,2025-07-13 07:18:44.465972692,Phishing,Card,965.71,Telangana,Hyderabad,Hyderabad,Area-1,79782,17.393491499998746,78.49050735979516,Urban,ICICI Bank,iOS,1,1,0.61,89,6,Phishing
CASE_000753,2026-03-18 21:01:59.833525386,2026-03-18 19:33:59.165859953,Card Fraud,Net Banking,6481.81,Maharashtra,Nagpur,Nagpur,Area-19,46180,21.09359368714257,79.16500964370849,Urban,HDFC Bank,Android,1,1,0.714,217,5,Card Fraud
CASE_000754,2024-02-23 13:13:45.480490109,2024-02-23 07:55:29.348535175,Fake Customer Care,UPI,32484.05,Maharashtra,Thane,Thane,Area-46,45731,19.22144408094769,72.98474770473119,Semi-Urban,Punjab National Bank,Android,0,0,0.314,233,4,Fake Customer Care
CASE_000755,2026-02-02 03:30:46.878255248,2026-02-02 03:01:29.461921446,Investment Scam,UPI,14991.95,Maharashtra,Thane,Navi Mumbai,Area-35,57987,18.969717931667624,72.92109272870022,Urban,Punjab National Bank,Android,1,1,0.236,16,6,Investment Scam
CASE_000756,2025-09-09 19:41:26.911857796,2025-09-09 12:49:35.260200210,UPI Fraud,UPI,51406.42,Maharashtra,Nagpur,Nagpur,Area-6,40435,21.21352277156166,79.01915243348839,Urban,ICICI Bank,Android,1,1,0.715,160,2,UPI Fraud
CASE_000757,2024-11-24 11:14:35.592631418,2024-11-23 22:52:56.874261893,OTP Fraud,UPI,3857.1,Maharashtra,Mumbai City,Mumbai,Area-7,51892,19.034124787007205,73.00644106645416,Semi-Urban,Bank of Baroda,Android,0,0,0.714,23,7,OTP Fraud
CASE_000758,2024-08-21 16:04:21.088005165,2024-08-21 12:51:56.710589685,Fake Customer Care,IMPS,20662.39,Maharashtra,Mumbai City,Mumbai,Area-7,45466,19.05489555422285,72.9166321359524,Urban,Punjab National Bank,Android,1,0,0.28,211,4,Fake Customer Care
CASE_000759,2024-04-05 14:34:26.152665439,2024-04-05 11:28:34.302037355,Investment Scam,Net Banking,108343.87,Uttar Pradesh,Lucknow,Lucknow,Area-45,77973,26.81518212980996,80.88159346510453,Urban,SBI,iOS,1,0,0.806,28,2,Investment Scam
CASE_000760,2026-05-07 08:20:41.621036451,2026-05-07 07:38:44.369785070,Phishing,Net Banking,17863.66,Maharashtra,Nashik,Nashik,Area-47,79687,20.056783363885643,73.87580118979365,Urban,Axis Bank,Android,1,0,0.334,213,4,Phishing
CASE_000761,2024-05-09 08:45:21.984909469,2024-05-09 06:45:58.417909125,UPI Fraud,Card,2182.13,Madhya Pradesh,Indore,Indore,Area-25,47186,22.749235977558712,75.84244229585381,Semi-Urban,Kotak Mahindra Bank,Android,0,0,0.648,184,3,UPI Fraud
CASE_000762,2024-08-24 14:13:35.001378860,2024-08-24 08:21:50.922792193,Impersonation (Digital Arrest/Officer),ATM,9827.15,Gujarat,Surat,Surat,Area-41,57530,21.12217613447743,72.89037503434639,Urban,Kotak Mahindra Bank,Android,0,0,0.346,129,3,Impersonation (Digital Arrest/Officer)
CASE_000763,2025-09-21 20:49:12.363996855,2025-09-21 14:22:02.546784803,Fake Customer Care,IMPS,43019.11,Maharashtra,Thane,Thane,Area-2,62144,19.29000051813247,73.03414706378096,Semi-Urban,Kotak Mahindra Bank,Android,1,0,0.523,50,4,Fake Customer Care
CASE_000764,2025-10-09 02:17:52.588460712,2025-10-08 22:46:22.446981631,Remote Access Scam,Card,7351.9,Tamil Nadu,Chennai,Chennai,Area-34,69455,13.142983853848563,80.39157258246323,Urban,Canara Bank,Android,0,0,0.444,64,5,Remote Access Scam
CASE_000765,2024-05-26 16:40:04.921271415,2024-05-26 11:02:49.046752011,Phishing,IMPS,31842.41,Telangana,Hyderabad,Hyderabad,Area-17,44922,17.476783518300962,78.44345330433347,Urban,SBI,iOS,0,0,0.776,104,5,Phishing
CASE_000766,2026-01-11 17:39:27.176202912,2026-01-11 16:09:49.316326857,Remote Access Scam,IMPS,11097.48,Tamil Nadu,Chennai,Chennai,Area-49,55308,13.082988926616043,80.28708633129422,Rural,ICICI Bank,iOS,0,0,0.36,203,4,Remote Access Scam
CASE_000767,2025-04-10 01:04:41.967596742,2025-04-09 20:55:15.071779162,OTP Fraud,IMPS,11563.18,Maharashtra,Mumbai City,Mumbai,Area-29,61954,19.042358172245894,72.81980061752968,Urban,Axis Bank,Android,0,1,0.417,215,9,OTP Fraud
CASE_000768,2026-02-12 06:45:08.755614718,2026-02-11 22:39:24.517111473,Investment Scam,Net Banking,7540.51,Maharashtra,Thane,Navi Mumbai,Area-51,75189,19.077238410645286,73.0996555853289,Urban,Punjab National Bank,Android,1,0,0.561,120,4,Investment Scam
CASE_000769,2024-03-20 17:10:09.154771804,2024-03-20 12:24:27.949056169,OTP Fraud,Card,5069.03,Maharashtra,Mumbai City,Mumbai,Area-34,69697,19.08281684768211,72.89738537909513,Semi-Urban,Kotak Mahindra Bank,Android,0,0,0.699,56,4,OTP Fraud
CASE_000770,2024-02-09 09:22:12.750262550,2024-02-09 00:26:06.360663952,Investment Scam,Net Banking,13225.82,Telangana,Hyderabad,Hyderabad,Area-27,78968,17.427360912801944,78.44461465582597,Urban,Bank of Baroda,iOS,0,0,0.645,135,5,Investment Scam
CASE_000771,2025-08-03 16:16:39.739782099,2025-08-03 07:09:27.723572865,Phishing,Net Banking,13953.28,Madhya Pradesh,Indore,Indore,Area-56,72688,22.74254067192276,75.8910565255765,Urban,Bank of Baroda,Android,0,1,0.764,199,5,Phishing
CASE_000772,2024-05-16 20:28:34.513819918,2024-05-16 16:07:13.080032527,Impersonation (Digital Arrest/Officer),UPI,30703.65,Tamil Nadu,Chennai,Chennai,Area-59,55908,13.098646463857827,80.27263774335769,Semi-Urban,HDFC Bank,iOS,0,0,0.571,130,3,Impersonation (Digital Arrest/Officer)
CASE_000773,2025-04-23 05:30:41.048947408,2025-04-23 05:29:09.369286329,Investment Scam,Net Banking,57623.05,Tamil Nadu,Chennai,Chennai,Area-27,80990,13.013507221243906,80.2701495721193,Urban,Bank of Baroda,iOS,0,0,0.426,213,2,Investment Scam
CASE_000774,2024-01-14 02:49:59.214916861,2024-01-13 20:28:26.086787395,Loan App Scam,Net Banking,9231.98,Madhya Pradesh,Indore,Indore,Area-22,81677,22.734160738132086,75.83927067718649,Semi-Urban,Kotak Mahindra Bank,iOS,0,0,0.501,3,5,Loan App Scam
CASE_000775,2025-12-11 13:20:16.441889101,2025-12-11 12:22:24.069453061,Investment Scam,Card,12450.42,Tamil Nadu,Chennai,Chennai,Area-39,81803,13.04602843369708,80.34346613301018,Urban,Kotak Mahindra Bank,Android,0,0,0.166,120,1,Investment Scam
CASE_000776,2026-03-30 11:27:03.430821053,2026-03-30 11:19:39.506817937,Phishing,Net Banking,13310.55,Maharashtra,Mumbai City,Mumbai,Area-11,50128,19.091890020232483,72.89519507554775,Urban,Punjab National Bank,Desktop,0,1,0.835,11,3,Phishing
CASE_000777,2026-02-03 05:44:22.013939298,2026-02-03 05:19:57.747313894,Investment Scam,UPI,11161.38,Rajasthan,Jaipur,Jaipur,Area-23,82484,27.009574294948624,75.77508229543741,Semi-Urban,SBI,Android,1,0,0.348,147,3,Investment Scam
CASE_000778,2026-05-23 08:05:56.575451353,2026-05-23 01:25:33.264194682,Impersonation (Digital Arrest/Officer),UPI,90751.86,Delhi,New Delhi,Delhi,Area-50,77359,28.602179430800994,77.18207363337092,Urban,HDFC Bank,Android,0,1,0.734,148,4,Impersonation (Digital Arrest/Officer)
CASE_000779,2026-04-02 21:40:02.162502317,2026-04-02 17:17:08.087495193,Phishing,Net Banking,9598.25,Maharashtra,Mumbai City,Mumbai,Area-53,55840,19.147616853124187,72.77434646280246,Semi-Urban,Bank of Baroda,Desktop,1,0,0.37,75,4,Phishing
CASE_000780,2025-02-08 15:36:28.580572644,2025-02-08 12:00:35.826841965,Card Fraud,IMPS,8987.73,Karnataka,Bengaluru Urban,Bengaluru,Area-25,62709,12.971647583289055,77.59096577453657,Rural,Kotak Mahindra Bank,iOS,0,1,0.208,190,7,Card Fraud
CASE_000781,2024-12-29 02:10:36.213708032,2024-12-28 21:29:06.825882800,Phishing,UPI,18100.65,Uttar Pradesh,Lucknow,Lucknow,Area-24,53652,26.82416230318348,80.87128235036859,Semi-Urban,Kotak Mahindra Bank,Android,1,0,0.83,228,6,Phishing
CASE_000782,2026-03-27 10:36:00.332158940,2026-03-27 10:09:34.979507342,Phishing,UPI,10009.69,Maharashtra,Pune,Pune,Area-52,60937,18.488030621350482,73.88696268699597,Urban,Axis Bank,Android,1,1,0.719,110,3,Phishing
CASE_000783,2026-04-24 13:07:30.806837669,2026-04-24 10:35:23.358085483,Impersonation (Digital Arrest/Officer),UPI,4472.77,Karnataka,Bengaluru Urban,Bengaluru,Area-12,61179,12.95790404317172,77.62246883072898,Urban,Punjab National Bank,Android,0,0,0.422,104,5,Impersonation (Digital Arrest/Officer)
CASE_000784,2026-06-05 07:48:53.357888667,2026-06-05 06:05:06.626492023,UPI Fraud,Net Banking,3079.21,Maharashtra,Thane,Navi Mumbai,Area-4,71957,19.019864130460746,72.96373193679669,Semi-Urban,HDFC Bank,iOS,1,0,0.559,46,2,UPI Fraud
CASE_000785,2025-12-01 01:52:36.930628711,2025-11-30 22:29:16.881369360,Remote Access Scam,UPI,57026.21,Maharashtra,Mumbai City,Mumbai,Area-5,77190,19.052374880685065,72.75992573009266,Urban,Punjab National Bank,Android,1,0,0.841,7,2,Remote Access Scam
CASE_000786,2024-07-03 03:45:57.041591212,2024-07-03 00:17:01.600218024,Investment Scam,Net Banking,37988.39,Maharashtra,Mumbai City,Mumbai,Area-7,82411,19.1937729762381,72.83771847972444,Semi-Urban,HDFC Bank,Android,0,1,0.267,98,6,Investment Scam
CASE_000787,2026-05-11 01:01:29.000943538,2026-05-10 20:28:38.034929410,Investment Scam,Card,5448.19,Tamil Nadu,Chennai,Chennai,Area-52,75666,13.04547499234036,80.2531079935703,Semi-Urban,Kotak Mahindra Bank,Android,1,1,0.704,106,3,Investment Scam
CASE_000788,2026-05-13 01:21:24.816165333,2026-05-12 20:18:03.709691375,Card Fraud,Wallet,18952.43,Rajasthan,Jaipur,Jaipur,Area-3,81406,26.906632451981032,75.80976260109975,Urban,Kotak Mahindra Bank,Desktop,1,0,0.26,184,3,Card Fraud
CASE_000789,2025-08-29 20:45:53.881058442,2025-08-29 20:17:46.106135547,Card Fraud,IMPS,6954.75,Maharashtra,Thane,Thane,Area-20,66713,19.121194271498357,72.98487566131405,Urban,SBI,iOS,0,0,0.158,207,5,Card Fraud
CASE_000790,2026-02-20 02:08:21.973125501,2026-02-19 23:34:32.676474482,OTP Fraud,UPI,3782.16,Maharashtra,Nashik,Nashik,Area-36,46797,19.93808651889739,73.7349608969724,Semi-Urban,Canara Bank,Android,1,0,0.384,26,8,OTP Fraud
CASE_000791,2025-05-26 08:36:28.901613324,2025-05-26 05:33:40.580383152,Phishing,Net Banking,3090.07,Maharashtra,Thane,Navi Mumbai,Area-36,46844,19.0086637880234,73.04246650371545,Urban,Kotak Mahindra Bank,Desktop,0,0,0.353,37,3,Phishing
CASE_000792,2026-05-10 03:19:41.306547472,2026-05-10 02:23:29.524134859,Phishing,NEFT,32703.34,Maharashtra,Mumbai City,Mumbai,Area-50,45261,19.10225891859196,72.77259802981332,Urban,Axis Bank,Android,1,1,0.784,134,3,Phishing
CASE_000793,2024-03-26 14:39:48.801176581,2024-03-26 13:49:31.350322134,Card Fraud,UPI,1480.77,Karnataka,Bengaluru Urban,Bengaluru,Area-58,61263,12.911153258750078,77.55811894935185,Urban,Axis Bank,iOS,1,0,0.434,90,4,Card Fraud
CASE_000794,2026-02-26 02:25:10.881015955,2026-02-26 01:42:08.135794893,Impersonation (Digital Arrest/Officer),Wallet,11029.56,Tamil Nadu,Chennai,Chennai,Area-24,43147,13.170841517957419,80.27607113790873,Semi-Urban,SBI,iOS,1,0,0.362,168,7,Impersonation (Digital Arrest/Officer)
CASE_000795,2024-02-20 19:07:42.668833784,2024-02-20 13:31:52.842964853,Remote Access Scam,Card,20331.49,Telangana,Hyderabad,Hyderabad,Area-14,52541,17.341041427930183,78.46508107252724,Urban,Canara Bank,Android,1,0,0.577,78,5,Remote Access Scam
CASE_000796,2024-11-04 22:48:25.893665043,2024-11-04 22:14:11.722901281,Impersonation (Digital Arrest/Officer),UPI,157285.64,Delhi,New Delhi,Delhi,Area-6,41223,28.57427044751044,77.15869194906719,Urban,SBI,iOS,1,0,0.878,100,6,Impersonation (Digital Arrest/Officer)
CASE_000797,2024-05-03 07:26:55.244428647,2024-05-03 06:45:35.460504312,Card Fraud,UPI,23661.59,Karnataka,Bengaluru Urban,Bengaluru,Area-53,66386,12.992597095362944,77.58190486723853,Semi-Urban,Canara Bank,Desktop,0,1,0.728,107,7,Card Fraud
CASE_000798,2025-03-12 15:05:29.317261986,2025-03-12 11:48:34.781792805,UPI Fraud,Wallet,3902.5,Maharashtra,Mumbai City,Mumbai,Area-23,72855,18.988425548761988,72.93351010848534,Semi-Urban,Bank of Baroda,Android,0,0,0.244,144,2,UPI Fraud
CASE_000799,2024-07-30 17:58:29.176358077,2024-07-30 13:49:47.994050507,Impersonation (Digital Arrest/Officer),ATM,149030.79,Maharashtra,Thane,Thane,Area-54,41952,19.19936273598413,72.967965870244,Rural,Canara Bank,Android,1,1,0.596,17,8,Impersonation (Digital Arrest/Officer)
CASE_000800,2026-05-17 11:04:58.470513615,2026-05-17 08:06:37.806330651,UPI Fraud,NEFT,2229.12,Uttar Pradesh,Lucknow,Lucknow,Area-21,69839,26.742819128649817,80.96464259907785,Urban,ICICI Bank,iOS,0,1,0.446,212,5,UPI Fraud
CASE_000801,2025-05-24 14:08:06.471518420,2025-05-24 13:00:05.900393322,Investment Scam,UPI,46380.42,West Bengal,Kolkata,Kolkata,Area-45,60100,22.46688726455195,88.34082387834053,Semi-Urban,Canara Bank,Android,1,0,0.29,82,5,Investment Scam
CASE_000802,2026-03-28 20:50:33.810442801,2026-03-28 19:59:05.346760705,Remote Access Scam,IMPS,30465.49,Uttar Pradesh,Lucknow,Lucknow,Area-38,78610,26.93870436169704,80.99260713713582,Semi-Urban,Axis Bank,Android,0,0,0.285,51,5,Remote Access Scam
CASE_000803,2024-09-10 10:40:54.464934201,2024-09-10 07:28:13.322403710,Investment Scam,UPI,13141.57,Uttar Pradesh,Lucknow,Lucknow,Area-43,41249,26.848796789170514,80.94443050520556,Semi-Urban,ICICI Bank,Android,0,1,0.845,154,5,Investment Scam
CASE_000804,2024-01-24 18:41:31.042428124,2024-01-24 15:58:24.134417780,Phishing,Net Banking,23450.86,Telangana,Hyderabad,Hyderabad,Area-39,48437,17.4162151884462,78.46606066219802,Urban,ICICI Bank,iOS,0,1,0.559,33,6,Phishing
CASE_000805,2025-12-07 17:06:25.498761138,2025-12-07 14:55:15.601962954,Fake Customer Care,IMPS,6748.28,Uttar Pradesh,Lucknow,Lucknow,Area-19,59484,26.786274733809314,80.92510418856938,Urban,Canara Bank,iOS,0,0,0.54,142,5,Fake Customer Care
CASE_000806,2025-10-02 02:12:28.506218645,2025-10-01 20:47:06.567457892,Card Fraud,ATM,27640.05,Delhi,New Delhi,Delhi,Area-7,77947,28.53844893767837,77.17710446419662,Urban,Axis Bank,Desktop,0,1,0.516,15,3,Card Fraud
CASE_000807,2025-05-12 01:12:22.877030540,2025-05-11 22:37:45.627674051,Impersonation (Digital Arrest/Officer),Net Banking,3663.1,Maharashtra,Mumbai City,Mumbai,Area-1,69669,19.192184644959163,72.92420294012791,Urban,Axis Bank,Android,0,0,0.859,64,7,Impersonation (Digital Arrest/Officer)
CASE_000808,2026-01-12 19:26:00.388341062,2026-01-12 18:39:12.394078217,Marketplace Fraud (OLX/e-commerce),Net Banking,10014.59,Maharashtra,Mumbai City,Mumbai,Area-25,77340,19.034555494966998,72.84669403706,Urban,Bank of Baroda,Desktop,1,0,0.874,174,2,Marketplace Fraud (OLX/e-commerce)
CASE_000809,2026-02-04 09:48:06.592050694,2026-02-04 07:36:17.004883572,Investment Scam,UPI,22014.26,Maharashtra,Mumbai City,Mumbai,Area-53,64677,18.969277303330994,72.93157485017258,Rural,Punjab National Bank,Android,1,0,0.498,89,5,Investment Scam
CASE_000810,2025-06-19 18:24:47.784945169,2025-06-19 13:55:04.535433665,Card Fraud,Net Banking,45571.53,Maharashtra,Mumbai City,Mumbai,Area-38,52955,19.070379233353833,72.85510119992492,Urban,Punjab National Bank,iOS,1,1,0.301,216,5,Card Fraud
CASE_000811,2026-05-30 01:29:47.630421034,2026-05-29 23:02:42.867940113,UPI Fraud,UPI,9429.72,Maharashtra,Nagpur,Nagpur,Area-40,50153,21.19378967528526,79.10389677418617,Rural,Axis Bank,iOS,0,0,0.201,86,6,UPI Fraud
CASE_000812,2025-10-17 20:13:08.975321704,2025-10-17 15:46:55.281738877,Phishing,NEFT,43021.82,Tamil Nadu,Chennai,Chennai,Area-16,53833,13.080981166731041,80.26366452407927,Urban,HDFC Bank,Android,0,0,0.636,166,3,Phishing
CASE_000813,2025-09-08 20:17:45.001030654,2025-09-08 15:12:11.607910968,Phishing,UPI,19028.33,West Bengal,Kolkata,Kolkata,Area-29,56294,22.54954869778165,88.46965399438741,Semi-Urban,Canara Bank,iOS,1,0,0.42,8,5,Phishing
CASE_000814,2024-11-25 08:42:36.871239305,2024-11-25 06:07:33.861008000,UPI Fraud,IMPS,8601.92,Telangana,Hyderabad,Hyderabad,Area-25,77237,17.37321074715584,78.46930787511843,Urban,Axis Bank,Android,0,0,0.472,234,3,UPI Fraud
CASE_000815,2024-01-03 04:20:34.531821929,2024-01-03 01:22:53.625038043,Investment Scam,UPI,82388.34,Maharashtra,Thane,Thane,Area-9,46908,19.194070705138902,72.95174591787979,Semi-Urban,Canara Bank,Android,0,0,0.294,148,9,Investment Scam
CASE_000816,2024-08-07 14:17:43.906077046,2024-08-07 11:58:14.239280310,UPI Fraud,Net Banking,23705.55,West Bengal,Kolkata,Kolkata,Area-37,53101,22.587789994765753,88.47615345446512,Urban,Axis Bank,iOS,1,1,0.471,170,5,UPI Fraud
CASE_000817,2025-11-27 02:52:02.186785467,2025-11-26 22:21:28.659582242,Remote Access Scam,UPI,29938.11,Maharashtra,Nagpur,Nagpur,Area-22,58766,21.078539935016718,79.11651589806077,Rural,Punjab National Bank,Android,0,0,0.335,78,2,Remote Access Scam
CASE_000818,2025-10-08 18:53:24.749274817,2025-10-08 16:37:30.385251753,UPI Fraud,Net Banking,795.1,Maharashtra,Mumbai City,Mumbai,Area-24,72178,19.076967633799057,72.87598436713208,Urban,Punjab National Bank,iOS,1,1,0.336,69,3,UPI Fraud
CASE_000819,2024-10-28 17:39:30.883954582,2024-10-28 13:28:05.428434644,UPI Fraud,Card,3358.28,Maharashtra,Pune,Pune,Area-36,52655,18.52016201982462,73.85650382269306,Urban,Canara Bank,Android,0,1,0.246,105,5,UPI Fraud
CASE_000820,2025-07-24 01:16:20.325816627,2025-07-23 21:44:46.159110337,Marketplace Fraud (OLX/e-commerce),Card,31756.14,Maharashtra,Nagpur,Nagpur,Area-2,68658,21.20847144318527,79.11917181871762,Rural,SBI,Android,0,1,0.417,62,5,Marketplace Fraud (OLX/e-commerce)
CASE_000821,2024-06-26 22:10:07.520153027,2024-06-26 21:45:55.624322416,Remote Access Scam,Wallet,4474.93,Maharashtra,Pune,Pune,Area-56,54875,18.481812868781244,73.87195789415127,Urban,Punjab National Bank,iOS,0,1,0.207,5,3,Remote Access Scam
CASE_000822,2024-08-28 08:19:04.800732084,2024-08-28 03:57:23.234754164,Marketplace Fraud (OLX/e-commerce),UPI,18288.58,Gujarat,Ahmedabad,Ahmedabad,Area-14,43839,23.013278523621857,72.59590594239285,Semi-Urban,HDFC Bank,Android,1,0,0.289,160,2,Marketplace Fraud (OLX/e-commerce)
CASE_000823,2026-05-13 05:24:41.928338026,2026-05-13 02:07:50.034303069,Investment Scam,Card,75347.11,West Bengal,Kolkata,Kolkata,Area-41,80715,22.5204094519014,88.29412199383563,Urban,Kotak Mahindra Bank,Desktop,1,0,0.132,172,3,Investment Scam
CASE_000824,2025-01-11 16:50:01.801558935,2025-01-11 09:46:48.167989820,UPI Fraud,Wallet,4454.51,Tamil Nadu,Chennai,Chennai,Area-46,58442,13.059488380596758,80.24980665882418,Urban,Punjab National Bank,Feature Phone,1,0,0.935,162,6,UPI Fraud
CASE_000825,2024-08-11 05:23:28.718470764,2024-08-11 04:24:31.542300560,Impersonation (Digital Arrest/Officer),UPI,3086.72,Maharashtra,Thane,Thane,Area-10,58249,19.298157257127635,72.98363311965822,Urban,Canara Bank,Android,0,0,0.711,133,8,Impersonation (Digital Arrest/Officer)
CASE_000826,2025-03-19 21:42:17.073227319,2025-03-19 18:08:04.951995753,Impersonation (Digital Arrest/Officer),NEFT,14821.23,Gujarat,Ahmedabad,Ahmedabad,Area-15,49671,22.982540654409245,72.53652837708086,Urban,ICICI Bank,Android,1,0,0.095,126,4,Impersonation (Digital Arrest/Officer)
CASE_000827,2024-12-18 15:43:05.293926470,2024-12-18 13:42:54.704415508,UPI Fraud,Wallet,97325.52,Tamil Nadu,Chennai,Chennai,Area-25,63546,13.080301352574905,80.24490885166662,Urban,HDFC Bank,Android,1,1,0.794,236,3,UPI Fraud
CASE_000828,2025-10-26 14:53:15.790388990,2025-10-26 14:25:22.341363050,Fake Customer Care,NEFT,4594.97,Maharashtra,Thane,Navi Mumbai,Area-49,60170,19.03519125200016,73.01009446784268,Urban,Bank of Baroda,iOS,1,1,0.901,126,5,Fake Customer Care
CASE_000829,2026-05-26 12:00:43.425466668,2026-05-26 11:42:23.588339850,Impersonation (Digital Arrest/Officer),Card,11567.29,Telangana,Hyderabad,Hyderabad,Area-38,77959,17.414835673884756,78.49884608705584,Semi-Urban,HDFC Bank,Android,1,0,0.459,169,5,Impersonation (Digital Arrest/Officer)
CASE_000830,2025-06-23 09:47:35.505609144,2025-06-23 01:44:49.374034710,Card Fraud,IMPS,4294.21,Karnataka,Bengaluru Urban,Bengaluru,Area-28,50382,12.97026644467911,77.5985040361622,Rural,ICICI Bank,Desktop,1,1,0.481,100,3,Card Fraud
CASE_000831,2025-06-22 16:25:15.313671590,2025-06-22 12:50:31.542679355,Investment Scam,Net Banking,131798.02,Delhi,New Delhi,Delhi,Area-51,67101,28.577252312503553,77.23151710026676,Urban,ICICI Bank,Feature Phone,1,0,0.784,8,4,Investment Scam
CASE_000832,2024-11-28 11:14:28.877432421,2024-11-28 08:43:38.953668840,Impersonation (Digital Arrest/Officer),Card,21213.9,Maharashtra,Mumbai City,Mumbai,Area-28,44910,19.128054576735554,72.99431478386155,Urban,HDFC Bank,Android,0,0,0.411,84,6,Impersonation (Digital Arrest/Officer)
CASE_000833,2025-05-29 09:43:38.031111087,2025-05-29 09:05:26.508148289,Phishing,ATM,5468.79,Karnataka,Bengaluru Urban,Bengaluru,Area-53,47618,12.872901728085145,77.64967409136479,Urban,HDFC Bank,iOS,1,0,0.886,173,3,Phishing
CASE_000834,2024-10-18 05:31:43.091643144,2024-10-17 21:48:22.804878201,Loan App Scam,UPI,74968.63,Maharashtra,Mumbai City,Mumbai,Area-46,77759,19.121333307781562,72.90068895271021,Semi-Urban,Bank of Baroda,Android,0,0,0.909,152,8,Loan App Scam
CASE_000835,2024-01-02 01:27:05.250596514,2024-01-01 23:52:37.605954158,Investment Scam,NEFT,65526.27,Maharashtra,Thane,Thane,Area-11,51237,19.27724289773758,73.03190147715105,Urban,Kotak Mahindra Bank,Android,1,0,0.706,166,6,Investment Scam
CASE_000836,2026-02-28 04:02:02.259179677,2026-02-28 00:19:36.205734715,UPI Fraud,Card,3600.33,Maharashtra,Thane,Thane,Area-23,70463,19.180814025916153,72.90727123956829,Semi-Urban,Axis Bank,Android,0,0,0.793,179,7,UPI Fraud
CASE_000837,2025-01-26 08:32:52.485229138,2025-01-26 05:21:55.749047622,UPI Fraud,UPI,2576.17,Gujarat,Surat,Surat,Area-2,81679,21.161362413327005,72.95082215214131,Urban,ICICI Bank,iOS,0,0,0.301,53,4,UPI Fraud
CASE_000838,2025-03-24 17:16:43.332838953,2025-03-24 07:01:21.493994102,Remote Access Scam,Card,63689.41,Maharashtra,Nashik,Nashik,Area-15,40325,19.989832558396724,73.75681435740415,Urban,HDFC Bank,Android,0,0,0.659,195,7,Remote Access Scam
CASE_000839,2024-03-17 04:34:08.645619568,2024-03-17 01:39:50.453540978,Loan App Scam,NEFT,16130.56,Maharashtra,Nagpur,Nagpur,Area-2,72730,21.18403646007355,79.10098410536354,Semi-Urban,Bank of Baroda,Desktop,1,1,0.72,171,5,Loan App Scam
CASE_000840,2026-02-01 16:28:49.858710596,2026-02-01 14:35:03.354343764,Fake Customer Care,Card,2161.05,Maharashtra,Nagpur,Nagpur,Area-7,71310,21.108142457254043,79.07141522285644,Urban,Kotak Mahindra Bank,Android,0,0,0.426,74,3,Fake Customer Care
CASE_000841,2024-06-04 07:52:10.620549247,2024-06-04 04:14:58.944248291,Remote Access Scam,NEFT,2505.79,Rajasthan,Jaipur,Jaipur,Area-1,50288,26.908112609836667,75.79120444786996,Urban,Punjab National Bank,iOS,1,1,0.404,121,3,Remote Access Scam
CASE_000842,2025-01-09 05:44:26.364466595,2025-01-09 01:49:15.656377021,Social Engineering (Romance/Job),Net Banking,5799.37,Karnataka,Bengaluru Urban,Bengaluru,Area-40,69110,12.983969112361699,77.55284776932574,Urban,Axis Bank,Desktop,1,0,0.227,205,3,Social Engineering (Romance/Job)
CASE_000843,2026-02-05 02:41:11.447959121,2026-02-04 11:33:57.315616928,Card Fraud,Wallet,3290.95,Uttar Pradesh,Lucknow,Lucknow,Area-25,75353,26.871816613129475,80.81624543896574,Urban,Bank of Baroda,iOS,0,0,0.76,40,3,Card Fraud
CASE_000844,2025-02-21 03:49:57.363137591,2025-02-21 00:57:58.337382205,Phishing,Card,1146.68,Maharashtra,Nashik,Nashik,Area-28,60321,19.910049155646863,73.88220958438879,Urban,Canara Bank,Android,0,0,0.376,73,4,Phishing
CASE_000845,2026-04-28 07:39:48.951848127,2026-04-28 06:42:52.785499543,Impersonation (Digital Arrest/Officer),NEFT,8268.11,Maharashtra,Mumbai City,Mumbai,Area-46,58787,19.06537441101779,72.8667754329436,Semi-Urban,Canara Bank,Android,1,1,0.758,46,4,Impersonation (Digital Arrest/Officer)
CASE_000846,2024-07-09 18:38:04.484969683,2024-07-09 16:26:52.547963854,UPI Fraud,UPI,3601.16,Karnataka,Bengaluru Urban,Bengaluru,Area-48,48612,12.980302941243394,77.65748980114428,Urban,HDFC Bank,Android,1,0,0.291,73,4,UPI Fraud
CASE_000847,2025-10-13 17:27:51.773576874,2025-10-13 13:51:02.138872035,UPI Fraud,Net Banking,5949.43,Maharashtra,Nagpur,Nagpur,Area-32,42259,21.1007043407878,79.06145742713079,Urban,Axis Bank,Android,0,0,0.587,49,3,UPI Fraud
CASE_000848,2026-06-10 03:04:55.591322179,2026-06-09 22:57:34.988952994,Investment Scam,Wallet,223008.24,Gujarat,Ahmedabad,Ahmedabad,Area-28,69610,23.08019484694013,72.60651448606194,Urban,Canara Bank,Desktop,1,1,0.677,193,5,Investment Scam
CASE_000849,2025-05-15 17:19:22.506987387,2025-05-15 16:45:09.231065556,UPI Fraud,UPI,7379.58,Rajasthan,Jaipur,Jaipur,Area-39,66302,26.843677421932355,75.82087857340555,Urban,Bank of Baroda,Android,0,1,0.137,237,5,UPI Fraud
CASE_000850,2025-09-22 15:52:47.985040628,2025-09-22 13:54:31.535828136,Marketplace Fraud (OLX/e-commerce),Net Banking,5761.73,Karnataka,Bengaluru Urban,Bengaluru,Area-25,48482,12.972723020040306,77.59716211215859,Rural,Kotak Mahindra Bank,Android,1,1,0.754,232,3,Marketplace Fraud (OLX/e-commerce)
CASE_000851,2024-12-24 15:21:47.955523541,2024-12-24 05:30:27.667859215,Social Engineering (Romance/Job),IMPS,34659.53,Gujarat,Surat,Surat,Area-27,45898,21.254805050436477,72.74945739993778,Urban,Canara Bank,iOS,1,1,0.384,86,7,Social Engineering (Romance/Job)
CASE_000852,2025-11-15 12:32:32.475074724,2025-11-15 11:14:22.544727549,Phishing,IMPS,8385.51,Karnataka,Bengaluru Urban,Bengaluru,Area-18,51746,12.847830258246622,77.64041615861967,Urban,SBI,Android,0,0,0.728,223,8,Phishing
CASE_000853,2026-04-08 05:08:07.923572550,2026-04-07 23:37:20.538605332,Remote Access Scam,NEFT,27665.87,Maharashtra,Pune,Pune,Area-12,46685,18.446078471508628,73.80642183476427,Urban,Punjab National Bank,Desktop,0,1,0.328,20,4,Remote Access Scam
CASE_000854,2025-10-02 13:51:23.154342740,2025-10-02 11:36:24.904773973,Investment Scam,IMPS,47166.51,Karnataka,Bengaluru Urban,Bengaluru,Area-12,48353,12.914544883697292,77.66502909391754,Rural,Punjab National Bank,Android,1,0,0.59,27,2,Investment Scam
CASE_000855,2026-05-02 18:08:47.218335628,2026-05-02 15:08:43.244281426,UPI Fraud,Wallet,11325.9,Maharashtra,Mumbai City,Mumbai,Area-39,57211,19.058803525186853,72.95096876416564,Semi-Urban,ICICI Bank,Android,0,1,0.945,78,8,UPI Fraud
CASE_000856,2025-06-20 06:57:32.878689576,2025-06-20 06:18:05.699375488,Phishing,Net Banking,228301.61,Gujarat,Ahmedabad,Ahmedabad,Area-49,45776,23.035668490093187,72.61834950961332,Urban,Bank of Baroda,iOS,0,0,0.746,69,9,Phishing
CASE_000857,2025-06-09 20:58:03.476996548,2025-06-09 18:31:58.792871475,UPI Fraud,Card,26963.47,Maharashtra,Mumbai City,Mumbai,Area-25,54610,19.093123802166037,72.86649815207407,Urban,SBI,Android,0,0,0.736,220,3,UPI Fraud
CASE_000858,2024-10-04 15:57:12.264133545,2024-10-04 12:22:23.569026861,Phishing,NEFT,3312.36,Maharashtra,Nashik,Nashik,Area-6,67659,20.021637834754326,73.7098326341501,Semi-Urban,Axis Bank,Desktop,1,0,0.212,182,3,Phishing
CASE_000859,2025-10-08 14:11:25.753082725,2025-10-08 11:17:43.680498049,UPI Fraud,IMPS,14872.13,Karnataka,Bengaluru Urban,Bengaluru,Area-37,66976,12.975665785677505,77.59922953473361,Semi-Urban,Axis Bank,Android,0,1,0.579,181,5,UPI Fraud
CASE_000860,2026-03-14 13:34:15.887416928,2026-03-14 11:00:35.768435687,UPI Fraud,UPI,4142.64,Maharashtra,Mumbai City,Mumbai,Area-54,67413,19.073707352857898,72.75983169141895,Urban,Axis Bank,Android,0,0,0.581,193,2,UPI Fraud
CASE_000861,2025-08-11 23:35:01.818884355,2025-08-11 19:03:28.685098633,UPI Fraud,Net Banking,16169.4,Maharashtra,Mumbai City,Mumbai,Area-32,52819,19.02641079187503,72.90717995314674,Semi-Urban,Punjab National Bank,Android,1,1,0.494,174,1,UPI Fraud
CASE_000862,2024-07-31 08:01:28.165534040,2024-07-31 07:10:10.269002702,Fake Customer Care,Card,2616.56,Tamil Nadu,Chennai,Chennai,Area-2,58602,13.138485806844422,80.27625787783526,Urban,Canara Bank,Android,1,0,0.383,121,1,Fake Customer Care
CASE_000863,2025-05-10 20:06:33.948443865,2025-05-10 16:24:06.063389838,UPI Fraud,IMPS,2926.15,Maharashtra,Mumbai City,Mumbai,Area-5,75311,19.03248814292342,72.86940592657292,Urban,Canara Bank,iOS,0,0,0.307,15,3,UPI Fraud
CASE_000864,2025-11-19 16:05:16.312913664,2025-11-19 15:48:56.463212654,Phishing,Card,15892.59,Karnataka,Bengaluru Urban,Bengaluru,Area-31,49147,13.061243538183733,77.69261778100817,Urban,Bank of Baroda,Android,0,0,0.682,4,5,Phishing
CASE_000865,2026-05-06 00:51:33.729202905,2026-05-05 18:14:22.258960322,Impersonation (Digital Arrest/Officer),IMPS,83038.15,Maharashtra,Nagpur,Nagpur,Area-51,43653,21.151687837532297,79.11274511879999,Urban,ICICI Bank,iOS,0,0,0.4,234,6,Impersonation (Digital Arrest/Officer)
CASE_000866,2024-05-22 18:26:51.682062359,2024-05-22 15:48:57.696182609,Phishing,NEFT,18924.62,Maharashtra,Pune,Pune,Area-4,61367,18.513599800434204,73.83636371540483,Urban,Canara Bank,Desktop,0,1,0.113,120,8,Phishing
CASE_000867,2024-04-26 08:51:02.245063847,2024-04-26 03:35:47.028814370,Investment Scam,UPI,88635.88,Maharashtra,Thane,Navi Mumbai,Area-45,49725,19.031996528278643,73.05333892121345,Urban,Canara Bank,Android,0,1,0.721,228,6,Investment Scam
CASE_000868,2025-01-11 04:39:58.169315709,2025-01-11 04:35:50.442044124,UPI Fraud,Card,14931.08,West Bengal,Kolkata,Kolkata,Area-46,43729,22.641836261482823,88.30335484222104,Semi-Urban,Kotak Mahindra Bank,iOS,0,0,0.79,8,4,UPI Fraud
CASE_000869,2024-04-24 15:05:52.020030414,2024-04-24 10:21:45.392869886,Remote Access Scam,Card,21537.1,Gujarat,Surat,Surat,Area-4,78509,21.096376728632002,72.7111244601222,Semi-Urban,Kotak Mahindra Bank,Android,0,0,0.746,152,5,Remote Access Scam
CASE_000870,2026-06-12 05:37:20.194897204,2026-06-12 04:05:51.874842867,Impersonation (Digital Arrest/Officer),UPI,15923.59,Maharashtra,Thane,Thane,Area-13,61582,19.234028357812402,72.94880532645865,Urban,Kotak Mahindra Bank,iOS,1,0,0.94,68,3,Impersonation (Digital Arrest/Officer)
CASE_000871,2025-01-21 16:00:26.970215676,2025-01-21 12:59:26.470557146,Remote Access Scam,Net Banking,43568.45,Gujarat,Surat,Surat,Area-1,44663,21.07849730736666,72.74419375543815,Urban,Kotak Mahindra Bank,Android,0,1,0.614,88,3,Remote Access Scam
CASE_000872,2025-05-01 07:39:00.559601804,2025-05-01 02:51:37.400042422,Impersonation (Digital Arrest/Officer),Card,85561.15,Telangana,Hyderabad,Hyderabad,Area-34,55521,17.41057474537696,78.45774541831148,Semi-Urban,Bank of Baroda,iOS,0,0,0.084,157,7,Impersonation (Digital Arrest/Officer)
CASE_000873,2024-07-25 23:50:56.165039373,2024-07-25 21:02:50.100666545,Investment Scam,NEFT,32316.58,Telangana,Hyderabad,Hyderabad,Area-11,40888,17.32848000333058,78.55676783354964,Urban,Bank of Baroda,Android,1,1,0.535,119,7,Investment Scam
CASE_000874,2025-02-13 08:04:46.463546247,2025-02-13 03:41:36.834041119,Phishing,Net Banking,9572.9,Tamil Nadu,Chennai,Chennai,Area-55,54168,13.077485971695234,80.26899261680614,Urban,Bank of Baroda,Android,0,0,0.436,33,5,Phishing
CASE_000875,2026-06-16 03:37:31.685393634,2026-06-16 01:20:53.490500554,UPI Fraud,UPI,56985.17,Tamil Nadu,Chennai,Chennai,Area-6,73980,13.016053302021893,80.26384573225927,Semi-Urban,Axis Bank,Android,1,1,0.698,239,4,UPI Fraud
CASE_000876,2025-03-21 11:38:19.698642601,2025-03-21 04:39:21.158954717,Investment Scam,Net Banking,33870.48,Gujarat,Ahmedabad,Ahmedabad,Area-39,62130,23.095279857995653,72.51677547743465,Urban,Canara Bank,Android,0,0,0.596,171,3,Investment Scam
CASE_000877,2024-01-09 03:33:07.625314783,2024-01-09 00:55:34.729641431,UPI Fraud,NEFT,10756.38,Karnataka,Bengaluru Urban,Bengaluru,Area-47,82287,13.008526256703691,77.65859630965251,Urban,Bank of Baroda,Desktop,1,1,0.575,87,5,UPI Fraud
CASE_000878,2024-08-09 01:17:25.916992267,2024-08-08 22:37:18.917039230,Phishing,Card,18545.06,Karnataka,Bengaluru Urban,Bengaluru,Area-11,50736,12.943249011199708,77.57906434211968,Semi-Urban,Punjab National Bank,Android,0,1,0.354,149,3,Phishing
CASE_000879,2026-06-10 11:38:41.799455674,2026-06-10 08:56:11.088895246,Remote Access Scam,UPI,15997.69,Maharashtra,Nagpur,Nagpur,Area-15,54176,21.148916762696675,78.96820450381219,Urban,Bank of Baroda,Desktop,0,1,0.297,37,4,Remote Access Scam
CASE_000880,2026-06-20 03:55:27.032763517,2026-06-20 00:58:19.607564121,UPI Fraud,Wallet,4014.33,Maharashtra,Mumbai City,Mumbai,Area-48,69335,18.986226321926328,72.97879068445667,Urban,SBI,Android,1,0,0.27,103,4,UPI Fraud
CASE_000881,2024-07-10 19:07:13.656045628,2024-07-10 18:13:15.293166861,UPI Fraud,UPI,14999.35,Tamil Nadu,Chennai,Chennai,Area-6,77238,13.124486304196498,80.22360222775015,Semi-Urban,Canara Bank,Android,0,1,0.76,102,4,UPI Fraud
CASE_000882,2025-07-14 13:23:52.069690627,2025-07-14 12:08:02.459824845,Remote Access Scam,UPI,17071.34,Maharashtra,Mumbai City,Mumbai,Area-27,78750,19.015997421494397,72.94279298327933,Rural,Punjab National Bank,Android,0,0,0.359,89,6,Remote Access Scam
CASE_000883,2024-03-11 07:20:00.233843354,2024-03-11 01:31:25.457413374,Investment Scam,Net Banking,262823.43,Maharashtra,Pune,Pune,Area-15,50620,18.56990047036526,73.95651966890044,Urban,Canara Bank,Android,0,0,0.643,116,4,Investment Scam
CASE_000884,2025-06-10 06:26:10.078740387,2025-06-10 01:11:02.653473735,OTP Fraud,IMPS,23559.71,Maharashtra,Mumbai City,Mumbai,Area-1,80157,19.04781201436789,72.86030091294862,Semi-Urban,SBI,iOS,0,1,0.789,219,6,OTP Fraud
CASE_000885,2024-04-24 22:08:48.318608707,2024-04-24 17:07:48.782278083,Marketplace Fraud (OLX/e-commerce),NEFT,3598.58,Maharashtra,Thane,Navi Mumbai,Area-27,75513,18.93043174351884,73.08884502179502,Urban,HDFC Bank,Android,0,0,0.826,2,4,Marketplace Fraud (OLX/e-commerce)
CASE_000886,2026-01-15 23:18:56.042983414,2026-01-15 19:12:55.990523055,Marketplace Fraud (OLX/e-commerce),UPI,15448.87,Telangana,Hyderabad,Hyderabad,Area-29,80287,17.422692657798358,78.49048116405218,Urban,Canara Bank,Desktop,0,0,0.486,133,3,Marketplace Fraud (OLX/e-commerce)
CASE_000887,2026-05-06 00:47:57.526226862,2026-05-05 22:52:03.104167700,Investment Scam,NEFT,48601.78,Telangana,Hyderabad,Hyderabad,Area-21,70969,17.47990910082111,78.53337552739652,Urban,Bank of Baroda,Android,0,1,0.449,225,5,Investment Scam
CASE_000888,2024-06-06 15:56:58.368788226,2024-06-06 14:11:00.856297998,Phishing,IMPS,45967.0,Delhi,New Delhi,Delhi,Area-48,54197,28.61900655621383,77.2252460744229,Urban,Bank of Baroda,Android,1,0,0.565,213,6,Phishing
CASE_000889,2025-02-25 15:35:39.910182005,2025-02-25 12:44:19.874966033,Impersonation (Digital Arrest/Officer),Wallet,15564.06,Maharashtra,Mumbai City,Mumbai,Area-6,56637,19.08072156623955,72.83676816775176,Urban,Axis Bank,Android,1,0,0.982,215,3,Impersonation (Digital Arrest/Officer)
CASE_000890,2024-04-03 05:30:51.457365303,2024-04-02 23:04:05.227137845,Remote Access Scam,Wallet,21923.85,Delhi,New Delhi,Delhi,Area-26,67533,28.670046777347867,77.15745529259682,Semi-Urban,Punjab National Bank,iOS,0,0,0.309,99,5,Remote Access Scam
CASE_000891,2024-11-05 02:23:08.420905557,2024-11-04 22:57:25.612716690,Remote Access Scam,IMPS,15975.05,Maharashtra,Nagpur,Nagpur,Area-11,80619,21.0777614081241,79.06668694257856,Urban,Punjab National Bank,Android,1,1,0.593,136,5,Remote Access Scam
CASE_000892,2024-02-29 08:30:08.354599931,2024-02-29 07:17:50.316302944,Phishing,UPI,11610.18,Tamil Nadu,Chennai,Chennai,Area-45,67959,13.173256260270671,80.343344928375,Semi-Urban,HDFC Bank,Desktop,0,0,0.443,143,5,Phishing
CASE_000893,2024-08-29 00:45:35.254968499,2024-08-29 00:02:43.038862891,UPI Fraud,UPI,3737.91,Telangana,Hyderabad,Hyderabad,Area-33,80406,17.253523766596764,78.45643248860338,Urban,Punjab National Bank,Android,0,0,0.426,201,5,UPI Fraud
CASE_000894,2026-06-21 07:37:08.289039814,2026-06-21 02:15:00.926065758,UPI Fraud,Wallet,18648.16,Karnataka,Bengaluru Urban,Bengaluru,Area-42,52773,12.98052325339092,77.58288724273822,Semi-Urban,Punjab National Bank,Android,1,0,0.646,229,7,UPI Fraud
CASE_000895,2024-02-10 23:04:14.150958970,2024-02-10 15:12:21.012174468,UPI Fraud,Card,15674.03,Karnataka,Bengaluru Urban,Bengaluru,Area-7,62502,12.971479630299866,77.55696575404629,Urban,ICICI Bank,iOS,1,1,0.673,61,1,UPI Fraud
CASE_000896,2026-02-21 13:01:14.725269852,2026-02-21 12:29:00.811617419,UPI Fraud,Card,40690.34,Gujarat,Surat,Surat,Area-27,70694,21.15785961895775,72.8812032365166,Urban,ICICI Bank,iOS,0,0,0.911,30,3,UPI Fraud
CASE_000897,2024-03-11 18:55:06.251251003,2024-03-11 13:25:23.376056695,Marketplace Fraud (OLX/e-commerce),Wallet,6852.01,West Bengal,Kolkata,Kolkata,Area-3,79428,22.618680911521825,88.41311294593027,Semi-Urban,Kotak Mahindra Bank,iOS,1,0,0.661,64,5,Marketplace Fraud (OLX/e-commerce)
CASE_000898,2025-04-27 02:01:07.818933906,2025-04-26 21:59:20.047019862,UPI Fraud,Wallet,6291.64,Karnataka,Bengaluru Urban,Bengaluru,Area-20,72304,13.0257650254179,77.55457889502097,Semi-Urban,Bank of Baroda,Android,1,1,0.863,63,4,UPI Fraud
CASE_000899,2025-02-15 22:37:31.729438551,2025-02-15 21:08:49.709873348,Impersonation (Digital Arrest/Officer),IMPS,66028.6,Karnataka,Bengaluru Urban,Bengaluru,Area-56,80175,13.041989987695919,77.50036827337595,Urban,Axis Bank,iOS,0,1,0.474,72,7,Impersonation (Digital Arrest/Officer)
CASE_000900,2026-04-28 18:58:26.114781817,2026-04-28 15:30:39.912088975,Marketplace Fraud (OLX/e-commerce),Wallet,2891.99,Maharashtra,Mumbai City,Mumbai,Area-43,72191,19.17425508366386,72.91418421016151,Urban,Punjab National Bank,Android,1,0,0.32,220,8,Marketplace Fraud (OLX/e-commerce)
CASE_000901,2024-06-30 09:03:02.054845808,2024-06-30 08:01:34.280404314,Phishing,UPI,35910.79,Gujarat,Surat,Surat,Area-5,77962,21.17133760148875,72.82865563188592,Urban,HDFC Bank,Feature Phone,1,1,0.574,52,4,Phishing
CASE_000902,2024-06-12 19:02:06.245487205,2024-06-12 16:34:03.303337233,Impersonation (Digital Arrest/Officer),IMPS,91194.11,Maharashtra,Nagpur,Nagpur,Area-22,75808,21.196171313744973,79.1260118996479,Urban,Axis Bank,Android,1,1,0.65,101,2,Impersonation (Digital Arrest/Officer)
CASE_000903,2025-11-13 04:51:52.792649183,2025-11-13 01:53:05.396809503,Remote Access Scam,ATM,71025.44,Maharashtra,Pune,Pune,Area-52,60320,18.597407332754866,73.89080909810421,Urban,Punjab National Bank,iOS,1,0,0.702,86,2,Remote Access Scam
CASE_000904,2025-10-23 10:04:04.175857418,2025-10-23 03:07:50.015518092,Phishing,UPI,16474.94,Madhya Pradesh,Indore,Indore,Area-11,82575,22.722960559943715,75.79034918900983,Semi-Urban,ICICI Bank,Android,0,0,0.453,66,3,Phishing
CASE_000905,2025-09-29 01:16:52.912785590,2025-09-28 22:54:36.828196384,Investment Scam,UPI,20284.59,Tamil Nadu,Chennai,Chennai,Area-45,75742,13.06550271812712,80.26660057800726,Urban,HDFC Bank,iOS,1,0,0.08,47,8,Investment Scam
CASE_000906,2024-01-24 20:52:18.269007485,2024-01-24 19:14:35.764774556,OTP Fraud,NEFT,11160.17,Maharashtra,Mumbai City,Mumbai,Area-19,70416,19.029845043111823,72.90676950558249,Urban,Punjab National Bank,Desktop,0,1,0.399,239,6,OTP Fraud
CASE_000907,2024-08-24 23:34:01.110879068,2024-08-24 19:45:30.925992250,Card Fraud,Card,19544.32,Maharashtra,Mumbai City,Mumbai,Area-29,58495,19.121785076276893,72.84426775507002,Urban,Canara Bank,Desktop,1,1,0.686,150,3,Card Fraud
CASE_000908,2026-02-04 07:56:21.560308263,2026-02-04 03:28:05.406983040,OTP Fraud,UPI,5344.61,Maharashtra,Mumbai City,Mumbai,Area-52,65745,19.08949847641316,72.85497470861074,Rural,Axis Bank,Android,1,0,0.858,25,2,OTP Fraud
CASE_000909,2025-07-01 10:44:17.076763567,2025-07-01 09:09:43.083111160,Loan App Scam,UPI,68626.33,Telangana,Hyderabad,Hyderabad,Area-40,48304,17.48057775207494,78.5246334368905,Urban,Canara Bank,Android,1,1,0.297,157,3,Loan App Scam
CASE_000910,2025-07-02 15:33:02.899056451,2025-07-02 14:23:23.088798307,Phishing,UPI,20607.34,Maharashtra,Mumbai City,Mumbai,Area-17,42573,19.043617754222787,72.84707386142175,Urban,Kotak Mahindra Bank,iOS,0,1,0.659,147,4,Phishing
CASE_000911,2024-09-26 15:10:42.072241202,2024-09-26 13:55:14.378054891,Card Fraud,UPI,4821.88,Uttar Pradesh,Lucknow,Lucknow,Area-1,68288,26.857799562048505,80.85786381462576,Urban,Bank of Baroda,iOS,0,0,0.681,86,4,Card Fraud
CASE_000912,2024-08-25 07:22:41.896944287,2024-08-25 00:25:27.869552791,Impersonation (Digital Arrest/Officer),Wallet,219867.52,Uttar Pradesh,Lucknow,Lucknow,Area-14,70102,26.780484462280462,80.92183307459051,Semi-Urban,Canara Bank,iOS,1,1,0.471,189,4,Impersonation (Digital Arrest/Officer)
CASE_000913,2026-05-12 11:48:25.913553753,2026-05-12 07:28:33.857872039,Remote Access Scam,IMPS,19829.28,Karnataka,Bengaluru Urban,Bengaluru,Area-25,77720,13.089495901344408,77.58163213703851,Urban,Axis Bank,Android,0,1,0.39,192,6,Remote Access Scam
CASE_000914,2025-10-25 01:53:13.720327741,2025-10-24 23:38:29.100647874,Card Fraud,IMPS,3861.65,Telangana,Hyderabad,Hyderabad,Area-8,69735,17.378551362814914,78.4707984211223,Urban,Kotak Mahindra Bank,Android,0,1,0.499,189,5,Card Fraud
CASE_000915,2024-04-25 19:58:26.395202923,2024-04-25 13:48:02.878629753,Card Fraud,UPI,5162.03,Maharashtra,Nashik,Nashik,Area-53,55995,20.009751523820558,73.79980101820975,Urban,HDFC Bank,Android,0,1,0.301,153,5,Card Fraud
CASE_000916,2026-05-04 07:35:23.668331289,2026-05-04 06:01:28.498912513,Fake Customer Care,Net Banking,61015.52,Maharashtra,Mumbai City,Mumbai,Area-4,72262,19.08895309739482,72.91839589056067,Semi-Urban,ICICI Bank,iOS,1,0,0.149,106,4,Fake Customer Care
CASE_000917,2025-06-14 15:42:33.552188649,2025-06-14 12:56:27.597659826,Phishing,UPI,81047.74,West Bengal,Kolkata,Kolkata,Area-32,79764,22.599460611071493,88.30789751176788,Urban,Punjab National Bank,Android,0,1,0.377,50,3,Phishing
CASE_000918,2024-10-30 17:38:32.732850323,2024-10-30 16:38:05.248139188,Remote Access Scam,NEFT,54080.03,Maharashtra,Mumbai City,Mumbai,Area-58,53952,19.116335170481403,72.87683015208641,Urban,SBI,Android,1,0,0.706,11,4,Remote Access Scam
CASE_000919,2024-12-28 01:02:44.769216906,2024-12-27 19:03:24.681890950,Phishing,Wallet,46469.42,Maharashtra,Mumbai City,Mumbai,Area-20,50679,19.16006466508244,72.94091792047325,Urban,Kotak Mahindra Bank,iOS,0,1,0.538,220,1,Phishing
CASE_000920,2025-10-22 21:41:56.247669875,2025-10-22 20:14:39.171658717,Impersonation (Digital Arrest/Officer),Net Banking,105650.99,Maharashtra,Nashik,Nashik,Area-32,68965,20.024273717875808,73.8105905266652,Urban,Canara Bank,Android,1,1,0.55,202,3,Impersonation (Digital Arrest/Officer)
CASE_000921,2024-12-08 20:18:35.252594567,2024-12-08 18:49:30.923272315,Card Fraud,ATM,23741.31,Maharashtra,Mumbai City,Mumbai,Area-5,64994,19.07696247048167,72.86562115700097,Urban,SBI,Desktop,0,1,0.684,49,1,Card Fraud
CASE_000922,2025-06-11 09:32:51.647241956,2025-06-11 05:40:34.636545204,OTP Fraud,UPI,14213.48,Delhi,New Delhi,Delhi,Area-44,52820,28.665309502163115,77.23406037897118,Urban,Canara Bank,Android,0,1,0.743,192,6,OTP Fraud
CASE_000923,2025-10-09 06:35:53.379623882,2025-10-09 06:21:39.580994606,Investment Scam,UPI,62731.09,Tamil Nadu,Chennai,Chennai,Area-58,50998,13.177662826862141,80.3155040802193,Urban,SBI,Android,0,1,0.467,12,4,Investment Scam
CASE_000924,2024-06-27 00:28:39.477938841,2024-06-26 23:40:44.187951390,Investment Scam,IMPS,77837.61,Gujarat,Ahmedabad,Ahmedabad,Area-46,72662,23.110516142375904,72.49108005002228,Urban,HDFC Bank,Android,0,0,0.621,57,2,Investment Scam
CASE_000925,2026-05-10 09:47:55.935770739,2026-05-10 04:53:45.078745559,Phishing,Net Banking,4815.29,Telangana,Hyderabad,Hyderabad,Area-9,42546,17.41589003931312,78.38802918031809,Urban,Kotak Mahindra Bank,Android,1,0,0.538,36,5,Phishing
CASE_000926,2024-11-20 12:36:05.694954820,2024-11-20 11:21:41.308789682,UPI Fraud,Wallet,22140.3,Gujarat,Ahmedabad,Ahmedabad,Area-21,46924,23.077961240674956,72.51591487682194,Urban,Bank of Baroda,iOS,1,0,0.515,82,5,UPI Fraud
CASE_000927,2025-01-17 13:42:01.862062697,2025-01-17 01:12:34.879426755,Phishing,UPI,54164.92,Delhi,New Delhi,Delhi,Area-43,56847,28.55663283140484,77.1186006649565,Urban,Canara Bank,Android,1,1,0.571,77,2,Phishing
CASE_000928,2025-09-28 11:38:45.412993857,2025-09-28 08:19:05.300623305,Fake Customer Care,NEFT,9464.58,Gujarat,Ahmedabad,Ahmedabad,Area-48,78198,22.98197162555303,72.66123613501892,Urban,Axis Bank,Android,1,0,0.76,123,3,Fake Customer Care
CASE_000929,2025-07-08 14:58:13.894343642,2025-07-08 14:28:37.899746664,Phishing,UPI,7713.58,Karnataka,Bengaluru Urban,Bengaluru,Area-24,72372,12.997940596579301,77.57655440186586,Urban,Punjab National Bank,Android,1,0,0.874,110,3,Phishing
CASE_000930,2025-02-05 06:54:47.482492672,2025-02-04 22:46:48.413417570,Loan App Scam,UPI,26747.72,Maharashtra,Pune,Pune,Area-57,44334,18.4979692760102,73.93154238999433,Urban,HDFC Bank,iOS,1,0,0.827,28,4,Loan App Scam
CASE_000931,2025-08-15 01:17:06.105465855,2025-08-14 21:57:35.888891414,Phishing,Net Banking,5327.76,Gujarat,Surat,Surat,Area-13,63868,21.153579431680065,72.94134149141193,Semi-Urban,Bank of Baroda,iOS,1,0,0.735,36,7,Phishing
CASE_000932,2026-04-02 13:57:24.553995564,2026-04-02 11:26:17.220318660,Card Fraud,Wallet,3022.57,Maharashtra,Pune,Pune,Area-44,69309,18.552793485689918,73.82711162642181,Rural,Canara Bank,Android,0,0,0.43,197,6,Card Fraud
CASE_000933,2025-12-30 04:43:00.684544942,2025-12-30 01:24:03.579607554,Impersonation (Digital Arrest/Officer),Card,97940.0,Maharashtra,Mumbai City,Mumbai,Area-30,52373,19.03878565580549,72.79288519446645,Semi-Urban,Punjab National Bank,Android,0,1,0.822,132,4,Impersonation (Digital Arrest/Officer)
CASE_000934,2026-01-20 22:05:14.965502493,2026-01-20 21:35:56.377144217,Remote Access Scam,Card,10848.05,Maharashtra,Pune,Pune,Area-42,71566,18.57197931715269,73.81487248546948,Urban,Canara Bank,Android,1,1,0.519,221,3,Remote Access Scam
CASE_000935,2024-08-23 12:40:53.450927637,2024-08-23 09:50:29.201696631,Remote Access Scam,UPI,18180.05,Delhi,New Delhi,Delhi,Area-36,41168,28.651799465393598,77.27330634602194,Rural,Axis Bank,iOS,1,0,0.927,32,7,Remote Access Scam
CASE_000936,2025-01-17 03:09:31.740165918,2025-01-17 01:50:05.384556770,Remote Access Scam,UPI,9105.64,Maharashtra,Nagpur,Nagpur,Area-26,43964,21.15742704021891,79.0843473850973,Rural,Canara Bank,Android,1,1,0.613,74,4,Remote Access Scam
CASE_000937,2025-05-19 15:24:21.112454815,2025-05-19 12:42:06.167247660,Fake Customer Care,UPI,48375.65,Karnataka,Bengaluru Urban,Bengaluru,Area-49,61541,12.903230188994218,77.5344926709975,Urban,Punjab National Bank,Android,0,0,0.733,38,4,Fake Customer Care
CASE_000938,2024-02-10 08:09:50.599574095,2024-02-10 06:11:17.052527986,Impersonation (Digital Arrest/Officer),NEFT,70835.33,Rajasthan,Jaipur,Jaipur,Area-50,72271,26.854780838961318,75.6731237618097,Urban,HDFC Bank,iOS,1,0,0.313,221,3,Impersonation (Digital Arrest/Officer)
CASE_000939,2025-12-02 09:55:23.169987772,2025-12-02 06:44:10.434371367,UPI Fraud,UPI,7594.55,Maharashtra,Nashik,Nashik,Area-49,41343,20.013893079064044,73.77934365930473,Semi-Urban,ICICI Bank,Android,0,0,0.781,38,9,UPI Fraud
CASE_000940,2024-10-21 18:26:54.479545013,2024-10-21 16:12:15.521081413,Phishing,UPI,2973.29,Karnataka,Bengaluru Urban,Bengaluru,Area-6,48817,12.935375373270894,77.62917849352885,Rural,Axis Bank,iOS,0,1,0.554,192,3,Phishing
CASE_000941,2024-09-14 12:33:02.869008425,2024-09-14 10:40:50.341039449,Remote Access Scam,Card,12163.12,Maharashtra,Nagpur,Nagpur,Area-25,75669,21.144550405678906,79.08127696244276,Semi-Urban,SBI,Android,1,0,0.783,46,6,Remote Access Scam
CASE_000942,2024-08-24 06:21:06.260217397,2024-08-24 05:09:37.773226023,Investment Scam,Card,64856.4,Gujarat,Ahmedabad,Ahmedabad,Area-45,79517,23.01995416654641,72.56804168613125,Semi-Urban,Canara Bank,Desktop,1,0,0.408,174,2,Investment Scam
CASE_000943,2024-09-15 04:19:11.809965619,2024-09-15 03:48:15.332919437,Impersonation (Digital Arrest/Officer),Net Banking,34102.25,Maharashtra,Thane,Thane,Area-52,50398,19.24972688308566,72.84043541436077,Urban,HDFC Bank,Android,0,0,0.51,109,4,Impersonation (Digital Arrest/Officer)
CASE_000944,2024-11-03 22:44:58.927940301,2024-11-03 22:21:22.645075839,Impersonation (Digital Arrest/Officer),UPI,31245.39,Maharashtra,Mumbai City,Mumbai,Area-22,46909,19.129186736956004,72.83513701005545,Rural,Bank of Baroda,Android,0,0,0.748,232,7,Impersonation (Digital Arrest/Officer)
CASE_000945,2025-07-05 00:42:44.043398427,2025-07-04 23:53:02.895997718,Phishing,Net Banking,13741.54,Karnataka,Bengaluru Urban,Bengaluru,Area-44,65794,12.95116086160548,77.54998291190076,Urban,Canara Bank,Android,1,0,0.541,17,4,Phishing
CASE_000946,2025-06-15 19:42:27.769513563,2025-06-15 15:04:19.912882730,Card Fraud,IMPS,29644.74,Tamil Nadu,Chennai,Chennai,Area-34,52745,13.116541160368671,80.28642372635453,Urban,Axis Bank,Android,0,0,0.335,78,6,Card Fraud
CASE_000947,2024-08-21 00:00:33.459738625,2024-08-20 22:52:54.410705052,Card Fraud,UPI,12287.27,West Bengal,Kolkata,Kolkata,Area-14,54500,22.626612481434236,88.49485083712617,Semi-Urban,Punjab National Bank,iOS,0,1,0.445,173,4,Card Fraud
CASE_000948,2024-07-07 02:52:23.656474148,2024-07-07 01:15:37.378787791,Card Fraud,IMPS,21107.4,Telangana,Hyderabad,Hyderabad,Area-53,68982,17.41767270487146,78.4765145128501,Urban,Punjab National Bank,Android,1,0,0.661,219,1,Card Fraud
CASE_000949,2026-01-22 21:07:18.690221440,2026-01-22 19:29:43.683792524,Card Fraud,UPI,4344.88,West Bengal,Kolkata,Kolkata,Area-27,64738,22.668772356463457,88.34311537117071,Urban,Kotak Mahindra Bank,Android,1,0,0.765,129,1,Card Fraud
CASE_000950,2024-03-25 13:18:20.993007931,2024-03-25 11:18:10.997841881,Fake Customer Care,Wallet,197117.92,Delhi,New Delhi,Delhi,Area-36,65480,28.65144473208499,77.2001188476231,Urban,SBI,iOS,0,0,0.738,24,2,Fake Customer Care
CASE_000951,2025-04-12 08:25:58.039530857,2025-04-12 04:21:30.960061483,Impersonation (Digital Arrest/Officer),Wallet,20279.67,Maharashtra,Mumbai City,Mumbai,Area-18,80963,19.08527211449023,72.88000975268392,Urban,ICICI Bank,Android,0,0,0.369,151,3,Impersonation (Digital Arrest/Officer)
CASE_000952,2025-04-19 07:46:08.200554851,2025-04-19 05:32:34.631787598,Marketplace Fraud (OLX/e-commerce),UPI,8666.99,Maharashtra,Mumbai City,Mumbai,Area-2,53905,19.007726642832544,72.94347670006944,Urban,Punjab National Bank,iOS,1,1,0.798,115,4,Marketplace Fraud (OLX/e-commerce)
CASE_000953,2025-06-07 06:11:48.652633985,2025-06-07 00:55:37.718865462,UPI Fraud,Net Banking,18455.4,Maharashtra,Mumbai City,Mumbai,Area-27,59765,19.076013385729507,72.87746724027994,Urban,SBI,iOS,0,0,0.528,186,4,UPI Fraud
CASE_000954,2026-03-17 20:41:32.710650019,2026-03-17 19:51:14.883097008,Remote Access Scam,Net Banking,11338.02,Maharashtra,Nagpur,Nagpur,Area-43,62789,21.147455679335767,78.99030599771835,Urban,Kotak Mahindra Bank,Android,0,0,0.285,132,2,Remote Access Scam
CASE_000955,2025-07-22 14:08:15.756599240,2025-07-22 09:15:15.790435202,Card Fraud,NEFT,12977.49,Karnataka,Bengaluru Urban,Bengaluru,Area-20,77480,13.00062409398651,77.61244465488849,Urban,Bank of Baroda,iOS,0,1,0.789,215,3,Card Fraud
CASE_000956,2026-06-06 07:00:58.199465805,2026-06-05 23:31:43.194888413,Investment Scam,Card,34475.55,Delhi,New Delhi,Delhi,Area-55,70556,28.536007091188416,77.13607505262918,Urban,SBI,Desktop,0,1,0.416,30,4,Investment Scam
CASE_000957,2026-03-04 22:04:31.042042208,2026-03-04 19:15:49.731611684,Phishing,Card,3983.31,Karnataka,Bengaluru Urban,Bengaluru,Area-45,74272,13.036449216670599,77.67806123325485,Rural,SBI,iOS,1,0,0.825,150,5,Phishing
CASE_000958,2024-07-14 16:07:47.881268436,2024-07-14 15:04:51.720342215,Impersonation (Digital Arrest/Officer),UPI,44894.37,Karnataka,Bengaluru Urban,Bengaluru,Area-38,71635,12.873836725758437,77.59888309913677,Urban,HDFC Bank,Android,0,0,0.703,177,8,Impersonation (Digital Arrest/Officer)
CASE_000959,2024-08-07 21:21:54.860526150,2024-08-07 17:13:54.821157545,Phishing,UPI,1774.31,Tamil Nadu,Chennai,Chennai,Area-48,59432,13.082914267495923,80.27408960718999,Rural,Bank of Baroda,Android,1,1,0.847,98,6,Phishing
CASE_000960,2024-11-10 04:59:32.975217301,2024-11-10 02:08:30.147537444,Fake Customer Care,IMPS,81658.47,Tamil Nadu,Chennai,Chennai,Area-51,70412,13.172543539830256,80.30270870681463,Urban,Punjab National Bank,Desktop,0,1,0.72,114,3,Fake Customer Care
CASE_000961,2024-12-22 19:41:07.713076439,2024-12-22 16:04:16.216723166,Phishing,Card,26044.92,Maharashtra,Nagpur,Nagpur,Area-43,41952,21.263044998478044,79.1573294166576,Urban,Axis Bank,iOS,1,1,0.821,167,2,Phishing
CASE_000962,2025-05-19 00:03:50.532721991,2025-05-18 18:41:07.117466837,UPI Fraud,NEFT,19990.94,Maharashtra,Nagpur,Nagpur,Area-49,59248,21.173581290397706,79.06953020539972,Semi-Urban,Punjab National Bank,Android,0,0,0.306,109,7,UPI Fraud
CASE_000963,2024-07-30 21:44:30.558678954,2024-07-30 19:39:22.340323988,Impersonation (Digital Arrest/Officer),NEFT,4102.34,Telangana,Hyderabad,Hyderabad,Area-43,49846,17.383753546613423,78.44788874813294,Semi-Urban,Axis Bank,Android,1,1,0.689,94,4,Impersonation (Digital Arrest/Officer)
CASE_000964,2024-07-21 15:10:18.868813587,2024-07-21 13:21:18.143536940,Investment Scam,Card,14486.63,Telangana,Hyderabad,Hyderabad,Area-51,54353,17.48500298564289,78.43884865380382,Urban,ICICI Bank,iOS,1,0,0.834,139,4,Investment Scam
CASE_000965,2024-12-14 00:50:01.675185856,2024-12-13 10:42:36.100424491,UPI Fraud,Card,45628.13,Maharashtra,Nashik,Nashik,Area-7,60125,19.976208941197783,73.79412356060847,Semi-Urban,SBI,iOS,0,0,0.286,193,5,UPI Fraud
CASE_000966,2025-09-04 09:17:09.484317135,2025-09-04 05:06:48.050220996,Impersonation (Digital Arrest/Officer),Wallet,2665720.55,Maharashtra,Nagpur,Nagpur,Area-21,64136,21.069455155408043,79.13780284173988,Semi-Urban,SBI,Desktop,0,1,0.73,33,9,Impersonation (Digital Arrest/Officer)
CASE_000967,2025-09-19 03:13:40.740210119,2025-09-18 21:10:42.257046223,Impersonation (Digital Arrest/Officer),NEFT,103133.66,Tamil Nadu,Chennai,Chennai,Area-53,75485,13.018453227924647,80.35207495446106,Urban,Bank of Baroda,Desktop,1,1,0.325,209,4,Impersonation (Digital Arrest/Officer)
CASE_000968,2026-06-08 10:58:34.324792583,2026-06-08 05:48:59.055267215,UPI Fraud,Wallet,30965.77,Telangana,Hyderabad,Hyderabad,Area-28,49508,17.381260559459818,78.48318781774418,Urban,Bank of Baroda,Android,1,0,0.38,48,2,UPI Fraud
CASE_000969,2024-07-03 15:42:47.293247844,2024-07-03 09:36:39.770159552,Impersonation (Digital Arrest/Officer),ATM,49369.65,Maharashtra,Thane,Thane,Area-1,47387,19.17372337912831,73.04175445354994,Urban,HDFC Bank,iOS,1,0,0.795,24,4,Impersonation (Digital Arrest/Officer)
CASE_000970,2024-12-24 01:10:46.622254327,2024-12-23 21:28:20.986323696,Impersonation (Digital Arrest/Officer),Net Banking,10909.32,Delhi,New Delhi,Delhi,Area-51,45701,28.612077907101856,77.12037617289614,Urban,HDFC Bank,Android,0,1,0.758,44,2,Impersonation (Digital Arrest/Officer)
CASE_000971,2026-05-29 01:18:17.037588104,2026-05-28 19:42:31.733782619,Card Fraud,IMPS,38447.76,Rajasthan,Jaipur,Jaipur,Area-39,81536,26.925393843889747,75.74368372600256,Semi-Urban,Axis Bank,Android,0,0,0.642,19,4,Card Fraud
CASE_000972,2025-09-20 15:58:22.547262321,2025-09-20 14:21:04.138702676,Phishing,IMPS,3242.12,Maharashtra,Mumbai City,Mumbai,Area-54,44166,19.160182289104895,72.78956670845456,Urban,Bank of Baroda,Android,0,0,0.093,228,3,Phishing
CASE_000973,2025-06-23 14:04:40.211831655,2025-06-23 13:34:39.600151055,Phishing,UPI,2874.59,Gujarat,Ahmedabad,Ahmedabad,Area-1,75412,23.023494481415504,72.5952720896269,Semi-Urban,Punjab National Bank,Desktop,1,0,0.804,70,1,Phishing
CASE_000974,2025-05-06 16:05:37.950723107,2025-05-06 14:49:16.564220577,Marketplace Fraud (OLX/e-commerce),Card,1706.91,Maharashtra,Thane,Thane,Area-9,52191,19.169792158784784,72.96929326923812,Semi-Urban,Punjab National Bank,Android,0,0,0.939,185,1,Marketplace Fraud (OLX/e-commerce)
CASE_000975,2024-03-09 21:29:24.454405136,2024-03-09 18:57:32.224676807,Impersonation (Digital Arrest/Officer),Net Banking,81057.52,Karnataka,Bengaluru Urban,Bengaluru,Area-31,68156,12.990646795615232,77.7106537838526,Rural,SBI,Android,0,1,0.392,44,6,Impersonation (Digital Arrest/Officer)
CASE_000976,2026-03-24 22:59:42.506394522,2026-03-24 20:43:29.841423824,UPI Fraud,Net Banking,9291.4,Delhi,New Delhi,Delhi,Area-11,78287,28.638948602797274,77.21586087034385,Urban,Axis Bank,Android,1,0,0.323,127,5,UPI Fraud
CASE_000977,2025-07-23 22:54:34.524232201,2025-07-23 20:02:45.707409285,OTP Fraud,UPI,11058.38,Maharashtra,Mumbai City,Mumbai,Area-31,42729,19.046929904756187,72.76435353662097,Urban,Kotak Mahindra Bank,Android,0,0,0.672,102,3,OTP Fraud
CASE_000978,2025-06-04 20:28:27.455834832,2025-06-04 18:56:10.344978735,UPI Fraud,IMPS,9730.84,Uttar Pradesh,Lucknow,Lucknow,Area-21,55725,26.836517011990985,80.94257225327829,Urban,Punjab National Bank,Android,1,1,0.787,158,5,UPI Fraud
CASE_000979,2025-05-06 11:55:16.216349622,2025-05-06 11:38:07.822999559,Card Fraud,IMPS,3729.67,Delhi,New Delhi,Delhi,Area-13,41874,28.603117921522127,77.13469841382175,Semi-Urban,Kotak Mahindra Bank,Android,0,0,0.508,237,5,Card Fraud
CASE_000980,2024-12-23 02:50:57.124202542,2024-12-23 00:48:44.023927633,Remote Access Scam,Card,8518.39,Gujarat,Surat,Surat,Area-46,53780,21.178875612484113,72.83681107274838,Urban,Bank of Baroda,Android,1,0,0.734,156,7,Remote Access Scam
CASE_000981,2024-08-20 00:43:10.159198124,2024-08-19 23:59:19.722892415,Marketplace Fraud (OLX/e-commerce),UPI,3501.18,Maharashtra,Nashik,Nashik,Area-3,80581,20.089072402078624,73.78706003655665,Semi-Urban,Canara Bank,Android,0,0,0.725,168,5,Marketplace Fraud (OLX/e-commerce)
CASE_000982,2025-11-19 05:07:41.721430099,2025-11-19 02:21:35.594471388,Marketplace Fraud (OLX/e-commerce),Card,1476.64,Rajasthan,Jaipur,Jaipur,Area-52,54381,27.01917069067588,75.78304642077921,Urban,Punjab National Bank,iOS,1,1,0.628,63,6,Marketplace Fraud (OLX/e-commerce)
CASE_000983,2025-04-09 09:01:27.254798734,2025-04-09 05:11:03.150027528,Phishing,UPI,6252.14,Uttar Pradesh,Lucknow,Lucknow,Area-10,69105,26.73462013523661,80.9742794001836,Urban,Punjab National Bank,iOS,0,1,0.862,30,6,Phishing
CASE_000984,2024-02-01 00:03:27.858887668,2024-01-31 22:03:14.162297446,Card Fraud,UPI,3916.4,Karnataka,Bengaluru Urban,Bengaluru,Area-35,46681,13.059951661420715,77.49312916002926,Semi-Urban,Punjab National Bank,iOS,0,1,0.751,21,2,Card Fraud
CASE_000985,2024-12-29 14:47:15.014554054,2024-12-29 13:48:07.714866880,Phishing,Net Banking,20552.82,Maharashtra,Thane,Navi Mumbai,Area-59,41360,19.03666874801583,73.12568628152964,Semi-Urban,ICICI Bank,Android,0,0,0.324,72,3,Phishing
CASE_000986,2026-04-26 01:58:07.687048727,2026-04-25 22:59:23.805974439,Remote Access Scam,Wallet,36858.99,Tamil Nadu,Chennai,Chennai,Area-7,67324,13.074589029577222,80.16432877334118,Urban,Axis Bank,Android,1,1,0.748,133,8,Remote Access Scam
CASE_000987,2024-12-07 05:28:00.972155086,2024-12-06 14:49:50.496705934,Impersonation (Digital Arrest/Officer),Net Banking,6678.28,Karnataka,Bengaluru Urban,Bengaluru,Area-55,80976,13.021193721921835,77.54634085272453,Semi-Urban,HDFC Bank,Android,0,0,0.562,15,4,Impersonation (Digital Arrest/Officer)
CASE_000988,2025-01-11 15:05:51.779754383,2025-01-11 10:55:35.347025078,UPI Fraud,Card,7141.69,Gujarat,Surat,Surat,Area-18,41256,21.21894786785753,72.70959920857793,Urban,Axis Bank,Desktop,0,0,0.296,63,6,UPI Fraud
CASE_000989,2025-07-22 14:41:13.456112303,2025-07-22 10:17:09.580111071,UPI Fraud,Wallet,76241.86,Delhi,New Delhi,Delhi,Area-44,79129,28.646824375096244,77.11727386322664,Semi-Urban,HDFC Bank,Android,1,0,0.485,151,2,UPI Fraud
CASE_000990,2025-12-31 09:38:54.709410885,2025-12-31 07:49:04.478269622,UPI Fraud,Net Banking,3364.92,Maharashtra,Pune,Pune,Area-51,60953,18.404208566419864,73.88569017052387,Urban,Axis Bank,Android,0,0,0.161,209,1,UPI Fraud
CASE_000991,2025-09-01 00:35:50.260738265,2025-08-31 23:14:01.958984978,UPI Fraud,Wallet,15824.29,Maharashtra,Thane,Thane,Area-14,65375,19.231845559052726,72.94761035300891,Urban,Canara Bank,Desktop,0,0,0.644,237,5,UPI Fraud
CASE_000992,2026-02-13 15:42:30.439511278,2026-02-13 09:35:47.908579566,Phishing,UPI,12226.78,Tamil Nadu,Chennai,Chennai,Area-21,40453,13.058265638504384,80.2065122949087,Urban,Axis Bank,Desktop,0,0,0.659,57,6,Phishing
CASE_000993,2024-04-13 20:00:48.302830596,2024-04-13 19:51:10.494208179,Fake Customer Care,Net Banking,39517.46,Madhya Pradesh,Indore,Indore,Area-51,63172,22.78599757888073,75.93675980079199,Urban,Bank of Baroda,Android,0,1,0.419,25,2,Fake Customer Care
CASE_000994,2026-04-22 08:47:13.383411165,2026-04-22 07:17:29.708732173,Investment Scam,UPI,47943.4,Maharashtra,Mumbai City,Mumbai,Area-7,62463,19.096641735157153,72.896757510978,Semi-Urban,Axis Bank,iOS,0,1,0.464,137,5,Investment Scam
CASE_000995,2026-04-03 20:00:21.437897750,2026-04-03 11:20:56.868873149,OTP Fraud,Card,6158.42,West Bengal,Kolkata,Kolkata,Area-7,54974,22.57652137292123,88.33326417118974,Urban,Canara Bank,Android,0,0,0.367,225,5,OTP Fraud
CASE_000996,2025-04-18 01:18:03.309924319,2025-04-17 22:39:52.909586251,OTP Fraud,Wallet,10651.34,Uttar Pradesh,Lucknow,Lucknow,Area-18,78723,26.753516067822353,80.84114836380122,Urban,HDFC Bank,Android,0,1,0.525,101,2,OTP Fraud
CASE_000997,2025-07-23 03:56:35.704334653,2025-07-23 03:21:51.433125712,Card Fraud,IMPS,14071.0,Maharashtra,Mumbai City,Mumbai,Area-36,65525,19.01770357566172,72.87015306957535,Urban,Kotak Mahindra Bank,Android,0,1,0.504,217,5,Card Fraud
CASE_000998,2024-07-13 00:52:08.644982669,2024-07-12 20:56:40.306572411,Investment Scam,Card,31316.43,Maharashtra,Mumbai City,Mumbai,Area-48,43376,19.096515286587728,72.86339439839954,Urban,Bank of Baroda,Desktop,1,0,0.301,178,3,Investment Scam
CASE_000999,2025-02-12 03:56:15.524141202,2025-02-12 01:55:22.022490315,Fake Customer Care,UPI,2783.04,Tamil Nadu,Chennai,Chennai,Area-34,40429,13.058601760436897,80.23193627500723,Semi-Urban,Canara Bank,Android,1,1,0.673,215,5,Fake Customer Care
CASE_001000,2024-07-03 16:20:31.085461906,2024-07-03 15:54:22.619342797,Card Fraud,Wallet,50501.67,Telangana,Hyderabad,Hyderabad,Area-30,60649,17.342333046939842,78.52086701181908,Urban,HDFC Bank,iOS,0,1,0.241,228,4,Card Fraud
CASE_001001,2024-01-21 03:53:20.507657652,2024-01-21 00:29:53.190119222,Card Fraud,Net Banking,41582.77,Maharashtra,Mumbai City,Mumbai,Area-52,55328,19.003814212258305,72.92356578569166,Semi-Urban,Canara Bank,Android,0,0,0.571,26,1,Card Fraud
CASE_001002,2026-06-12 17:28:55.546486257,2026-06-12 14:27:52.853507549,Fake Customer Care,UPI,3765.79,Gujarat,Ahmedabad,Ahmedabad,Area-11,70236,22.924060106704264,72.4881707232443,Semi-Urban,Canara Bank,iOS,1,0,0.456,99,2,Fake Customer Care
CASE_001003,2024-08-24 04:51:47.111538441,2024-08-24 01:58:45.910156526,Impersonation (Digital Arrest/Officer),ATM,19906.89,Karnataka,Bengaluru Urban,Bengaluru,Area-54,45725,12.980201555757978,77.45807074912642,Urban,ICICI Bank,iOS,0,0,0.973,12,3,Impersonation (Digital Arrest/Officer)
CASE_001004,2025-06-24 11:50:52.296587964,2025-06-24 07:43:12.236672170,Impersonation (Digital Arrest/Officer),Net Banking,21634.08,Uttar Pradesh,Lucknow,Lucknow,Area-19,65881,26.765734287196256,80.90736747179474,Semi-Urban,Punjab National Bank,iOS,1,1,0.557,11,6,Impersonation (Digital Arrest/Officer)
CASE_001005,2024-09-30 13:35:44.619602006,2024-09-30 12:40:27.788418613,Fake Customer Care,Net Banking,3328.08,Rajasthan,Jaipur,Jaipur,Area-17,71910,26.81795916014548,75.7814640986325,Urban,Punjab National Bank,Desktop,0,0,0.036,114,4,Fake Customer Care
CASE_001006,2024-12-03 18:55:28.050916600,2024-12-03 15:16:15.975411415,Investment Scam,UPI,4443.9,Gujarat,Ahmedabad,Ahmedabad,Area-57,68856,23.01621005960634,72.52464266795528,Urban,SBI,iOS,0,0,0.61,159,6,Investment Scam
CASE_001007,2024-12-28 11:50:48.869207635,2024-12-28 08:39:31.380634282,OTP Fraud,UPI,4733.16,Karnataka,Bengaluru Urban,Bengaluru,Area-39,47577,12.939468772307508,77.48039922762587,Urban,Punjab National Bank,iOS,0,0,0.356,212,4,OTP Fraud
CASE_001008,2024-11-01 11:29:03.870948813,2024-11-01 05:27:42.241264209,UPI Fraud,NEFT,6687.25,Maharashtra,Pune,Pune,Area-26,80809,18.534635247156423,73.82953232405409,Urban,Bank of Baroda,Android,1,0,0.642,31,5,UPI Fraud
CASE_001009,2025-08-03 17:35:08.758680006,2025-08-03 16:06:30.017550081,UPI Fraud,Net Banking,2027.67,Karnataka,Bengaluru Urban,Bengaluru,Area-20,57932,12.98487968283538,77.60024986411486,Urban,HDFC Bank,Feature Phone,0,0,0.332,8,5,UPI Fraud
CASE_001010,2026-05-25 16:40:50.295189785,2026-05-25 09:54:38.224666387,Impersonation (Digital Arrest/Officer),Wallet,33667.73,Maharashtra,Mumbai City,Mumbai,Area-27,53121,19.080091639607677,72.73860426338157,Urban,ICICI Bank,Android,0,1,0.357,25,3,Impersonation (Digital Arrest/Officer)
CASE_001011,2025-01-25 16:45:51.510338371,2025-01-25 11:40:04.755850606,UPI Fraud,UPI,35565.88,Tamil Nadu,Chennai,Chennai,Area-47,74470,12.966360693673321,80.26034752208149,Semi-Urban,Punjab National Bank,Android,0,0,0.602,222,2,UPI Fraud
CASE_001012,2026-06-05 19:22:09.866739755,2026-06-05 16:48:55.781000823,Loan App Scam,Card,39987.87,Maharashtra,Thane,Thane,Area-10,41283,19.25489663470284,72.99775337646017,Urban,Canara Bank,Android,1,1,0.847,159,5,Loan App Scam
CASE_001013,2025-08-31 11:36:03.862570175,2025-08-31 08:43:07.670302816,UPI Fraud,IMPS,8609.71,Karnataka,Bengaluru Urban,Bengaluru,Area-11,43996,12.932239444792835,77.51013195930379,Rural,SBI,Android,0,0,0.284,116,2,UPI Fraud
CASE_001014,2025-07-07 02:36:33.135457212,2025-07-07 02:25:32.764581628,Card Fraud,Card,1699.2,Maharashtra,Mumbai City,Mumbai,Area-18,76935,19.062829519927053,72.81239268243303,Urban,Canara Bank,iOS,1,0,0.891,25,9,Card Fraud
CASE_001015,2024-08-04 02:51:27.535352557,2024-08-04 00:02:19.016633950,Phishing,Card,23922.69,Maharashtra,Nashik,Nashik,Area-29,47821,19.954314310659907,73.78292701136905,Semi-Urban,Kotak Mahindra Bank,Android,0,0,0.923,89,4,Phishing
CASE_001016,2024-02-27 12:32:44.797208956,2024-02-27 07:41:53.929622623,Marketplace Fraud (OLX/e-commerce),Card,8138.46,Maharashtra,Pune,Pune,Area-49,64365,18.53093068302561,73.8173679680375,Urban,Kotak Mahindra Bank,Android,0,0,0.464,31,5,Marketplace Fraud (OLX/e-commerce)
CASE_001017,2026-02-15 04:56:46.614937502,2026-02-15 02:42:06.543577962,Phishing,IMPS,17362.99,Telangana,Hyderabad,Hyderabad,Area-13,68955,17.37929237604115,78.50500995187575,Urban,SBI,Desktop,0,1,0.531,8,4,Phishing
CASE_001018,2025-06-07 03:32:03.037800266,2025-06-06 21:31:19.135478988,UPI Fraud,NEFT,83259.13,West Bengal,Kolkata,Kolkata,Area-47,59126,22.594691359808532,88.44064818380099,Urban,Punjab National Bank,Desktop,1,1,0.673,105,4,UPI Fraud
CASE_001019,2025-01-12 16:43:09.765593925,2025-01-12 12:44:40.877007421,UPI Fraud,UPI,3994.63,Maharashtra,Mumbai City,Mumbai,Area-54,76269,19.040301847883896,72.92918823122594,Rural,ICICI Bank,Android,0,0,0.226,121,4,UPI Fraud
CASE_001020,2026-01-10 03:18:39.244220312,2026-01-09 16:51:12.708513364,Impersonation (Digital Arrest/Officer),Net Banking,1173.0,Gujarat,Ahmedabad,Ahmedabad,Area-26,47654,22.964048597306455,72.6116763255575,Rural,Canara Bank,Desktop,0,1,0.667,109,6,Impersonation (Digital Arrest/Officer)
CASE_001021,2024-10-10 00:06:10.932411058,2024-10-09 22:31:46.144813795,Loan App Scam,Card,4970.14,Rajasthan,Jaipur,Jaipur,Area-57,74812,26.902702730989553,75.75652823639382,Urban,Bank of Baroda,Android,1,1,0.578,209,4,Loan App Scam
CASE_001022,2025-12-15 01:31:37.506495910,2025-12-14 21:00:27.663867183,Loan App Scam,UPI,27028.66,Maharashtra,Nagpur,Nagpur,Area-53,77894,21.217436584646368,78.97597022450117,Semi-Urban,Bank of Baroda,Android,0,0,0.89,219,4,Loan App Scam
CASE_001023,2024-10-25 19:21:18.699776491,2024-10-25 18:36:04.670324445,Phishing,UPI,11214.12,Tamil Nadu,Chennai,Chennai,Area-48,45370,13.067019025815785,80.18357928185584,Semi-Urban,SBI,Desktop,0,0,0.758,30,3,Phishing
CASE_001024,2026-04-19 00:33:48.660491084,2026-04-18 22:08:46.534346282,Investment Scam,ATM,9095.76,Delhi,New Delhi,Delhi,Area-23,70451,28.669778486182334,77.33198482724961,Urban,Canara Bank,iOS,0,1,0.574,66,10,Investment Scam
CASE_001025,2024-09-01 06:58:32.831591577,2024-09-01 02:49:39.875244711,UPI Fraud,UPI,2076.23,Maharashtra,Thane,Thane,Area-18,70508,19.20845040489742,72.98975069987377,Urban,Axis Bank,iOS,1,1,0.24,120,2,UPI Fraud
CASE_001026,2024-05-05 12:12:25.950844582,2024-05-05 07:28:59.615941525,Impersonation (Digital Arrest/Officer),UPI,18761.26,Karnataka,Bengaluru Urban,Bengaluru,Area-51,59124,13.017406092971246,77.6670623826824,Semi-Urban,HDFC Bank,Android,0,0,0.564,96,4,Impersonation (Digital Arrest/Officer)
CASE_001027,2025-09-28 01:17:19.492733108,2025-09-27 23:11:11.152865544,Impersonation (Digital Arrest/Officer),Card,7036.85,Maharashtra,Mumbai City,Mumbai,Area-27,66876,19.031554514169805,72.76571153844638,Semi-Urban,Kotak Mahindra Bank,Android,1,0,0.374,105,2,Impersonation (Digital Arrest/Officer)
CASE_001028,2024-05-28 14:57:45.553612082,2024-05-28 08:29:32.427629333,Phishing,UPI,19302.83,Rajasthan,Jaipur,Jaipur,Area-2,75403,26.912913650554415,75.8374470165979,Urban,Canara Bank,Android,1,0,0.567,170,2,Phishing
CASE_001029,2026-05-15 04:19:35.965928724,2026-05-14 20:52:25.433466166,Impersonation (Digital Arrest/Officer),UPI,17624.58,Uttar Pradesh,Lucknow,Lucknow,Area-43,69279,26.8206640747657,80.94150541180066,Urban,Axis Bank,Desktop,0,0,0.283,44,5,Impersonation (Digital Arrest/Officer)
CASE_001030,2025-08-20 06:38:49.039780178,2025-08-20 05:03:25.118172601,Fake Customer Care,UPI,5958.01,Gujarat,Ahmedabad,Ahmedabad,Area-21,67467,23.03180472764845,72.53382321295084,Urban,Bank of Baroda,Android,0,0,0.727,198,3,Fake Customer Care
CASE_001031,2024-07-29 10:01:00.658036842,2024-07-29 07:32:14.993969552,UPI Fraud,UPI,4297.96,Karnataka,Bengaluru Urban,Bengaluru,Area-56,79738,12.954022563828785,77.56132582832069,Rural,Punjab National Bank,Android,1,0,0.61,64,5,UPI Fraud
CASE_001032,2024-07-09 07:53:26.196131933,2024-07-09 05:37:01.845179811,UPI Fraud,Net Banking,13219.32,Karnataka,Bengaluru Urban,Bengaluru,Area-51,43882,12.95351354849284,77.65377230381337,Urban,ICICI Bank,Android,1,0,0.858,84,2,UPI Fraud
CASE_001033,2026-04-21 17:25:59.573045072,2026-04-21 15:36:13.879184023,UPI Fraud,NEFT,10372.05,Madhya Pradesh,Indore,Indore,Area-7,71293,22.697687361418446,75.89912652279116,Urban,Bank of Baroda,iOS,1,0,0.88,53,4,UPI Fraud
CASE_001034,2025-07-08 01:20:31.762073392,2025-07-07 18:12:19.463580050,UPI Fraud,Net Banking,12359.16,Maharashtra,Pune,Pune,Area-54,52255,18.49948426106717,73.82494935709566,Urban,Canara Bank,Android,0,0,0.449,151,2,UPI Fraud
CASE_001035,2026-03-25 11:43:28.744535683,2026-03-25 04:38:38.579588592,UPI Fraud,Net Banking,12065.95,Maharashtra,Mumbai City,Mumbai,Area-57,53948,18.992562353362548,72.84934027570664,Semi-Urban,Canara Bank,iOS,1,0,0.278,167,5,UPI Fraud
CASE_001036,2024-04-10 12:18:04.099287140,2024-04-10 09:57:49.963496840,Remote Access Scam,Card,16454.78,Karnataka,Bengaluru Urban,Bengaluru,Area-45,78595,12.977491807570892,77.59878677323553,Semi-Urban,Bank of Baroda,Android,1,0,0.501,150,5,Remote Access Scam
CASE_001037,2026-04-23 05:16:42.293039336,2026-04-23 00:46:29.870915189,UPI Fraud,UPI,3176.57,Maharashtra,Nagpur,Nagpur,Area-17,55428,21.17811672969783,79.0531082471405,Urban,ICICI Bank,Android,1,1,0.464,118,5,UPI Fraud
CASE_001038,2025-04-19 00:19:18.466361031,2025-04-18 18:21:29.366779491,Card Fraud,Net Banking,5761.46,Maharashtra,Nagpur,Nagpur,Area-40,81279,21.05288283660651,79.08028797918571,Urban,Canara Bank,Android,0,1,0.125,73,7,Card Fraud
CASE_001039,2025-09-01 01:48:09.418597475,2025-08-31 22:22:36.403207131,Fake Customer Care,Net Banking,7693.87,Maharashtra,Mumbai City,Mumbai,Area-52,72994,19.052568614372742,72.88188896384767,Semi-Urban,Canara Bank,Android,1,0,0.318,165,5,Fake Customer Care
CASE_001040,2024-12-05 18:44:33.323881229,2024-12-05 16:32:57.515202817,Marketplace Fraud (OLX/e-commerce),Net Banking,67173.88,Telangana,Hyderabad,Hyderabad,Area-49,76746,17.394503719185877,78.51635683880453,Urban,SBI,iOS,1,1,0.104,29,5,Marketplace Fraud (OLX/e-commerce)
CASE_001041,2024-02-23 22:32:00.143836202,2024-02-23 21:02:38.401207382,Remote Access Scam,Net Banking,4040.27,Maharashtra,Pune,Pune,Area-26,78295,18.50098660580989,73.87666706545208,Urban,ICICI Bank,iOS,1,1,0.32,75,6,Remote Access Scam
CASE_001042,2026-05-22 21:55:35.020129361,2026-05-22 17:06:34.046991915,UPI Fraud,UPI,6242.44,Maharashtra,Thane,Navi Mumbai,Area-42,82182,19.03293777180256,73.02981486142866,Rural,Punjab National Bank,Android,1,0,0.636,164,2,UPI Fraud
CASE_001043,2026-06-25 02:43:16.495837002,2026-06-25 01:53:52.323460266,UPI Fraud,Wallet,11026.91,Maharashtra,Mumbai City,Mumbai,Area-23,40279,19.067682311796037,72.9448685632801,Urban,Punjab National Bank,Android,1,1,0.722,166,3,UPI Fraud
CASE_001044,2024-11-28 04:41:42.636118621,2024-11-28 02:27:08.284673970,UPI Fraud,ATM,7089.24,Delhi,New Delhi,Delhi,Area-15,66322,28.60910046308187,77.20653529450699,Urban,Bank of Baroda,Android,0,0,0.737,65,6,UPI Fraud
CASE_001045,2026-05-09 22:39:39.357036918,2026-05-09 20:43:42.297950223,Marketplace Fraud (OLX/e-commerce),NEFT,22577.1,Rajasthan,Jaipur,Jaipur,Area-40,67199,26.876547531645443,75.7970128619833,Urban,Punjab National Bank,Desktop,0,0,0.639,82,2,Marketplace Fraud (OLX/e-commerce)
CASE_001046,2024-06-01 19:56:14.326378501,2024-06-01 19:10:03.452101104,Marketplace Fraud (OLX/e-commerce),UPI,4934.36,Maharashtra,Nagpur,Nagpur,Area-28,69306,21.248949036758848,78.99576403850901,Semi-Urban,SBI,Desktop,0,1,0.637,77,6,Marketplace Fraud (OLX/e-commerce)
CASE_001047,2024-05-21 00:39:40.184860432,2024-05-20 22:01:14.906406343,Phishing,IMPS,8411.16,Tamil Nadu,Chennai,Chennai,Area-14,62204,13.198474008147217,80.22479756232808,Semi-Urban,HDFC Bank,iOS,1,0,0.778,212,1,Phishing
CASE_001048,2024-03-07 16:57:13.397249931,2024-03-07 14:31:02.171857891,Phishing,Card,26672.85,West Bengal,Kolkata,Kolkata,Area-39,81439,22.578140533640028,88.39479831458021,Urban,Kotak Mahindra Bank,Android,0,0,0.193,137,4,Phishing
CASE_001049,2024-12-22 11:55:57.573559960,2024-12-22 10:42:51.578711540,Investment Scam,UPI,253861.93,Maharashtra,Nagpur,Nagpur,Area-19,66537,21.17967519951176,79.11462541781884,Semi-Urban,Bank of Baroda,Android,1,0,0.192,29,4,Investment Scam
CASE_001050,2024-02-17 22:29:19.163635671,2024-02-17 15:32:11.032693743,Phishing,Wallet,51203.26,Gujarat,Ahmedabad,Ahmedabad,Area-35,65509,23.03629913211151,72.50498565712188,Rural,Bank of Baroda,Feature Phone,1,0,0.76,39,5,Phishing
CASE_001051,2024-12-25 17:37:32.945317936,2024-12-25 12:47:05.257306947,Loan App Scam,IMPS,13625.31,Tamil Nadu,Chennai,Chennai,Area-22,43845,13.196750467839774,80.26691824270115,Semi-Urban,Axis Bank,Android,1,0,0.233,17,7,Loan App Scam
CASE_001052,2024-05-06 04:41:13.087525181,2024-05-06 01:46:05.995186845,UPI Fraud,UPI,9372.49,Karnataka,Bengaluru Urban,Bengaluru,Area-53,67328,13.042611211805841,77.51046389045307,Urban,ICICI Bank,iOS,1,0,0.617,58,4,UPI Fraud
CASE_001053,2025-10-27 17:38:12.031518488,2025-10-27 12:15:35.000665702,Phishing,ATM,11460.96,Maharashtra,Mumbai City,Mumbai,Area-51,43897,19.092870898389336,72.88037777229871,Urban,ICICI Bank,Desktop,1,1,0.533,54,4,Phishing
CASE_001054,2026-01-29 10:55:53.330786227,2026-01-29 04:38:27.474328414,Investment Scam,UPI,40719.5,Maharashtra,Mumbai City,Mumbai,Area-28,54916,19.075866485896714,72.89549402491465,Semi-Urban,Bank of Baroda,iOS,0,0,0.554,107,3,Investment Scam
CASE_001055,2025-09-18 21:33:54.977069294,2025-09-18 14:23:47.448016949,UPI Fraud,Net Banking,3896.82,Madhya Pradesh,Indore,Indore,Area-42,72962,22.773839812035188,75.8741215247042,Urban,Punjab National Bank,iOS,0,1,0.388,179,8,UPI Fraud
CASE_001056,2024-07-01 17:10:09.961568852,2024-07-01 15:36:14.935910802,Phishing,UPI,30502.48,West Bengal,Kolkata,Kolkata,Area-11,68262,22.62318371036132,88.24895062980038,Urban,HDFC Bank,Android,0,0,0.422,210,4,Phishing
CASE_001057,2025-11-29 19:44:39.731735765,2025-11-29 14:22:08.003062353,OTP Fraud,UPI,12422.57,Uttar Pradesh,Lucknow,Lucknow,Area-59,41320,26.742755383805026,80.88080507355347,Urban,Axis Bank,Desktop,1,0,0.369,134,5,OTP Fraud
CASE_001058,2024-08-15 09:31:01.620185410,2024-08-15 07:04:20.308567885,UPI Fraud,ATM,9420.64,Uttar Pradesh,Lucknow,Lucknow,Area-13,58660,26.832244966948757,80.94480004739349,Semi-Urban,Kotak Mahindra Bank,Android,0,1,0.904,185,10,UPI Fraud
CASE_001059,2025-11-23 00:47:44.046980860,2025-11-22 21:27:31.262831584,Impersonation (Digital Arrest/Officer),Card,6845.59,Maharashtra,Mumbai City,Mumbai,Area-52,78226,19.00288993810152,72.85015103672838,Urban,Punjab National Bank,Desktop,0,0,0.309,157,2,Impersonation (Digital Arrest/Officer)
CASE_001060,2025-05-31 23:13:03.760182047,2025-05-31 21:34:50.079124883,Investment Scam,UPI,37096.5,West Bengal,Kolkata,Kolkata,Area-50,67176,22.572276004073306,88.38667976273,Urban,Kotak Mahindra Bank,Android,1,0,0.844,76,7,Investment Scam
CASE_001061,2024-11-30 04:36:53.131650654,2024-11-30 01:48:08.842287634,UPI Fraud,IMPS,1233.32,Delhi,New Delhi,Delhi,Area-11,60166,28.539452793679896,77.14604188488626,Semi-Urban,Punjab National Bank,iOS,0,1,0.968,147,6,UPI Fraud
CASE_001062,2024-03-17 06:54:28.744341751,2024-03-17 01:28:38.470595107,UPI Fraud,Wallet,5219.65,West Bengal,Kolkata,Kolkata,Area-1,56644,22.694150425279,88.38958279164103,Urban,Axis Bank,Desktop,1,0,0.555,73,6,UPI Fraud
CASE_001063,2026-01-24 05:05:49.155848361,2026-01-23 20:40:04.520714923,Phishing,Wallet,5859.99,Maharashtra,Mumbai City,Mumbai,Area-44,71823,19.038643049747016,72.82606693868331,Urban,Canara Bank,iOS,0,0,0.242,74,3,Phishing
CASE_001064,2026-05-06 03:10:14.952453454,2026-05-06 00:34:17.257196635,UPI Fraud,Wallet,13571.06,Maharashtra,Nashik,Nashik,Area-52,62332,19.996403652362392,73.77790933776829,Urban,Punjab National Bank,Android,1,1,0.361,236,5,UPI Fraud
CASE_001065,2025-08-29 16:52:57.393191248,2025-08-29 15:37:34.830962181,Phishing,Wallet,86089.71,West Bengal,Kolkata,Kolkata,Area-43,79939,22.536200528081846,88.28885100347051,Urban,HDFC Bank,Android,0,0,0.533,218,8,Phishing
CASE_001066,2026-05-29 02:01:07.742908206,2026-05-28 16:44:12.531067252,OTP Fraud,Card,18566.2,West Bengal,Kolkata,Kolkata,Area-4,81811,22.545363545409213,88.41590203068958,Rural,Axis Bank,iOS,1,0,0.765,157,5,OTP Fraud
CASE_001067,2026-05-01 00:55:21.927985676,2026-04-30 23:24:43.437441453,Card Fraud,Net Banking,63297.84,Telangana,Hyderabad,Hyderabad,Area-39,73169,17.435521883559268,78.38480585540802,Urban,Bank of Baroda,iOS,1,0,0.669,142,4,Card Fraud
CASE_001068,2024-06-26 07:25:56.827938480,2024-06-26 06:55:05.070623770,Marketplace Fraud (OLX/e-commerce),Wallet,14087.72,Maharashtra,Nashik,Nashik,Area-24,64466,19.987620524306056,73.74199908794809,Semi-Urban,ICICI Bank,Android,0,0,0.108,164,4,Marketplace Fraud (OLX/e-commerce)
CASE_001069,2025-10-28 04:58:55.299921774,2025-10-28 03:13:36.443104826,Investment Scam,UPI,119410.43,Maharashtra,Nashik,Nashik,Area-55,51161,20.079350943944316,73.88058859357236,Urban,Axis Bank,Desktop,0,0,0.571,180,4,Investment Scam
CASE_001070,2024-11-14 11:16:42.936036201,2024-11-14 05:12:02.059868712,Remote Access Scam,UPI,137396.58,Gujarat,Surat,Surat,Area-48,49922,21.182697204577053,72.86843064398661,Urban,Kotak Mahindra Bank,Desktop,1,0,0.432,14,4,Remote Access Scam
CASE_001071,2025-03-20 04:30:00.543795219,2025-03-20 03:04:46.457064651,Remote Access Scam,Net Banking,7964.63,Delhi,New Delhi,Delhi,Area-48,79767,28.600035957707625,77.19060077850233,Urban,Axis Bank,Desktop,0,0,0.366,86,2,Remote Access Scam
CASE_001072,2024-05-23 00:51:24.051446469,2024-05-22 23:53:31.871898109,UPI Fraud,UPI,4118.26,Delhi,New Delhi,Delhi,Area-25,44717,28.60374742604811,77.2547388448946,Urban,ICICI Bank,iOS,1,1,0.869,26,5,UPI Fraud
CASE_001073,2026-06-07 03:40:46.894504313,2026-06-07 00:34:38.694189057,Phishing,Card,22720.03,Karnataka,Bengaluru Urban,Bengaluru,Area-20,45713,12.975051015484915,77.59790191788007,Urban,SBI,Desktop,0,1,0.728,127,6,Phishing
CASE_001074,2025-10-23 20:41:58.408976775,2025-10-23 12:16:03.876897343,Impersonation (Digital Arrest/Officer),Wallet,27600.06,Delhi,New Delhi,Delhi,Area-49,41356,28.63526878353544,77.24480273938875,Urban,Axis Bank,Desktop,1,0,0.324,71,3,Impersonation (Digital Arrest/Officer)
CASE_001075,2024-08-31 07:42:46.659563924,2024-08-31 03:40:59.814377353,OTP Fraud,Net Banking,12611.81,Karnataka,Bengaluru Urban,Bengaluru,Area-7,45939,13.016710990397208,77.67357336450152,Rural,Kotak Mahindra Bank,Android,0,0,0.703,79,5,OTP Fraud
CASE_001076,2024-12-04 10:39:58.716863208,2024-12-04 09:51:25.321801983,Investment Scam,Card,26350.15,Delhi,New Delhi,Delhi,Area-6,64929,28.594859469808373,77.2120464419536,Urban,ICICI Bank,Feature Phone,1,0,0.501,202,3,Investment Scam
CASE_001077,2025-01-20 08:39:31.158692799,2025-01-19 21:10:00.163864352,UPI Fraud,Net Banking,5136.44,Gujarat,Ahmedabad,Ahmedabad,Area-4,40764,23.0107482834361,72.56118539900756,Rural,Axis Bank,Android,1,1,0.836,49,3,UPI Fraud
CASE_001078,2025-11-12 03:45:41.746045403,2025-11-12 00:04:38.440851323,Social Engineering (Romance/Job),IMPS,117711.07,Uttar Pradesh,Lucknow,Lucknow,Area-31,60521,26.854681089543575,80.9641451220111,Urban,Bank of Baroda,Desktop,0,0,0.569,218,3,Social Engineering (Romance/Job)
CASE_001079,2026-04-23 13:05:59.632414199,2026-04-23 07:26:42.146340713,UPI Fraud,UPI,2951.75,Uttar Pradesh,Lucknow,Lucknow,Area-5,77142,26.844253285831194,80.93477864158598,Urban,Canara Bank,iOS,0,1,0.657,101,4,UPI Fraud
CASE_001080,2024-10-19 20:36:00.858636160,2024-10-19 19:58:01.443268828,Marketplace Fraud (OLX/e-commerce),UPI,14740.54,Karnataka,Bengaluru Urban,Bengaluru,Area-35,80125,12.948714433443964,77.7135937227275,Urban,Kotak Mahindra Bank,iOS,1,0,0.296,46,7,Marketplace Fraud (OLX/e-commerce)
CASE_001081,2025-03-06 20:57:40.793598780,2025-03-06 10:44:30.948587134,OTP Fraud,Card,17617.55,Delhi,New Delhi,Delhi,Area-10,55224,28.565774453487805,77.34359707475093,Urban,ICICI Bank,Android,1,1,0.793,35,3,OTP Fraud
CASE_001082,2025-06-24 11:57:33.180720357,2025-06-24 09:53:25.340848461,OTP Fraud,Card,1742.52,Tamil Nadu,Chennai,Chennai,Area-53,62635,13.083742873323052,80.27707036730598,Urban,HDFC Bank,Android,1,1,0.608,171,4,OTP Fraud
CASE_001083,2024-12-24 08:38:51.843992041,2024-12-24 08:04:22.979425799,OTP Fraud,Net Banking,3968.49,Gujarat,Ahmedabad,Ahmedabad,Area-26,67817,23.04503582594013,72.46251804711494,Urban,Bank of Baroda,Android,1,0,0.406,216,3,OTP Fraud
CASE_001084,2025-04-04 10:48:46.462177554,2025-04-04 07:25:13.634642430,UPI Fraud,UPI,4774.48,Karnataka,Bengaluru Urban,Bengaluru,Area-6,72952,13.06805646549114,77.56906219983328,Urban,ICICI Bank,iOS,1,0,0.606,209,8,UPI Fraud
CASE_001085,2024-04-06 12:50:40.314823774,2024-04-06 07:11:29.763223836,Remote Access Scam,UPI,33151.03,Tamil Nadu,Chennai,Chennai,Area-41,59257,12.948132069480128,80.27721529951762,Semi-Urban,Axis Bank,Desktop,1,0,0.114,41,5,Remote Access Scam
CASE_001086,2024-06-01 22:31:09.416970570,2024-06-01 18:01:58.127209360,Card Fraud,IMPS,8592.33,West Bengal,Kolkata,Kolkata,Area-20,46347,22.617979793739416,88.37718878032463,Urban,SBI,Android,1,0,0.627,211,2,Card Fraud
CASE_001087,2024-12-31 14:06:24.873400567,2024-12-31 09:40:40.396300491,Card Fraud,Net Banking,11710.2,Tamil Nadu,Chennai,Chennai,Area-16,65148,13.08013967218361,80.31022309790893,Rural,Kotak Mahindra Bank,Android,0,1,0.78,54,5,Card Fraud
CASE_001088,2026-04-13 16:25:33.270299128,2026-04-13 12:13:35.592064887,Phishing,Net Banking,2190.53,West Bengal,Kolkata,Kolkata,Area-39,81989,22.606038052602198,88.41944526748131,Urban,HDFC Bank,iOS,0,0,0.589,110,3,Phishing
CASE_001089,2024-11-14 09:31:37.396277770,2024-11-14 06:21:51.523778408,UPI Fraud,Wallet,127835.93,Maharashtra,Pune,Pune,Area-57,47802,18.584110611202366,73.7547788856955,Urban,Axis Bank,Android,1,0,0.619,2,4,UPI Fraud
CASE_001090,2024-08-15 14:06:01.399580084,2024-08-15 13:28:11.882424064,Phishing,IMPS,11773.72,Karnataka,Bengaluru Urban,Bengaluru,Area-58,65532,13.056393400401921,77.64595216787887,Urban,Axis Bank,Android,1,1,0.613,62,2,Phishing
CASE_001091,2025-11-07 20:21:17.196891174,2025-11-07 17:56:22.547934845,Investment Scam,UPI,59973.85,Telangana,Hyderabad,Hyderabad,Area-26,71617,17.44732433102294,78.47273673385016,Urban,SBI,Android,0,1,0.768,77,7,Investment Scam
CASE_001092,2026-05-14 17:55:56.383001811,2026-05-14 15:46:55.023956344,Impersonation (Digital Arrest/Officer),IMPS,15289.65,Maharashtra,Mumbai City,Mumbai,Area-51,53605,19.047931631332954,72.85923901832291,Semi-Urban,Kotak Mahindra Bank,iOS,0,0,0.712,229,5,Impersonation (Digital Arrest/Officer)
CASE_001093,2025-02-22 13:28:02.508310419,2025-02-22 06:16:43.548518643,OTP Fraud,UPI,4827.63,Rajasthan,Jaipur,Jaipur,Area-13,45328,26.814764291324877,75.77504475054022,Semi-Urban,Punjab National Bank,iOS,1,1,0.682,67,3,OTP Fraud
CASE_001094,2024-01-09 02:13:23.146733241,2024-01-08 20:08:19.494675209,Card Fraud,UPI,105484.3,Telangana,Hyderabad,Hyderabad,Area-50,81266,17.45131095129616,78.38763514765698,Urban,Punjab National Bank,Desktop,1,0,0.561,67,5,Card Fraud
CASE_001095,2025-09-18 23:36:59.153552491,2025-09-18 21:41:49.140178479,Remote Access Scam,IMPS,2163.31,Maharashtra,Thane,Thane,Area-56,65366,19.271539877730767,72.98795761450306,Urban,HDFC Bank,Android,0,0,0.402,66,5,Remote Access Scam
CASE_001096,2025-01-13 07:55:25.245322936,2025-01-13 02:53:21.719527412,Phishing,UPI,14791.71,Gujarat,Ahmedabad,Ahmedabad,Area-31,59322,23.037839459062333,72.47465683533665,Semi-Urban,SBI,Android,1,0,0.858,61,4,Phishing
CASE_001097,2025-09-05 19:17:20.168655540,2025-09-05 16:35:09.645276941,Investment Scam,UPI,9137.19,Tamil Nadu,Chennai,Chennai,Area-31,64601,13.122905518360641,80.30783647822474,Urban,SBI,iOS,0,0,0.502,130,2,Investment Scam
CASE_001098,2024-09-10 00:30:39.012370194,2024-09-09 23:59:38.047522943,Phishing,Wallet,6973.06,West Bengal,Kolkata,Kolkata,Area-34,66377,22.607513742080062,88.30495951848721,Urban,Bank of Baroda,Feature Phone,0,0,0.395,50,6,Phishing
CASE_001099,2024-01-03 04:50:18.446343314,2024-01-03 04:39:05.963090639,UPI Fraud,IMPS,4905.42,Delhi,New Delhi,Delhi,Area-5,64755,28.544154734488515,77.19427014506023,Urban,Bank of Baroda,Android,1,0,0.46,70,4,UPI Fraud
CASE_001100,2024-11-10 00:40:38.120628249,2024-11-09 20:03:55.175953969,UPI Fraud,Wallet,3345.68,Gujarat,Ahmedabad,Ahmedabad,Area-51,70610,23.119690141706183,72.61407974419126,Urban,Kotak Mahindra Bank,Desktop,0,0,0.421,128,3,UPI Fraud
CASE_001101,2025-10-04 02:40:09.928745071,2025-10-04 01:34:47.204001673,Phishing,Wallet,11319.66,Delhi,New Delhi,Delhi,Area-44,52578,28.679884226801583,77.07864469295113,Urban,Kotak Mahindra Bank,iOS,1,1,0.53,181,3,Phishing
CASE_001102,2024-12-24 04:06:49.509944757,2024-12-24 03:01:43.750966489,Phishing,UPI,645.79,Telangana,Hyderabad,Hyderabad,Area-52,63955,17.444167321922293,78.49744605147025,Urban,Axis Bank,Desktop,0,0,0.269,26,2,Phishing
CASE_001103,2024-07-18 17:34:20.247306269,2024-07-18 16:01:24.201761276,Impersonation (Digital Arrest/Officer),Card,19586.23,Maharashtra,Mumbai City,Mumbai,Area-7,56389,19.105849793546522,72.91509266879311,Semi-Urban,SBI,Android,1,1,0.486,84,5,Impersonation (Digital Arrest/Officer)
CASE_001104,2025-02-26 21:43:56.167480472,2025-02-26 17:02:45.878740788,UPI Fraud,Net Banking,8961.39,Telangana,Hyderabad,Hyderabad,Area-48,72671,17.39994306553443,78.4361685516927,Urban,HDFC Bank,Android,0,0,0.833,137,4,UPI Fraud
CASE_001105,2025-11-16 15:29:25.839520913,2025-11-16 09:20:53.208225235,Phishing,IMPS,2440.86,Tamil Nadu,Chennai,Chennai,Area-22,58100,13.065045825166914,80.27476674303182,Rural,Kotak Mahindra Bank,Android,1,0,0.614,220,2,Phishing
CASE_001106,2024-04-19 01:20:10.507815142,2024-04-18 19:17:06.034657124,UPI Fraud,Net Banking,52288.96,Telangana,Hyderabad,Hyderabad,Area-49,70762,17.414489780919535,78.45818494185801,Semi-Urban,Kotak Mahindra Bank,iOS,1,0,0.493,226,3,UPI Fraud
CASE_001107,2025-09-22 04:54:45.816128005,2025-09-22 04:27:59.269141108,Remote Access Scam,UPI,9263.92,Karnataka,Bengaluru Urban,Bengaluru,Area-59,80551,12.963898163245487,77.58558631890138,Urban,Punjab National Bank,Desktop,0,0,0.167,209,3,Remote Access Scam
CASE_001108,2025-08-31 00:17:56.849195804,2025-08-30 22:48:35.051218212,Impersonation (Digital Arrest/Officer),UPI,21341.03,Gujarat,Ahmedabad,Ahmedabad,Area-52,62287,22.98123636089493,72.52738668422056,Urban,SBI,Android,1,0,0.634,121,2,Impersonation (Digital Arrest/Officer)
CASE_001109,2024-12-03 19:05:24.927327835,2024-12-03 17:48:46.805163838,Phishing,IMPS,5675.25,Tamil Nadu,Chennai,Chennai,Area-55,59101,13.076768602866528,80.29310574088126,Urban,Kotak Mahindra Bank,Android,0,1,0.07,24,3,Phishing
CASE_001110,2026-06-03 04:06:51.260996170,2026-06-02 23:25:49.757956564,UPI Fraud,UPI,9047.8,Maharashtra,Pune,Pune,Area-7,61735,18.55164719333833,73.89345990963498,Semi-Urban,Kotak Mahindra Bank,Android,0,0,0.725,231,6,UPI Fraud
CASE_001111,2026-03-26 03:20:51.881015810,2026-03-26 01:50:12.004218251,Marketplace Fraud (OLX/e-commerce),Card,29210.5,Gujarat,Surat,Surat,Area-20,73695,21.274264724539332,72.8033215889802,Urban,HDFC Bank,iOS,1,1,0.213,149,4,Marketplace Fraud (OLX/e-commerce)
CASE_001112,2024-10-15 03:06:11.228284571,2024-10-15 00:33:16.618523240,Impersonation (Digital Arrest/Officer),NEFT,420810.04,Tamil Nadu,Chennai,Chennai,Area-18,74698,13.108985460971418,80.29157751880659,Rural,Kotak Mahindra Bank,Desktop,1,1,0.171,217,2,Impersonation (Digital Arrest/Officer)
CASE_001113,2024-01-29 12:46:06.383808851,2024-01-29 07:46:32.397466747,Remote Access Scam,IMPS,40456.79,Madhya Pradesh,Indore,Indore,Area-31,73493,22.638281426323037,75.84145006058091,Urban,Bank of Baroda,Android,1,1,0.715,221,4,Remote Access Scam
CASE_001114,2024-10-07 23:43:58.480639704,2024-10-07 20:46:34.660827681,Impersonation (Digital Arrest/Officer),Net Banking,91712.37,Gujarat,Surat,Surat,Area-58,65674,21.152988909874118,72.96038409084383,Urban,Canara Bank,iOS,1,0,0.534,190,3,Impersonation (Digital Arrest/Officer)
CASE_001115,2024-07-05 15:42:48.509596899,2024-07-05 12:02:25.986182531,OTP Fraud,UPI,65386.44,Uttar Pradesh,Lucknow,Lucknow,Area-41,64613,26.839902093061735,81.03172826738071,Urban,Bank of Baroda,Android,0,1,0.794,101,5,OTP Fraud
CASE_001116,2025-05-13 15:35:23.690583921,2025-05-13 13:06:57.055451646,Fake Customer Care,Wallet,15616.44,West Bengal,Kolkata,Kolkata,Area-33,73314,22.55090205945118,88.3480199027035,Urban,SBI,Desktop,0,0,0.734,146,3,Fake Customer Care
CASE_001117,2026-04-17 05:07:54.178326562,2026-04-16 23:25:40.889015868,Phishing,Card,61241.86,Telangana,Hyderabad,Hyderabad,Area-48,53566,17.39882075824803,78.44007732088613,Semi-Urban,Bank of Baroda,iOS,0,0,0.19,166,3,Phishing
CASE_001118,2026-03-04 03:10:01.369013445,2026-03-03 21:03:33.550057337,Remote Access Scam,Net Banking,42592.26,Maharashtra,Thane,Navi Mumbai,Area-11,67562,19.046558137755635,72.94653429203854,Semi-Urban,SBI,Android,0,1,0.571,211,5,Remote Access Scam
CASE_001119,2024-10-05 18:50:47.851655896,2024-10-05 14:38:55.174040776,UPI Fraud,Wallet,11595.66,Karnataka,Bengaluru Urban,Bengaluru,Area-39,48840,13.018087678633131,77.54302658898402,Urban,ICICI Bank,iOS,1,0,0.344,55,5,UPI Fraud
CASE_001120,2025-01-25 16:58:53.338704129,2025-01-25 10:51:23.305177614,Remote Access Scam,UPI,26190.76,West Bengal,Kolkata,Kolkata,Area-30,63489,22.567251433325325,88.38486447582274,Urban,Kotak Mahindra Bank,iOS,0,1,0.544,133,7,Remote Access Scam
CASE_001121,2024-02-03 20:59:09.553913941,2024-02-03 06:57:31.106432308,Investment Scam,Net Banking,4671.35,Karnataka,Bengaluru Urban,Bengaluru,Area-12,77492,12.912614686088167,77.60783031683734,Urban,Canara Bank,Desktop,1,0,0.483,143,2,Investment Scam
CASE_001122,2025-05-10 22:31:18.517494849,2025-05-10 17:35:27.352467611,UPI Fraud,UPI,13647.77,Rajasthan,Jaipur,Jaipur,Area-39,46984,26.985661203910652,75.79212423214284,Semi-Urban,Axis Bank,iOS,0,1,0.55,50,8,UPI Fraud
CASE_001123,2024-02-27 20:15:11.064867287,2024-02-27 17:28:39.056984888,Marketplace Fraud (OLX/e-commerce),UPI,1268.01,Maharashtra,Mumbai City,Mumbai,Area-50,56904,19.075286768840854,72.83948230843401,Urban,ICICI Bank,Android,0,1,0.95,97,3,Marketplace Fraud (OLX/e-commerce)
CASE_001124,2026-05-05 05:25:20.073182283,2026-05-05 01:41:06.786358923,Fake Customer Care,Net Banking,1987.29,Delhi,New Delhi,Delhi,Area-49,62317,28.587168851117816,77.29822442651836,Urban,Axis Bank,iOS,1,0,0.575,222,9,Fake Customer Care
CASE_001125,2026-03-01 01:12:10.537949972,2026-02-28 18:38:28.914756298,Phishing,IMPS,13459.99,Karnataka,Bengaluru Urban,Bengaluru,Area-50,56918,12.962817841683533,77.5909336471388,Semi-Urban,HDFC Bank,iOS,0,0,0.137,4,11,Phishing
CASE_001126,2024-07-14 05:02:45.763104753,2024-07-14 02:59:53.751946434,Social Engineering (Romance/Job),UPI,5811.89,Delhi,New Delhi,Delhi,Area-48,80224,28.635988774496546,77.25429641202813,Urban,Punjab National Bank,Android,1,0,0.232,121,4,Social Engineering (Romance/Job)
CASE_001127,2025-09-29 04:54:24.406047067,2025-09-29 02:59:48.539413542,Phishing,IMPS,10801.98,Maharashtra,Mumbai City,Mumbai,Area-28,82867,19.121904899007674,72.77345975377011,Urban,Axis Bank,Desktop,1,1,0.339,146,4,Phishing
CASE_001128,2025-06-01 14:53:14.165108735,2025-06-01 11:11:51.509480618,Investment Scam,NEFT,40337.67,Maharashtra,Thane,Thane,Area-3,67264,19.232673121744902,72.94425930673317,Semi-Urban,SBI,Android,1,0,0.546,217,5,Investment Scam
CASE_001129,2025-12-31 03:37:13.061987395,2025-12-31 00:53:06.095233776,OTP Fraud,Wallet,12104.77,Gujarat,Ahmedabad,Ahmedabad,Area-57,65482,23.08121199951528,72.5095436478332,Semi-Urban,Punjab National Bank,Desktop,1,1,0.312,68,4,OTP Fraud
CASE_001130,2025-03-09 08:55:22.470796938,2025-03-09 07:39:27.583254836,Phishing,UPI,4027.0,Karnataka,Bengaluru Urban,Bengaluru,Area-27,45984,13.024717384665733,77.61078473756915,Semi-Urban,Bank of Baroda,Android,1,0,0.486,94,4,Phishing
CASE_001131,2024-06-23 20:10:30.205047374,2024-06-23 16:54:08.519891652,Investment Scam,IMPS,93089.21,Maharashtra,Mumbai City,Mumbai,Area-38,65187,19.118716885673447,72.87555671947419,Urban,Bank of Baroda,Android,0,0,0.758,20,2,Investment Scam
CASE_001132,2025-08-06 05:02:32.205906856,2025-08-05 21:32:09.961028129,Remote Access Scam,UPI,16149.23,Maharashtra,Mumbai City,Mumbai,Area-2,54854,19.077727266995154,73.00868230576164,Urban,Canara Bank,Android,1,1,0.426,81,7,Remote Access Scam
CASE_001133,2024-03-14 07:20:41.080852434,2024-03-14 03:14:56.649981630,UPI Fraud,IMPS,16077.62,Karnataka,Bengaluru Urban,Bengaluru,Area-53,59544,12.95467748271975,77.63892077010166,Semi-Urban,Bank of Baroda,iOS,0,1,0.607,239,6,UPI Fraud
CASE_001134,2025-06-16 14:27:58.242232812,2025-06-16 13:25:54.620062970,Investment Scam,Net Banking,9289.87,Maharashtra,Thane,Thane,Area-53,46199,19.21843348918948,73.01197051148391,Urban,Bank of Baroda,Desktop,0,0,0.289,184,5,Investment Scam
CASE_001135,2024-07-12 23:09:38.443842617,2024-07-12 18:34:40.320029642,Phishing,IMPS,8947.68,Tamil Nadu,Chennai,Chennai,Area-55,82956,13.06919091364725,80.39608824661812,Urban,HDFC Bank,Android,1,0,0.288,103,3,Phishing
CASE_001136,2025-09-16 01:45:24.975456643,2025-09-15 23:27:00.940570273,Remote Access Scam,UPI,59564.24,West Bengal,Kolkata,Kolkata,Area-11,44593,22.477264634473766,88.32843451452086,Urban,Axis Bank,Android,1,1,0.255,152,5,Remote Access Scam
CASE_001137,2026-01-24 19:24:13.422726448,2026-01-24 08:20:08.476884112,UPI Fraud,Card,28773.08,Maharashtra,Pune,Pune,Area-50,69891,18.526294666286468,73.95366826337302,Urban,Axis Bank,Desktop,1,1,0.805,231,6,UPI Fraud
CASE_001138,2024-04-09 22:58:18.844085907,2024-04-09 18:38:55.251683636,UPI Fraud,UPI,4117.4,Telangana,Hyderabad,Hyderabad,Area-37,64881,17.379742603416833,78.4910417952598,Rural,Canara Bank,iOS,1,0,0.571,106,4,UPI Fraud
CASE_001139,2024-12-30 17:12:56.020577169,2024-12-30 15:28:17.847036563,Card Fraud,UPI,7060.35,Maharashtra,Thane,Thane,Area-9,45113,19.208389999320357,72.96252995553684,Urban,Axis Bank,Android,1,0,0.815,71,4,Card Fraud
CASE_001140,2025-10-30 10:32:57.917742775,2025-10-30 05:42:57.582483813,UPI Fraud,Card,3335.72,Maharashtra,Nashik,Nashik,Area-34,59338,20.041888842277793,73.71108956232887,Urban,Bank of Baroda,Desktop,1,0,0.63,210,6,UPI Fraud
CASE_001141,2024-05-29 06:39:25.544112904,2024-05-29 03:12:13.453373959,Investment Scam,UPI,16826.47,Rajasthan,Jaipur,Jaipur,Area-29,72402,26.902436232714418,75.75759286723856,Rural,Punjab National Bank,Android,0,0,0.219,204,3,Investment Scam
CASE_001142,2025-05-31 09:29:36.499597181,2025-05-31 02:28:24.677978992,Card Fraud,IMPS,2761.12,Karnataka,Bengaluru Urban,Bengaluru,Area-37,57580,12.946308281718359,77.57712262406089,Rural,SBI,Android,0,0,0.58,124,4,Card Fraud
CASE_001143,2025-09-04 02:59:19.840271361,2025-09-04 01:05:14.999030918,Card Fraud,IMPS,11052.05,Rajasthan,Jaipur,Jaipur,Area-5,81164,26.97549665628836,75.88182588026298,Urban,Canara Bank,Android,0,0,0.224,3,5,Card Fraud
CASE_001144,2024-11-19 09:31:24.279699473,2024-11-19 05:12:26.743254673,UPI Fraud,Card,19859.79,Maharashtra,Pune,Pune,Area-34,63449,18.535993385037756,73.8194168959194,Semi-Urban,Bank of Baroda,iOS,1,1,0.709,4,2,UPI Fraud
CASE_001145,2026-01-27 23:05:29.952901502,2026-01-27 22:27:37.595396414,OTP Fraud,IMPS,4173.21,Maharashtra,Nagpur,Nagpur,Area-40,41832,21.15520985230559,79.09060711583082,Urban,HDFC Bank,Android,0,0,0.517,29,4,OTP Fraud
CASE_001146,2025-04-10 08:11:44.998180547,2025-04-10 05:01:50.008300863,Card Fraud,NEFT,11645.76,Karnataka,Bengaluru Urban,Bengaluru,Area-43,79255,12.97116158221915,77.59963208816328,Semi-Urban,SBI,Desktop,0,1,0.673,166,2,Card Fraud
CASE_001147,2025-07-25 05:37:18.127792229,2025-07-25 04:36:54.649653517,Phishing,Wallet,8542.1,Karnataka,Bengaluru Urban,Bengaluru,Area-46,72730,13.027681183414296,77.61616416917055,Urban,Canara Bank,Android,0,0,0.599,42,7,Phishing
CASE_001148,2024-05-08 11:24:38.284263051,2024-05-08 08:02:34.177751813,Card Fraud,UPI,41068.43,Madhya Pradesh,Indore,Indore,Area-37,70513,22.678248527890766,75.77918605734706,Urban,ICICI Bank,Feature Phone,1,0,0.757,16,3,Card Fraud
CASE_001149,2024-01-22 06:19:12.391406868,2024-01-22 02:22:26.601536194,Card Fraud,Card,6565.69,Maharashtra,Mumbai City,Mumbai,Area-42,53163,18.99650280831932,72.96913232663822,Urban,SBI,Android,0,0,0.427,163,6,Card Fraud
CASE_001150,2024-02-16 09:45:45.666360746,2024-02-16 05:34:00.309063001,Impersonation (Digital Arrest/Officer),IMPS,14718.81,Gujarat,Ahmedabad,Ahmedabad,Area-6,41259,23.01385540052431,72.55811578583555,Semi-Urban,Punjab National Bank,Android,0,0,0.227,115,6,Impersonation (Digital Arrest/Officer)
CASE_001151,2026-04-03 13:12:32.444141706,2026-04-03 11:18:36.432740852,Impersonation (Digital Arrest/Officer),UPI,10927.04,Rajasthan,Jaipur,Jaipur,Area-48,62226,26.897181998499796,75.81173563155215,Urban,SBI,Android,0,1,0.661,127,4,Impersonation (Digital Arrest/Officer)
CASE_001152,2026-03-15 05:19:56.077953316,2026-03-15 02:05:35.121133551,Card Fraud,UPI,3681.6,Karnataka,Bengaluru Urban,Bengaluru,Area-22,69657,12.902755865296236,77.61476875886808,Urban,HDFC Bank,Android,0,1,0.75,46,4,Card Fraud
CASE_001153,2026-01-05 23:36:37.762864708,2026-01-05 17:10:45.213004291,Social Engineering (Romance/Job),UPI,35427.75,Maharashtra,Nagpur,Nagpur,Area-33,54178,21.098302668918638,79.10197346815647,Semi-Urban,Canara Bank,Android,0,1,0.453,52,2,Social Engineering (Romance/Job)
CASE_001154,2024-07-01 05:22:32.893258588,2024-06-30 20:19:07.545932386,Impersonation (Digital Arrest/Officer),Card,23884.8,Karnataka,Bengaluru Urban,Bengaluru,Area-33,62839,13.034151814850865,77.61350309913114,Urban,SBI,Desktop,1,1,0.612,58,9,Impersonation (Digital Arrest/Officer)
CASE_001155,2025-04-23 19:57:08.032650748,2025-04-23 16:37:40.678406179,OTP Fraud,Net Banking,10512.19,Maharashtra,Nashik,Nashik,Area-58,56825,19.88442808538142,73.8462124059676,Semi-Urban,Kotak Mahindra Bank,iOS,0,1,0.838,154,6,OTP Fraud
CASE_001156,2025-12-26 12:51:26.859611262,2025-12-26 06:18:15.431002684,Card Fraud,IMPS,52285.25,West Bengal,Kolkata,Kolkata,Area-20,52171,22.526044391044756,88.30211856887446,Urban,Punjab National Bank,iOS,0,1,0.285,235,5,Card Fraud
CASE_001157,2025-09-06 16:20:14.071090545,2025-09-06 14:58:01.124314457,OTP Fraud,Card,42842.63,Karnataka,Bengaluru Urban,Bengaluru,Area-23,67898,12.917834690722952,77.57817435704953,Urban,ICICI Bank,Android,1,0,0.689,219,2,OTP Fraud
CASE_001158,2024-04-15 07:54:46.404260279,2024-04-15 05:45:19.362710519,Marketplace Fraud (OLX/e-commerce),IMPS,1132.82,Uttar Pradesh,Lucknow,Lucknow,Area-45,77962,26.965726366756453,81.01447313373015,Urban,ICICI Bank,Desktop,1,1,0.85,28,6,Marketplace Fraud (OLX/e-commerce)
CASE_001159,2026-03-26 23:43:04.455865930,2026-03-26 20:06:46.053715795,UPI Fraud,UPI,20183.45,Telangana,Hyderabad,Hyderabad,Area-38,44139,17.380660327169615,78.47866243869383,Urban,Axis Bank,Android,0,0,0.53,163,3,UPI Fraud
CASE_001160,2024-05-26 11:54:33.427547319,2024-05-26 09:09:35.408510521,UPI Fraud,IMPS,12685.46,Karnataka,Bengaluru Urban,Bengaluru,Area-19,64954,12.92606859168737,77.71511966178171,Urban,Punjab National Bank,iOS,0,0,0.72,182,2,UPI Fraud
CASE_001161,2024-06-05 14:40:06.432484358,2024-06-05 12:08:27.746840999,Impersonation (Digital Arrest/Officer),IMPS,16678.39,Tamil Nadu,Chennai,Chennai,Area-21,82351,13.150213507483688,80.27700370332164,Urban,Canara Bank,iOS,1,1,0.326,10,2,Impersonation (Digital Arrest/Officer)
CASE_001162,2026-04-01 01:44:23.389991316,2026-03-31 19:39:09.605478108,Investment Scam,UPI,49672.91,Karnataka,Bengaluru Urban,Bengaluru,Area-49,56697,13.009652972114344,77.65252460049463,Semi-Urban,ICICI Bank,Android,1,1,0.939,153,3,Investment Scam
CASE_001163,2025-03-17 12:50:14.681671466,2025-03-17 11:39:53.122905001,Impersonation (Digital Arrest/Officer),UPI,4148.9,Uttar Pradesh,Lucknow,Lucknow,Area-50,79257,26.722124870643505,80.94834104144826,Urban,Punjab National Bank,Android,0,0,0.058,107,3,Impersonation (Digital Arrest/Officer)
CASE_001164,2024-12-05 18:11:38.263418830,2024-12-05 16:54:24.777763888,OTP Fraud,UPI,49459.36,Maharashtra,Thane,Navi Mumbai,Area-9,81834,19.007601589165848,73.09706166668958,Urban,Bank of Baroda,Desktop,1,1,0.575,47,5,OTP Fraud
CASE_001165,2025-05-19 10:00:14.854169893,2025-05-19 09:09:03.648976944,Marketplace Fraud (OLX/e-commerce),Wallet,12206.98,Madhya Pradesh,Indore,Indore,Area-24,42856,22.699315803201543,75.79735400012794,Semi-Urban,SBI,Android,0,0,0.473,189,3,Marketplace Fraud (OLX/e-commerce)
CASE_001166,2026-06-13 04:57:29.892657002,2026-06-13 01:16:16.626148626,Investment Scam,UPI,13373.7,Gujarat,Ahmedabad,Ahmedabad,Area-46,67979,23.024661209971956,72.61134051317025,Urban,Canara Bank,iOS,0,1,0.291,224,4,Investment Scam
CASE_001167,2024-04-19 01:54:15.845639077,2024-04-18 23:36:00.984204581,Card Fraud,UPI,6757.53,Rajasthan,Jaipur,Jaipur,Area-7,49992,26.925108335367455,75.6884801611865,Semi-Urban,Canara Bank,Desktop,0,1,0.658,143,11,Card Fraud
CASE_001168,2025-11-20 19:36:41.269722946,2025-11-20 13:55:46.667962976,UPI Fraud,UPI,1520.11,Karnataka,Bengaluru Urban,Bengaluru,Area-11,42168,12.954111003237927,77.67152919160486,Semi-Urban,SBI,Android,1,0,0.502,49,3,UPI Fraud
CASE_001169,2024-10-31 17:09:19.317458147,2024-10-31 13:42:02.347580176,Impersonation (Digital Arrest/Officer),UPI,19619.25,Gujarat,Ahmedabad,Ahmedabad,Area-10,59691,23.00149290202434,72.54973152232868,Urban,ICICI Bank,Android,0,1,0.467,103,3,Impersonation (Digital Arrest/Officer)
CASE_001170,2024-04-16 17:01:35.020586290,2024-04-16 15:09:54.928124802,UPI Fraud,Net Banking,5819.65,Maharashtra,Nashik,Nashik,Area-32,47345,20.02667514481679,73.69262155465675,Urban,Kotak Mahindra Bank,Android,0,1,0.759,124,3,UPI Fraud
CASE_001171,2025-01-19 10:46:30.945035057,2025-01-19 09:09:03.173171941,Investment Scam,NEFT,8063.81,West Bengal,Kolkata,Kolkata,Area-27,56212,22.507110529494604,88.4259875680987,Rural,Kotak Mahindra Bank,iOS,0,1,0.382,216,5,Investment Scam
CASE_001172,2025-05-15 00:33:07.502402119,2025-05-14 21:55:58.506907165,Impersonation (Digital Arrest/Officer),Net Banking,65120.32,Maharashtra,Thane,Thane,Area-19,47233,19.26968858851788,72.99458240210615,Urban,HDFC Bank,Android,0,1,0.701,189,5,Impersonation (Digital Arrest/Officer)
CASE_001173,2024-07-06 16:09:57.985542125,2024-07-06 15:08:42.890237534,Card Fraud,NEFT,52409.4,Maharashtra,Nashik,Nashik,Area-9,81941,19.99691996902405,73.78966021378886,Rural,Canara Bank,Android,0,0,0.717,161,7,Card Fraud
CASE_001174,2025-01-04 10:59:55.591237682,2025-01-04 04:48:41.233277220,Remote Access Scam,UPI,17286.66,Delhi,New Delhi,Delhi,Area-38,67714,28.674223698441345,77.20701728111088,Urban,ICICI Bank,Android,0,0,0.459,183,1,Remote Access Scam
CASE_001175,2025-08-02 04:38:01.142265401,2025-08-02 02:25:14.235334173,Phishing,Net Banking,7778.34,Maharashtra,Nagpur,Nagpur,Area-48,45145,21.14660317585666,79.08803006434161,Urban,ICICI Bank,Feature Phone,1,0,0.283,166,2,Phishing
CASE_001176,2025-06-09 04:09:56.923192046,2025-06-09 03:27:34.211386576,UPI Fraud,IMPS,15970.25,Delhi,New Delhi,Delhi,Area-13,56984,28.61573511798519,77.22035412009224,Urban,ICICI Bank,Desktop,0,0,0.854,77,2,UPI Fraud
CASE_001177,2025-10-21 02:13:58.924582708,2025-10-20 19:10:59.622294910,UPI Fraud,IMPS,9685.62,Gujarat,Ahmedabad,Ahmedabad,Area-40,60826,23.02458232373696,72.50821406742763,Urban,Bank of Baroda,iOS,0,0,0.475,32,2,UPI Fraud
CASE_001178,2026-02-01 01:47:56.381103614,2026-01-31 23:08:55.349316031,Loan App Scam,NEFT,4815.55,Maharashtra,Pune,Pune,Area-47,55377,18.51418036523213,73.86635806029538,Rural,HDFC Bank,Desktop,1,0,0.78,201,4,Loan App Scam
CASE_001179,2025-01-07 22:00:24.153525740,2025-01-07 17:26:39.169700112,Marketplace Fraud (OLX/e-commerce),UPI,3379.15,West Bengal,Kolkata,Kolkata,Area-33,74523,22.59250678756859,88.39799931988262,Urban,Punjab National Bank,iOS,0,0,0.777,133,4,Marketplace Fraud (OLX/e-commerce)
CASE_001180,2025-01-20 09:38:25.380306147,2025-01-20 07:45:23.438542109,Phishing,Card,7857.55,Maharashtra,Mumbai City,Mumbai,Area-34,71753,19.031348091784842,72.79675249800313,Rural,SBI,Desktop,0,1,0.405,230,6,Phishing
CASE_001181,2025-03-28 18:53:35.501647978,2025-03-28 11:40:36.579818889,Phishing,IMPS,14304.3,West Bengal,Kolkata,Kolkata,Area-10,71707,22.530895845246334,88.36365347492959,Semi-Urban,HDFC Bank,Android,1,1,0.504,163,5,Phishing
CASE_001182,2025-05-31 00:11:12.552815111,2025-05-30 22:45:00.953743748,Investment Scam,UPI,34997.55,West Bengal,Kolkata,Kolkata,Area-57,74516,22.441857593516847,88.3282748727934,Rural,Kotak Mahindra Bank,Android,1,1,0.745,114,2,Investment Scam
CASE_001183,2024-04-08 18:40:12.697868119,2024-04-08 16:22:01.018334148,Remote Access Scam,NEFT,22453.3,Delhi,New Delhi,Delhi,Area-57,53560,28.671767405108344,77.08429887837005,Rural,Axis Bank,Desktop,0,0,0.658,155,5,Remote Access Scam
CASE_001184,2024-10-11 19:56:26.502790709,2024-10-11 19:27:33.782812346,Phishing,UPI,2034.49,Tamil Nadu,Chennai,Chennai,Area-42,53138,13.041778465236597,80.34019116533717,Urban,Kotak Mahindra Bank,Android,0,0,0.377,156,4,Phishing
CASE_001185,2024-06-05 21:20:19.475209310,2024-06-05 14:14:31.970843730,UPI Fraud,UPI,20573.1,Uttar Pradesh,Lucknow,Lucknow,Area-54,55550,26.78167035224685,80.8191709658326,Rural,Bank of Baroda,Android,0,0,0.546,235,4,UPI Fraud
CASE_001186,2024-12-17 13:58:19.428596532,2024-12-17 12:17:05.265211534,Investment Scam,IMPS,34770.36,Gujarat,Ahmedabad,Ahmedabad,Area-36,62405,22.944271845208227,72.66636870664519,Semi-Urban,Canara Bank,iOS,0,0,0.794,88,7,Investment Scam
CASE_001187,2026-06-05 21:09:56.072567500,2026-06-05 17:24:48.393931448,Phishing,IMPS,180464.64,Delhi,New Delhi,Delhi,Area-40,71356,28.65545097955334,77.22202010007283,Urban,HDFC Bank,iOS,1,0,0.657,91,4,Phishing
CASE_001188,2025-06-15 00:58:53.160753844,2025-06-14 20:49:46.692742586,Phishing,Wallet,7107.55,Karnataka,Bengaluru Urban,Bengaluru,Area-49,67342,12.898628338606965,77.66669775735284,Semi-Urban,Canara Bank,Android,1,0,0.572,85,7,Phishing
CASE_001189,2025-01-26 10:19:02.763781092,2025-01-26 03:59:51.185554169,UPI Fraud,Wallet,14126.45,West Bengal,Kolkata,Kolkata,Area-3,82683,22.59018701523555,88.35771611932782,Urban,Canara Bank,Android,0,1,0.325,26,4,UPI Fraud
CASE_001190,2025-05-30 17:11:21.494873262,2025-05-30 13:38:39.397816211,Remote Access Scam,UPI,400283.27,Maharashtra,Nashik,Nashik,Area-13,63485,19.90550412725724,73.8001336024236,Urban,Axis Bank,Android,0,0,0.798,113,5,Remote Access Scam
CASE_001191,2025-09-01 15:27:58.998598363,2025-09-01 12:41:23.308295451,Impersonation (Digital Arrest/Officer),Card,34307.53,Gujarat,Ahmedabad,Ahmedabad,Area-13,72482,23.07410026801692,72.6167412337994,Urban,HDFC Bank,Android,0,1,0.853,107,4,Impersonation (Digital Arrest/Officer)
CASE_001192,2025-01-31 11:41:58.679807029,2025-01-31 05:49:21.076972775,Phishing,ATM,10106.32,Maharashtra,Nagpur,Nagpur,Area-38,74243,21.14493417942893,79.08594573284444,Urban,HDFC Bank,Android,0,1,0.947,48,2,Phishing
CASE_001193,2025-02-12 00:49:43.678172591,2025-02-11 20:43:37.776666455,Impersonation (Digital Arrest/Officer),UPI,9358.17,Gujarat,Ahmedabad,Ahmedabad,Area-15,75964,23.0585814140439,72.56221675278648,Urban,Punjab National Bank,Android,0,1,0.732,195,6,Impersonation (Digital Arrest/Officer)
CASE_001194,2025-10-01 01:53:03.083240628,2025-09-30 23:26:03.454086035,Investment Scam,Net Banking,186065.86,Maharashtra,Mumbai City,Mumbai,Area-24,50301,19.184105373208766,72.80301914498945,Urban,SBI,iOS,0,0,0.494,165,2,Investment Scam
CASE_001195,2024-02-25 18:00:50.015165624,2024-02-25 10:41:58.269154028,OTP Fraud,Wallet,2765.53,Maharashtra,Mumbai City,Mumbai,Area-30,81465,19.03760885703385,72.85796991563733,Semi-Urban,SBI,Android,1,0,0.416,58,3,OTP Fraud
CASE_001196,2025-05-07 04:39:26.599533088,2025-05-07 00:19:17.562202886,Marketplace Fraud (OLX/e-commerce),UPI,11082.89,Madhya Pradesh,Indore,Indore,Area-44,69270,22.702122159196634,75.87634557059204,Semi-Urban,Punjab National Bank,Android,1,1,0.107,40,2,Marketplace Fraud (OLX/e-commerce)
CASE_001197,2025-05-13 15:42:43.890375124,2025-05-13 14:46:31.030780166,UPI Fraud,Wallet,5878.69,Rajasthan,Jaipur,Jaipur,Area-31,58732,26.890244744088204,75.7735026513359,Semi-Urban,Punjab National Bank,iOS,1,0,0.416,148,4,UPI Fraud
CASE_001198,2025-11-20 17:51:12.751581049,2025-11-20 09:37:53.174319312,Fake Customer Care,Net Banking,9643.62,Rajasthan,Jaipur,Jaipur,Area-2,78492,26.938465961218103,75.72081910544182,Rural,Kotak Mahindra Bank,Android,1,0,0.834,2,4,Fake Customer Care
CASE_001199,2026-06-14 06:23:16.251570666,2026-06-14 04:32:41.514319286,Remote Access Scam,Wallet,3719.93,Gujarat,Surat,Surat,Area-41,43471,21.243464363917557,72.73761853702969,Semi-Urban,Canara Bank,Android,1,1,0.443,37,2,Remote Access Scam
CASE_001200,2025-12-26 04:40:51.513257136,2025-12-25 22:22:57.569904380,Remote Access Scam,Card,78059.5,Delhi,New Delhi,Delhi,Area-26,67886,28.65683930193089,77.10306340986719,Semi-Urban,ICICI Bank,Android,1,1,0.69,106,4,Remote Access Scam
