upi_id,account_id,first_seen,last_seen,linked_case_count,linked_account_count
UPI_000001,ACC_000001,2026-05-31 05:01:45.379779816,2026-06-14 01:57:27.696802481,0,0
UPI_000002,ACC_000002,2026-04-16 13:11:45.915801451,2026-05-21 09:59:51.297306929,0,0
UPI_000003,ACC_000003,2025-03-15 21:14:00.179456130,2026-03-17 16:27:39.801773269,0,0
UPI_000004,ACC_000003,2025-03-15 21:14:00.179456130,2026-03-17 16:27:39.801773269,0,0
UPI_000005,ACC_000004,2025-05-28 17:59:32.654894710,2025-07-11 14:03:33.608180158,0,0
UPI_000006,ACC_000005,2025-05-13 09:44:50.521404742,2025-06-13 06:20:20.464695098,0,0
UPI_000007,ACC_000005,2025-05-13 09:44:50.521404742,2025-06-13 06:20:20.464695098,0,0
UPI_000008,ACC_000006,2025-11-26 12:39:44.804944813,2025-12-18 07:16:08.564296035,0,0
UPI_000009,ACC_000007,2025-03-08 06:09:36.889849529,2026-06-27 17:59:57.640292260,0,0
UPI_000010,ACC_000008,2024-04-21 17:11:08.178779850,2026-05-02 18:29:45.906782836,0,0
UPI_000011,ACC_000009,2024-10-22 10:07:58.896383084,2025-12-27 16:01:00.795195375,0,0
UPI_000012,ACC_000010,2025-06-01 16:47:14.359608486,2025-11-24 17:16:02.726682333,0,0
UPI_000013,ACC_000011,2024-11-15 19:53:25.548102334,2025-01-05 02:53:24.318785139,65,31
UPI_000014,ACC_000012,2026-01-11 03:25:25.915944837,2026-05-30 13:52:03.545489601,0,0
UPI_000015,ACC_000012,2026-01-11 03:25:25.915944837,2026-05-30 13:52:03.545489601,0,0
UPI_000016,ACC_000013,2026-05-13 12:59:41.957479998,2026-05-22 12:46:15.810559900,0,0
UPI_000017,ACC_000013,2026-05-13 12:59:41.957479998,2026-05-22 12:46:15.810559900,0,0
UPI_000018,ACC_000014,2024-08-08 11:02:47.394171879,2025-02-12 20:50:42.303376653,0,0
UPI_000019,ACC_000015,2026-03-21 00:17:25.121201918,2026-06-13 22:07:33.194773573,0,0
UPI_000020,ACC_000016,2025-10-14 00:12:51.352062017,2025-12-19 15:44:59.284888815,0,0
UPI_000021,ACC_000017,2025-06-18 17:11:42.150194295,2026-05-02 12:24:02.110681390,0,0
UPI_000022,ACC_000017,2025-06-18 17:11:42.150194295,2026-05-02 12:24:02.110681390,0,0
UPI_000023,ACC_000018,2024-04-28 18:51:37.227755986,2026-01-11 10:01:12.023080693,0,0
UPI_000024,ACC_000019,2025-01-09 09:00:55.559487939,2026-04-03 16:27:48.679262665,0,0
UPI_000025,ACC_000020,2026-06-25 18:23:13.799841478,2026-06-28 14:54:13.702236926,0,0
UPI_000026,ACC_000021,2025-08-13 15:33:18.544259772,2025-12-04 10:51:18.397450657,0,0
UPI_000027,ACC_000022,2025-06-23 00:33:57.116133884,2026-02-20 23:40:44.573107900,0,0
UPI_000028,ACC_000023,2024-02-02 10:44:06.028966924,2026-01-30 20:41:27.271759547,122,56
UPI_000029,ACC_000024,2024-10-19 07:54:09.092634656,2026-01-25 23:21:25.755209084,0,0
UPI_000030,ACC_000025,2025-03-20 17:02:17.494766042,2026-04-26 15:57:40.660568314,0,0
UPI_000031,ACC_000026,2025-08-07 13:21:35.593366690,2026-06-24 14:58:16.075381815,0,0
UPI_000032,ACC_000027,2026-02-19 19:58:58.355870828,2026-05-20 16:00:30.634227172,0,0
UPI_000033,ACC_000028,2025-02-21 07:12:34.257883370,2026-05-25 12:23:39.535248253,0,0
UPI_000034,ACC_000029,2024-09-07 00:39:01.433514956,2025-03-05 15:57:24.244861445,0,0
UPI_000035,ACC_000030,2024-09-13 05:57:07.992146812,2026-06-12 15:18:23.481651693,0,0
UPI_000036,ACC_000031,2024-05-05 13:05:52.350750009,2026-04-20 13:32:13.852700441,0,0
UPI_000037,ACC_000032,2024-05-12 14:03:36.852074623,2024-06-13 16:33:32.630476035,0,0
UPI_000038,ACC_000033,2024-10-05 03:29:16.273028415,2025-10-13 19:30:40.466013503,0,0
UPI_000039,ACC_000034,2025-11-29 08:36:18.066118843,2026-03-16 07:28:05.671198077,0,0
UPI_000040,ACC_000035,2025-01-11 10:39:21.955251973,2026-03-23 10:20:10.939937120,0,0
UPI_000041,ACC_000036,2026-02-22 01:34:07.842328086,2026-03-10 05:29:15.099782662,0,0
UPI_000042,ACC_000037,2026-05-14 16:17:05.079449043,2026-06-08 02:52:09.746602910,0,0
UPI_000043,ACC_000038,2024-03-09 16:59:10.106229333,2025-05-05 22:02:26.622566874,0,0
UPI_000044,ACC_000039,2025-10-09 13:25:52.817859247,2026-01-21 18:15:14.433156095,0,0
UPI_000045,ACC_000040,2024-03-18 16:15:12.053229115,2026-06-23 11:39:25.513846160,0,0
UPI_000046,ACC_000041,2024-03-06 08:15:52.251643212,2025-06-05 14:45:19.624992568,0,0
UPI_000047,ACC_000042,2024-09-08 05:25:08.097494300,2025-06-07 20:58:15.386426804,0,0
UPI_000048,ACC_000043,2024-04-02 13:26:18.002143999,2026-03-04 11:23:40.595151706,0,0
UPI_000049,ACC_000044,2025-08-26 23:12:57.514540440,2025-10-08 15:52:40.152280387,0,0
UPI_000050,ACC_000045,2025-10-14 09:14:17.329431318,2025-12-27 18:04:07.911509499,0,0
UPI_000051,ACC_000046,2025-08-05 08:52:26.574972510,2025-11-05 00:31:47.109706558,0,0
UPI_000052,ACC_000047,2025-06-08 03:36:09.205026329,2026-06-04 08:27:02.924010148,0,0
UPI_000053,ACC_000048,2025-12-12 17:00:42.315717906,2026-06-06 03:37:06.377766528,0,0
UPI_000054,ACC_000049,2025-12-04 19:39:15.618587770,2026-04-09 12:17:55.088188640,0,0
UPI_000055,ACC_000050,2026-03-03 19:16:39.768638268,2026-04-10 13:58:39.488698918,0,0
UPI_000056,ACC_000050,2026-03-03 19:16:39.768638268,2026-04-10 13:58:39.488698918,0,0
UPI_000057,ACC_000051,2025-09-23 12:01:58.927228138,2026-02-01 08:03:27.624119716,0,0
UPI_000058,ACC_000052,2024-11-20 04:50:13.537876364,2025-10-21 08:23:12.640089569,105,45
UPI_000059,ACC_000053,2025-04-22 23:36:55.172241092,2025-12-12 20:24:19.867586944,0,0
UPI_000060,ACC_000054,2025-03-22 22:28:44.091039076,2025-07-19 16:57:51.162659327,0,0
UPI_000061,ACC_000055,2024-04-08 06:24:03.354380365,2024-07-23 07:38:23.348998373,0,0
UPI_000062,ACC_000056,2026-01-09 11:57:03.543468617,2026-06-14 03:49:36.191204571,0,0
UPI_000063,ACC_000057,2026-04-11 14:38:12.133865535,2026-06-01 11:41:01.354329691,0,0
UPI_000064,ACC_000058,2026-06-15 19:06:57.553556487,2026-06-17 20:34:32.379610679,0,0
UPI_000065,ACC_000059,2024-08-13 21:33:53.720684562,2026-06-23 01:00:07.518204426,0,0
UPI_000066,ACC_000060,2024-03-28 03:04:37.981298440,2025-03-01 23:13:54.593538368,0,0
UPI_000067,ACC_000061,2024-04-11 03:49:08.567043252,2025-11-25 17:57:32.022914527,0,0
UPI_000068,ACC_000062,2026-01-02 17:08:56.490307771,2026-02-03 05:17:05.934958897,0,0
UPI_000069,ACC_000063,2025-07-29 12:24:00.719658084,2026-06-07 10:39:22.662870468,0,0
UPI_000070,ACC_000063,2025-07-29 12:24:00.719658084,2026-06-07 10:39:22.662870468,0,0
UPI_000071,ACC_000064,2025-11-19 19:48:38.993702509,2025-12-07 10:09:33.032724393,0,0
UPI_000072,ACC_000065,2026-04-04 15:12:50.997155532,2026-06-26 04:25:39.819889418,0,0
UPI_000073,ACC_000066,2024-07-25 03:09:03.875253048,2025-12-19 15:46:26.794328661,0,0
UPI_000074,ACC_000067,2024-11-27 16:21:40.657715555,2025-04-08 07:53:16.012185848,0,0
UPI_000075,ACC_000068,2025-12-22 20:24:05.988939904,2026-01-26 01:38:27.822542084,17,7
UPI_000076,ACC_000069,2024-08-24 07:20:39.943803951,2026-03-12 02:13:52.360018563,0,0
UPI_000077,ACC_000070,2025-04-06 00:04:38.262806520,2025-04-23 23:15:10.381984705,0,0
UPI_000078,ACC_000071,2025-02-07 23:36:19.877498284,2025-04-06 22:12:39.872454524,0,0
UPI_000079,ACC_000072,2025-06-26 07:45:07.325515330,2026-03-01 09:20:58.096836060,0,0
UPI_000080,ACC_000073,2026-06-19 06:04:03.148901030,2026-06-20 02:01:22.800000301,0,0
UPI_000081,ACC_000074,2024-04-04 11:37:29.643695973,2025-06-20 10:04:21.659522459,0,0
UPI_000082,ACC_000075,2025-03-17 12:13:15.862854190,2025-12-12 00:31:16.761657673,0,0
UPI_000083,ACC_000076,2026-05-23 15:17:15.581797943,2026-05-24 07:18:47.700320799,0,0
UPI_000084,ACC_000077,2024-11-12 21:58:48.188851971,2025-06-24 23:34:48.747964595,0,0
UPI_000085,ACC_000078,2025-11-05 16:25:10.581310064,2025-11-12 10:14:00.275328596,0,0
UPI_000086,ACC_000079,2026-04-26 13:34:06.840561897,2026-06-27 20:47:25.660838470,0,0
UPI_000087,ACC_000079,2026-04-26 13:34:06.840561897,2026-06-27 20:47:25.660838470,0,0
UPI_000088,ACC_000080,2024-08-07 04:38:26.531907696,2025-01-03 03:42:16.199726344,0,0
UPI_000089,ACC_000080,2024-08-07 04:38:26.531907696,2025-01-03 03:42:16.199726344,0,0
UPI_000090,ACC_000081,2024-03-15 03:17:52.336217505,2025-10-13 07:55:06.039405170,0,0
UPI_000091,ACC_000082,2024-03-09 22:57:08.567340067,2025-09-28 07:06:50.333249320,0,0
UPI_000092,ACC_000083,2024-03-07 11:55:57.358402292,2025-12-19 15:34:49.632055505,0,0
UPI_000093,ACC_000084,2024-11-15 07:47:16.530180827,2025-06-01 17:30:38.339316371,0,0
UPI_000094,ACC_000085,2024-04-24 23:33:24.051417664,2024-09-18 18:22:40.621993918,0,0
UPI_000095,ACC_000086,2025-01-03 23:29:05.329767246,2025-10-18 12:31:51.230725037,0,0
UPI_000096,ACC_000087,2025-11-18 00:14:43.295277894,2026-04-22 12:49:44.873489544,0,0
UPI_000097,ACC_000088,2024-09-28 16:25:03.292791151,2026-01-24 13:26:45.331082338,0,0
UPI_000098,ACC_000088,2024-09-28 16:25:03.292791151,2026-01-24 13:26:45.331082338,0,0
UPI_000099,ACC_000089,2025-03-12 17:59:56.866178676,2025-04-04 22:45:15.408308824,0,0
UPI_000100,ACC_000090,2024-04-26 00:47:28.952329798,2025-12-15 08:56:37.344059688,0,0
UPI_000101,ACC_000090,2024-04-26 00:47:28.952329798,2025-12-15 08:56:37.344059688,0,0
UPI_000102,ACC_000091,2025-09-28 03:24:22.542782538,2025-10-29 01:04:34.200323509,8,5
UPI_000103,ACC_000091,2025-09-28 03:24:22.542782538,2025-10-29 01:04:34.200323509,3,3
UPI_000104,ACC_000092,2024-10-16 09:38:29.495131426,2025-09-07 12:29:45.449216963,1,1
UPI_000105,ACC_000093,2024-05-03 04:34:34.079275416,2025-07-14 17:58:06.186111784,100,35
UPI_000106,ACC_000094,2026-05-19 16:55:01.397762060,2026-05-24 22:50:03.603377304,0,0
UPI_000107,ACC_000095,2025-12-02 03:01:31.038961627,2026-06-22 10:39:30.465028039,0,0
UPI_000108,ACC_000096,2025-08-17 06:29:34.445543714,2026-03-07 08:22:45.243321564,0,0
UPI_000109,ACC_000096,2025-08-17 06:29:34.445543714,2026-03-07 08:22:45.243321564,0,0
UPI_000110,ACC_000097,2025-10-20 15:39:51.153668523,2025-12-16 03:37:33.506120191,0,0
UPI_000111,ACC_000097,2025-10-20 15:39:51.153668523,2025-12-16 03:37:33.506120191,0,0
UPI_000112,ACC_000098,2025-01-22 14:57:50.719789006,2025-02-18 06:17:29.927970528,0,0
UPI_000113,ACC_000099,2024-09-28 18:42:40.139882520,2026-02-06 04:34:09.738330330,0,0
UPI_000114,ACC_000100,2025-03-31 11:42:30.110059284,2026-04-18 17:12:58.747665861,0,0
UPI_000115,ACC_000100,2025-03-31 11:42:30.110059284,2026-04-18 17:12:58.747665861,0,0
UPI_000116,ACC_000101,2026-01-21 19:26:28.604183972,2026-02-05 05:41:55.553726922,0,0
UPI_000117,ACC_000102,2026-05-28 00:21:47.944668204,2026-06-05 12:09:17.637597277,0,0
UPI_000118,ACC_000103,2025-07-05 09:52:13.570796616,2026-02-21 09:40:29.170093482,0,0
UPI_000119,ACC_000104,2024-12-08 20:43:37.092046686,2025-08-03 21:35:40.594518126,0,0
UPI_000120,ACC_000105,2025-10-16 06:51:20.868274301,2026-01-12 05:07:24.232198203,0,0
UPI_000121,ACC_000106,2025-09-27 00:41:24.641458206,2026-01-22 03:57:45.149376011,0,0
UPI_000122,ACC_000107,2024-08-13 10:33:31.843263488,2025-07-25 20:33:26.939790199,0,0
UPI_000123,ACC_000108,2025-01-31 18:04:43.217372537,2025-05-06 17:10:11.349780180,0,0
UPI_000124,ACC_000109,2024-05-02 02:04:25.444706373,2025-03-04 05:38:01.441974730,0,0
UPI_000125,ACC_000110,2025-01-01 11:24:48.895270336,2025-02-08 11:56:00.150446014,0,0
UPI_000126,ACC_000111,2025-11-25 20:44:23.529886431,2025-11-27 04:09:07.389978842,0,0
UPI_000127,ACC_000112,2024-10-12 23:10:10.510732248,2026-06-14 11:52:45.750562261,0,0
UPI_000128,ACC_000113,2025-07-30 16:37:37.760589331,2025-08-18 00:22:15.804304315,0,0
UPI_000129,ACC_000114,2024-10-25 11:43:56.953115467,2024-11-21 02:52:09.016511851,0,0
UPI_000130,ACC_000115,2024-05-14 00:16:28.906983901,2026-04-05 12:02:28.138927102,0,0
UPI_000131,ACC_000116,2025-11-06 09:41:51.027647957,2026-06-24 08:30:17.555793857,0,0
UPI_000132,ACC_000117,2025-06-20 20:43:22.426841229,2026-05-02 20:02:06.440229402,0,0
UPI_000133,ACC_000118,2026-01-21 23:48:22.816753119,2026-02-13 04:21:28.408333987,1,1
UPI_000134,ACC_000119,2025-09-10 12:39:09.365260787,2026-03-16 13:44:51.232261465,0,0
UPI_000135,ACC_000120,2026-01-14 11:05:21.423723608,2026-05-10 12:38:03.778404628,0,0
UPI_000136,ACC_000120,2026-01-14 11:05:21.423723608,2026-05-10 12:38:03.778404628,0,0
UPI_000137,ACC_000121,2024-05-21 03:47:05.327263897,2026-01-05 05:11:14.337036065,0,0
UPI_000138,ACC_000122,2025-07-13 21:15:26.751058608,2025-08-22 12:32:34.315224672,0,0
UPI_000139,ACC_000123,2024-11-30 16:21:55.769900698,2025-07-13 21:06:52.021575856,0,0
UPI_000140,ACC_000124,2025-11-11 01:37:02.811562330,2026-01-13 19:51:07.994779647,0,0
UPI_000141,ACC_000125,2025-06-12 11:00:04.640278228,2026-02-17 20:06:43.045264008,0,0
UPI_000142,ACC_000126,2024-02-19 08:35:37.212995046,2024-12-11 10:04:08.474227570,0,0
UPI_000143,ACC_000127,2025-05-01 01:26:57.205092758,2025-12-03 06:42:08.566789007,0,0
UPI_000144,ACC_000128,2025-11-09 01:11:08.615573294,2026-04-03 23:28:52.357231472,0,0
UPI_000145,ACC_000129,2024-08-27 09:36:19.334061909,2026-03-31 21:04:56.271419600,0,0
UPI_000146,ACC_000130,2025-08-19 06:34:03.163907491,2026-06-05 02:39:02.287376721,0,0
UPI_000147,ACC_000131,2026-02-05 02:00:03.717411578,2026-05-16 13:48:42.857388437,0,0
UPI_000148,ACC_000132,2024-02-29 08:49:23.435056995,2024-07-11 13:19:58.360760607,0,0
UPI_000149,ACC_000133,2025-06-10 13:52:52.030132405,2026-05-18 07:08:10.902623310,0,0
UPI_000150,ACC_000134,2026-03-19 14:30:21.713664249,2026-04-09 13:06:06.552149267,0,0
UPI_000151,ACC_000135,2024-04-25 04:02:40.074384846,2024-06-06 11:56:18.441727834,0,0
UPI_000152,ACC_000136,2024-09-02 06:49:52.195584092,2025-06-20 09:11:10.235582920,0,0
UPI_000153,ACC_000137,2025-07-24 05:12:11.514987759,2026-03-14 12:43:13.052991666,0,0
UPI_000154,ACC_000138,2025-06-17 02:27:38.066611759,2025-08-12 13:07:35.074943905,0,0
UPI_000155,ACC_000139,2025-12-23 18:48:46.135796599,2026-02-18 03:06:13.711513668,34,21
UPI_000156,ACC_000139,2025-12-23 18:48:46.135796599,2026-02-18 03:06:13.711513668,41,23
UPI_000157,ACC_000140,2025-07-27 01:36:43.419661053,2025-08-23 02:55:45.256056418,0,0
UPI_000158,ACC_000140,2025-07-27 01:36:43.419661053,2025-08-23 02:55:45.256056418,0,0
UPI_000159,ACC_000141,2025-06-08 14:16:31.492430799,2026-02-02 11:21:04.816835477,0,0
UPI_000160,ACC_000142,2025-02-15 15:16:43.405187316,2026-02-04 07:18:41.415508071,0,0
UPI_000161,ACC_000143,2024-03-12 06:50:32.271626956,2025-05-22 16:10:16.468213877,0,0
UPI_000162,ACC_000144,2025-06-22 11:33:17.384123519,2025-12-05 00:58:31.964571729,0,0
UPI_000163,ACC_000145,2024-05-22 16:28:01.812315239,2026-03-04 23:41:25.507399718,0,0
UPI_000164,ACC_000146,2026-06-26 05:15:11.776170745,2026-06-27 19:17:34.824401045,0,0
UPI_000165,ACC_000147,2024-03-12 12:19:32.858717017,2025-03-18 08:57:23.563736612,0,0
UPI_000166,ACC_000148,2024-03-09 23:27:40.554123099,2025-07-09 02:25:06.566034462,0,0
UPI_000167,ACC_000149,2025-12-18 06:10:14.529585435,2026-05-03 14:57:01.349620105,0,0
UPI_000168,ACC_000149,2025-12-18 06:10:14.529585435,2026-05-03 14:57:01.349620105,0,0
UPI_000169,ACC_000150,2024-04-02 03:52:37.804444746,2025-12-29 10:10:37.026269624,0,0
UPI_000170,ACC_000151,2025-01-04 00:35:15.929537065,2025-01-26 03:32:59.718787927,0,0
UPI_000171,ACC_000152,2026-04-24 22:50:19.481792450,2026-06-20 04:03:33.019431252,0,0
UPI_000172,ACC_000153,2025-12-18 18:15:44.194283471,2026-03-15 23:22:28.621829260,0,0
UPI_000173,ACC_000154,2024-07-31 02:51:42.336099323,2026-04-25 05:11:09.163930995,0,0
UPI_000174,ACC_000155,2024-08-16 16:31:01.168129221,2025-08-17 15:23:45.775714485,0,0
UPI_000175,ACC_000156,2025-06-23 13:23:48.670441344,2025-12-17 07:15:36.542806939,0,0
UPI_000176,ACC_000157,2025-03-19 03:30:19.208109140,2025-06-18 13:24:03.616642250,0,0
UPI_000177,ACC_000158,2024-04-16 08:32:32.785045618,2025-04-29 05:16:57.243129530,0,0
UPI_000178,ACC_000159,2024-05-24 12:39:55.606102088,2025-06-06 08:16:17.410815797,0,0
UPI_000179,ACC_000160,2026-01-01 10:31:31.436647221,2026-06-11 01:15:24.684289029,0,0
UPI_000180,ACC_000161,2024-11-10 02:30:18.822379693,2026-04-23 14:27:12.870442118,0,0
UPI_000181,ACC_000162,2025-12-28 21:36:13.950162180,2026-03-27 23:06:09.364795855,0,0
UPI_000182,ACC_000163,2024-06-21 22:23:02.316615690,2026-03-24 06:08:20.922367221,0,0
UPI_000183,ACC_000164,2025-06-30 01:59:34.095249817,2026-05-07 20:45:10.854510823,0,0
UPI_000184,ACC_000165,2025-04-05 03:41:50.027204722,2026-06-06 17:30:39.143631994,0,0
UPI_000185,ACC_000165,2025-04-05 03:41:50.027204722,2026-06-06 17:30:39.143631994,0,0
UPI_000186,ACC_000166,2024-10-24 08:05:31.433088314,2025-06-03 05:45:08.574124825,0,0
UPI_000187,ACC_000167,2025-07-08 09:55:42.147854254,2025-09-22 02:11:31.013914074,0,0
UPI_000188,ACC_000168,2024-04-23 10:49:47.282081397,2026-05-16 06:38:56.714413491,0,0
UPI_000189,ACC_000169,2026-02-19 05:49:30.577342957,2026-05-06 17:13:20.371467468,0,0
UPI_000190,ACC_000169,2026-02-19 05:49:30.577342957,2026-05-06 17:13:20.371467468,0,0
UPI_000191,ACC_000170,2025-11-08 05:20:00.463347130,2026-02-25 07:35:37.110732656,0,0
UPI_000192,ACC_000171,2024-09-18 10:23:05.275714964,2025-06-12 16:51:40.343226927,0,0
UPI_000193,ACC_000172,2025-06-12 12:26:18.049093477,2025-07-14 22:25:31.012223971,0,0
UPI_000194,ACC_000173,2026-04-01 21:01:15.325803488,2026-04-20 01:34:28.960909074,0,0
UPI_000195,ACC_000174,2025-01-19 17:16:19.001248453,2025-06-22 04:10:23.311801574,0,0
UPI_000196,ACC_000175,2024-11-27 00:06:03.456493456,2025-10-12 18:22:36.356382687,0,0
UPI_000197,ACC_000176,2025-12-28 20:10:47.319899559,2026-04-02 11:33:05.389171388,0,0
UPI_000198,ACC_000177,2024-01-02 01:55:52.176996991,2025-05-10 01:05:07.627640690,0,0
UPI_000199,ACC_000178,2025-09-17 06:51:51.962229684,2025-10-09 03:10:16.681732016,0,0
UPI_000200,ACC_000179,2024-07-15 14:23:01.400741089,2024-07-22 13:57:04.238608856,0,0
UPI_000201,ACC_000180,2025-09-24 11:00:58.618541412,2026-01-31 11:10:46.738613889,0,0
UPI_000202,ACC_000181,2025-02-02 22:16:03.224467628,2025-05-13 00:06:57.998417056,0,0
UPI_000203,ACC_000182,2024-01-19 11:44:05.281845519,2026-03-25 07:45:35.103989995,0,0
UPI_000204,ACC_000183,2026-03-07 10:49:02.562598035,2026-04-25 19:28:29.017215430,0,0
UPI_000205,ACC_000184,2025-05-12 21:32:42.920988701,2025-10-05 07:21:26.292410428,0,0
UPI_000206,ACC_000185,2024-10-12 16:34:39.274986964,2025-09-17 20:41:54.252730661,0,0
UPI_000207,ACC_000186,2025-10-02 18:41:32.652548753,2026-03-21 15:22:07.563415713,0,0
UPI_000208,ACC_000187,2025-03-27 19:14:35.259882889,2025-05-04 10:35:07.814024922,0,0
UPI_000209,ACC_000188,2024-02-01 20:06:57.891346366,2025-11-14 14:15:57.150651771,0,0
UPI_000210,ACC_000189,2025-08-15 09:12:21.423492908,2025-09-28 05:14:35.742843736,0,0
UPI_000211,ACC_000190,2026-06-02 05:50:21.222441271,2026-06-12 23:27:55.259919007,11,6
UPI_000212,ACC_000190,2026-06-02 05:50:21.222441271,2026-06-12 23:27:55.259919007,16,9
UPI_000213,ACC_000191,2024-07-21 05:21:29.756677806,2025-03-31 03:54:19.800780047,0,0
UPI_000214,ACC_000192,2026-02-25 03:00:58.073200583,2026-05-07 04:47:06.096159844,0,0
UPI_000215,ACC_000193,2025-07-19 17:25:58.038738444,2026-03-14 18:45:11.927312921,0,0
UPI_000216,ACC_000194,2024-03-11 23:10:13.121387353,2026-01-13 16:20:03.880191608,0,0
UPI_000217,ACC_000195,2025-10-27 00:10:22.578544237,2026-03-05 16:20:56.367776869,0,0
UPI_000218,ACC_000195,2025-10-27 00:10:22.578544237,2026-03-05 16:20:56.367776869,0,0
UPI_000219,ACC_000196,2025-02-06 04:44:26.647363164,2025-04-26 06:16:13.353065909,0,0
UPI_000220,ACC_000197,2025-12-24 02:11:58.704907849,2026-05-03 20:48:44.223664911,0,0
UPI_000221,ACC_000197,2025-12-24 02:11:58.704907849,2026-05-03 20:48:44.223664911,0,0
UPI_000222,ACC_000198,2025-08-02 03:56:27.434293039,2026-01-08 01:07:42.826178348,0,0
UPI_000223,ACC_000199,2024-01-03 12:53:02.066620929,2025-06-21 13:27:56.009988345,0,0
UPI_000224,ACC_000200,2024-04-25 01:21:43.639565332,2025-04-13 05:20:41.300522627,0,0
UPI_000225,ACC_000201,2024-11-17 01:44:23.467138890,2025-07-20 15:44:18.480769054,0,0
UPI_000226,ACC_000202,2025-03-14 23:15:46.074829146,2026-02-09 00:46:24.420416409,0,0
UPI_000227,ACC_000203,2026-04-29 04:01:51.630948871,2026-05-31 13:47:30.774593071,0,0
UPI_000228,ACC_000204,2026-01-18 19:36:01.273193233,2026-06-08 13:24:54.211080360,0,0
UPI_000229,ACC_000205,2025-12-31 06:31:13.366214544,2026-05-14 15:12:07.688708953,0,0
UPI_000230,ACC_000206,2025-05-06 13:17:53.886866853,2025-11-22 08:11:14.424367816,0,0
UPI_000231,ACC_000207,2024-03-25 14:22:19.379676418,2024-09-18 14:54:00.616335192,0,0
UPI_000232,ACC_000208,2025-11-10 10:20:07.567711912,2025-11-14 12:00:33.428113153,0,0
UPI_000233,ACC_000209,2024-03-19 20:17:33.056498366,2024-09-06 18:28:40.618684350,0,0
UPI_000234,ACC_000210,2024-03-24 07:24:46.217653441,2024-11-12 02:43:28.242721435,0,0
UPI_000235,ACC_000211,2024-08-20 09:11:58.105626110,2024-11-08 12:53:08.189845005,0,0
UPI_000236,ACC_000212,2026-04-20 10:56:00.614996031,2026-06-06 15:44:56.834628256,0,0
UPI_000237,ACC_000213,2025-11-14 04:13:27.546053134,2026-01-27 11:08:38.924291091,0,0
UPI_000238,ACC_000214,2024-03-10 19:55:52.967505715,2024-04-05 06:31:52.792763368,0,0
UPI_000239,ACC_000215,2026-04-17 03:03:29.436410740,2026-05-19 09:36:59.212641506,0,0
UPI_000240,ACC_000216,2025-12-14 15:42:53.776380144,2026-05-18 10:26:56.000011164,0,0
UPI_000241,ACC_000217,2025-07-03 22:02:45.322233111,2025-11-03 14:17:06.758332908,0,0
UPI_000242,ACC_000218,2024-04-25 15:53:51.993221328,2026-04-13 07:41:49.085131383,0,0
UPI_000243,ACC_000219,2024-10-18 15:09:57.458615512,2026-03-30 19:47:54.145774432,0,0
UPI_000244,ACC_000220,2024-09-30 22:06:26.617184654,2026-04-20 12:36:25.119610432,0,0
UPI_000245,ACC_000221,2025-08-06 01:59:26.431431137,2026-03-13 01:30:12.404154546,0,0
UPI_000246,ACC_000222,2025-06-19 13:10:53.052624702,2026-04-18 09:15:55.703974472,0,0
UPI_000247,ACC_000223,2024-09-09 13:35:49.516625322,2025-05-23 16:20:18.416715261,0,0
UPI_000248,ACC_000224,2024-10-10 09:52:25.611621995,2025-12-19 11:13:34.746792819,0,0
UPI_000249,ACC_000225,2025-04-17 07:12:34.789718717,2025-07-24 12:36:44.868555110,0,0
UPI_000250,ACC_000226,2026-02-09 03:58:11.407321095,2026-03-09 23:55:31.462895563,0,0
UPI_000251,ACC_000227,2024-04-24 23:47:03.013801321,2026-05-16 02:48:32.624371105,0,0
UPI_000252,ACC_000228,2025-10-23 03:32:13.889446229,2026-03-09 06:29:54.209445310,0,0
UPI_000253,ACC_000229,2026-06-26 01:25:16.399796620,2026-06-26 08:12:01.435174492,0,0
UPI_000254,ACC_000230,2025-11-14 00:09:34.883555390,2025-12-28 23:45:33.739071213,0,0
UPI_000255,ACC_000231,2025-02-06 06:30:39.100506090,2025-09-28 23:13:46.260760577,0,0
UPI_000256,ACC_000232,2025-10-28 13:19:58.054080844,2026-05-23 07:54:10.453401538,0,0
UPI_000257,ACC_000233,2026-02-23 02:02:56.439258486,2026-06-16 19:04:42.504520692,0,0
UPI_000258,ACC_000233,2026-02-23 02:02:56.439258486,2026-06-16 19:04:42.504520692,0,0
UPI_000259,ACC_000234,2025-12-01 02:29:10.250140272,2025-12-25 00:45:14.637589133,0,0
UPI_000260,ACC_000235,2024-01-12 14:55:48.082027793,2024-03-08 09:49:18.247089154,0,0
UPI_000261,ACC_000236,2024-04-29 18:58:27.167342860,2024-08-04 01:42:51.530447989,0,0
UPI_000262,ACC_000237,2024-04-07 14:33:57.748246791,2025-10-05 17:09:46.632788966,0,0
UPI_000263,ACC_000237,2024-04-07 14:33:57.748246791,2025-10-05 17:09:46.632788966,0,0
UPI_000264,ACC_000238,2024-01-29 23:50:32.909156214,2025-05-13 22:51:41.980067886,0,0
UPI_000265,ACC_000239,2025-10-12 22:19:51.254009418,2026-04-22 20:00:11.127619682,0,0
UPI_000266,ACC_000240,2024-08-31 13:51:10.813421730,2025-10-01 14:22:41.754398609,0,0
UPI_000267,ACC_000241,2025-10-19 16:51:33.285486892,2025-11-12 23:45:34.099425505,0,0
UPI_000268,ACC_000242,2025-08-29 19:34:34.626539402,2025-11-16 04:23:55.612732183,0,0
UPI_000269,ACC_000243,2025-04-22 00:14:03.383806214,2025-09-12 21:35:50.252709816,0,0
UPI_000270,ACC_000244,2024-02-24 09:35:30.423485537,2025-10-22 14:42:14.782589506,0,0
UPI_000271,ACC_000245,2024-10-05 03:12:54.910888497,2025-10-17 20:40:19.450017514,0,0
UPI_000272,ACC_000246,2024-01-25 16:50:12.762790394,2026-05-13 20:52:31.510890324,0,0
UPI_000273,ACC_000247,2026-04-09 00:40:57.194600642,2026-04-20 22:58:18.711944360,0,0
UPI_000274,ACC_000248,2024-10-08 03:57:55.381858855,2026-05-22 08:16:23.998628370,0,0
UPI_000275,ACC_000249,2024-03-27 11:58:37.318152539,2024-09-25 00:19:06.880273769,0,0
UPI_000276,ACC_000250,2024-01-03 07:03:21.945326106,2024-11-10 09:42:31.752701711,0,0
UPI_000277,ACC_000251,2025-07-11 02:06:46.483969577,2025-07-23 07:49:30.532955736,0,0
UPI_000278,ACC_000252,2025-07-19 16:52:02.284965955,2025-10-30 02:13:44.654972378,0,0
UPI_000279,ACC_000253,2026-06-25 09:02:47.754100099,2026-06-26 07:12:17.056674720,0,0
UPI_000280,ACC_000254,2024-09-19 22:09:04.597921737,2025-02-07 17:14:34.685461628,0,0
UPI_000281,ACC_000255,2024-02-12 09:13:36.830958805,2025-06-23 09:49:49.470753475,0,0
UPI_000282,ACC_000256,2025-12-11 00:24:56.922944933,2026-05-16 22:36:31.008310718,0,0
UPI_000283,ACC_000257,2024-10-04 11:22:47.648795702,2026-01-19 10:10:22.153856788,0,0
UPI_000284,ACC_000258,2024-10-28 05:31:45.347532440,2026-03-17 19:40:05.368922430,0,0
UPI_000285,ACC_000259,2026-04-06 22:42:12.903199196,2026-06-07 10:01:30.028499781,0,0
UPI_000286,ACC_000260,2025-06-08 03:53:44.645886861,2026-06-20 21:52:31.594619754,0,0
UPI_000287,ACC_000261,2024-12-30 17:14:40.963384353,2025-01-09 19:26:40.954491687,0,0
UPI_000288,ACC_000261,2024-12-30 17:14:40.963384353,2025-01-09 19:26:40.954491687,0,0
UPI_000289,ACC_000262,2026-05-15 22:59:37.413052186,2026-06-29 10:54:56.125802556,0,0
UPI_000290,ACC_000263,2024-08-29 16:19:33.434919976,2025-05-30 23:40:47.034460275,0,0
UPI_000291,ACC_000264,2024-01-20 13:35:35.033592344,2025-03-21 11:55:46.735410975,0,0
UPI_000292,ACC_000265,2024-07-29 07:51:25.908562694,2025-09-06 20:39:27.637071837,0,0
UPI_000293,ACC_000266,2024-02-10 04:46:12.413464052,2024-02-17 14:53:59.631465165,0,0
UPI_000294,ACC_000267,2025-01-06 10:59:16.568712600,2025-04-14 11:57:09.718953477,91,36
UPI_000295,ACC_000268,2026-01-27 02:26:21.250907570,2026-04-05 17:39:31.338657948,0,0
UPI_000296,ACC_000269,2026-06-07 09:19:34.314123318,2026-06-24 18:55:23.127414543,0,0
UPI_000297,ACC_000270,2025-09-29 23:48:59.738656893,2026-05-25 12:47:36.034022434,0,0
UPI_000298,ACC_000271,2026-04-23 16:34:34.951662719,2026-05-03 15:13:43.288085544,0,0
UPI_000299,ACC_000272,2025-01-07 04:08:39.581179779,2025-05-28 21:02:54.709561203,0,0
UPI_000300,ACC_000272,2025-01-07 04:08:39.581179779,2025-05-28 21:02:54.709561203,1,1
UPI_000301,ACC_000273,2024-10-02 18:26:24.484314922,2025-10-23 14:08:30.187244723,0,0
UPI_000302,ACC_000274,2024-05-20 11:58:49.431001199,2025-02-22 15:17:09.835465097,0,0
UPI_000303,ACC_000275,2025-04-01 07:15:20.199901484,2025-08-14 18:18:19.376932786,0,0
UPI_000304,ACC_000276,2024-10-24 20:10:25.137573708,2025-06-16 21:03:26.125599261,0,0
UPI_000305,ACC_000277,2024-04-07 23:12:15.124000631,2025-10-30 09:17:58.119269369,0,0
UPI_000306,ACC_000278,2026-04-28 23:23:26.505829379,2026-05-11 07:01:43.064533282,0,0
UPI_000307,ACC_000279,2024-04-22 16:39:36.060457600,2024-06-11 02:44:17.686304797,0,0
UPI_000308,ACC_000280,2025-11-04 21:39:45.014204428,2025-11-05 17:20:00.344377072,0,0
UPI_000309,ACC_000281,2024-03-03 00:23:36.096119711,2025-05-24 03:36:44.740010883,0,0
UPI_000310,ACC_000282,2025-04-25 04:52:27.963095307,2025-08-10 21:50:07.521713134,0,0
UPI_000311,ACC_000283,2025-09-06 17:52:57.203683220,2026-02-20 03:11:57.283711319,0,0
UPI_000312,ACC_000284,2024-08-01 15:51:42.862147179,2026-04-08 00:15:27.482392931,0,0
UPI_000313,ACC_000285,2024-03-09 22:00:14.098018921,2024-11-12 04:49:48.374463920,0,0
UPI_000314,ACC_000286,2025-06-24 13:19:25.281071059,2025-08-31 13:23:21.309688667,0,0
UPI_000315,ACC_000287,2025-07-03 05:57:23.003548615,2025-07-03 19:37:59.791175843,47,30
UPI_000316,ACC_000287,2025-07-03 05:57:23.003548615,2025-07-03 19:37:59.791175843,53,29
UPI_000317,ACC_000288,2024-10-11 05:11:07.282364529,2026-06-18 07:29:43.733087866,0,0
UPI_000318,ACC_000289,2024-12-08 17:05:29.071130853,2025-09-28 10:02:37.379660354,0,0
UPI_000319,ACC_000290,2024-02-11 13:07:28.033074850,2026-01-08 22:19:47.681431687,0,0
UPI_000320,ACC_000290,2024-02-11 13:07:28.033074850,2026-01-08 22:19:47.681431687,0,0
UPI_000321,ACC_000291,2024-09-26 11:07:18.074643571,2026-03-30 23:10:28.829087716,0,0
UPI_000322,ACC_000292,2026-03-15 01:13:13.851795197,2026-06-29 11:42:59.880997389,0,0
UPI_000323,ACC_000292,2026-03-15 01:13:13.851795197,2026-06-29 11:42:59.880997389,0,0
UPI_000324,ACC_000293,2024-06-05 01:10:59.403149499,2026-03-16 00:42:55.086350467,0,0
UPI_000325,ACC_000294,2025-03-02 09:29:11.828556858,2025-07-22 21:32:28.617563090,0,0
UPI_000326,ACC_000295,2025-09-08 14:07:42.598387174,2026-02-21 17:52:13.619252562,0,0
UPI_000327,ACC_000295,2025-09-08 14:07:42.598387174,2026-02-21 17:52:13.619252562,0,0
UPI_000328,ACC_000296,2026-01-01 10:13:03.697821356,2026-06-23 07:23:53.418845610,0,0
UPI_000329,ACC_000297,2024-03-14 22:14:43.573444983,2025-08-27 02:39:16.220788264,0,0
UPI_000330,ACC_000298,2025-06-23 03:54:18.062039189,2026-04-05 03:06:11.171426431,0,0
UPI_000331,ACC_000299,2025-07-25 11:04:20.508407563,2026-05-29 07:23:39.280556897,0,0
UPI_000332,ACC_000300,2024-06-28 19:32:45.671932893,2025-09-20 12:12:27.112157927,0,0
UPI_000333,ACC_000301,2024-01-29 02:28:19.117036888,2025-10-01 11:30:41.284420548,0,0
UPI_000334,ACC_000302,2026-02-08 05:14:16.321744405,2026-05-02 14:59:35.557043745,0,0
UPI_000335,ACC_000303,2025-02-04 21:41:12.510457791,2025-07-27 15:23:35.789677793,0,0
UPI_000336,ACC_000304,2024-02-25 08:52:40.513939590,2024-09-25 05:55:02.616159566,0,0
UPI_000337,ACC_000304,2024-02-25 08:52:40.513939590,2024-09-25 05:55:02.616159566,0,0
UPI_000338,ACC_000305,2025-06-10 14:01:10.875251912,2026-02-09 02:59:40.952683963,0,0
UPI_000339,ACC_000306,2024-12-09 08:49:29.881419208,2026-06-19 06:50:43.850202745,0,0
UPI_000340,ACC_000307,2024-03-14 01:31:17.204297370,2026-04-20 17:29:05.212129219,0,0
UPI_000341,ACC_000308,2024-09-18 13:23:59.940300081,2025-02-01 20:23:33.211715713,0,0
UPI_000342,ACC_000309,2024-10-24 17:50:08.448038992,2026-03-25 13:40:24.039023122,19,11
UPI_000343,ACC_000310,2025-06-07 17:43:21.042401321,2025-06-15 21:54:12.293198723,0,0
UPI_000344,ACC_000311,2025-01-02 10:29:04.110064842,2025-11-18 20:08:54.302565084,0,0
UPI_000345,ACC_000311,2025-01-02 10:29:04.110064842,2025-11-18 20:08:54.302565084,0,0
UPI_000346,ACC_000312,2024-04-07 11:16:37.114242621,2026-05-04 07:49:55.586003310,0,0
UPI_000347,ACC_000313,2025-08-01 18:58:24.951331809,2026-06-16 11:46:49.057349881,0,0
UPI_000348,ACC_000314,2025-10-25 22:27:55.627368957,2026-03-23 22:19:05.453372114,0,0
UPI_000349,ACC_000315,2025-04-07 03:40:19.866775721,2026-01-15 07:00:37.139874729,0,0
UPI_000350,ACC_000316,2024-02-27 17:06:02.352138928,2025-01-25 09:57:29.374214392,0,0
UPI_000351,ACC_000317,2024-04-04 00:54:24.822302460,2025-11-16 05:21:11.946089726,0,0
UPI_000352,ACC_000318,2026-05-10 13:44:15.016463906,2026-05-22 23:06:33.859474796,0,0
UPI_000353,ACC_000319,2024-06-21 12:17:03.037970083,2024-07-16 12:36:26.995658497,2,2
UPI_000354,ACC_000320,2024-10-07 03:03:39.542019576,2026-03-18 02:20:44.843012391,0,0
UPI_000355,ACC_000320,2024-10-07 03:03:39.542019576,2026-03-18 02:20:44.843012391,0,0
UPI_000356,ACC_000321,2025-09-18 07:47:59.575549878,2025-10-05 12:12:24.175360631,0,0
UPI_000357,ACC_000322,2025-12-22 08:41:38.067953810,2026-04-27 09:58:56.781009938,0,0
UPI_000358,ACC_000323,2026-04-09 22:31:03.623248547,2026-05-15 08:33:32.290188737,0,0
UPI_000359,ACC_000324,2024-12-26 00:20:28.832715489,2025-01-18 20:21:22.104823125,0,0
UPI_000360,ACC_000325,2026-06-22 23:28:20.566896245,2026-06-24 02:24:20.753167160,0,0
UPI_000361,ACC_000326,2024-04-04 15:27:45.338660354,2024-06-25 20:48:18.313959339,0,0
UPI_000362,ACC_000327,2026-01-22 23:20:41.904619232,2026-02-25 20:30:38.257111615,0,0
UPI_000363,ACC_000328,2024-09-04 21:19:44.136377335,2025-10-31 03:33:09.591400133,0,0
UPI_000364,ACC_000329,2026-05-03 16:33:21.266115427,2026-06-05 09:24:48.510588509,0,0
UPI_000365,ACC_000330,2026-03-02 20:06:29.222432241,2026-04-23 10:15:30.012214387,0,0
UPI_000366,ACC_000331,2025-11-25 10:17:04.379686311,2026-05-27 00:14:12.002877309,0,0
UPI_000367,ACC_000332,2025-07-04 00:20:03.681568801,2026-04-01 20:44:58.638756073,0,0
UPI_000368,ACC_000332,2025-07-04 00:20:03.681568801,2026-04-01 20:44:58.638756073,1,1
UPI_000369,ACC_000333,2024-07-14 08:52:24.209380407,2025-11-14 22:27:10.145158398,0,0
UPI_000370,ACC_000334,2025-02-24 19:32:09.897673875,2025-12-15 08:50:55.842518432,0,0
UPI_000371,ACC_000335,2024-02-01 16:33:26.180180328,2025-10-05 18:52:14.974884504,2,1
UPI_000372,ACC_000335,2024-02-01 16:33:26.180180328,2025-10-05 18:52:14.974884504,2,2
UPI_000373,ACC_000336,2025-10-08 06:23:59.054978557,2025-12-07 06:05:11.890951283,0,0
UPI_000374,ACC_000337,2024-04-15 13:35:03.492948754,2024-11-10 20:02:46.391269200,0,0
UPI_000375,ACC_000338,2024-08-23 07:12:50.177766748,2025-03-12 17:41:09.978245293,0,0
UPI_000376,ACC_000339,2024-08-11 05:45:51.378750876,2026-01-02 21:55:13.188808658,0,0
UPI_000377,ACC_000340,2025-12-18 19:42:33.879384361,2026-03-12 07:51:37.665559999,0,0
UPI_000378,ACC_000341,2024-12-30 23:45:49.392779592,2026-06-07 21:19:42.376728658,0,0
UPI_000379,ACC_000342,2025-05-01 23:12:14.163123213,2025-05-19 00:19:48.438200993,5,5
UPI_000380,ACC_000343,2024-07-09 01:14:10.001290774,2025-04-11 07:04:50.671689644,0,0
UPI_000381,ACC_000344,2024-10-31 08:48:31.040897388,2025-02-02 05:30:22.055928652,0,0
UPI_000382,ACC_000345,2025-04-11 08:09:30.568895623,2026-04-09 07:48:12.489940371,0,0
UPI_000383,ACC_000346,2024-06-25 22:04:25.824296309,2025-06-12 23:47:07.867965370,0,0
UPI_000384,ACC_000347,2025-09-20 10:03:37.913054682,2026-03-14 14:58:40.520561234,0,0
UPI_000385,ACC_000348,2025-02-13 06:46:55.052042089,2025-12-10 06:49:24.594105948,0,0
UPI_000386,ACC_000348,2025-02-13 06:46:55.052042089,2025-12-10 06:49:24.594105948,0,0
UPI_000387,ACC_000349,2026-06-15 02:31:57.762233347,2026-06-16 06:47:46.655434819,0,0
UPI_000388,ACC_000350,2024-08-12 14:08:26.126572385,2026-02-01 13:19:59.615400035,0,0
UPI_000389,ACC_000351,2024-12-26 19:26:49.549166985,2026-03-24 01:16:59.058367335,0,0
UPI_000390,ACC_000351,2024-12-26 19:26:49.549166985,2026-03-24 01:16:59.058367335,0,0
UPI_000391,ACC_000352,2026-04-22 08:49:45.361326635,2026-06-03 01:23:07.788489223,0,0
UPI_000392,ACC_000353,2026-03-18 03:26:48.831160322,2026-04-16 07:43:23.051956118,0,0
UPI_000393,ACC_000354,2025-03-17 01:53:18.415707149,2026-02-20 08:16:36.586460034,0,0
UPI_000394,ACC_000355,2024-04-22 14:14:58.811723435,2025-11-03 00:13:57.261234565,0,0
UPI_000395,ACC_000356,2025-01-07 09:35:45.871916786,2026-05-13 21:26:33.284741555,0,0
UPI_000396,ACC_000357,2025-06-19 01:23:48.174334265,2025-08-02 04:03:02.459171339,0,0
UPI_000397,ACC_000358,2024-08-19 14:27:57.117099520,2026-04-29 17:18:05.202962496,0,0
UPI_000398,ACC_000359,2024-06-23 02:55:45.289911740,2026-04-07 18:51:39.394222689,0,0
UPI_000399,ACC_000360,2025-04-29 03:21:10.993183374,2025-09-03 03:24:58.556386274,0,0
UPI_000400,ACC_000361,2024-06-09 08:35:18.828677874,2025-11-28 23:11:09.572279440,0,0
UPI_000401,ACC_000362,2026-03-07 16:49:39.028396651,2026-04-06 20:13:28.085748370,0,0
UPI_000402,ACC_000363,2024-03-08 15:12:08.798982780,2024-09-22 21:43:45.693880997,0,0
UPI_000403,ACC_000364,2026-06-18 12:31:42.127256870,2026-06-25 21:15:10.958575705,0,0
UPI_000404,ACC_000365,2025-05-05 01:35:09.495311245,2025-05-26 03:02:36.343033900,0,0
UPI_000405,ACC_000366,2026-06-15 00:36:23.674490392,2026-06-16 11:16:47.525813650,83,35
UPI_000406,ACC_000367,2025-11-15 15:08:48.949122787,2026-04-14 01:36:36.859984000,0,0
UPI_000407,ACC_000367,2025-11-15 15:08:48.949122787,2026-04-14 01:36:36.859984000,0,0
UPI_000408,ACC_000368,2024-05-19 06:57:49.436357062,2026-05-23 20:34:03.152343802,0,0
UPI_000409,ACC_000369,2024-07-26 04:41:38.788345296,2024-08-19 03:39:12.634894626,0,0
UPI_000410,ACC_000370,2024-04-07 10:17:13.580613395,2024-04-26 01:47:09.566365271,0,0
UPI_000411,ACC_000371,2025-10-26 04:43:14.983703099,2025-11-13 15:36:51.875255973,0,0
UPI_000412,ACC_000372,2024-06-02 15:32:55.863124238,2024-06-03 21:48:09.803204930,0,0
UPI_000413,ACC_000372,2024-06-02 15:32:55.863124238,2024-06-03 21:48:09.803204930,0,0
UPI_000414,ACC_000373,2025-10-12 23:34:13.614927508,2026-06-11 08:38:20.134749200,0,0
UPI_000415,ACC_000374,2026-02-22 00:04:29.996821642,2026-04-23 16:17:46.838296882,0,0
UPI_000416,ACC_000375,2025-01-10 01:43:28.567512460,2026-01-15 23:52:46.784339601,0,0
UPI_000417,ACC_000375,2025-01-10 01:43:28.567512460,2026-01-15 23:52:46.784339601,0,0
UPI_000418,ACC_000376,2025-08-25 04:55:26.819316328,2025-12-31 18:47:55.958471310,0,0
UPI_000419,ACC_000376,2025-08-25 04:55:26.819316328,2025-12-31 18:47:55.958471310,0,0
UPI_000420,ACC_000377,2026-03-26 12:33:38.060106382,2026-06-29 17:41:13.598835996,0,0
UPI_000421,ACC_000378,2025-11-17 02:20:18.020584829,2026-03-05 00:50:44.096274596,11,8
UPI_000422,ACC_000379,2024-04-29 02:57:00.669120526,2026-05-12 21:44:42.523687527,0,0
UPI_000423,ACC_000380,2024-09-23 11:29:14.938122347,2025-11-16 03:59:41.557022600,0,0
UPI_000424,ACC_000381,2025-05-02 23:10:51.060068719,2026-06-07 21:23:42.966739192,0,0
UPI_000425,ACC_000381,2025-05-02 23:10:51.060068719,2026-06-07 21:23:42.966739192,0,0
UPI_000426,ACC_000382,2024-08-28 17:58:49.382160831,2025-07-26 14:50:25.504809746,0,0
UPI_000427,ACC_000383,2025-04-05 21:31:04.940115631,2026-05-06 11:36:15.857985063,0,0
UPI_000428,ACC_000384,2026-05-18 00:41:29.696376830,2026-06-01 09:01:54.388160116,0,0
UPI_000429,ACC_000385,2025-02-16 20:02:41.041836403,2026-01-12 05:18:10.601215455,0,0
UPI_000430,ACC_000386,2024-08-26 09:08:58.493142117,2025-10-15 12:16:17.001304464,0,0
UPI_000431,ACC_000387,2024-05-13 12:47:46.438167203,2025-05-27 00:46:16.482717485,0,0
UPI_000432,ACC_000388,2026-03-31 21:35:44.902216226,2026-05-16 02:00:13.997006116,0,0
UPI_000433,ACC_000389,2024-07-28 08:11:53.831437632,2024-11-24 17:00:15.815447195,0,0
UPI_000434,ACC_000390,2024-06-25 09:18:35.394608179,2026-04-21 23:11:35.354137518,0,0
UPI_000435,ACC_000391,2025-05-17 02:03:55.918819882,2025-11-18 19:39:03.040019088,0,0
UPI_000436,ACC_000392,2025-02-24 14:51:01.578788571,2025-05-09 21:30:48.682708830,0,0
UPI_000437,ACC_000393,2024-12-17 08:10:37.869005386,2026-01-15 12:35:34.344213993,0,0
UPI_000438,ACC_000394,2025-06-11 03:38:25.400595613,2026-03-17 06:30:35.714595341,0,0
UPI_000439,ACC_000395,2025-06-02 17:29:25.103305489,2025-06-20 10:14:48.313914157,0,0
UPI_000440,ACC_000396,2024-03-03 07:33:09.565853674,2024-12-10 18:35:01.531756792,0,0
UPI_000441,ACC_000397,2025-01-12 23:46:53.865328800,2025-11-20 09:46:18.477223069,0,0
UPI_000442,ACC_000398,2025-10-18 19:39:04.943765789,2026-05-15 15:35:29.282993025,0,0
UPI_000443,ACC_000398,2025-10-18 19:39:04.943765789,2026-05-15 15:35:29.282993025,0,0
UPI_000444,ACC_000399,2024-12-13 17:01:58.325496990,2025-06-06 16:05:38.303720195,0,0
UPI_000445,ACC_000400,2026-06-27 20:49:26.315888166,2026-06-28 12:09:32.851431054,0,0
UPI_000446,ACC_000401,2024-08-02 10:27:32.303044528,2025-12-28 12:03:50.958972056,0,0
UPI_000447,ACC_000402,2025-03-28 04:30:31.515247568,2025-07-06 18:16:34.139379286,0,0
UPI_000448,ACC_000403,2025-09-05 22:47:23.241628669,2026-05-30 02:33:10.299824807,0,0
UPI_000449,ACC_000404,2025-05-14 02:28:11.118248738,2026-04-04 16:08:47.749084297,70,38
UPI_000450,ACC_000404,2025-05-14 02:28:11.118248738,2026-04-04 16:08:47.749084297,58,35
UPI_000451,ACC_000405,2024-02-05 14:17:41.056035788,2026-03-28 09:07:24.918003205,0,0
UPI_000452,ACC_000406,2025-04-12 22:47:51.045084648,2025-09-16 16:14:50.532912167,0,0
UPI_000453,ACC_000407,2026-05-30 09:57:49.055714175,2026-06-04 11:37:11.390567101,0,0
UPI_000454,ACC_000408,2025-01-05 11:17:56.909497112,2025-11-17 17:04:41.866566307,0,0
UPI_000455,ACC_000409,2024-04-15 20:08:06.015570266,2024-09-15 19:04:10.792339560,0,0
UPI_000456,ACC_000410,2024-01-20 08:47:37.691967963,2024-09-13 15:24:15.042411318,0,0
UPI_000457,ACC_000411,2025-01-10 13:45:28.814067859,2025-08-13 01:08:55.080006671,0,0
UPI_000458,ACC_000412,2024-06-17 19:19:46.711927598,2025-05-27 05:45:34.120060949,0,0
UPI_000459,ACC_000413,2026-01-30 09:51:12.228689916,2026-03-19 23:06:08.550752280,0,0
UPI_000460,ACC_000414,2026-05-17 12:09:26.651602805,2026-05-29 21:21:36.729980178,0,0
UPI_000461,ACC_000415,2026-05-06 19:44:58.232044756,2026-05-20 04:33:22.876772533,0,0
UPI_000462,ACC_000416,2024-12-07 04:42:49.443583384,2026-01-04 10:31:11.136740575,0,0
UPI_000463,ACC_000417,2025-02-18 06:48:30.158934601,2025-07-20 05:14:37.256334959,0,0
UPI_000464,ACC_000418,2024-10-14 00:54:11.426597361,2025-12-21 07:34:39.600137553,0,0
UPI_000465,ACC_000419,2024-04-27 13:36:10.479210598,2025-12-07 23:54:33.058565979,0,0
UPI_000466,ACC_000420,2025-05-24 06:49:27.747145683,2026-03-07 04:50:24.062825007,1,1
UPI_000467,ACC_000420,2025-05-24 06:49:27.747145683,2026-03-07 04:50:24.062825007,0,0
UPI_000468,ACC_000421,2024-06-18 15:11:29.908443475,2026-04-27 13:35:59.504534036,0,0
UPI_000469,ACC_000422,2024-02-24 02:54:02.992199604,2026-05-21 23:59:35.351884394,0,0
UPI_000470,ACC_000423,2026-02-12 20:00:36.848197684,2026-03-04 23:28:25.846136186,0,0
UPI_000471,ACC_000424,2025-12-28 10:45:13.143430419,2026-02-25 07:01:08.028584949,0,0
UPI_000472,ACC_000425,2026-04-23 20:14:19.986036479,2026-06-15 17:46:09.977604618,0,0
UPI_000473,ACC_000426,2024-10-25 06:23:58.916632626,2026-02-16 07:17:03.506781687,0,0
UPI_000474,ACC_000427,2026-03-04 05:26:02.413297087,2026-03-12 13:57:33.102666319,0,0
UPI_000475,ACC_000428,2024-12-28 23:45:10.792956334,2026-06-09 04:42:08.809417300,0,0
UPI_000476,ACC_000429,2024-03-07 07:14:57.862255818,2026-02-28 12:52:16.216539354,0,0
UPI_000477,ACC_000430,2025-02-21 02:14:16.500809260,2026-05-11 05:11:24.856024408,0,0
UPI_000478,ACC_000431,2025-05-19 11:58:49.620361827,2025-08-10 13:57:45.022059228,0,0
UPI_000479,ACC_000432,2025-01-28 15:16:14.996448860,2025-10-14 19:03:30.154367427,0,0
UPI_000480,ACC_000433,2025-12-16 12:46:11.209267020,2026-03-12 15:27:16.963419673,0,0
UPI_000481,ACC_000434,2024-11-16 12:21:45.008440282,2025-06-17 06:23:06.054535615,0,0
UPI_000482,ACC_000435,2026-04-19 02:04:41.054230347,2026-05-05 10:28:31.094896869,0,0
UPI_000483,ACC_000436,2024-03-08 13:30:28.753233086,2024-07-04 07:29:33.871200524,0,0
UPI_000484,ACC_000437,2025-10-18 06:59:09.775173530,2026-05-28 00:24:58.342558709,0,0
UPI_000485,ACC_000438,2026-04-26 07:10:28.344441116,2026-05-30 14:50:54.666925152,0,0
UPI_000486,ACC_000439,2025-05-18 22:20:18.673925154,2026-01-18 12:12:40.376249116,0,0
UPI_000487,ACC_000440,2026-03-11 11:25:20.225394815,2026-04-09 09:20:22.909048795,0,0
UPI_000488,ACC_000441,2025-09-22 06:11:49.423837326,2026-06-11 18:24:01.656363155,0,0
UPI_000489,ACC_000442,2024-01-14 05:40:09.752677445,2026-05-03 21:09:00.873096648,0,0
UPI_000490,ACC_000443,2025-09-03 12:05:34.459682807,2026-03-23 14:24:49.591256650,0,0
UPI_000491,ACC_000444,2025-08-21 03:03:50.845989458,2025-11-29 10:04:33.309237480,0,0
UPI_000492,ACC_000445,2024-01-01 00:36:01.768043286,2024-07-31 03:21:56.229940741,2,4
UPI_000493,ACC_000446,2025-01-07 17:53:24.542047277,2025-11-24 03:40:13.758532639,0,0
UPI_000494,ACC_000447,2024-02-05 08:18:37.636709563,2026-02-03 15:50:20.028892256,0,0
UPI_000495,ACC_000448,2024-09-23 22:07:32.550537691,2026-06-08 17:38:23.043124904,0,0
UPI_000496,ACC_000449,2026-06-17 18:38:21.550308466,2026-06-18 14:38:37.331079756,0,0
UPI_000497,ACC_000450,2026-05-06 14:22:24.174201116,2026-05-24 18:42:33.247582785,0,0
UPI_000498,ACC_000451,2025-09-15 21:45:47.230436429,2026-01-06 04:52:30.049757378,0,0
UPI_000499,ACC_000452,2024-11-30 04:51:14.471740786,2025-07-01 01:19:34.126990654,0,0
UPI_000500,ACC_000453,2024-12-27 04:01:29.990155287,2025-12-29 07:58:58.751541471,0,0
UPI_000501,ACC_000454,2024-02-04 19:31:33.324879045,2025-05-29 06:26:35.949185965,0,0
UPI_000502,ACC_000455,2024-11-04 04:15:41.224382576,2026-04-25 12:25:47.458378847,0,0
UPI_000503,ACC_000456,2025-12-15 13:47:00.219617836,2026-01-28 06:56:16.706989123,0,0
UPI_000504,ACC_000457,2025-04-18 03:07:58.724903747,2025-10-09 23:39:27.522047583,0,0
UPI_000505,ACC_000458,2025-03-10 06:04:58.424704924,2025-11-23 05:59:15.085229233,0,0
UPI_000506,ACC_000459,2024-03-23 23:45:53.774098591,2026-01-29 07:20:31.227911591,0,0
UPI_000507,ACC_000460,2026-04-17 05:01:35.155831724,2026-06-16 22:57:43.542434484,0,0
UPI_000508,ACC_000461,2024-09-14 21:06:46.328618772,2026-03-30 03:40:32.024033700,0,0
UPI_000509,ACC_000462,2024-12-14 19:47:13.325141303,2025-10-02 16:03:48.022264086,0,0
UPI_000510,ACC_000463,2024-10-28 06:38:24.789611626,2025-03-24 14:03:05.127509126,0,0
UPI_000511,ACC_000464,2024-10-26 11:26:32.701810297,2026-01-13 14:22:23.991255813,0,0
UPI_000512,ACC_000465,2025-06-29 23:37:08.208037831,2026-06-13 10:55:22.105222205,0,0
UPI_000513,ACC_000466,2025-07-25 05:26:06.550442986,2025-10-30 03:55:47.166968527,0,0
UPI_000514,ACC_000467,2025-06-29 06:57:42.753849432,2025-09-09 20:09:49.468161065,55,24
UPI_000515,ACC_000467,2025-06-29 06:57:42.753849432,2025-09-09 20:09:49.468161065,41,21
UPI_000516,ACC_000468,2024-03-03 09:38:34.977788021,2024-03-22 11:23:38.477272815,0,0
UPI_000517,ACC_000469,2026-06-02 05:58:03.057926401,2026-06-20 17:51:24.348236833,0,0
UPI_000518,ACC_000470,2025-10-12 10:37:37.152411148,2026-03-03 10:48:34.567416772,0,0
UPI_000519,ACC_000470,2025-10-12 10:37:37.152411148,2026-03-03 10:48:34.567416772,0,0
UPI_000520,ACC_000471,2026-03-15 03:58:47.775730327,2026-03-29 13:23:24.964327641,0,0
UPI_000521,ACC_000472,2024-05-25 11:00:36.489144456,2024-10-25 04:42:37.459180212,0,0
UPI_000522,ACC_000472,2024-05-25 11:00:36.489144456,2024-10-25 04:42:37.459180212,0,0
UPI_000523,ACC_000473,2026-04-29 03:36:39.045820400,2026-06-09 02:36:24.712640633,2,2
UPI_000524,ACC_000473,2026-04-29 03:36:39.045820400,2026-06-09 02:36:24.712640633,1,1
UPI_000525,ACC_000474,2025-10-19 10:49:33.934893250,2026-02-07 00:04:06.041545404,0,0
UPI_000526,ACC_000475,2025-04-01 03:38:55.903820045,2025-07-16 05:40:45.794457423,0,0
UPI_000527,ACC_000476,2024-01-22 01:46:09.302486312,2025-07-14 05:04:52.984231682,0,0
UPI_000528,ACC_000477,2024-08-18 15:39:13.237069108,2024-09-23 11:35:55.119411647,0,0
UPI_000529,ACC_000478,2026-02-03 02:14:28.600260727,2026-02-05 11:22:06.566026210,0,0
UPI_000530,ACC_000479,2024-12-11 10:25:43.253710176,2025-05-07 23:28:16.407925104,0,0
UPI_000531,ACC_000480,2025-09-09 21:50:32.522921301,2025-12-03 18:21:46.429505003,63,40
UPI_000532,ACC_000480,2025-09-09 21:50:32.522921301,2025-12-03 18:21:46.429505003,72,32
UPI_000533,ACC_000481,2025-10-27 18:03:31.706528999,2025-11-22 08:21:54.761015289,0,0
UPI_000534,ACC_000482,2025-12-07 14:48:18.770695999,2025-12-31 02:14:48.994168561,0,0
UPI_000535,ACC_000483,2024-12-14 07:45:01.133241080,2025-03-18 17:48:15.563590422,0,0
UPI_000536,ACC_000484,2026-04-08 20:35:49.132814124,2026-06-07 09:05:34.509060668,0,0
UPI_000537,ACC_000485,2024-09-23 04:39:35.659544326,2026-02-25 00:20:58.149419796,0,0
UPI_000538,ACC_000486,2026-01-31 15:42:58.959759675,2026-02-27 18:38:24.165918306,0,0
UPI_000539,ACC_000487,2025-01-21 22:21:49.864767496,2026-01-01 02:58:44.150345004,0,0
UPI_000540,ACC_000488,2024-08-01 09:10:46.705397449,2025-01-11 09:10:53.457924026,0,0
UPI_000541,ACC_000489,2024-11-08 21:10:35.837294679,2026-04-19 06:15:44.464736756,1,1
UPI_000542,ACC_000489,2024-11-08 21:10:35.837294679,2026-04-19 06:15:44.464736756,1,1
UPI_000543,ACC_000490,2025-12-29 09:39:18.093814448,2026-02-16 12:11:21.656759049,0,0
UPI_000544,ACC_000491,2025-07-14 03:31:48.311593138,2025-08-28 16:15:58.911405413,3,3
UPI_000545,ACC_000492,2024-05-04 12:20:35.872436505,2025-04-14 21:30:43.371941899,0,0
UPI_000546,ACC_000493,2024-04-22 22:25:12.600634856,2024-08-24 00:08:54.940742434,0,0
UPI_000547,ACC_000494,2025-09-18 00:57:30.383991800,2025-11-13 13:35:51.257353303,0,0
UPI_000548,ACC_000495,2024-08-06 04:15:32.656855568,2025-03-29 02:06:28.635607451,0,0
UPI_000549,ACC_000496,2024-07-09 02:07:51.521658533,2025-10-28 09:49:51.140086555,0,0
UPI_000550,ACC_000497,2025-11-13 19:06:23.875198305,2025-12-10 11:06:14.851835364,0,0
UPI_000551,ACC_000498,2024-10-20 22:29:59.655105744,2025-04-14 06:00:44.528021156,0,0
UPI_000552,ACC_000499,2024-03-03 05:25:34.331046076,2026-03-01 18:48:22.336280611,0,0
UPI_000553,ACC_000500,2025-01-22 00:35:22.676298186,2025-06-14 11:21:06.377542915,0,0
UPI_000554,ACC_000501,2025-06-02 12:31:23.482580289,2025-08-07 15:12:15.184338879,0,0
UPI_000555,ACC_000502,2025-07-01 22:57:35.292032816,2026-01-11 16:22:52.644571452,0,0
UPI_000556,ACC_000503,2024-02-23 07:09:44.074354565,2024-03-22 20:57:51.202469053,0,0
UPI_000557,ACC_000504,2025-02-17 04:37:14.687055744,2026-03-24 09:43:48.845192651,0,0
UPI_000558,ACC_000505,2024-11-23 13:27:48.316716872,2025-04-02 08:29:25.990761663,0,0
UPI_000559,ACC_000506,2025-02-12 23:30:33.974693544,2025-04-20 16:14:52.260213916,0,0
UPI_000560,ACC_000507,2024-02-07 23:40:11.355368803,2026-01-13 13:24:03.480640851,0,0
UPI_000561,ACC_000508,2024-09-26 07:08:58.168135632,2026-03-21 02:17:30.902117810,0,0
UPI_000562,ACC_000508,2024-09-26 07:08:58.168135632,2026-03-21 02:17:30.902117810,0,0
UPI_000563,ACC_000509,2025-08-09 04:34:38.968576789,2026-04-04 20:07:12.191889039,0,0
UPI_000564,ACC_000510,2024-04-24 17:02:07.176481269,2024-10-28 12:24:28.137800481,0,0
UPI_000565,ACC_000511,2026-05-23 20:23:40.492421851,2026-06-12 10:15:38.678175489,0,0
UPI_000566,ACC_000512,2026-06-24 10:51:52.705334276,2026-06-29 19:52:53.730411995,0,0
UPI_000567,ACC_000513,2024-11-24 08:42:37.626138683,2025-08-29 17:27:07.737162932,0,0
UPI_000568,ACC_000514,2025-09-12 08:24:34.775431544,2026-06-15 08:42:26.509568729,0,0
UPI_000569,ACC_000515,2025-08-01 19:09:02.822287031,2026-03-14 11:44:02.112282941,0,0
UPI_000570,ACC_000516,2024-06-01 06:53:29.506516516,2026-03-04 09:30:46.122862073,0,0
UPI_000571,ACC_000517,2024-12-19 15:28:33.634330839,2025-04-05 21:07:09.672099934,0,0
UPI_000572,ACC_000518,2026-06-12 08:51:01.946647376,2026-06-28 16:59:52.396177565,0,0
UPI_000573,ACC_000519,2024-04-26 07:28:12.643155800,2026-03-05 10:54:29.210657901,0,0
UPI_000574,ACC_000520,2025-06-07 23:39:53.786639675,2026-04-07 19:28:09.065401515,0,0
UPI_000575,ACC_000521,2025-06-29 20:29:16.042162918,2026-06-08 12:54:28.046978779,0,0
UPI_000576,ACC_000522,2024-06-01 14:46:33.418999223,2026-01-20 21:20:12.325325556,0,0
UPI_000577,ACC_000523,2025-05-02 14:39:55.697971411,2026-01-01 19:11:08.927683211,0,0
UPI_000578,ACC_000524,2026-04-15 19:23:28.362450182,2026-06-03 14:01:23.720507764,17,12
UPI_000579,ACC_000525,2024-04-15 08:42:26.691425005,2026-02-05 16:56:17.856582433,0,0
UPI_000580,ACC_000526,2024-06-21 20:32:26.993948691,2025-12-26 20:13:02.439331048,0,0
UPI_000581,ACC_000527,2024-08-20 21:03:47.880794831,2025-09-26 04:25:59.423318284,0,0
UPI_000582,ACC_000528,2025-11-15 03:25:03.495750763,2026-03-30 19:42:35.547768315,0,0
UPI_000583,ACC_000529,2025-06-09 21:01:30.001671679,2026-05-14 21:27:02.273991736,0,0
UPI_000584,ACC_000530,2025-04-03 17:33:07.938716069,2025-04-08 05:08:14.296658046,0,0
UPI_000585,ACC_000531,2025-12-22 13:41:30.813268565,2026-05-07 13:43:48.307028378,0,0
UPI_000586,ACC_000532,2026-06-10 04:49:58.284339383,2026-06-21 09:36:58.934313479,0,0
UPI_000587,ACC_000532,2026-06-10 04:49:58.284339383,2026-06-21 09:36:58.934313479,0,0
UPI_000588,ACC_000533,2024-06-27 12:25:36.604909716,2026-03-03 13:16:38.702315027,82,35
UPI_000589,ACC_000534,2026-01-09 18:40:13.286147252,2026-02-13 22:52:42.813801819,0,0
UPI_000590,ACC_000535,2024-12-03 03:36:43.694198512,2025-09-30 14:50:50.948983569,0,0
UPI_000591,ACC_000536,2024-05-12 23:57:07.618553305,2024-08-20 07:19:58.201391483,0,0
UPI_000592,ACC_000537,2024-08-21 16:33:19.752067253,2025-11-11 06:59:02.040089510,0,0
UPI_000593,ACC_000538,2024-12-29 18:13:05.902722783,2026-02-20 17:22:43.063257994,0,0
UPI_000594,ACC_000539,2026-03-30 03:15:13.486606389,2026-05-26 09:59:04.659080938,0,0
UPI_000595,ACC_000540,2025-03-11 19:56:45.564249828,2025-11-30 10:35:15.458852572,0,0
UPI_000596,ACC_000541,2025-07-13 15:07:19.778531797,2025-11-11 06:47:41.927124365,0,0
UPI_000597,ACC_000542,2024-01-31 06:38:18.055404146,2025-08-16 17:59:24.473794010,0,0
UPI_000598,ACC_000543,2024-02-28 07:26:33.881797682,2026-04-05 07:25:23.685597865,0,0
UPI_000599,ACC_000544,2026-05-04 19:42:16.951733872,2026-06-14 08:23:22.492593794,0,0
UPI_000600,ACC_000545,2026-02-02 16:58:50.375680052,2026-02-06 02:07:12.373260386,0,0
UPI_000601,ACC_000546,2025-03-22 01:30:11.471263364,2025-11-13 14:04:10.533266394,0,0
UPI_000602,ACC_000547,2024-07-01 13:30:27.105860166,2025-12-19 23:54:40.378826606,0,0
UPI_000603,ACC_000548,2024-02-06 14:23:59.211789383,2025-04-22 10:33:48.707145789,0,0
UPI_000604,ACC_000549,2026-06-07 13:01:38.270545080,2026-06-20 19:44:55.786585109,0,0
UPI_000605,ACC_000550,2024-01-06 04:01:08.047986852,2026-04-10 21:50:48.197947109,0,0
UPI_000606,ACC_000551,2024-08-04 11:55:52.242348433,2026-04-03 10:59:27.596516750,0,0
UPI_000607,ACC_000552,2025-09-15 00:51:16.558479652,2025-10-08 10:49:49.067620012,0,0
UPI_000608,ACC_000553,2026-05-04 10:12:26.905597165,2026-06-02 07:25:58.090175301,0,0
UPI_000609,ACC_000554,2024-04-16 15:23:05.047008704,2025-08-30 04:57:42.425910718,0,0
UPI_000610,ACC_000555,2025-12-06 00:21:10.085229017,2026-05-30 12:29:43.123072519,0,0
UPI_000611,ACC_000556,2024-10-29 05:46:42.281321488,2025-04-08 20:48:04.370218994,0,0
UPI_000612,ACC_000557,2025-09-11 05:21:49.235597081,2025-10-22 00:42:35.838527958,0,0
UPI_000613,ACC_000558,2024-03-29 00:47:20.217925414,2025-08-02 11:18:56.003457086,0,0
UPI_000614,ACC_000559,2026-02-26 20:21:18.371850431,2026-04-25 10:27:01.815067402,0,0
UPI_000615,ACC_000560,2025-10-06 06:44:38.731596708,2025-12-14 00:22:51.726660564,0,0
UPI_000616,ACC_000561,2026-05-20 13:16:43.024052337,2026-06-27 16:35:56.855752828,0,0
UPI_000617,ACC_000561,2026-05-20 13:16:43.024052337,2026-06-27 16:35:56.855752828,0,0
UPI_000618,ACC_000562,2025-04-02 16:53:32.859267615,2025-08-24 15:37:05.237940891,0,0
UPI_000619,ACC_000563,2026-03-19 16:28:59.677971497,2026-03-25 08:14:19.574934046,0,0
UPI_000620,ACC_000564,2025-05-07 07:16:32.114031456,2025-05-31 22:07:58.239233771,0,0
UPI_000621,ACC_000565,2025-04-12 03:37:21.939388171,2025-07-10 09:37:35.958338996,0,0
UPI_000622,ACC_000566,2024-03-27 04:33:44.098074712,2024-07-01 11:23:56.414370587,0,0
UPI_000623,ACC_000567,2026-01-11 17:00:05.201289088,2026-03-19 12:37:15.929182429,0,0
UPI_000624,ACC_000567,2026-01-11 17:00:05.201289088,2026-03-19 12:37:15.929182429,0,0
UPI_000625,ACC_000568,2025-01-10 12:23:45.138019644,2025-02-22 14:29:47.587425386,0,0
UPI_000626,ACC_000568,2025-01-10 12:23:45.138019644,2025-02-22 14:29:47.587425386,0,0
UPI_000627,ACC_000569,2025-06-30 14:56:51.250041530,2026-01-21 02:22:00.059136106,0,0
UPI_000628,ACC_000570,2025-08-15 18:43:18.375470690,2025-12-23 17:43:09.043685430,0,0
UPI_000629,ACC_000571,2025-12-06 20:28:27.518571652,2026-04-08 12:22:27.084912452,0,0
UPI_000630,ACC_000572,2025-06-08 03:19:41.002662644,2026-06-25 20:03:53.529149216,0,0
UPI_000631,ACC_000573,2025-07-18 17:43:27.215480924,2026-06-27 04:42:00.046217441,0,0
UPI_000632,ACC_000574,2025-04-19 09:46:47.952564947,2025-10-18 11:30:07.332882265,0,0
UPI_000633,ACC_000574,2025-04-19 09:46:47.952564947,2025-10-18 11:30:07.332882265,0,0
UPI_000634,ACC_000575,2025-07-13 07:26:25.697744973,2025-11-19 09:34:51.776550117,0,0
UPI_000635,ACC_000576,2025-02-08 16:37:23.331670128,2026-01-19 18:25:44.624118536,0,0
UPI_000636,ACC_000577,2025-12-08 07:27:40.909582935,2026-02-21 04:52:38.509689351,0,0
UPI_000637,ACC_000578,2026-01-08 08:55:49.689583413,2026-05-22 17:24:18.551038911,0,0
UPI_000638,ACC_000579,2025-04-16 02:02:23.970439933,2026-01-05 18:11:39.530538709,0,0
UPI_000639,ACC_000580,2024-05-13 13:52:31.625156071,2024-10-15 15:55:58.448846082,0,0
UPI_000640,ACC_000581,2024-12-06 06:09:34.808101807,2025-07-31 00:29:13.551198402,0,0
UPI_000641,ACC_000582,2026-02-04 04:25:08.663455419,2026-06-10 02:51:37.107751599,0,0
UPI_000642,ACC_000583,2026-04-15 03:48:00.659606099,2026-05-27 03:00:49.420696439,0,0
UPI_000643,ACC_000584,2024-08-31 06:50:48.587972168,2025-12-18 07:24:11.295062968,0,0
UPI_000644,ACC_000585,2026-05-07 08:16:02.107073888,2026-06-14 10:21:54.894956869,0,0
UPI_000645,ACC_000586,2024-09-09 02:03:30.021825012,2025-07-23 18:50:01.260208210,0,0
UPI_000646,ACC_000587,2026-04-17 02:19:23.843317196,2026-05-08 22:25:46.070764580,0,0
UPI_000647,ACC_000588,2026-05-02 04:21:44.428622901,2026-06-06 06:10:36.137682551,0,0
UPI_000648,ACC_000589,2025-04-04 21:38:41.475847766,2025-05-25 21:39:05.740892788,0,0
UPI_000649,ACC_000590,2026-05-15 22:52:20.281007230,2026-06-11 20:42:22.407594360,0,0
UPI_000650,ACC_000591,2025-05-15 09:17:27.626112141,2025-06-26 13:45:01.307252933,0,0
UPI_000651,ACC_000592,2024-12-11 04:03:26.126803699,2026-05-05 10:25:22.344195043,0,0
UPI_000652,ACC_000592,2024-12-11 04:03:26.126803699,2026-05-05 10:25:22.344195043,0,0
UPI_000653,ACC_000593,2026-01-08 01:19:38.722241193,2026-05-16 16:53:39.965960301,0,0
UPI_000654,ACC_000593,2026-01-08 01:19:38.722241193,2026-05-16 16:53:39.965960301,0,0
UPI_000655,ACC_000594,2024-04-08 20:43:38.018849149,2024-09-03 00:44:25.201645676,0,0
UPI_000656,ACC_000595,2024-07-16 08:56:47.091802798,2026-01-27 07:51:59.567326495,0,0
UPI_000657,ACC_000596,2024-07-13 06:30:01.105978936,2025-12-15 12:15:26.065854250,0,0
UPI_000658,ACC_000597,2025-07-20 17:00:56.263765350,2026-03-28 12:08:35.714253674,0,0
UPI_000659,ACC_000597,2025-07-20 17:00:56.263765350,2026-03-28 12:08:35.714253674,0,0
UPI_000660,ACC_000598,2025-10-07 18:47:43.617688186,2026-01-04 16:55:57.300143859,0,0
UPI_000661,ACC_000599,2026-02-01 21:28:09.268902563,2026-04-20 07:34:04.169060264,0,0
UPI_000662,ACC_000600,2026-03-30 18:34:55.178161889,2026-05-23 05:05:16.438926484,0,0
UPI_000663,ACC_000601,2026-03-08 04:02:20.041575924,2026-04-20 01:55:44.088575326,0,0
UPI_000664,ACC_000602,2025-09-13 07:07:47.520991369,2026-02-22 15:30:37.812774432,0,0
UPI_000665,ACC_000603,2026-04-13 09:46:13.713555202,2026-05-02 08:11:06.114148794,0,0
UPI_000666,ACC_000604,2024-09-08 00:30:21.093135647,2026-04-08 10:14:12.292448783,0,0
UPI_000667,ACC_000605,2025-10-22 17:25:58.263719819,2026-06-20 01:45:31.317635749,0,0
UPI_000668,ACC_000606,2024-03-10 20:15:24.217239093,2024-12-10 16:15:27.565751398,0,0
UPI_000669,ACC_000607,2024-04-24 01:59:39.402648686,2025-01-21 22:41:32.988585951,0,0
UPI_000670,ACC_000608,2024-07-24 23:56:04.407267131,2024-12-24 10:13:26.357785725,0,0
UPI_000671,ACC_000609,2024-04-03 12:55:27.463181470,2026-03-11 11:05:43.389712560,0,0
UPI_000672,ACC_000609,2024-04-03 12:55:27.463181470,2026-03-11 11:05:43.389712560,0,0
UPI_000673,ACC_000610,2026-05-29 17:19:05.052645147,2026-06-03 19:57:02.943220923,0,0
UPI_000674,ACC_000611,2025-02-28 17:57:49.799069926,2026-03-24 04:40:31.797429047,0,0
UPI_000675,ACC_000612,2026-04-06 00:11:02.894951776,2026-06-15 17:58:52.668504285,0,0
UPI_000676,ACC_000613,2025-03-10 05:04:51.277924344,2025-08-07 23:32:56.253726994,0,0
UPI_000677,ACC_000614,2025-09-29 09:43:12.698931053,2026-04-29 22:21:04.144496775,0,0
UPI_000678,ACC_000615,2024-10-20 01:58:20.274397720,2025-07-26 23:33:34.169084769,0,0
UPI_000679,ACC_000616,2026-05-16 01:20:58.064276055,2026-05-31 17:12:28.997845206,0,0
UPI_000680,ACC_000616,2026-05-16 01:20:58.064276055,2026-05-31 17:12:28.997845206,0,0
UPI_000681,ACC_000617,2024-02-01 18:55:57.045683552,2026-03-28 06:10:15.137214779,0,0
UPI_000682,ACC_000618,2025-09-27 08:03:13.549735174,2026-01-30 08:34:16.493697663,0,0
UPI_000683,ACC_000618,2025-09-27 08:03:13.549735174,2026-01-30 08:34:16.493697663,0,0
UPI_000684,ACC_000619,2026-05-15 19:06:29.400112778,2026-05-18 07:01:35.061280004,0,0
UPI_000685,ACC_000620,2025-12-19 00:04:53.907889046,2026-04-20 11:07:58.681425570,0,0
UPI_000686,ACC_000621,2026-01-23 22:33:54.161853783,2026-05-07 06:51:43.239719474,0,0
UPI_000687,ACC_000622,2024-09-29 12:54:00.966288451,2025-11-08 17:42:46.652830822,0,0
UPI_000688,ACC_000623,2025-02-15 15:12:16.041190155,2025-08-14 13:33:07.492727395,0,0
UPI_000689,ACC_000623,2025-02-15 15:12:16.041190155,2025-08-14 13:33:07.492727395,0,0
UPI_000690,ACC_000624,2024-05-04 01:27:35.503111819,2025-10-20 02:08:45.326408779,0,0
UPI_000691,ACC_000624,2024-05-04 01:27:35.503111819,2025-10-20 02:08:45.326408779,0,0
UPI_000692,ACC_000625,2024-12-08 21:43:52.613102131,2025-05-23 06:35:22.050337958,0,0
UPI_000693,ACC_000626,2024-01-08 16:25:43.328747132,2025-03-03 03:36:05.773106746,0,0
UPI_000694,ACC_000627,2025-12-10 11:01:07.175248109,2026-01-23 03:13:30.074211629,0,0
UPI_000695,ACC_000628,2026-05-18 04:39:43.057169572,2026-06-13 10:40:46.257231582,0,0
UPI_000696,ACC_000628,2026-05-18 04:39:43.057169572,2026-06-13 10:40:46.257231582,0,0
UPI_000697,ACC_000629,2025-09-30 11:22:12.734149918,2026-05-09 08:33:20.357092051,0,0
UPI_000698,ACC_000629,2025-09-30 11:22:12.734149918,2026-05-09 08:33:20.357092051,0,0
UPI_000699,ACC_000630,2026-01-08 04:20:47.715460651,2026-01-25 01:26:01.106658321,0,0
UPI_000700,ACC_000631,2025-04-12 18:30:07.480050705,2025-04-24 17:50:44.952487437,0,0
UPI_000701,ACC_000632,2024-06-23 14:38:21.964657681,2026-01-05 02:26:31.875169079,0,0
UPI_000702,ACC_000633,2025-10-18 15:54:33.309417464,2026-01-08 18:47:49.016465651,0,0
UPI_000703,ACC_000633,2025-10-18 15:54:33.309417464,2026-01-08 18:47:49.016465651,0,0
UPI_000704,ACC_000634,2024-09-29 15:32:27.996864885,2025-04-24 08:41:45.752740521,0,0
UPI_000705,ACC_000634,2024-09-29 15:32:27.996864885,2025-04-24 08:41:45.752740521,0,0
UPI_000706,ACC_000635,2025-02-22 15:03:16.934016734,2025-11-27 16:33:03.057493595,0,0
UPI_000707,ACC_000636,2026-03-31 12:12:06.323899209,2026-05-14 13:17:51.160691974,0,0
UPI_000708,ACC_000637,2024-12-05 17:53:50.872828364,2025-02-13 04:29:52.594390953,0,0
UPI_000709,ACC_000638,2024-09-20 14:46:30.482557815,2026-01-25 21:49:36.359605358,0,0
UPI_000710,ACC_000639,2024-01-29 20:58:07.066899816,2024-07-03 08:49:03.360265555,0,0
UPI_000711,ACC_000640,2025-10-01 00:39:11.088745140,2026-05-13 16:25:33.105359084,0,0
UPI_000712,ACC_000641,2024-07-15 01:34:05.905628491,2026-01-12 12:34:30.436786167,0,0
UPI_000713,ACC_000642,2025-08-05 12:12:18.814167194,2025-09-29 10:35:07.662015914,0,0
UPI_000714,ACC_000643,2024-11-29 23:26:01.169419419,2026-02-10 11:36:21.513381609,0,0
UPI_000715,ACC_000644,2025-12-18 13:44:28.208258852,2026-04-25 09:59:36.720951069,0,0
UPI_000716,ACC_000645,2026-03-21 16:39:10.546516865,2026-06-28 04:14:05.013356244,0,0
UPI_000717,ACC_000646,2024-08-02 17:24:56.189483911,2025-12-11 08:29:32.663880931,0,0
UPI_000718,ACC_000647,2025-12-22 19:05:23.653444849,2026-03-06 15:01:56.195393702,0,0
UPI_000719,ACC_000648,2024-05-19 05:07:14.327079801,2025-09-09 18:22:24.822778980,0,0
UPI_000720,ACC_000649,2024-05-08 09:14:07.723163450,2025-10-08 09:01:32.198475165,0,0
UPI_000721,ACC_000650,2025-01-25 07:32:08.682549469,2026-02-17 13:31:42.529552282,0,0
UPI_000722,ACC_000651,2024-10-22 15:04:32.656504836,2025-08-07 00:10:31.338715588,0,0
UPI_000723,ACC_000652,2026-06-18 07:13:03.020367995,2026-06-27 23:37:10.605035883,11,5
UPI_000724,ACC_000652,2026-06-18 07:13:03.020367995,2026-06-27 23:37:10.605035883,10,4
UPI_000725,ACC_000653,2026-01-02 10:11:47.413261101,2026-02-22 15:58:21.224592955,0,0
UPI_000726,ACC_000654,2026-03-22 00:08:21.414006069,2026-06-26 08:01:18.623689719,0,0
UPI_000727,ACC_000655,2024-05-03 21:27:09.970920859,2025-01-03 05:39:26.570286061,0,0
UPI_000728,ACC_000656,2025-10-12 10:02:32.490986258,2025-10-22 04:51:15.953843860,0,0
UPI_000729,ACC_000657,2025-07-04 12:04:19.431409702,2025-09-14 15:37:29.857751011,0,0
UPI_000730,ACC_000658,2024-03-31 09:46:01.131331568,2026-05-01 10:59:41.111393998,0,0
UPI_000731,ACC_000659,2025-12-24 00:39:38.963534743,2026-05-21 12:51:02.039052352,113,51
UPI_000732,ACC_000660,2026-02-16 19:05:07.070769265,2026-04-16 07:42:59.460763192,1,1
UPI_000733,ACC_000660,2026-02-16 19:05:07.070769265,2026-04-16 07:42:59.460763192,1,1
UPI_000734,ACC_000661,2026-04-12 17:43:45.360573620,2026-06-22 13:51:21.483196205,0,0
UPI_000735,ACC_000662,2026-05-06 04:14:10.344813108,2026-05-19 16:44:49.361164141,0,0
UPI_000736,ACC_000663,2024-04-08 05:10:13.021240227,2024-10-15 01:09:04.230442160,0,0
UPI_000737,ACC_000664,2026-03-14 15:48:53.653941810,2026-03-28 12:02:07.301827833,1,1
UPI_000738,ACC_000665,2026-05-11 05:21:05.253068611,2026-06-02 05:54:09.211632573,0,0
UPI_000739,ACC_000666,2025-09-21 07:31:27.407635763,2026-02-13 03:15:28.649598341,0,0
UPI_000740,ACC_000667,2024-06-16 11:43:32.191421296,2024-10-02 09:39:53.111612575,0,0
UPI_000741,ACC_000668,2024-12-31 03:54:53.434030022,2025-03-03 17:15:23.754022264,0,0
UPI_000742,ACC_000669,2024-03-23 02:10:13.411409632,2025-02-09 17:45:13.223060582,0,0
UPI_000743,ACC_000670,2024-01-04 20:50:39.422278352,2024-08-02 21:13:33.408050330,0,0
UPI_000744,ACC_000670,2024-01-04 20:50:39.422278352,2024-08-02 21:13:33.408050330,0,0
UPI_000745,ACC_000671,2026-04-18 04:14:14.694448456,2026-05-29 23:54:52.366428103,0,0
UPI_000746,ACC_000672,2026-06-04 19:12:25.152741984,2026-06-18 00:19:16.487387105,0,0
UPI_000747,ACC_000672,2026-06-04 19:12:25.152741984,2026-06-18 00:19:16.487387105,0,0
UPI_000748,ACC_000673,2026-04-17 11:25:11.124170780,2026-04-29 10:08:05.781529098,0,0
UPI_000749,ACC_000674,2024-08-19 08:38:16.493231334,2024-08-28 09:12:14.497582000,0,0
UPI_000750,ACC_000675,2025-07-19 19:58:09.784018084,2026-02-27 09:25:36.100056514,0,0
UPI_000751,ACC_000676,2025-03-31 05:23:19.945894092,2026-03-18 11:40:58.016572785,0,0
UPI_000752,ACC_000677,2025-03-27 21:35:02.778175093,2025-11-07 01:34:33.135468828,0,0
UPI_000753,ACC_000678,2025-01-25 05:05:26.457718275,2025-11-20 22:13:29.200736006,0,0
UPI_000754,ACC_000679,2026-05-07 09:58:10.133944705,2026-06-27 22:45:35.029237897,0,0
UPI_000755,ACC_000679,2026-05-07 09:58:10.133944705,2026-06-27 22:45:35.029237897,0,0
UPI_000756,ACC_000680,2025-12-21 12:00:20.701724917,2026-05-16 17:56:36.626118229,0,0
UPI_000757,ACC_000681,2026-02-10 11:56:03.687700108,2026-03-29 01:33:06.178014279,0,0
UPI_000758,ACC_000682,2024-02-01 12:43:40.107595146,2026-02-18 08:16:36.060521459,0,0
UPI_000759,ACC_000683,2025-01-10 06:52:42.433915541,2025-10-31 02:54:35.399032447,0,0
UPI_000760,ACC_000684,2025-06-28 18:11:48.433613531,2026-01-05 21:53:52.073432583,0,0
UPI_000761,ACC_000685,2025-08-23 02:17:13.582835212,2026-03-26 04:50:12.314715075,0,0
UPI_000762,ACC_000686,2026-03-26 05:39:04.812788978,2026-05-06 08:45:27.230865540,0,0
UPI_000763,ACC_000687,2024-06-01 03:21:06.709118623,2026-03-31 12:33:07.751254528,0,0
UPI_000764,ACC_000688,2024-03-23 00:33:45.747396900,2024-08-08 16:45:34.559134619,0,0
UPI_000765,ACC_000689,2026-03-24 16:53:59.884560555,2026-05-04 18:06:34.956237148,0,0
UPI_000766,ACC_000690,2025-04-06 12:43:23.170954540,2025-05-05 16:25:30.316551337,0,0
UPI_000767,ACC_000691,2025-05-06 05:24:32.660001449,2026-02-26 07:58:04.725625396,0,0
UPI_000768,ACC_000692,2026-03-21 18:58:27.845009744,2026-04-17 21:02:28.818012553,0,0
UPI_000769,ACC_000693,2025-11-14 01:50:42.844256647,2026-02-19 00:59:02.523389703,0,0
UPI_000770,ACC_000694,2025-10-27 17:12:58.149263196,2026-06-02 03:02:19.935028718,16,13
UPI_000771,ACC_000695,2024-06-18 11:19:34.592106147,2024-11-03 14:35:21.219343062,0,0
UPI_000772,ACC_000696,2025-07-20 02:30:52.692807116,2025-07-20 21:09:05.867041351,0,0
UPI_000773,ACC_000697,2025-02-14 00:21:26.310916260,2025-11-30 15:27:47.594711124,0,0
UPI_000774,ACC_000698,2025-07-10 15:48:40.781216376,2025-12-12 16:46:42.976868923,0,0
UPI_000775,ACC_000699,2025-06-08 10:36:20.922819376,2025-06-29 16:29:53.312237865,0,0
UPI_000776,ACC_000700,2024-01-24 22:35:07.337168115,2024-10-13 17:28:56.475233095,0,0
UPI_000777,ACC_000701,2024-11-09 06:29:30.714753710,2025-04-01 04:35:21.307907699,0,0
UPI_000778,ACC_000702,2025-02-21 01:24:33.549231872,2025-06-29 18:55:50.149730431,0,0
UPI_000779,ACC_000703,2025-03-31 16:51:07.540236004,2026-03-26 05:36:35.105684631,0,0
UPI_000780,ACC_000704,2024-03-31 14:47:46.001368733,2024-12-06 15:04:37.712270525,0,0
UPI_000781,ACC_000705,2026-03-29 13:39:16.341821611,2026-05-13 19:48:54.973014546,0,0
UPI_000782,ACC_000706,2024-10-31 13:28:41.899092730,2025-04-10 13:59:46.080078812,0,0
UPI_000783,ACC_000707,2025-03-21 20:43:19.453608051,2026-06-06 23:51:58.393327829,0,0
UPI_000784,ACC_000708,2025-08-27 15:44:10.273406781,2026-04-21 19:57:37.538840485,0,0
UPI_000785,ACC_000709,2025-10-17 02:00:03.208806470,2026-02-02 09:48:08.367760855,5,4
UPI_000786,ACC_000709,2025-10-17 02:00:03.208806470,2026-02-02 09:48:08.367760855,2,3
UPI_000787,ACC_000710,2024-12-10 09:11:36.961749848,2026-01-26 07:17:59.154059334,0,0
UPI_000788,ACC_000711,2024-04-27 14:55:22.202972086,2025-01-02 09:32:02.746111320,0,0
UPI_000789,ACC_000712,2024-07-07 20:47:36.672415001,2024-09-05 05:56:12.090431122,0,0
UPI_000790,ACC_000713,2024-05-30 08:41:37.719815835,2025-04-22 20:00:30.461172358,0,0
UPI_000791,ACC_000714,2024-08-10 09:49:44.248860911,2025-09-03 04:15:47.164993314,0,0
UPI_000792,ACC_000715,2025-07-03 22:07:24.197737135,2025-11-07 01:35:16.242675299,0,0
UPI_000793,ACC_000716,2025-05-03 01:49:51.062011801,2025-10-19 21:30:48.278814433,0,0
UPI_000794,ACC_000717,2024-06-02 14:56:10.000472456,2025-11-25 17:09:16.150332620,0,0
UPI_000795,ACC_000718,2025-09-12 20:40:36.666553132,2026-05-30 15:57:58.807051597,0,0
UPI_000796,ACC_000719,2024-02-28 00:50:22.361009138,2026-03-31 16:13:40.130712430,0,0
UPI_000797,ACC_000720,2026-04-08 15:38:52.530064746,2026-05-26 01:25:03.488827178,0,0
UPI_000798,ACC_000721,2025-05-30 19:11:46.845706381,2026-02-03 13:47:19.633141204,0,0
UPI_000799,ACC_000722,2025-06-21 20:53:03.808024570,2026-01-06 16:16:15.132081749,0,0
UPI_000800,ACC_000723,2024-09-17 10:46:58.615422253,2025-05-16 22:58:00.491140022,0,0
UPI_000801,ACC_000724,2025-04-11 02:25:53.162494197,2026-03-05 12:10:55.923968617,0,0
UPI_000802,ACC_000724,2025-04-11 02:25:53.162494197,2026-03-05 12:10:55.923968617,0,0
UPI_000803,ACC_000725,2025-01-23 07:41:21.854547527,2025-03-22 11:11:05.263884048,0,0
UPI_000804,ACC_000726,2026-05-16 03:07:13.069963098,2026-06-25 05:51:57.642654745,0,0
UPI_000805,ACC_000727,2024-03-10 10:30:21.401197911,2024-11-04 04:55:41.648735052,0,0
UPI_000806,ACC_000728,2025-02-21 21:47:45.375583760,2025-06-09 19:22:54.952063531,0,0
UPI_000807,ACC_000729,2025-12-22 01:44:07.263110936,2026-02-12 02:40:24.456979278,0,0
UPI_000808,ACC_000730,2025-05-11 02:38:00.651187740,2026-04-12 21:11:47.454076201,0,0
UPI_000809,ACC_000731,2025-05-29 21:55:31.857609086,2025-09-13 10:03:24.372252762,0,0
UPI_000810,ACC_000732,2026-04-10 02:49:05.515877947,2026-05-29 10:02:36.258870455,0,0
UPI_000811,ACC_000733,2024-12-08 06:08:49.368169177,2025-06-21 10:12:00.429076873,0,0
UPI_000812,ACC_000734,2024-01-02 21:08:06.249580776,2025-08-21 15:07:08.618273249,0,0
UPI_000813,ACC_000735,2026-04-23 06:52:47.237062737,2026-06-02 08:20:38.538072678,0,0
UPI_000814,ACC_000735,2026-04-23 06:52:47.237062737,2026-06-02 08:20:38.538072678,0,0
UPI_000815,ACC_000736,2024-01-31 02:49:06.013063962,2026-06-28 00:46:53.936403696,0,0
UPI_000816,ACC_000737,2025-12-27 10:26:37.554376252,2026-02-22 19:50:26.914996109,0,0
UPI_000817,ACC_000738,2024-05-07 04:05:16.770491138,2025-02-05 08:38:00.691574376,0,0
UPI_000818,ACC_000739,2024-01-19 20:14:20.690860927,2024-07-15 04:12:08.504239229,0,0
UPI_000819,ACC_000740,2024-11-19 02:30:36.245369829,2025-08-18 20:01:03.908339020,0,0
UPI_000820,ACC_000741,2026-02-26 03:43:46.972532183,2026-06-09 20:35:26.125546149,0,0
UPI_000821,ACC_000742,2024-02-03 15:36:34.449533251,2024-08-06 18:27:59.715304389,0,0
UPI_000822,ACC_000743,2024-08-27 07:14:16.330651239,2026-06-04 01:53:49.243594289,0,0
UPI_000823,ACC_000744,2024-09-11 05:07:56.364929866,2024-09-19 20:31:43.792552141,0,0
UPI_000824,ACC_000745,2024-03-27 08:51:31.580657898,2026-01-20 07:40:15.599860215,0,0
UPI_000825,ACC_000746,2024-03-25 07:41:20.630464473,2025-10-18 01:45:31.797384573,0,0
UPI_000826,ACC_000747,2026-04-07 08:27:39.491170928,2026-06-22 01:47:33.543866937,0,0
UPI_000827,ACC_000748,2025-09-25 09:56:39.121007875,2026-02-17 06:17:17.767498282,0,0
UPI_000828,ACC_000749,2024-10-10 10:42:39.852473352,2025-12-11 18:54:43.716682639,0,0
UPI_000829,ACC_000750,2024-08-05 02:38:44.037021600,2024-09-08 09:43:19.158474094,0,0
UPI_000830,ACC_000751,2024-02-09 01:33:17.418799933,2025-01-17 22:00:25.906401579,0,0
UPI_000831,ACC_000752,2024-11-22 20:31:26.484988254,2026-02-16 01:19:40.598770830,0,0
UPI_000832,ACC_000753,2024-10-01 08:00:22.157499693,2024-12-09 17:14:44.345648251,6,3
UPI_000833,ACC_000753,2024-10-01 08:00:22.157499693,2024-12-09 17:14:44.345648251,8,5
UPI_000834,ACC_000754,2026-04-15 11:01:58.565083474,2026-06-13 13:29:37.169702738,0,0
UPI_000835,ACC_000755,2024-07-19 21:11:57.363808300,2025-02-23 19:02:24.040035400,0,0
UPI_000836,ACC_000756,2025-01-04 02:08:21.651591778,2025-07-14 09:03:59.391269601,0,0
UPI_000837,ACC_000756,2025-01-04 02:08:21.651591778,2025-07-14 09:03:59.391269601,0,0
UPI_000838,ACC_000757,2025-09-13 07:33:21.524384639,2026-03-19 20:23:36.381879068,0,0
UPI_000839,ACC_000758,2024-10-19 14:17:15.774338733,2024-12-06 22:22:29.662581068,0,0
UPI_000840,ACC_000759,2025-12-13 04:58:05.617347725,2026-04-16 09:04:45.124978533,0,0
UPI_000841,ACC_000760,2025-10-23 14:52:13.706848368,2026-06-08 11:37:35.459659569,0,0
UPI_000842,ACC_000761,2024-02-02 07:29:35.245387114,2024-04-24 16:50:30.265654950,0,0
UPI_000843,ACC_000762,2026-02-18 15:52:51.047223732,2026-03-23 21:21:30.477867833,0,0
UPI_000844,ACC_000763,2024-11-27 12:18:40.203032497,2024-12-05 10:35:20.603778200,0,0
UPI_000845,ACC_000764,2024-03-28 07:47:23.880689158,2025-05-28 23:31:30.091466459,0,0
UPI_000846,ACC_000765,2025-09-28 04:37:41.402666315,2026-04-17 01:34:56.930349564,0,0
UPI_000847,ACC_000765,2025-09-28 04:37:41.402666315,2026-04-17 01:34:56.930349564,0,0
UPI_000848,ACC_000766,2025-11-11 15:36:51.551428989,2026-06-13 01:06:03.301136079,0,0
UPI_000849,ACC_000767,2024-03-05 16:33:21.721625620,2025-01-11 03:46:07.457579117,66,28
UPI_000850,ACC_000768,2024-11-18 10:07:16.341240257,2025-02-13 23:21:47.859074018,0,0
UPI_000851,ACC_000769,2026-03-26 18:47:07.448070377,2026-03-29 13:14:59.554796931,0,0
UPI_000852,ACC_000770,2025-09-01 20:35:30.343125671,2025-12-08 17:32:39.694243802,0,0
UPI_000853,ACC_000771,2025-05-01 09:39:50.540091701,2025-12-04 21:26:15.132427891,0,0
UPI_000854,ACC_000772,2025-04-04 05:55:34.958042488,2026-05-16 04:10:40.544632434,0,0
UPI_000855,ACC_000773,2025-07-08 06:24:52.903581746,2025-09-23 11:34:58.615142022,0,0
UPI_000856,ACC_000774,2025-08-17 21:38:59.019047640,2026-04-21 20:51:30.769795231,0,0
UPI_000857,ACC_000775,2024-03-03 17:02:34.649827965,2025-04-15 16:04:10.159765312,123,48
UPI_000858,ACC_000776,2024-10-31 09:49:05.566115920,2026-04-10 15:33:02.453334348,0,0
UPI_000859,ACC_000777,2025-04-24 18:43:05.819776386,2026-05-01 22:49:21.565012834,0,0
UPI_000860,ACC_000778,2025-10-27 08:11:09.477686353,2026-05-26 00:59:37.615305735,0,0
UPI_000861,ACC_000779,2025-11-07 16:01:35.847726502,2026-02-09 17:10:53.342544984,0,0
UPI_000862,ACC_000779,2025-11-07 16:01:35.847726502,2026-02-09 17:10:53.342544984,0,0
UPI_000863,ACC_000780,2025-07-05 14:51:21.742300197,2025-11-07 00:57:44.719326727,0,0
UPI_000864,ACC_000780,2025-07-05 14:51:21.742300197,2025-11-07 00:57:44.719326727,0,0
UPI_000865,ACC_000781,2025-06-18 07:46:44.030927502,2025-09-04 09:42:50.337814305,0,0
UPI_000866,ACC_000782,2024-12-01 00:30:16.647796333,2025-04-11 14:11:31.912175226,24,11
UPI_000867,ACC_000783,2026-01-30 09:52:56.115869880,2026-05-03 05:00:26.561296707,0,0
UPI_000868,ACC_000784,2026-04-14 20:10:28.644631594,2026-06-27 02:26:06.432148870,0,0
UPI_000869,ACC_000785,2026-02-09 23:53:01.928930722,2026-05-05 19:58:33.585706745,0,0
UPI_000870,ACC_000786,2026-03-05 07:40:50.195556581,2026-04-22 10:18:04.505448703,0,0
UPI_000871,ACC_000787,2026-04-07 22:13:24.794944912,2026-04-28 01:33:31.823538326,0,0
UPI_000872,ACC_000788,2024-07-03 01:55:09.576259188,2025-10-20 00:13:54.127196682,0,0
UPI_000873,ACC_000789,2025-04-13 03:23:50.507803909,2025-07-15 13:27:07.476555918,0,0
UPI_000874,ACC_000790,2025-05-01 23:11:20.650683187,2025-06-10 13:27:34.667092587,0,0
UPI_000875,ACC_000791,2025-03-18 05:19:48.372182086,2025-05-01 01:43:03.530737977,0,0
UPI_000876,ACC_000792,2026-02-11 23:21:10.770698689,2026-06-09 08:37:28.861498587,0,0
UPI_000877,ACC_000793,2024-10-23 02:39:04.450661808,2025-06-15 03:43:50.497113312,0,0
UPI_000878,ACC_000794,2024-05-26 22:57:46.347239554,2026-05-15 10:00:51.183240868,0,0
UPI_000879,ACC_000795,2024-09-06 21:18:31.008806240,2025-08-01 06:57:25.664533779,0,0
UPI_000880,ACC_000795,2024-09-06 21:18:31.008806240,2025-08-01 06:57:25.664533779,0,0
UPI_000881,ACC_000796,2024-05-10 09:20:34.636093339,2025-11-01 04:28:20.207622253,0,0
UPI_000882,ACC_000797,2025-01-03 18:19:46.364439670,2026-03-28 04:00:23.910263382,0,0
UPI_000883,ACC_000798,2024-04-16 09:57:28.401252208,2026-03-21 00:22:50.322819335,0,0
UPI_000884,ACC_000799,2024-03-20 18:45:23.361124144,2024-08-02 21:29:44.014890923,0,0
UPI_000885,ACC_000800,2025-02-14 20:46:43.591205962,2025-06-03 05:33:27.856849930,0,0
UPI_000886,ACC_000801,2025-07-01 15:20:28.750690885,2025-08-25 04:14:22.649396980,0,0
UPI_000887,ACC_000802,2025-07-07 13:28:55.366954997,2025-12-13 19:38:44.831343995,0,0
UPI_000888,ACC_000803,2024-03-25 01:45:19.392065944,2024-07-31 06:36:31.856364888,0,0
UPI_000889,ACC_000804,2026-06-04 02:30:52.978692174,2026-06-20 23:01:04.686752651,0,0
UPI_000890,ACC_000805,2024-04-20 21:51:39.081879506,2025-02-05 04:54:50.814800060,0,0
UPI_000891,ACC_000806,2025-08-24 16:22:23.457554229,2026-06-18 21:16:49.342097581,0,0
UPI_000892,ACC_000807,2026-03-20 13:14:08.959058300,2026-06-11 09:25:58.984444993,0,0
UPI_000893,ACC_000808,2026-03-17 00:31:29.079654485,2026-06-01 01:19:50.029612573,0,0
UPI_000894,ACC_000809,2025-04-11 13:11:15.783246137,2026-02-11 15:33:23.673512451,0,0
UPI_000895,ACC_000809,2025-04-11 13:11:15.783246137,2026-02-11 15:33:23.673512451,0,0
UPI_000896,ACC_000810,2024-09-09 18:13:40.969449636,2024-10-05 19:54:08.106563814,0,0
UPI_000897,ACC_000811,2026-01-24 04:32:17.852843203,2026-02-06 07:29:08.973254632,0,0
UPI_000898,ACC_000812,2025-07-12 01:39:47.895473473,2025-12-11 13:47:19.913967593,0,0
UPI_000899,ACC_000813,2025-12-21 15:26:33.883350953,2026-06-13 18:18:09.595459503,0,0
UPI_000900,ACC_000813,2025-12-21 15:26:33.883350953,2026-06-13 18:18:09.595459503,0,0
UPI_000901,ACC_000814,2024-12-30 09:25:32.979777623,2025-02-19 18:56:29.424525210,0,0
UPI_000902,ACC_000815,2026-04-12 03:12:15.207859948,2026-05-15 06:26:32.799488891,0,0
UPI_000903,ACC_000816,2026-04-26 20:36:50.823640600,2026-06-16 18:45:19.896946138,0,0
UPI_000904,ACC_000817,2025-11-02 17:21:24.842294052,2026-01-18 05:48:46.145164149,0,0
UPI_000905,ACC_000817,2025-11-02 17:21:24.842294052,2026-01-18 05:48:46.145164149,0,0
UPI_000906,ACC_000818,2026-05-08 16:16:52.299889177,2026-06-26 07:19:26.895421350,0,0
UPI_000907,ACC_000819,2025-02-17 03:17:05.316493765,2026-05-28 11:44:48.819461064,37,18
UPI_000908,ACC_000820,2024-06-26 03:45:09.322686693,2024-08-06 23:11:33.067701362,18,12
UPI_000909,ACC_000821,2025-08-20 12:41:09.870538101,2026-03-01 18:04:46.662810045,0,0
UPI_000910,ACC_000822,2025-08-18 05:10:27.536047526,2025-10-03 04:26:23.700250972,0,0
UPI_000911,ACC_000823,2025-03-23 14:15:53.170109369,2025-10-13 23:04:09.417397698,1,1
UPI_000912,ACC_000823,2025-03-23 14:15:53.170109369,2025-10-13 23:04:09.417397698,2,2
UPI_000913,ACC_000824,2024-08-25 10:09:51.251609221,2026-04-22 03:55:23.761038662,0,0
UPI_000914,ACC_000825,2025-07-22 18:38:03.546418384,2025-08-16 21:13:29.235169994,0,0
UPI_000915,ACC_000825,2025-07-22 18:38:03.546418384,2025-08-16 21:13:29.235169994,0,0
UPI_000916,ACC_000826,2024-06-13 16:34:05.547348199,2026-05-14 06:02:18.126529639,0,0
UPI_000917,ACC_000827,2025-11-17 06:07:41.944425285,2026-06-28 18:07:08.929202187,0,0
UPI_000918,ACC_000828,2026-04-06 02:32:17.808868989,2026-06-02 00:08:17.270055425,0,0
UPI_000919,ACC_000829,2024-05-31 19:00:21.761748029,2025-02-26 06:37:47.114075216,0,0
UPI_000920,ACC_000830,2026-01-17 06:24:42.553270839,2026-02-27 08:47:17.539869939,0,0
UPI_000921,ACC_000831,2024-06-29 19:23:31.848859647,2025-05-11 16:40:20.175977653,0,0
UPI_000922,ACC_000832,2025-03-31 21:16:35.696253322,2025-06-21 17:28:22.714106300,0,0
UPI_000923,ACC_000833,2026-04-26 13:02:13.566269755,2026-04-27 20:03:49.532861900,0,0
UPI_000924,ACC_000834,2024-03-16 08:23:13.663728638,2024-05-07 18:38:55.414715202,0,0
UPI_000925,ACC_000835,2024-03-22 18:39:34.442176601,2025-09-24 00:30:16.243555773,0,0
UPI_000926,ACC_000835,2024-03-22 18:39:34.442176601,2025-09-24 00:30:16.243555773,0,0
UPI_000927,ACC_000836,2026-05-23 09:31:48.878962517,2026-05-24 04:15:41.288494036,1,1
UPI_000928,ACC_000836,2026-05-23 09:31:48.878962517,2026-05-24 04:15:41.288494036,0,0
UPI_000929,ACC_000837,2024-05-24 17:04:56.301663546,2025-01-10 17:14:26.206541671,0,0
UPI_000930,ACC_000838,2024-11-07 14:31:45.676321216,2025-12-18 00:42:32.565793576,0,0
UPI_000931,ACC_000839,2025-02-22 03:26:41.353951126,2025-05-19 06:48:52.887243039,0,0
UPI_000932,ACC_000840,2024-01-07 02:24:03.196444524,2024-11-02 18:39:35.736638811,0,0
UPI_000933,ACC_000841,2024-06-20 08:11:22.886616236,2024-07-13 14:20:06.113680875,0,0
UPI_000934,ACC_000842,2026-01-24 16:15:22.006285369,2026-02-11 06:02:11.505284349,0,0
UPI_000935,ACC_000843,2025-04-17 16:13:13.243409798,2025-07-25 16:54:14.263065245,0,0
UPI_000936,ACC_000844,2024-12-24 20:11:08.363822807,2025-03-04 12:15:30.368676311,0,0
UPI_000937,ACC_000845,2025-09-13 06:35:06.121907204,2026-01-28 01:00:49.334670107,0,0
UPI_000938,ACC_000846,2024-10-22 20:45:10.825511947,2025-01-08 22:54:35.809181276,0,0
UPI_000939,ACC_000847,2025-02-03 12:12:16.594725676,2025-07-09 14:33:24.481547260,0,0
UPI_000940,ACC_000848,2026-06-24 06:49:58.697187096,2026-06-28 10:04:57.673657404,0,0
UPI_000941,ACC_000849,2025-12-06 08:59:32.541965961,2026-04-19 19:45:38.265391719,0,0
UPI_000942,ACC_000850,2025-05-19 16:04:20.436680794,2025-10-22 07:03:06.072079436,0,0
UPI_000943,ACC_000851,2025-04-24 20:45:45.871812642,2026-05-31 06:57:06.405285343,0,0
UPI_000944,ACC_000852,2026-02-08 03:09:43.601494960,2026-05-30 19:31:38.182649068,0,0
UPI_000945,ACC_000853,2025-07-01 09:21:17.931933098,2026-02-07 03:58:09.348835823,0,0
UPI_000946,ACC_000854,2024-11-05 01:59:18.626155302,2025-07-25 23:41:55.166957479,0,0
UPI_000947,ACC_000855,2025-01-15 14:35:52.332616050,2025-02-16 10:49:21.129928928,0,0
UPI_000948,ACC_000856,2024-06-16 01:37:56.263968075,2025-04-19 04:51:24.430650795,0,0
UPI_000949,ACC_000857,2026-05-24 02:57:28.672432140,2026-06-13 05:32:29.460138962,0,0
UPI_000950,ACC_000858,2025-08-17 03:50:19.628459595,2026-06-27 03:41:44.631080975,0,0
UPI_000951,ACC_000859,2024-12-29 02:20:37.246034984,2026-06-03 11:38:22.444689994,0,0
UPI_000952,ACC_000860,2024-11-23 20:35:22.226018172,2025-01-28 07:02:11.871419376,0,0
UPI_000953,ACC_000861,2026-04-06 06:28:47.840920150,2026-06-28 05:50:14.219942686,0,0
UPI_000954,ACC_000862,2024-11-24 05:56:21.355885785,2026-02-07 00:04:02.164809657,0,0
UPI_000955,ACC_000863,2025-11-20 01:09:35.517287403,2026-04-20 09:43:19.526761719,0,0
UPI_000956,ACC_000864,2026-01-31 01:45:40.149253234,2026-06-15 12:59:21.562781359,0,0
UPI_000957,ACC_000865,2026-04-08 19:52:28.615013987,2026-05-05 12:55:29.185777522,0,0
UPI_000958,ACC_000866,2024-12-05 20:24:20.676550981,2025-07-21 21:53:12.600447159,0,0
UPI_000959,ACC_000867,2025-11-28 05:06:26.689971231,2026-06-02 09:50:33.613369618,0,0
UPI_000960,ACC_000868,2024-10-24 18:56:34.620368067,2024-12-27 13:23:19.880294890,0,0
UPI_000961,ACC_000869,2026-05-10 00:02:02.962433755,2026-06-15 04:01:17.713202549,0,0
UPI_000962,ACC_000870,2024-01-11 04:00:20.790255974,2026-01-09 16:21:24.684268357,0,0
UPI_000963,ACC_000871,2025-06-03 10:38:38.358912952,2026-05-15 23:53:44.343069958,0,0
UPI_000964,ACC_000872,2025-04-09 13:35:20.933695927,2025-07-16 09:53:47.335215012,0,0
UPI_000965,ACC_000873,2026-03-10 12:20:16.252381772,2026-05-25 05:46:19.114918299,0,0
UPI_000966,ACC_000874,2024-07-16 01:27:03.875520829,2024-09-15 06:11:23.105466183,0,0
UPI_000967,ACC_000875,2024-03-20 12:27:45.625505536,2026-03-06 09:25:43.025265316,0,0
UPI_000968,ACC_000876,2026-02-10 02:33:16.542943507,2026-04-18 12:10:10.872287467,0,0
UPI_000969,ACC_000877,2024-11-14 22:37:40.229580410,2025-11-19 11:37:13.391412969,0,0
UPI_000970,ACC_000878,2024-10-23 00:02:03.940989770,2026-03-30 14:18:22.044426936,0,0
UPI_000971,ACC_000879,2024-04-05 22:30:29.018325157,2025-05-23 09:05:14.501963472,0,0
UPI_000972,ACC_000880,2026-04-18 04:10:05.013481766,2026-05-25 05:13:03.626735958,17,8
UPI_000973,ACC_000881,2025-07-30 14:59:23.951563589,2026-01-01 23:51:36.074350021,0,0
UPI_000974,ACC_000882,2025-09-22 13:54:21.923343591,2026-03-10 00:37:38.002735759,0,0
UPI_000975,ACC_000883,2026-03-29 00:30:59.000170335,2026-06-03 17:12:41.232813644,0,0
UPI_000976,ACC_000884,2026-02-07 18:02:07.366134495,2026-06-02 06:51:04.492775143,0,0
UPI_000977,ACC_000885,2025-02-15 14:27:30.495585233,2025-03-02 11:40:09.929310137,0,0
UPI_000978,ACC_000886,2024-05-25 13:15:21.298480002,2025-02-15 23:41:39.683133410,0,0
UPI_000979,ACC_000886,2024-05-25 13:15:21.298480002,2025-02-15 23:41:39.683133410,0,0
UPI_000980,ACC_000887,2025-09-04 11:28:16.203316987,2026-01-11 14:19:37.501102772,0,0
UPI_000981,ACC_000888,2025-08-15 19:14:16.107765913,2025-09-16 04:56:08.882930731,0,0
UPI_000982,ACC_000889,2024-02-12 21:20:52.969770312,2025-11-26 09:07:00.155184919,0,0
UPI_000983,ACC_000890,2026-03-30 08:30:39.689806893,2026-05-17 06:34:13.445905177,0,0
UPI_000984,ACC_000891,2024-11-01 09:40:14.792799659,2024-11-02 13:02:08.715356208,0,0
UPI_000985,ACC_000892,2025-01-25 14:50:25.436996631,2025-12-20 04:08:43.317367113,0,0
UPI_000986,ACC_000893,2025-04-13 01:18:59.155622490,2025-09-10 05:21:07.216848601,0,0
UPI_000987,ACC_000894,2026-04-10 20:23:18.905409172,2026-06-08 02:34:26.042314282,0,0
UPI_000988,ACC_000895,2024-06-04 07:35:25.907974252,2024-10-18 02:36:54.519257251,0,0
UPI_000989,ACC_000896,2024-12-01 21:02:01.184869081,2024-12-02 13:43:41.909105429,0,0
UPI_000990,ACC_000897,2025-04-01 17:18:31.776798271,2025-05-11 03:55:23.573898859,0,0
UPI_000991,ACC_000898,2026-06-22 14:52:25.518608451,2026-06-25 20:52:48.600701160,0,0
UPI_000992,ACC_000899,2025-02-04 14:43:00.819553629,2026-02-21 09:18:00.090364641,0,0
UPI_000993,ACC_000900,2024-12-29 01:37:50.612046652,2025-11-24 23:19:23.863699744,0,0
UPI_000994,ACC_000901,2026-05-01 19:25:34.274125829,2026-05-02 16:41:14.452839483,0,0
UPI_000995,ACC_000902,2025-08-25 14:55:25.130330518,2026-02-24 01:27:42.444405564,0,0
UPI_000996,ACC_000903,2024-05-29 00:23:15.559093531,2025-05-31 10:11:24.439251019,0,0
UPI_000997,ACC_000904,2024-06-09 03:43:54.842888886,2026-01-28 05:41:12.336591198,0,0
UPI_000998,ACC_000905,2025-08-10 02:18:48.679092422,2025-11-01 05:33:18.970262422,0,0
UPI_000999,ACC_000906,2025-03-01 11:41:53.117610738,2026-02-13 12:54:09.760286814,0,0
UPI_001000,ACC_000907,2024-01-09 04:04:39.331927791,2025-08-01 13:22:02.161681519,0,0
UPI_001001,ACC_000908,2025-02-12 16:01:02.133149109,2025-12-22 14:47:15.047935694,0,0
UPI_001002,ACC_000909,2026-05-06 01:29:53.754425332,2026-05-28 08:13:25.736619701,0,0
UPI_001003,ACC_000910,2025-11-11 20:41:31.019830249,2025-11-14 19:39:25.628967287,0,0
UPI_001004,ACC_000911,2025-05-23 21:17:06.935131826,2025-08-07 08:10:02.967656896,0,0
UPI_001005,ACC_000912,2024-06-26 19:46:04.324591016,2026-03-07 19:22:42.220105383,0,0
UPI_001006,ACC_000913,2024-11-01 18:26:03.465796337,2025-11-10 02:26:43.477502664,0,0
UPI_001007,ACC_000914,2026-06-26 22:31:16.631432369,2026-06-28 17:00:08.374581654,0,0
UPI_001008,ACC_000914,2026-06-26 22:31:16.631432369,2026-06-28 17:00:08.374581654,0,0
UPI_001009,ACC_000915,2025-08-23 09:32:57.440551735,2026-02-02 16:17:15.637908145,0,0
UPI_001010,ACC_000916,2024-09-08 16:45:05.705771942,2024-10-29 10:03:29.364648143,0,0
UPI_001011,ACC_000917,2025-11-03 07:25:53.998205833,2026-01-25 07:04:44.602842949,0,0
UPI_001012,ACC_000918,2024-03-24 05:36:05.567582503,2025-08-18 17:52:42.659883488,0,0
UPI_001013,ACC_000918,2024-03-24 05:36:05.567582503,2025-08-18 17:52:42.659883488,0,0
UPI_001014,ACC_000919,2024-12-03 14:24:46.737268548,2025-02-13 14:10:53.365997933,0,0
UPI_001015,ACC_000920,2024-07-27 17:42:58.625052731,2026-05-05 12:24:44.037725789,0,0
UPI_001016,ACC_000921,2026-03-27 06:19:14.760484546,2026-04-03 03:29:56.733114446,0,0
UPI_001017,ACC_000922,2025-10-31 17:13:17.454355590,2026-04-13 17:42:42.773157494,0,0
UPI_001018,ACC_000923,2025-03-29 05:20:13.161756448,2025-08-14 02:58:52.185225256,0,0
UPI_001019,ACC_000924,2025-01-06 12:08:30.557697620,2026-04-17 10:52:41.685854175,0,0
UPI_001020,ACC_000925,2026-02-21 04:09:01.832395628,2026-06-07 16:36:21.979351281,0,0
UPI_001021,ACC_000926,2024-06-27 00:55:06.541028790,2025-02-26 06:27:58.404124913,0,0
UPI_001022,ACC_000927,2024-03-09 02:36:50.351055612,2025-04-02 14:52:55.106635698,0,0
UPI_001023,ACC_000928,2026-02-14 23:06:58.990128458,2026-06-24 11:29:05.281786827,0,0
UPI_001024,ACC_000929,2026-02-19 06:25:52.162092865,2026-05-09 17:45:52.483499964,0,0
UPI_001025,ACC_000930,2024-08-09 10:37:23.141989686,2024-08-13 13:57:28.513403486,0,0
UPI_001026,ACC_000931,2024-06-26 21:41:08.071138848,2026-01-17 16:42:38.146815818,0,0
UPI_001027,ACC_000932,2025-10-19 02:39:36.075136617,2026-01-18 20:16:08.111554294,10,5
UPI_001028,ACC_000933,2024-05-10 14:58:24.239943931,2024-12-11 21:12:06.757211971,0,0
UPI_001029,ACC_000934,2025-07-20 14:20:11.754335880,2026-05-03 04:31:59.606435938,0,0
UPI_001030,ACC_000935,2025-09-30 19:47:37.034336790,2026-06-21 03:52:50.707905658,0,0
UPI_001031,ACC_000936,2025-07-20 14:58:10.761427857,2025-08-10 23:43:57.928881691,0,0
UPI_001032,ACC_000937,2025-01-23 22:21:43.063334867,2025-08-15 17:23:02.991302513,0,0
UPI_001033,ACC_000938,2026-01-13 12:54:34.607087336,2026-03-01 09:06:35.978015838,0,0
UPI_001034,ACC_000939,2026-04-27 05:09:30.876253381,2026-06-23 11:28:38.937411203,0,0
UPI_001035,ACC_000940,2025-10-04 21:36:52.616950035,2026-05-25 12:41:54.264105190,0,0
UPI_001036,ACC_000941,2025-01-16 15:57:00.698040191,2026-05-08 15:47:13.766879043,0,0
UPI_001037,ACC_000942,2026-06-26 02:00:48.998148113,2026-06-26 06:01:22.925434487,0,0
UPI_001038,ACC_000943,2025-02-13 10:01:40.582021907,2025-03-10 13:14:51.578515424,0,0
UPI_001039,ACC_000944,2024-04-15 21:59:00.740177918,2025-07-03 20:09:03.054875069,0,0
UPI_001040,ACC_000945,2024-06-15 07:58:40.060159041,2024-10-17 14:50:42.057739265,0,0
UPI_001041,ACC_000946,2024-11-12 23:27:25.822195940,2025-01-18 21:34:44.410925677,0,0
UPI_001042,ACC_000947,2024-06-04 21:17:41.196437771,2024-12-18 11:41:32.979168891,0,0
UPI_001043,ACC_000948,2025-12-10 00:35:09.159350194,2026-05-02 07:20:39.796085083,0,0
UPI_001044,ACC_000949,2024-01-13 20:24:25.196908289,2025-09-08 02:18:31.928512628,0,0
UPI_001045,ACC_000950,2025-01-04 18:13:56.919307441,2026-03-05 17:41:44.256743019,0,0
UPI_001046,ACC_000950,2025-01-04 18:13:56.919307441,2026-03-05 17:41:44.256743019,0,0
UPI_001047,ACC_000951,2026-03-11 01:07:11.859487295,2026-03-18 00:13:23.109992015,0,0
UPI_001048,ACC_000952,2024-04-17 06:11:45.489396788,2025-12-24 06:09:27.916075284,0,0
UPI_001049,ACC_000953,2025-06-08 19:29:47.807758860,2025-12-15 06:47:12.390173340,0,0
UPI_001050,ACC_000954,2026-04-30 17:40:27.099707514,2026-05-19 14:22:02.095289921,0,0
UPI_001051,ACC_000955,2024-03-06 05:22:55.255369065,2025-08-04 09:18:58.598575654,0,0
UPI_001052,ACC_000956,2024-11-14 14:24:14.415523622,2026-03-03 05:48:01.794644367,0,0
UPI_001053,ACC_000957,2024-02-04 07:26:12.719095498,2024-05-05 09:01:29.227163828,0,0
UPI_001054,ACC_000957,2024-02-04 07:26:12.719095498,2024-05-05 09:01:29.227163828,0,0
UPI_001055,ACC_000958,2025-09-13 11:29:48.193354920,2026-05-05 04:58:14.876669753,0,0
UPI_001056,ACC_000959,2025-01-15 08:12:17.995792482,2025-11-13 12:28:28.640299397,0,0
UPI_001057,ACC_000960,2026-05-13 00:14:05.137620568,2026-06-11 18:23:29.172467780,0,0
UPI_001058,ACC_000961,2025-09-21 18:21:47.283468634,2026-05-26 22:58:15.777836090,13,10
UPI_001059,ACC_000961,2025-09-21 18:21:47.283468634,2026-05-26 22:58:15.777836090,14,10
UPI_001060,ACC_000962,2025-07-02 08:49:43.243359506,2026-03-16 19:58:20.364089696,0,0
UPI_001061,ACC_000963,2026-04-09 07:17:14.177430928,2026-05-26 23:24:37.899407223,0,0
UPI_001062,ACC_000964,2024-04-28 02:56:09.694272941,2025-01-19 13:07:57.125343826,0,0
UPI_001063,ACC_000965,2025-12-14 17:14:27.713131920,2026-03-25 09:26:11.923969605,0,0
UPI_001064,ACC_000966,2025-10-26 20:27:02.071962968,2026-05-20 18:30:32.559522002,0,0
UPI_001065,ACC_000967,2025-09-05 07:57:32.859220035,2026-06-28 16:37:04.207128585,0,0
UPI_001066,ACC_000968,2025-08-04 06:54:38.526494264,2026-04-10 14:24:35.690372109,0,0
UPI_001067,ACC_000969,2024-04-23 07:17:28.575959511,2026-01-13 14:43:24.337733938,0,0
UPI_001068,ACC_000970,2026-01-11 14:14:39.639439851,2026-05-10 01:54:26.067021910,0,0
UPI_001069,ACC_000970,2026-01-11 14:14:39.639439851,2026-05-10 01:54:26.067021910,0,0
UPI_001070,ACC_000971,2025-08-01 15:00:30.512043296,2026-04-13 12:57:57.714308864,0,0
UPI_001071,ACC_000972,2025-12-03 19:29:06.767862812,2026-01-23 10:32:09.397356512,0,0
UPI_001072,ACC_000973,2026-03-09 02:50:01.193860650,2026-04-25 23:04:03.674287296,0,0
UPI_001073,ACC_000974,2025-05-09 03:36:06.189096786,2025-12-26 22:00:25.157938287,0,0
UPI_001074,ACC_000975,2026-05-21 17:20:19.751891837,2026-06-12 07:17:50.371648539,0,0
UPI_001075,ACC_000976,2024-04-09 11:34:44.331996264,2025-08-07 04:13:04.665494584,0,0
UPI_001076,ACC_000977,2024-01-04 16:17:02.000865576,2026-06-05 23:42:04.190481623,0,0
UPI_001077,ACC_000978,2024-10-27 13:53:13.846252214,2026-04-02 15:41:49.282082542,0,0
UPI_001078,ACC_000979,2024-07-16 06:39:04.580172636,2026-02-27 02:53:40.931204386,0,0
UPI_001079,ACC_000980,2025-05-19 08:07:35.828749396,2026-04-22 00:26:02.706179101,0,0
UPI_001080,ACC_000981,2024-09-12 08:22:42.771058477,2026-02-14 11:58:10.201318436,0,0
UPI_001081,ACC_000982,2025-09-18 21:26:28.614378929,2026-03-30 20:37:49.060383504,0,0
UPI_001082,ACC_000982,2025-09-18 21:26:28.614378929,2026-03-30 20:37:49.060383504,0,0
UPI_001083,ACC_000983,2026-05-11 04:39:44.718217492,2026-05-23 23:19:02.398823738,0,0
UPI_001084,ACC_000984,2025-12-01 19:01:24.009791113,2026-05-30 16:20:44.885650469,0,0
UPI_001085,ACC_000985,2025-01-17 20:23:11.342741735,2025-06-14 14:08:47.053435603,0,0
UPI_001086,ACC_000986,2026-06-16 19:02:10.433098763,2026-06-26 08:47:58.727959764,0,0
UPI_001087,ACC_000987,2025-12-03 13:07:54.056656338,2025-12-26 16:22:06.895744175,0,0
UPI_001088,ACC_000988,2026-01-08 17:06:53.690261267,2026-04-13 00:02:54.926911595,0,0
UPI_001089,ACC_000989,2024-07-05 12:37:59.348617451,2025-02-21 11:44:09.199230637,0,0
UPI_001090,ACC_000990,2025-09-17 18:22:11.716166288,2026-04-06 16:49:25.070844471,0,0
UPI_001091,ACC_000991,2024-03-05 08:22:18.424875278,2026-02-27 11:28:52.645385030,0,0
UPI_001092,ACC_000992,2024-08-02 08:48:18.056029901,2024-08-13 04:24:24.211764871,0,0
UPI_001093,ACC_000993,2024-01-15 23:23:45.468096575,2024-04-27 09:50:36.638698273,0,0
UPI_001094,ACC_000994,2025-10-04 11:16:58.888182089,2026-06-09 23:58:37.239447670,0,0
UPI_001095,ACC_000995,2024-01-20 01:58:05.501855497,2024-08-20 11:48:38.699611146,0,0
UPI_001096,ACC_000996,2025-02-13 04:48:03.732245386,2026-02-14 21:50:36.048178348,0,0
UPI_001097,ACC_000997,2025-08-14 02:50:08.941770978,2026-05-01 00:53:25.014493539,0,0
UPI_001098,ACC_000998,2024-10-04 20:25:22.173828073,2026-01-16 17:30:45.107594599,0,0
UPI_001099,ACC_000999,2024-11-30 14:13:10.602428697,2024-12-19 02:23:07.178263464,0,0
UPI_001100,ACC_001000,2026-03-01 21:25:42.849289492,2026-05-29 05:20:23.083350217,0,0
UPI_001101,ACC_001001,2026-04-01 04:29:41.080852270,2026-06-26 13:09:59.781031299,0,0
UPI_001102,ACC_001002,2026-02-21 06:37:05.047341108,2026-04-09 17:57:39.697320588,0,0
UPI_001103,ACC_001003,2025-11-14 04:33:59.050822087,2026-04-24 23:50:20.742160047,0,0
UPI_001104,ACC_001004,2024-09-09 19:54:06.352183610,2025-03-10 19:02:39.735025549,0,0
UPI_001105,ACC_001005,2024-03-09 00:44:27.260125606,2026-06-27 20:31:07.432302430,0,0
UPI_001106,ACC_001006,2025-03-21 04:50:08.692167841,2025-06-26 05:54:11.790744368,1,1
UPI_001107,ACC_001006,2025-03-21 04:50:08.692167841,2025-06-26 05:54:11.790744368,1,1
UPI_001108,ACC_001007,2026-04-22 02:55:39.264418229,2026-05-13 04:03:00.968067515,0,0
UPI_001109,ACC_001008,2024-07-22 11:50:28.798274003,2024-11-18 06:54:17.488229734,0,0
UPI_001110,ACC_001009,2024-07-09 21:35:16.288566681,2026-05-28 17:21:18.662308875,0,0
UPI_001111,ACC_001010,2025-12-11 06:14:29.098965250,2026-04-04 23:14:08.699948592,0,0
UPI_001112,ACC_001011,2025-06-23 07:13:46.952270962,2025-09-23 02:31:32.892432073,0,0
UPI_001113,ACC_001012,2025-01-03 07:36:44.981851980,2025-03-17 07:27:59.066854024,0,0
UPI_001114,ACC_001013,2026-02-24 21:25:22.434595034,2026-06-14 08:05:52.117410865,0,0
UPI_001115,ACC_001013,2026-02-24 21:25:22.434595034,2026-06-14 08:05:52.117410865,0,0
UPI_001116,ACC_001014,2025-06-14 16:23:52.645222001,2025-07-08 12:19:46.983025903,0,0
UPI_001117,ACC_001015,2026-04-18 08:43:47.020435765,2026-06-04 02:06:39.674169073,0,0
UPI_001118,ACC_001016,2024-12-01 09:14:13.127818815,2025-11-17 14:01:14.069312231,0,0
UPI_001119,ACC_001017,2025-02-08 13:16:00.407625593,2026-03-06 10:13:42.918045699,0,0
UPI_001120,ACC_001017,2025-02-08 13:16:00.407625593,2026-03-06 10:13:42.918045699,0,0
UPI_001121,ACC_001018,2024-03-08 16:34:19.097338899,2025-10-04 16:44:58.279512388,0,0
UPI_001122,ACC_001019,2024-11-30 23:09:41.492938470,2026-03-27 19:17:44.297306232,0,0
UPI_001123,ACC_001020,2024-06-12 17:16:22.171341464,2024-07-11 03:21:21.413052996,0,0
UPI_001124,ACC_001021,2024-01-30 21:50:28.262981426,2025-02-13 00:51:00.495429742,0,0
UPI_001125,ACC_001022,2024-08-20 23:58:41.927469518,2024-10-14 21:27:37.519411286,0,0
UPI_001126,ACC_001023,2025-03-22 23:03:39.017297983,2025-09-26 23:56:29.212122637,0,0
UPI_001127,ACC_001024,2024-08-13 08:13:48.191442695,2025-09-01 21:02:58.422647356,0,0
UPI_001128,ACC_001025,2024-04-09 09:06:47.794055911,2025-08-04 07:11:11.896013818,0,0
UPI_001129,ACC_001026,2025-02-15 08:20:24.715939999,2026-05-23 09:50:48.913843710,0,0
UPI_001130,ACC_001027,2024-05-14 16:32:01.765157206,2026-04-30 05:34:05.646000887,0,0
UPI_001131,ACC_001028,2024-03-19 08:09:20.163510221,2024-12-02 06:52:57.910184721,0,0
UPI_001132,ACC_001029,2026-05-24 17:26:00.872327656,2026-06-19 02:01:09.601292510,2,3
UPI_001133,ACC_001030,2025-03-09 14:18:28.507423721,2026-02-12 20:17:22.745296778,0,0
UPI_001134,ACC_001031,2025-12-31 22:05:06.209317826,2026-06-22 06:48:52.337575804,0,0
UPI_001135,ACC_001032,2024-06-04 14:01:21.508360033,2024-08-06 23:44:52.985163383,0,0
UPI_001136,ACC_001033,2025-02-24 11:19:35.917848468,2025-12-24 04:51:01.319375476,0,0
UPI_001137,ACC_001034,2024-03-22 22:06:43.218515984,2025-02-23 13:47:48.797537084,0,0
UPI_001138,ACC_001035,2025-01-10 03:36:40.960733153,2025-07-15 06:23:14.696150459,0,0
UPI_001139,ACC_001036,2026-01-22 20:24:16.744944558,2026-04-30 12:09:44.780344428,0,0
UPI_001140,ACC_001037,2026-03-24 07:02:02.907148048,2026-04-20 14:32:19.794764487,0,0
UPI_001141,ACC_001038,2025-04-17 19:32:57.496788159,2025-05-03 12:44:18.128251319,0,0
UPI_001142,ACC_001039,2024-09-17 21:53:58.035296079,2026-02-05 13:05:55.282602029,4,4
UPI_001143,ACC_001040,2025-10-30 04:34:13.900349647,2025-11-20 06:22:38.470524702,0,0
UPI_001144,ACC_001041,2025-08-05 01:31:48.649901427,2025-11-21 00:28:53.141985922,0,0
UPI_001145,ACC_001042,2025-03-04 14:29:56.998861551,2025-12-16 14:15:15.493214671,0,0
UPI_001146,ACC_001042,2025-03-04 14:29:56.998861551,2025-12-16 14:15:15.493214671,0,0
UPI_001147,ACC_001043,2025-03-09 01:20:54.092300013,2026-01-01 04:00:21.409135079,0,0
UPI_001148,ACC_001043,2025-03-09 01:20:54.092300013,2026-01-01 04:00:21.409135079,0,0
UPI_001149,ACC_001044,2025-03-25 07:38:06.788562521,2026-01-26 22:05:43.034150442,0,0
UPI_001150,ACC_001045,2024-11-05 01:11:34.828248058,2026-06-26 16:35:37.159454352,0,0
UPI_001151,ACC_001046,2025-04-17 18:46:38.352227509,2025-10-10 16:15:18.074086200,22,16
UPI_001152,ACC_001047,2024-02-22 06:25:23.202498524,2024-06-19 08:07:30.572801826,0,0
UPI_001153,ACC_001048,2025-06-03 10:29:56.923256323,2025-07-27 10:52:32.440988125,0,0
UPI_001154,ACC_001049,2025-03-28 01:01:03.100048274,2025-11-17 05:23:50.239678370,0,0
UPI_001155,ACC_001050,2025-01-18 03:10:55.203361820,2025-08-08 16:42:26.442320249,41,18
UPI_001156,ACC_001051,2024-10-22 03:47:51.815688383,2026-05-07 12:32:30.139418659,0,0
UPI_001157,ACC_001052,2025-07-20 10:36:19.336833037,2026-01-12 11:42:07.480143209,0,0
UPI_001158,ACC_001053,2025-03-17 19:29:59.712664977,2025-10-15 20:43:43.188447215,0,0
UPI_001159,ACC_001054,2024-04-01 20:45:27.131515765,2026-03-09 06:02:32.514498442,0,0
UPI_001160,ACC_001055,2024-12-07 03:02:00.868570995,2026-03-05 19:22:50.347720513,0,0
UPI_001161,ACC_001056,2024-03-10 16:42:49.986242807,2025-11-01 06:50:50.868428711,0,0
UPI_001162,ACC_001057,2024-12-11 10:09:36.165376857,2025-10-05 16:23:09.551434769,0,0
UPI_001163,ACC_001058,2025-04-30 09:50:11.897690870,2025-08-08 06:48:57.964904893,0,0
UPI_001164,ACC_001059,2024-12-22 05:27:26.103552792,2025-11-02 01:07:18.094479033,0,0
UPI_001165,ACC_001060,2024-11-07 05:23:55.588563319,2025-01-15 15:47:32.069389379,0,0
UPI_001166,ACC_001061,2024-09-13 03:02:53.240311217,2025-08-30 16:06:10.948940070,2,3
UPI_001167,ACC_001062,2024-12-13 19:04:26.454974912,2026-04-07 07:56:27.780356406,0,0
UPI_001168,ACC_001063,2024-03-04 03:24:32.862547240,2025-05-14 19:11:46.164008914,0,0
UPI_001169,ACC_001064,2026-06-24 10:38:45.800885111,2026-06-24 19:46:39.497951443,0,0
UPI_001170,ACC_001065,2025-05-20 21:56:05.597999856,2025-06-02 14:24:35.500135419,3,3
UPI_001171,ACC_001065,2025-05-20 21:56:05.597999856,2025-06-02 14:24:35.500135419,4,4
UPI_001172,ACC_001066,2025-08-02 13:20:47.765609652,2026-05-14 18:14:13.331540696,0,0
UPI_001173,ACC_001067,2024-06-15 20:11:13.995259248,2024-11-29 17:50:53.191749270,0,0
UPI_001174,ACC_001068,2026-04-21 05:19:18.152867600,2026-05-27 21:41:54.383647036,0,0
UPI_001175,ACC_001069,2025-06-04 07:55:49.337433964,2026-04-03 19:09:27.871400010,0,0
UPI_001176,ACC_001070,2025-01-12 11:52:18.786131933,2025-05-27 14:01:07.667537649,0,0
UPI_001177,ACC_001071,2025-10-11 17:42:41.365728363,2026-04-22 09:42:42.523935520,0,0
UPI_001178,ACC_001072,2024-10-04 06:19:00.806376308,2024-11-20 23:29:33.830914243,0,0
UPI_001179,ACC_001073,2026-05-01 10:59:02.405215725,2026-06-15 00:45:51.726767499,0,0
UPI_001180,ACC_001074,2024-06-03 05:53:02.458585162,2024-07-21 16:04:36.947287082,0,0
UPI_001181,ACC_001075,2026-01-28 23:07:41.465374649,2026-03-12 02:22:29.760416645,0,0
UPI_001182,ACC_001076,2026-05-30 13:55:27.185175464,2026-06-07 09:20:15.919353632,0,0
UPI_001183,ACC_001077,2025-03-23 23:27:36.003978364,2026-05-10 17:20:39.492773238,0,0
UPI_001184,ACC_001078,2026-03-09 15:17:31.353111997,2026-05-08 16:37:42.706817615,0,0
UPI_001185,ACC_001079,2024-03-06 04:39:00.059535880,2026-02-17 06:32:13.341151177,0,0
UPI_001186,ACC_001080,2025-07-19 08:33:21.804592796,2026-02-05 14:49:26.305505901,0,0
UPI_001187,ACC_001081,2024-11-20 12:40:12.946993761,2026-03-08 18:07:31.600490929,0,0
UPI_001188,ACC_001082,2024-11-27 21:18:14.016803365,2025-10-13 04:14:08.664690090,0,0
UPI_001189,ACC_001083,2025-02-14 06:44:37.636726566,2025-09-27 13:28:12.136920450,0,0
UPI_001190,ACC_001084,2025-06-27 15:55:07.359284580,2026-02-24 08:41:53.588346608,0,0
UPI_001191,ACC_001085,2025-07-15 04:31:09.463445835,2025-10-23 09:23:44.370120756,8,5
UPI_001192,ACC_001086,2024-09-10 12:09:09.231100645,2026-05-07 13:41:04.842342195,0,0
UPI_001193,ACC_001087,2024-12-15 18:35:40.227676801,2026-05-09 10:39:22.612309071,0,0
UPI_001194,ACC_001088,2024-08-15 07:38:31.402958468,2024-10-04 01:04:08.718906404,0,0
UPI_001195,ACC_001089,2025-07-30 05:51:39.837826245,2026-06-02 03:27:45.033801233,0,0
UPI_001196,ACC_001090,2024-04-02 22:53:22.550002920,2024-08-29 17:27:53.306518854,0,0
UPI_001197,ACC_001091,2025-01-20 21:01:56.928369183,2026-01-13 15:05:39.549694656,0,0
UPI_001198,ACC_001092,2026-06-10 09:38:52.854435325,2026-06-26 12:47:48.459698677,0,0
UPI_001199,ACC_001092,2026-06-10 09:38:52.854435325,2026-06-26 12:47:48.459698677,0,0
UPI_001200,ACC_001093,2026-06-19 18:38:57.017222375,2026-06-22 05:50:14.132128743,0,0
UPI_001201,ACC_001094,2025-04-16 20:44:54.861677431,2025-06-05 08:03:04.743953925,0,0
UPI_001202,ACC_001095,2024-08-13 10:27:56.352948144,2026-01-13 20:16:41.998351152,0,0
UPI_001203,ACC_001096,2025-06-15 13:33:18.186611220,2025-11-30 10:30:32.301379752,0,0
UPI_001204,ACC_001097,2025-03-20 23:42:23.821841449,2025-11-02 18:55:01.517230273,0,0
UPI_001205,ACC_001098,2024-02-08 16:55:45.982605746,2025-12-04 06:32:45.739635380,0,0
UPI_001206,ACC_001099,2026-06-20 01:33:58.957939014,2026-06-22 14:04:47.547958299,0,0
UPI_001207,ACC_001100,2024-10-25 01:11:05.168655217,2024-12-23 14:22:02.463170505,0,0
UPI_001208,ACC_001101,2024-12-29 17:50:59.960449900,2026-06-06 20:56:49.906711473,0,0
UPI_001209,ACC_001102,2025-04-12 20:29:53.880793571,2026-02-16 21:43:27.638416872,0,0
UPI_001210,ACC_001103,2026-03-13 00:24:30.729256287,2026-05-23 02:07:34.220060394,0,0
UPI_001211,ACC_001104,2025-12-28 23:57:03.085045286,2026-02-27 22:14:57.643581928,0,0
UPI_001212,ACC_001105,2024-07-06 06:08:54.224516496,2026-06-26 21:24:51.181182957,0,0
UPI_001213,ACC_001106,2025-10-14 16:22:55.497237325,2025-12-11 04:04:14.423007442,0,0
UPI_001214,ACC_001107,2026-03-07 17:28:58.258417502,2026-03-28 01:55:19.131246418,0,0
UPI_001215,ACC_001108,2025-10-12 16:39:58.539469048,2026-01-03 13:05:32.238999114,0,0
UPI_001216,ACC_001109,2024-05-06 19:07:33.785120081,2025-12-07 06:53:46.714297289,0,0
UPI_001217,ACC_001110,2025-05-05 22:28:36.700220644,2025-08-13 11:54:08.034656807,0,0
UPI_001218,ACC_001111,2026-02-02 22:13:50.486400597,2026-03-20 22:12:23.524986357,0,0
UPI_001219,ACC_001112,2024-06-27 04:58:18.772971680,2025-07-20 07:32:30.628926659,0,0
UPI_001220,ACC_001113,2025-05-05 14:34:45.840250127,2026-02-02 20:09:46.223633418,0,0
UPI_001221,ACC_001114,2025-09-01 23:03:06.766897954,2025-10-16 21:07:50.342556233,4,4
UPI_001222,ACC_001115,2025-08-01 19:43:45.368830398,2026-03-07 06:41:24.979303829,0,0
UPI_001223,ACC_001116,2024-04-07 02:47:26.518531928,2025-02-11 06:01:16.725538536,0,0
UPI_001224,ACC_001117,2024-09-09 18:17:38.624510333,2025-04-25 14:45:09.841783857,15,11
UPI_001225,ACC_001118,2025-05-17 23:49:58.264272681,2025-06-19 05:35:26.127682289,0,0
UPI_001226,ACC_001119,2024-07-09 04:23:55.194234028,2026-06-11 05:32:26.031184404,0,0
UPI_001227,ACC_001120,2024-10-31 00:16:48.945108447,2025-12-25 17:27:58.067229188,0,0
UPI_001228,ACC_001121,2025-01-13 03:13:45.137700554,2025-03-07 08:35:13.869507755,0,0
UPI_001229,ACC_001122,2024-01-13 09:52:30.592103725,2024-12-07 12:11:02.040244573,0,0
UPI_001230,ACC_001123,2025-04-09 23:53:14.378525190,2025-05-15 16:56:35.713798530,0,0
UPI_001231,ACC_001124,2026-06-25 05:21:26.990410194,2026-06-27 19:26:24.331444262,0,0
UPI_001232,ACC_001125,2025-01-06 22:22:05.111239545,2026-01-19 08:36:16.855164341,0,0
UPI_001233,ACC_001126,2024-09-06 21:15:36.124580912,2024-10-14 06:33:28.153859892,0,0
UPI_001234,ACC_001127,2024-08-18 11:29:28.084715828,2026-05-08 00:48:46.983485318,0,0
UPI_001235,ACC_001128,2025-04-14 07:46:25.554496467,2025-09-26 13:41:27.369410946,0,0
UPI_001236,ACC_001129,2025-02-19 10:12:43.993636400,2025-06-15 18:47:34.902940641,0,0
UPI_001237,ACC_001130,2026-02-24 06:26:36.033643618,2026-03-12 14:17:28.456594717,0,0
UPI_001238,ACC_001131,2025-08-05 08:26:49.328695171,2025-09-22 05:05:14.025463538,0,0
UPI_001239,ACC_001132,2024-12-29 04:07:50.207654625,2026-04-08 17:08:40.980806168,0,0
UPI_001240,ACC_001133,2024-12-17 09:58:10.168084476,2025-09-12 01:03:09.383260984,7,5
UPI_001241,ACC_001134,2025-05-13 11:46:30.268016182,2026-04-07 20:35:53.573410424,0,0
UPI_001242,ACC_001135,2024-08-18 19:38:21.630237740,2025-01-20 06:32:39.490913402,0,0
UPI_001243,ACC_001136,2025-01-20 05:05:46.843944341,2025-07-06 09:18:39.857131423,0,0
UPI_001244,ACC_001137,2024-09-16 16:07:01.002931405,2025-06-12 10:03:45.965163178,0,0
UPI_001245,ACC_001138,2025-04-14 14:09:11.004816666,2025-11-01 05:14:54.729776653,0,0
UPI_001246,ACC_001138,2025-04-14 14:09:11.004816666,2025-11-01 05:14:54.729776653,0,0
UPI_001247,ACC_001139,2025-05-12 22:54:51.490532488,2025-06-22 07:13:03.210674064,0,0
UPI_001248,ACC_001140,2026-02-10 10:38:15.610244758,2026-02-16 17:22:04.059251857,0,0
UPI_001249,ACC_001141,2024-08-16 19:44:14.596200407,2026-06-27 04:48:06.802650581,0,0
UPI_001250,ACC_001142,2026-04-04 04:54:21.176806018,2026-06-01 01:22:39.635938615,0,0
UPI_001251,ACC_001143,2025-05-02 15:06:25.724301942,2025-05-25 19:36:54.899020691,0,0
UPI_001252,ACC_001144,2025-10-24 03:29:14.040374227,2026-05-04 09:38:32.578641912,0,0
UPI_001253,ACC_001145,2025-07-11 05:35:14.611435048,2025-11-15 23:35:38.226024815,0,0
UPI_001254,ACC_001146,2026-01-25 06:06:20.595050491,2026-05-29 07:11:25.980093260,0,0
UPI_001255,ACC_001147,2025-08-27 02:53:09.117887579,2026-06-14 14:17:11.519156468,0,0
UPI_001256,ACC_001148,2024-01-11 02:06:42.121945033,2024-02-04 00:40:28.869440833,0,0
UPI_001257,ACC_001149,2024-12-21 12:58:44.199385386,2026-06-10 03:59:08.952355650,0,0
UPI_001258,ACC_001150,2026-05-04 20:23:43.616490170,2026-05-14 03:46:31.759337838,7,5
UPI_001259,ACC_001151,2025-02-15 06:33:34.423461340,2025-07-13 19:24:02.368096712,0,0
UPI_001260,ACC_001152,2026-01-24 15:48:06.346083358,2026-05-02 16:13:29.958421869,0,0
UPI_001261,ACC_001153,2026-03-02 14:56:13.541995659,2026-05-27 02:07:02.727663478,0,0
UPI_001262,ACC_001154,2024-10-29 23:29:04.307193376,2025-02-10 11:35:16.700968715,0,0
UPI_001263,ACC_001155,2026-02-20 09:17:34.938059151,2026-03-10 02:55:08.719621643,0,0
UPI_001264,ACC_001156,2024-12-09 20:14:19.481043171,2025-05-21 08:38:08.707778254,0,0
UPI_001265,ACC_001157,2024-01-24 02:28:49.511546642,2024-11-08 04:50:43.597748702,0,0
UPI_001266,ACC_001158,2025-09-24 14:31:30.611660361,2025-12-22 04:43:05.448502185,0,0
UPI_001267,ACC_001159,2026-01-17 06:48:17.480208054,2026-02-14 07:55:20.597919966,0,0
UPI_001268,ACC_001160,2025-02-15 09:56:48.190684445,2026-06-15 09:58:53.343161189,0,0
UPI_001269,ACC_001161,2024-06-06 23:25:20.277729357,2026-01-28 22:38:30.200501809,0,0
UPI_001270,ACC_001161,2024-06-06 23:25:20.277729357,2026-01-28 22:38:30.200501809,0,0
UPI_001271,ACC_001162,2025-07-14 12:35:11.320528887,2026-06-22 23:56:43.596924272,0,0
UPI_001272,ACC_001163,2025-11-03 13:14:48.336884461,2025-11-28 06:27:14.976581214,0,0
UPI_001273,ACC_001164,2025-08-19 12:55:04.241650455,2025-09-12 07:18:37.773872038,0,0
UPI_001274,ACC_001165,2024-11-20 03:03:01.021544479,2025-09-30 16:13:29.536612974,0,0
UPI_001275,ACC_001166,2024-12-01 13:09:14.335773081,2025-11-20 03:28:30.803283691,0,0
UPI_001276,ACC_001166,2024-12-01 13:09:14.335773081,2025-11-20 03:28:30.803283691,0,0
UPI_001277,ACC_001167,2025-05-15 05:27:57.872512996,2026-01-31 03:11:01.652678451,0,0
UPI_001278,ACC_001168,2024-06-25 04:21:33.550490379,2024-09-01 17:00:26.124094281,0,0
UPI_001279,ACC_001169,2026-02-09 20:48:07.081595130,2026-06-08 02:39:16.031541850,0,0
UPI_001280,ACC_001169,2026-02-09 20:48:07.081595130,2026-06-08 02:39:16.031541850,0,0
UPI_001281,ACC_001170,2024-04-03 05:06:13.017968243,2025-05-08 16:39:42.884053278,0,0
UPI_001282,ACC_001171,2025-03-19 05:55:19.892543055,2025-09-07 10:40:43.034424143,0,0
UPI_001283,ACC_001172,2026-02-21 22:46:29.390814483,2026-04-27 13:01:35.826454018,0,0
UPI_001284,ACC_001173,2025-04-27 07:11:42.313673936,2025-05-14 15:28:53.829581235,0,0
UPI_001285,ACC_001174,2025-11-24 05:23:55.903849579,2026-01-10 01:31:05.942918053,0,0
UPI_001286,ACC_001175,2024-08-06 06:07:23.973510455,2026-06-28 22:53:43.472641266,0,0
UPI_001287,ACC_001176,2025-02-09 20:41:04.740221977,2025-11-15 23:31:59.968368483,0,0
UPI_001288,ACC_001177,2025-10-11 14:20:47.026521690,2025-11-01 03:05:05.474456080,0,0
UPI_001289,ACC_001178,2026-03-20 06:27:07.643475801,2026-04-19 01:25:25.557553142,7,8
UPI_001290,ACC_001179,2025-08-08 19:32:58.228705123,2025-10-07 21:36:53.260996272,0,0
UPI_001291,ACC_001180,2024-08-09 03:50:48.719342552,2026-05-09 01:19:51.814485591,0,0
UPI_001292,ACC_001181,2024-05-13 06:32:45.972199164,2026-01-30 06:49:44.406856334,0,0
UPI_001293,ACC_001182,2026-02-05 15:25:35.992894001,2026-04-25 14:12:51.068214473,0,0
UPI_001294,ACC_001183,2025-05-19 17:26:26.408075847,2026-06-10 09:50:39.445014508,0,0
UPI_001295,ACC_001184,2024-06-16 12:10:43.569906279,2025-03-20 17:35:40.721246046,0,0
UPI_001296,ACC_001185,2025-03-18 10:50:10.134282045,2026-04-27 17:32:22.788699866,0,0
UPI_001297,ACC_001186,2024-04-25 01:55:06.238845453,2025-05-02 04:56:38.428908413,0,0
UPI_001298,ACC_001187,2024-04-05 19:28:22.539220016,2026-02-26 14:33:21.742076535,0,0
UPI_001299,ACC_001188,2026-04-18 02:22:31.718835607,2026-06-22 18:14:30.326266326,0,0
UPI_001300,ACC_001189,2025-05-11 03:43:42.566084333,2025-11-19 05:07:42.489647200,0,0
UPI_001301,ACC_001190,2024-08-14 18:13:32.568267804,2024-12-14 13:19:28.140426552,0,0
UPI_001302,ACC_001191,2026-03-13 20:01:01.489344195,2026-04-03 15:24:58.758145627,0,0
UPI_001303,ACC_001192,2026-06-28 23:36:17.926595762,2026-06-29 06:39:06.471037490,0,0
UPI_001304,ACC_001193,2026-03-16 12:11:34.736322060,2026-04-09 00:38:13.789295002,0,0
UPI_001305,ACC_001194,2025-11-12 01:20:10.658295408,2026-02-09 07:58:39.329441876,0,0
UPI_001306,ACC_001195,2026-05-26 10:37:51.189632952,2026-06-12 22:51:23.626485871,0,0
UPI_001307,ACC_001196,2024-06-28 19:40:27.884438518,2024-08-31 12:22:20.824007013,0,0
UPI_001308,ACC_001197,2026-03-10 13:53:36.136854053,2026-06-19 22:22:34.795802602,0,0
UPI_001309,ACC_001198,2024-11-22 19:28:47.497816801,2024-11-24 05:34:31.559178793,0,0
UPI_001310,ACC_001199,2024-01-30 08:50:58.317002795,2024-05-31 06:57:20.764131395,0,0
UPI_001311,ACC_001200,2024-01-30 11:54:40.804878615,2024-02-06 21:50:23.568930079,0,0
UPI_001312,ACC_001201,2024-06-20 02:48:36.877485337,2026-06-20 00:46:46.892250913,0,0
UPI_001313,ACC_001202,2025-12-11 02:44:40.071040913,2026-03-03 14:35:39.873760017,0,0
UPI_001314,ACC_001203,2026-03-27 20:49:54.225714996,2026-04-15 07:41:12.304748025,0,0
UPI_001315,ACC_001204,2024-04-26 13:46:03.546983700,2024-07-29 20:23:12.528456195,0,0
UPI_001316,ACC_001205,2026-02-09 03:26:43.250663474,2026-04-02 07:38:34.715362587,0,0
UPI_001317,ACC_001206,2025-11-19 05:38:57.614908792,2026-06-24 15:08:53.503228744,0,0
UPI_001318,ACC_001207,2024-02-17 13:49:39.829283590,2025-06-05 08:36:15.912116910,0,0
UPI_001319,ACC_001208,2025-10-28 07:06:04.144339316,2026-01-22 23:23:05.423736854,0,0
UPI_001320,ACC_001209,2024-02-04 23:07:24.625434817,2024-12-20 07:32:59.484851257,0,0
UPI_001321,ACC_001210,2024-08-27 05:06:55.426199432,2024-11-14 00:55:08.591648955,0,0
UPI_001322,ACC_001211,2025-04-28 15:48:11.234646790,2025-12-05 14:19:51.332432883,0,0
UPI_001323,ACC_001212,2026-04-08 08:02:14.634259298,2026-05-13 09:37:07.904876772,0,0
UPI_001324,ACC_001213,2024-04-05 23:24:41.348184405,2025-11-21 00:10:10.823866789,0,0
UPI_001325,ACC_001214,2024-11-13 07:20:54.238452628,2025-03-07 06:20:36.648708763,0,0
UPI_001326,ACC_001215,2025-06-09 13:42:35.920112237,2025-08-01 12:07:20.004952475,0,0
UPI_001327,ACC_001216,2025-11-05 07:50:51.607945792,2026-03-22 22:37:57.974621130,0,0
UPI_001328,ACC_001217,2026-04-13 22:03:26.144280121,2026-06-10 02:43:42.894416444,0,0
UPI_001329,ACC_001218,2025-03-03 02:56:20.301508054,2025-10-29 20:26:23.500731827,0,0
UPI_001330,ACC_001219,2026-02-05 01:25:32.765420280,2026-05-30 13:36:52.077957410,0,0
UPI_001331,ACC_001220,2025-07-16 02:33:44.529754542,2026-05-05 13:20:51.498351280,0,0
UPI_001332,ACC_001221,2024-07-04 21:26:09.706587056,2026-04-30 13:08:32.536001922,0,0
UPI_001333,ACC_001222,2025-06-12 00:06:13.061290257,2025-11-03 20:17:10.888696798,0,0
UPI_001334,ACC_001223,2024-10-12 21:18:29.490066096,2026-05-01 04:55:15.114970296,0,0
UPI_001335,ACC_001224,2025-10-03 00:26:15.981485777,2026-04-12 10:47:47.385012389,0,0
UPI_001336,ACC_001225,2024-09-16 05:12:06.270786054,2025-10-28 12:34:52.923826305,0,0
UPI_001337,ACC_001226,2024-08-27 10:49:28.733604599,2025-09-03 08:06:05.865746577,0,0
UPI_001338,ACC_001227,2026-05-11 05:25:22.425238177,2026-05-12 04:58:46.660790593,0,0
UPI_001339,ACC_001228,2026-04-07 19:48:16.908511698,2026-05-24 10:20:01.585929163,0,0
UPI_001340,ACC_001229,2025-02-15 12:57:27.047014557,2026-03-11 14:45:30.211031182,0,0
UPI_001341,ACC_001230,2025-11-28 08:10:50.979139976,2026-06-27 12:21:04.591893849,0,0
UPI_001342,ACC_001231,2026-06-13 15:48:53.440949604,2026-06-20 17:40:33.557249836,0,0
UPI_001343,ACC_001232,2024-03-21 17:41:58.605229143,2026-06-21 19:52:55.445816486,0,0
UPI_001344,ACC_001233,2025-07-06 05:11:49.259837195,2025-09-05 14:24:27.194494797,0,0
UPI_001345,ACC_001234,2024-08-18 22:28:12.508457929,2026-06-01 13:45:34.912089164,0,0
UPI_001346,ACC_001235,2025-12-29 19:31:43.738411918,2026-04-16 05:46:43.588499076,0,0
UPI_001347,ACC_001236,2024-04-02 09:14:49.601063739,2025-09-26 18:35:17.380433661,0,0
UPI_001348,ACC_001237,2025-12-19 14:33:06.946475416,2026-04-08 23:29:25.060103472,0,0
UPI_001349,ACC_001238,2024-07-01 18:07:20.425682873,2026-06-17 12:11:28.970027395,15,7
UPI_001350,ACC_001238,2024-07-01 18:07:20.425682873,2026-06-17 12:11:28.970027395,17,11
UPI_001351,ACC_001239,2025-02-19 10:24:26.155501775,2025-03-13 09:15:41.613439128,0,0
UPI_001352,ACC_001240,2026-01-11 09:22:39.194758020,2026-03-22 00:13:31.693723764,0,0
UPI_001353,ACC_001241,2024-03-02 11:01:18.061025506,2026-03-16 00:06:53.046559417,0,0
UPI_001354,ACC_001242,2026-04-25 13:30:14.263455734,2026-05-06 11:55:21.277708010,0,0
UPI_001355,ACC_001242,2026-04-25 13:30:14.263455734,2026-05-06 11:55:21.277708010,0,0
UPI_001356,ACC_001243,2024-07-17 00:06:16.498339258,2025-08-27 02:56:15.923111441,0,0
UPI_001357,ACC_001243,2024-07-17 00:06:16.498339258,2025-08-27 02:56:15.923111441,0,0
UPI_001358,ACC_001244,2025-04-01 03:55:08.478305697,2025-11-25 07:20:05.382287848,0,0
UPI_001359,ACC_001245,2025-10-31 04:37:12.841252908,2026-05-14 10:26:36.967996956,0,0
UPI_001360,ACC_001246,2024-04-22 12:08:25.762653219,2026-04-25 17:24:39.438367936,0,0
UPI_001361,ACC_001246,2024-04-22 12:08:25.762653219,2026-04-25 17:24:39.438367936,0,0
UPI_001362,ACC_001247,2025-07-08 13:36:52.343856379,2025-10-08 19:47:20.208036545,0,0
UPI_001363,ACC_001248,2025-04-14 16:21:59.212320924,2026-02-14 13:53:39.424298136,0,0
UPI_001364,ACC_001249,2025-06-17 16:40:46.480086841,2026-01-10 08:10:11.254762376,0,0
UPI_001365,ACC_001250,2025-08-26 12:47:51.137930296,2026-03-18 07:37:55.878193916,0,0
UPI_001366,ACC_001251,2025-01-18 04:36:41.118792780,2025-05-03 22:52:30.404096812,0,0
UPI_001367,ACC_001252,2024-09-29 04:17:24.020296928,2025-03-22 08:50:21.634000688,0,0
UPI_001368,ACC_001253,2024-06-16 11:46:20.367232211,2025-07-30 07:21:25.835430934,0,0
UPI_001369,ACC_001254,2026-05-05 11:44:19.558218405,2026-05-05 15:39:46.972178798,0,0
UPI_001370,ACC_001255,2024-12-31 15:40:48.908845499,2026-01-26 08:28:59.929281914,0,0
UPI_001371,ACC_001256,2024-09-14 02:33:10.496525601,2024-12-28 18:06:53.494321834,0,0
UPI_001372,ACC_001257,2024-02-17 20:52:48.738716227,2026-05-01 16:54:34.807765795,0,0
UPI_001373,ACC_001258,2025-11-15 08:22:38.040345654,2026-05-29 09:45:20.448392467,0,0
UPI_001374,ACC_001259,2025-04-25 18:37:49.571949959,2026-01-18 22:57:41.007067332,0,0
UPI_001375,ACC_001260,2024-06-22 23:14:29.160861418,2026-04-10 16:56:43.571710738,0,0
UPI_001376,ACC_001261,2026-03-24 20:43:32.376194477,2026-06-28 18:15:53.021902863,0,0
UPI_001377,ACC_001262,2026-04-30 16:10:45.691716939,2026-06-16 10:10:38.527416894,0,0
UPI_001378,ACC_001263,2026-03-13 07:06:24.722845331,2026-05-20 09:55:26.465452485,0,0
UPI_001379,ACC_001264,2025-05-26 01:04:14.808941849,2025-11-21 17:41:40.176701292,0,0
UPI_001380,ACC_001265,2024-12-06 01:23:18.792699739,2026-03-15 13:18:59.911729518,0,0
UPI_001381,ACC_001265,2024-12-06 01:23:18.792699739,2026-03-15 13:18:59.911729518,0,0
UPI_001382,ACC_001266,2024-05-27 11:28:11.080746679,2025-11-16 07:55:29.149582469,0,0
UPI_001383,ACC_001267,2024-12-09 16:02:52.028589841,2025-09-03 19:29:28.713177811,41,25
UPI_001384,ACC_001268,2025-07-11 16:29:55.149110369,2026-01-04 08:32:36.143710490,0,0
UPI_001385,ACC_001269,2024-07-25 09:21:46.361747522,2025-01-02 16:48:56.946350450,0,0
UPI_001386,ACC_001270,2025-02-26 16:04:51.425600998,2026-03-18 18:17:33.940692165,0,0
UPI_001387,ACC_001271,2025-06-06 02:06:09.015572138,2026-05-13 16:21:07.204103102,0,0
UPI_001388,ACC_001272,2025-10-28 08:05:01.195009410,2025-11-01 08:52:25.876602640,0,0
UPI_001389,ACC_001273,2024-03-24 05:18:02.907250221,2024-06-24 20:21:45.576752248,0,0
UPI_001390,ACC_001274,2026-02-28 20:00:22.449143812,2026-06-28 22:30:48.942366057,0,0
UPI_001391,ACC_001275,2025-02-19 11:36:39.073547475,2025-05-18 17:44:05.607332123,0,0
UPI_001392,ACC_001276,2025-06-14 03:20:25.683103062,2026-03-21 15:41:47.375632983,0,0
UPI_001393,ACC_001277,2026-05-06 15:05:09.994658187,2026-06-01 18:32:40.051990123,0,0
UPI_001394,ACC_001278,2024-06-02 00:41:11.721857235,2025-07-02 04:44:59.325147448,0,0
UPI_001395,ACC_001279,2026-03-16 18:24:08.550143898,2026-03-28 04:07:13.505283576,0,0
UPI_001396,ACC_001280,2026-01-02 20:04:00.487388790,2026-01-27 09:29:40.323854797,0,0
UPI_001397,ACC_001280,2026-01-02 20:04:00.487388790,2026-01-27 09:29:40.323854797,0,0
UPI_001398,ACC_001281,2026-06-24 13:24:51.615689650,2026-06-27 16:52:52.195239401,0,0
UPI_001399,ACC_001282,2024-12-24 01:28:35.435049016,2025-07-20 20:49:15.767051365,0,0
UPI_001400,ACC_001283,2024-04-25 13:23:06.488369679,2026-01-19 21:25:36.267276274,0,0
UPI_001401,ACC_001284,2024-01-13 21:56:50.737528736,2026-06-04 20:00:51.858205454,0,0
UPI_001402,ACC_001285,2025-12-23 01:18:59.386099324,2026-05-25 12:54:58.829376756,0,0
UPI_001403,ACC_001286,2024-05-04 10:32:20.946547585,2025-03-19 17:12:10.341127584,0,0
UPI_001404,ACC_001287,2024-10-05 18:38:56.189063527,2025-08-06 14:56:40.201152826,0,0
UPI_001405,ACC_001288,2026-06-18 10:39:21.531803398,2026-06-20 06:06:44.874420656,97,47
UPI_001406,ACC_001289,2025-02-06 17:57:50.271979399,2026-01-26 08:02:09.044786787,0,0
UPI_001407,ACC_001290,2024-07-29 15:04:53.381675463,2025-06-07 22:41:34.872809281,0,0
UPI_001408,ACC_001291,2025-11-17 04:41:54.638655975,2026-05-28 22:32:31.882323363,0,0
UPI_001409,ACC_001292,2024-09-04 09:14:59.109594151,2025-11-11 01:57:45.913712182,0,0
UPI_001410,ACC_001293,2025-04-28 18:15:44.217677429,2025-07-10 14:58:04.608970424,13,9
UPI_001411,ACC_001293,2025-04-28 18:15:44.217677429,2025-07-10 14:58:04.608970424,14,7
UPI_001412,ACC_001294,2024-05-23 07:54:23.664398914,2025-04-03 19:53:41.654386969,0,0
UPI_001413,ACC_001295,2025-02-23 19:39:03.811302148,2026-01-22 07:45:43.214600685,0,0
UPI_001414,ACC_001296,2024-04-08 22:49:03.404496560,2026-03-06 15:01:17.425404890,32,16
UPI_001415,ACC_001297,2025-12-05 06:56:34.238052495,2026-02-15 19:18:50.073401711,0,0
UPI_001416,ACC_001298,2024-11-28 15:23:58.357100952,2025-12-20 20:22:54.699694673,0,0
UPI_001417,ACC_001299,2024-10-17 10:19:26.122025456,2025-02-02 03:45:33.408103441,0,0
UPI_001418,ACC_001300,2026-06-24 08:07:58.240591943,2026-06-29 11:03:12.915876621,34,23
UPI_001419,ACC_001300,2026-06-24 08:07:58.240591943,2026-06-29 11:03:12.915876621,40,22
UPI_001420,ACC_001301,2026-01-25 20:36:57.731920160,2026-04-25 02:11:38.610430685,0,0
UPI_001421,ACC_001302,2025-05-19 15:01:18.425031789,2026-03-27 23:09:46.820558032,0,0
UPI_001422,ACC_001303,2026-05-10 04:15:22.839044392,2026-05-30 08:18:48.167867572,0,0
UPI_001423,ACC_001304,2024-07-11 14:01:18.713218583,2026-05-18 06:48:44.673600063,0,0
UPI_001424,ACC_001305,2025-06-06 10:41:07.712890662,2026-03-13 05:54:28.960735688,0,0
UPI_001425,ACC_001306,2026-04-26 08:54:28.073909640,2026-05-06 07:14:40.741268688,0,0
UPI_001426,ACC_001307,2025-06-03 00:03:48.850058742,2026-01-04 16:10:26.952681737,0,0
UPI_001427,ACC_001308,2024-10-07 13:53:18.997465476,2025-03-27 21:31:34.372206306,36,19
UPI_001428,ACC_001308,2024-10-07 13:53:18.997465476,2025-03-27 21:31:34.372206306,42,21
UPI_001429,ACC_001309,2026-01-09 10:02:49.401401736,2026-06-01 09:46:57.050680697,0,0
UPI_001430,ACC_001310,2024-05-06 10:56:40.608893014,2026-01-10 14:47:19.093746474,0,0
UPI_001431,ACC_001311,2024-05-18 11:20:04.268124746,2025-06-04 12:31:53.906388365,0,0
UPI_001432,ACC_001312,2025-10-28 01:18:52.538148798,2026-01-10 00:14:46.450527135,0,0
UPI_001433,ACC_001313,2024-03-04 03:52:17.607911730,2026-02-25 02:27:19.649389616,0,0
UPI_001434,ACC_001314,2024-02-16 02:59:29.162835360,2026-02-20 16:30:06.930305500,0,0
UPI_001435,ACC_001315,2024-12-11 08:05:22.957349487,2025-09-23 03:07:36.619014751,0,0
UPI_001436,ACC_001316,2024-12-28 11:49:39.583559286,2026-01-25 21:55:16.458451703,0,0
UPI_001437,ACC_001317,2025-03-03 20:26:04.285172269,2025-07-19 18:58:33.455730557,0,0
UPI_001438,ACC_001318,2025-11-05 19:22:04.169067383,2026-01-27 04:52:10.404675191,0,0
UPI_001439,ACC_001319,2025-06-02 05:24:03.730953828,2026-06-08 00:38:18.452410267,0,0
UPI_001440,ACC_001320,2025-10-12 01:01:33.935769863,2026-04-22 04:18:31.375012884,0,0
UPI_001441,ACC_001321,2024-02-15 10:53:39.728196690,2024-04-17 21:03:42.547353685,0,0
UPI_001442,ACC_001322,2024-10-14 14:32:09.334970325,2025-07-26 22:53:52.992060179,0,0
UPI_001443,ACC_001323,2026-05-30 09:31:14.647123843,2026-06-11 12:11:13.718567049,0,0
UPI_001444,ACC_001324,2025-01-24 16:39:34.118737549,2025-05-25 02:38:41.041523282,0,0
UPI_001445,ACC_001325,2024-07-21 16:33:28.436747164,2026-06-26 10:00:48.363312294,0,0
UPI_001446,ACC_001326,2026-06-22 18:58:21.126957461,2026-06-23 18:28:05.188314016,0,0
UPI_001447,ACC_001327,2025-01-09 17:03:35.328498073,2025-06-27 05:58:16.806576382,1,1
UPI_001448,ACC_001327,2025-01-09 17:03:35.328498073,2025-06-27 05:58:16.806576382,1,1
UPI_001449,ACC_001328,2025-03-12 04:05:11.265556022,2026-04-19 04:00:36.616607125,0,0
UPI_001450,ACC_001329,2024-07-22 21:06:06.495622337,2024-10-24 09:55:18.223250426,0,0
UPI_001451,ACC_001330,2025-08-20 22:30:12.986579955,2025-12-16 16:37:18.550507408,0,0
UPI_001452,ACC_001331,2024-07-07 18:52:41.956657860,2025-10-08 19:24:54.506701150,0,0
UPI_001453,ACC_001332,2025-07-09 15:22:08.137726404,2025-11-06 08:37:42.834321278,0,0
UPI_001454,ACC_001333,2025-11-21 00:39:05.947317265,2026-02-19 08:46:13.222902985,0,0
UPI_001455,ACC_001333,2025-11-21 00:39:05.947317265,2026-02-19 08:46:13.222902985,0,0
UPI_001456,ACC_001334,2025-08-17 08:01:34.352156945,2026-02-07 12:52:25.645232625,0,0
UPI_001457,ACC_001335,2024-03-23 08:07:04.580486382,2026-05-21 19:02:33.138475485,81,22
UPI_001458,ACC_001336,2024-03-13 16:10:51.035924973,2026-03-13 18:40:13.220869343,0,0
UPI_001459,ACC_001337,2026-02-06 09:10:27.238333143,2026-02-22 11:05:27.039210423,0,0
UPI_001460,ACC_001338,2026-04-04 01:16:48.723769814,2026-05-23 13:31:12.169510548,0,0
UPI_001461,ACC_001339,2024-05-03 14:04:41.862672431,2025-09-30 00:01:44.344894583,0,0
UPI_001462,ACC_001340,2024-12-08 01:03:41.523198880,2025-06-11 09:19:09.417962161,0,0
UPI_001463,ACC_001341,2025-08-18 20:31:04.281937666,2025-11-10 02:46:02.294672860,0,0
UPI_001464,ACC_001342,2026-01-31 02:57:19.889887072,2026-04-30 17:01:41.829774415,0,0
UPI_001465,ACC_001343,2026-04-08 02:03:09.396714985,2026-05-12 11:50:14.179412266,0,0
UPI_001466,ACC_001344,2025-09-28 11:59:59.150620744,2026-06-03 22:34:02.903125224,0,0
UPI_001467,ACC_001345,2024-05-14 08:22:58.325123230,2024-09-18 08:58:30.089240280,0,0
UPI_001468,ACC_001346,2025-11-30 23:13:31.474066123,2025-12-09 15:18:21.286583708,0,0
UPI_001469,ACC_001347,2026-02-21 13:43:16.151893005,2026-06-17 02:35:21.993808648,0,0
UPI_001470,ACC_001348,2024-11-16 00:57:13.444333345,2026-04-29 14:44:03.354352754,0,0
UPI_001471,ACC_001349,2025-03-26 04:09:14.984261930,2025-10-04 05:34:05.126237137,24,12
UPI_001472,ACC_001350,2024-05-31 13:47:21.716294656,2025-12-25 02:19:53.407426242,60,39
UPI_001473,ACC_001350,2024-05-31 13:47:21.716294656,2025-12-25 02:19:53.407426242,60,36
UPI_001474,ACC_001351,2024-10-04 10:00:51.624819744,2026-03-24 05:56:47.912939546,0,0
UPI_001475,ACC_001352,2026-03-03 09:17:55.625110850,2026-04-02 14:53:42.578715218,0,0
UPI_001476,ACC_001353,2024-03-21 22:33:21.073721107,2025-09-16 04:01:35.957139548,0,0
UPI_001477,ACC_001354,2025-11-25 13:37:08.972783342,2026-05-04 02:39:23.724994512,0,0
UPI_001478,ACC_001355,2024-03-29 22:44:13.154408011,2025-01-17 19:47:43.410850610,0,0
UPI_001479,ACC_001356,2024-09-23 13:51:09.952726256,2026-05-26 04:44:50.952539145,0,0
UPI_001480,ACC_001357,2025-06-14 13:51:53.426473491,2026-06-17 12:05:55.900849326,0,0
UPI_001481,ACC_001358,2024-01-04 00:26:38.035596455,2025-03-20 23:00:06.139967809,0,0
UPI_001482,ACC_001359,2025-09-07 06:20:39.026340395,2025-09-29 17:45:54.895577163,0,0
UPI_001483,ACC_001360,2024-10-15 01:17:28.163552523,2026-05-10 12:31:25.013567165,0,0
UPI_001484,ACC_001361,2025-11-12 22:44:28.530439541,2026-03-12 17:40:01.130996798,0,0
UPI_001485,ACC_001362,2026-06-07 10:34:35.055561766,2026-06-10 13:44:26.482321115,0,0
UPI_001486,ACC_001363,2025-01-14 10:07:02.952340104,2026-02-07 14:07:42.234059956,0,0
UPI_001487,ACC_001364,2024-01-28 07:49:48.856310738,2025-09-26 13:06:02.482917311,0,0
UPI_001488,ACC_001365,2026-02-12 08:09:55.568952285,2026-03-03 14:14:02.914004880,23,15
UPI_001489,ACC_001366,2024-09-07 03:22:51.684275474,2025-03-07 18:45:29.974570143,0,0
UPI_001490,ACC_001367,2024-05-15 09:21:02.912762204,2026-03-16 17:16:19.069766167,0,0
UPI_001491,ACC_001368,2026-03-11 23:05:26.792679235,2026-06-26 15:40:38.479074372,0,0
UPI_001492,ACC_001369,2024-07-30 20:01:45.949904054,2025-05-10 04:08:50.059603573,0,0
UPI_001493,ACC_001370,2025-07-05 09:57:27.427634940,2025-08-22 19:26:32.791538403,0,0
UPI_001494,ACC_001371,2024-08-19 09:05:54.315632354,2025-04-15 14:12:39.989794850,0,0
UPI_001495,ACC_001372,2025-10-11 01:11:09.510416761,2026-02-21 00:28:53.472195358,0,0
UPI_001496,ACC_001372,2025-10-11 01:11:09.510416761,2026-02-21 00:28:53.472195358,0,0
UPI_001497,ACC_001373,2025-08-14 00:11:43.767506681,2025-11-18 03:23:33.070453444,0,0
UPI_001498,ACC_001374,2025-04-08 20:27:13.739079610,2026-01-07 04:39:02.635848790,0,0
UPI_001499,ACC_001375,2025-05-20 15:03:52.180937901,2025-05-23 20:09:07.343518961,0,0
UPI_001500,ACC_001376,2024-07-26 00:27:09.199365094,2026-02-20 19:16:06.975238126,0,0
UPI_001501,ACC_001377,2024-01-20 23:24:27.520334837,2026-02-11 14:02:07.816851434,0,0
UPI_001502,ACC_001378,2025-12-30 10:41:58.157086603,2026-05-21 16:39:59.955149001,0,0
UPI_001503,ACC_001379,2026-03-21 03:40:59.850126818,2026-04-20 18:05:28.646555065,0,0
UPI_001504,ACC_001380,2025-12-09 15:20:03.059416212,2026-04-16 14:33:11.030733597,0,0
UPI_001505,ACC_001380,2025-12-09 15:20:03.059416212,2026-04-16 14:33:11.030733597,0,0
UPI_001506,ACC_001381,2025-10-06 22:04:14.929987110,2026-01-12 02:18:31.012123652,0,0
UPI_001507,ACC_001382,2025-03-05 22:08:56.900033988,2025-09-09 04:39:20.855328596,0,0
UPI_001508,ACC_001383,2025-06-15 22:27:26.796975829,2026-03-11 17:31:38.190412808,0,0
UPI_001509,ACC_001384,2025-09-22 01:44:13.990983851,2026-05-17 01:06:35.568190553,0,0
UPI_001510,ACC_001385,2024-01-24 21:27:09.504232849,2026-01-31 01:43:09.976450970,0,0
UPI_001511,ACC_001385,2024-01-24 21:27:09.504232849,2026-01-31 01:43:09.976450970,0,0
UPI_001512,ACC_001386,2025-01-20 23:07:57.214235224,2025-05-22 07:02:11.340655254,0,0
UPI_001513,ACC_001387,2024-07-23 16:32:44.853170261,2025-10-31 11:05:23.256100347,0,0
UPI_001514,ACC_001388,2024-11-28 00:18:53.822476830,2025-05-01 15:25:42.827060194,0,0
UPI_001515,ACC_001389,2025-11-13 13:12:07.724436589,2026-04-06 02:48:55.491112324,0,0
UPI_001516,ACC_001389,2025-11-13 13:12:07.724436589,2026-04-06 02:48:55.491112324,0,0
UPI_001517,ACC_001390,2024-11-27 01:04:44.947909705,2025-06-28 00:10:27.482506485,0,0
UPI_001518,ACC_001390,2024-11-27 01:04:44.947909705,2025-06-28 00:10:27.482506485,0,0
UPI_001519,ACC_001391,2025-11-04 07:34:03.141021289,2026-05-11 01:50:01.121197814,0,0
UPI_001520,ACC_001392,2026-06-04 08:07:25.129898071,2026-06-28 09:29:17.480459258,0,0
UPI_001521,ACC_001393,2026-04-21 04:50:28.778493404,2026-05-11 10:36:20.537756696,3,3
UPI_001522,ACC_001394,2026-01-24 01:22:34.487898551,2026-06-09 09:52:22.527443962,0,0
UPI_001523,ACC_001395,2026-02-16 01:47:27.802611306,2026-05-26 04:18:26.758508016,0,0
UPI_001524,ACC_001396,2024-12-24 20:56:10.445129797,2025-11-02 09:20:44.058076115,0,0
UPI_001525,ACC_001396,2024-12-24 20:56:10.445129797,2025-11-02 09:20:44.058076115,0,0
UPI_001526,ACC_001397,2025-10-28 11:19:02.284426630,2026-03-05 20:11:57.468630270,0,0
UPI_001527,ACC_001398,2025-08-30 15:35:11.760978520,2025-12-05 12:15:43.401950959,0,0
UPI_001528,ACC_001399,2026-06-14 09:57:14.166266203,2026-06-17 13:59:30.887078849,0,0
UPI_001529,ACC_001400,2025-06-07 17:34:51.518413535,2025-07-10 00:36:26.485907461,0,0
UPI_001530,ACC_001401,2025-01-26 12:24:20.805703789,2026-01-31 14:55:50.051287679,0,0
UPI_001531,ACC_001402,2026-02-01 18:00:07.895655200,2026-03-06 17:26:51.228934069,0,0
UPI_001532,ACC_001403,2025-11-13 20:40:18.111358568,2026-03-06 21:04:56.553712590,0,0
UPI_001533,ACC_001404,2024-04-23 17:58:35.028670300,2026-04-03 03:42:57.308992206,0,0
UPI_001534,ACC_001405,2025-06-27 05:04:12.197761528,2026-03-01 00:52:44.835786037,0,0
UPI_001535,ACC_001406,2025-06-23 14:11:35.270682216,2025-08-25 10:43:09.833922370,0,0
UPI_001536,ACC_001407,2025-07-29 09:50:44.959076926,2026-04-01 21:15:00.807485077,0,0
UPI_001537,ACC_001408,2026-05-07 16:54:51.234272078,2026-05-19 03:42:18.689080074,0,0
UPI_001538,ACC_001409,2025-07-02 10:54:24.581723735,2026-04-11 04:58:17.524625391,0,0
UPI_001539,ACC_001410,2026-03-03 14:05:32.111731574,2026-03-12 18:56:35.539138381,0,0
UPI_001540,ACC_001411,2024-11-22 11:38:17.289945956,2025-02-13 07:35:07.334718828,0,0
UPI_001541,ACC_001411,2024-11-22 11:38:17.289945956,2025-02-13 07:35:07.334718828,0,0
UPI_001542,ACC_001412,2024-02-22 06:32:00.471764556,2026-05-04 11:41:55.617125850,0,0
UPI_001543,ACC_001413,2024-12-07 19:52:11.891056288,2025-05-16 08:35:37.239360153,0,0
UPI_001544,ACC_001414,2025-04-30 06:17:02.153818756,2025-07-03 09:26:16.067691318,0,0
UPI_001545,ACC_001415,2026-01-29 03:44:18.976337522,2026-03-02 18:55:08.196821433,0,0
UPI_001546,ACC_001416,2025-07-29 14:44:32.467963532,2025-11-27 17:19:37.701530141,0,0
UPI_001547,ACC_001417,2025-02-06 20:18:21.733673632,2026-04-08 11:36:46.845627550,0,0
UPI_001548,ACC_001418,2025-02-24 18:22:57.704934068,2025-05-10 12:53:21.825526564,0,0
UPI_001549,ACC_001419,2026-06-26 22:54:53.064150333,2026-06-27 00:03:57.186397151,0,0
UPI_001550,ACC_001420,2024-05-08 18:20:30.033620497,2026-03-16 09:23:46.123467889,0,0
UPI_001551,ACC_001421,2024-07-06 05:24:12.693434684,2025-02-08 02:39:13.084047350,0,0
UPI_001552,ACC_001422,2025-07-23 15:09:16.480776154,2025-08-18 21:19:29.387081997,0,0
UPI_001553,ACC_001422,2025-07-23 15:09:16.480776154,2025-08-18 21:19:29.387081997,0,0
UPI_001554,ACC_001423,2025-09-30 23:31:46.337887265,2025-10-08 12:48:13.356534054,0,0
UPI_001555,ACC_001424,2024-12-25 19:49:31.021736108,2026-05-05 15:35:28.065150571,0,0
UPI_001556,ACC_001425,2024-01-30 06:31:47.441860826,2025-05-05 12:56:58.707216089,0,0
UPI_001557,ACC_001426,2025-04-20 13:16:08.988467872,2026-01-11 09:25:52.932661628,0,0
UPI_001558,ACC_001426,2025-04-20 13:16:08.988467872,2026-01-11 09:25:52.932661628,1,1
UPI_001559,ACC_001427,2024-05-11 12:17:24.960946841,2025-09-03 17:17:18.820827114,0,0
UPI_001560,ACC_001428,2024-02-21 01:26:25.020472202,2025-05-15 02:46:08.317223586,0,0
UPI_001561,ACC_001429,2024-11-10 01:49:28.640062615,2026-02-12 06:23:47.856836561,0,0
UPI_001562,ACC_001430,2024-05-03 13:54:39.691430673,2026-04-17 01:12:17.690546446,0,0
UPI_001563,ACC_001430,2024-05-03 13:54:39.691430673,2026-04-17 01:12:17.690546446,0,0
UPI_001564,ACC_001431,2025-02-03 22:13:46.540534995,2025-12-28 13:32:13.256998974,0,0
UPI_001565,ACC_001432,2025-11-24 21:41:15.912574396,2026-05-27 02:35:15.445197253,0,0
UPI_001566,ACC_001433,2024-02-12 20:36:52.363746120,2024-02-21 04:57:49.716509073,0,0
UPI_001567,ACC_001434,2025-03-31 09:37:40.682612613,2025-11-05 04:11:04.359464815,0,0
UPI_001568,ACC_001435,2025-03-28 17:58:47.073878340,2025-12-30 13:18:25.897772313,0,0
UPI_001569,ACC_001436,2024-01-02 14:48:59.963658653,2024-07-03 14:43:55.488264574,0,0
UPI_001570,ACC_001437,2025-11-03 13:07:17.351721838,2025-12-11 18:28:52.297499577,0,0
UPI_001571,ACC_001438,2024-03-22 17:59:09.282476216,2024-07-13 17:30:37.421573650,0,0
UPI_001572,ACC_001439,2026-04-29 02:27:27.968257084,2026-05-16 17:34:12.127029532,0,0
UPI_001573,ACC_001440,2025-08-05 11:03:57.084039658,2026-05-02 23:36:28.445020886,0,0
UPI_001574,ACC_001441,2024-09-19 04:48:42.857834555,2024-10-07 03:20:09.376002599,0,0
UPI_001575,ACC_001442,2026-04-22 22:20:38.670367375,2026-06-02 22:30:13.612169139,0,0
UPI_001576,ACC_001443,2024-12-30 19:40:07.803800154,2025-02-06 01:03:08.210265380,0,0
UPI_001577,ACC_001444,2024-08-25 02:20:14.544494737,2025-09-28 20:29:39.452536560,0,0
UPI_001578,ACC_001445,2024-12-16 06:43:28.338451695,2025-05-06 16:45:17.669800521,0,0
UPI_001579,ACC_001445,2024-12-16 06:43:28.338451695,2025-05-06 16:45:17.669800521,0,0
UPI_001580,ACC_001446,2025-07-11 03:44:12.764768384,2025-09-04 19:55:49.511374542,0,0
UPI_001581,ACC_001447,2025-10-21 04:43:28.286281697,2026-02-15 11:52:49.079269239,0,0
UPI_001582,ACC_001448,2025-08-25 22:04:36.519193470,2025-11-05 02:51:33.616672012,0,0
UPI_001583,ACC_001449,2026-04-19 05:55:08.797434658,2026-05-16 09:19:32.282909218,0,0
UPI_001584,ACC_001450,2026-05-21 01:43:41.543475047,2026-06-15 08:21:46.127092291,0,0
UPI_001585,ACC_001451,2024-06-28 12:34:52.539013598,2026-05-14 08:29:26.168297896,0,0
UPI_001586,ACC_001452,2026-04-11 07:49:37.429050893,2026-05-30 13:12:30.389198967,0,0
UPI_001587,ACC_001453,2024-04-07 04:29:32.326274835,2025-05-24 20:17:56.773621409,0,0
UPI_001588,ACC_001454,2026-05-21 17:28:54.919908062,2026-06-12 14:27:52.460057945,0,0
UPI_001589,ACC_001455,2024-08-24 06:18:56.651723128,2025-07-08 19:14:25.634840525,0,0
UPI_001590,ACC_001456,2024-08-30 03:12:50.558746979,2025-09-10 13:53:34.339433046,0,0
UPI_001591,ACC_001456,2024-08-30 03:12:50.558746979,2025-09-10 13:53:34.339433046,0,0
UPI_001592,ACC_001457,2025-01-19 00:40:18.941444412,2025-11-15 11:53:33.383683516,0,0
UPI_001593,ACC_001458,2024-06-14 13:36:48.223562784,2025-06-16 11:10:23.288028194,0,0
UPI_001594,ACC_001459,2026-01-24 01:14:26.212033637,2026-05-27 18:50:53.776833311,0,0
UPI_001595,ACC_001460,2024-04-23 15:15:36.957112534,2025-03-01 04:51:06.055363869,0,0
UPI_001596,ACC_001460,2024-04-23 15:15:36.957112534,2025-03-01 04:51:06.055363869,0,0
UPI_001597,ACC_001461,2025-02-04 04:36:37.451769315,2025-03-31 15:20:04.830487275,0,0
UPI_001598,ACC_001462,2026-04-06 10:03:32.469541341,2026-05-30 19:25:01.073873709,0,0
UPI_001599,ACC_001463,2025-08-01 20:08:50.105993152,2026-04-23 06:30:36.777483021,0,0
UPI_001600,ACC_001464,2025-07-07 03:03:07.782680281,2026-04-12 06:35:02.744312663,0,0
UPI_001601,ACC_001465,2026-06-25 02:54:04.723131120,2026-06-26 08:25:32.144983992,0,0
UPI_001602,ACC_001466,2024-01-21 13:00:47.295129224,2025-08-19 16:29:22.987868151,0,0
UPI_001603,ACC_001467,2024-10-18 07:58:08.872103889,2026-06-29 02:59:43.301861555,0,0
UPI_001604,ACC_001468,2024-04-23 21:23:53.937892336,2024-07-16 05:47:27.917831528,0,0
UPI_001605,ACC_001469,2024-06-17 03:35:51.458668975,2025-07-10 11:29:22.417887318,0,0
UPI_001606,ACC_001470,2024-07-15 18:43:20.480898555,2025-02-18 21:27:12.000765625,0,0
UPI_001607,ACC_001470,2024-07-15 18:43:20.480898555,2025-02-18 21:27:12.000765625,0,0
UPI_001608,ACC_001471,2025-07-25 02:19:31.358796634,2026-04-20 00:52:01.665617859,0,0
UPI_001609,ACC_001472,2024-09-04 21:20:52.685613025,2025-04-08 05:16:34.635238678,0,0
UPI_001610,ACC_001473,2025-08-28 01:43:48.348611861,2026-04-09 11:53:51.405643824,0,0
UPI_001611,ACC_001474,2025-11-03 09:09:17.421509661,2025-12-11 16:03:06.335490219,0,0
UPI_001612,ACC_001475,2025-01-01 03:25:17.425673567,2025-02-06 15:07:36.479667846,0,0
UPI_001613,ACC_001476,2025-05-03 14:15:34.298770897,2025-06-16 13:37:18.984762296,0,0
UPI_001614,ACC_001477,2024-04-30 08:03:47.860479668,2024-11-22 03:20:39.410708913,0,0
UPI_001615,ACC_001478,2025-11-16 15:42:25.472525232,2026-05-27 02:07:44.968939180,0,0
UPI_001616,ACC_001479,2025-01-16 19:36:07.761158738,2025-04-06 10:10:15.725636342,0,0
UPI_001617,ACC_001479,2025-01-16 19:36:07.761158738,2025-04-06 10:10:15.725636342,0,0
UPI_001618,ACC_001480,2026-01-30 08:27:50.811051600,2026-02-04 09:11:18.908225724,0,0
UPI_001619,ACC_001481,2025-04-24 09:15:48.883087397,2026-04-27 18:02:21.730248706,0,0
UPI_001620,ACC_001482,2025-09-26 18:03:43.787450351,2026-01-08 07:30:29.596832983,0,0
UPI_001621,ACC_001483,2024-11-22 16:03:07.234695487,2025-11-01 16:25:36.024959726,0,0
UPI_001622,ACC_001484,2024-12-04 16:22:16.216848183,2025-01-21 15:23:48.499852199,0,0
UPI_001623,ACC_001485,2025-02-01 15:49:14.038900889,2026-05-13 10:28:05.345903998,0,0
UPI_001624,ACC_001486,2025-08-02 10:15:06.743295059,2026-01-16 16:28:58.892766080,0,0
UPI_001625,ACC_001487,2025-04-06 10:51:00.810195714,2025-05-16 17:13:47.787728140,0,0
UPI_001626,ACC_001488,2026-01-02 16:42:01.029054232,2026-04-25 16:58:06.890281960,0,0
UPI_001627,ACC_001489,2024-02-19 22:05:23.876692337,2024-12-30 16:50:17.327852082,0,0
UPI_001628,ACC_001490,2026-03-31 09:27:58.121989563,2026-05-02 09:57:42.283990483,0,0
UPI_001629,ACC_001491,2026-04-23 14:51:56.417391807,2026-05-21 03:00:35.883567910,0,0
UPI_001630,ACC_001492,2024-08-10 08:28:15.100223858,2025-07-26 06:29:38.165713898,0,0
UPI_001631,ACC_001493,2024-04-01 19:22:26.838072095,2025-08-22 03:42:36.819026306,0,0
UPI_001632,ACC_001494,2025-06-04 23:03:52.352905452,2025-08-01 01:37:33.945942114,0,0
UPI_001633,ACC_001495,2024-02-28 11:00:59.794599590,2025-12-02 14:05:34.346707815,0,0
UPI_001634,ACC_001496,2024-07-28 06:30:10.502144579,2024-08-16 07:38:22.097108506,0,0
UPI_001635,ACC_001497,2025-04-07 09:25:25.170175694,2026-02-15 01:07:17.784044654,0,0
UPI_001636,ACC_001497,2025-04-07 09:25:25.170175694,2026-02-15 01:07:17.784044654,0,0
UPI_001637,ACC_001498,2025-07-13 04:22:23.318541810,2025-09-15 16:04:07.196231333,0,0
UPI_001638,ACC_001499,2024-06-26 00:16:50.581899682,2025-05-19 23:24:27.925052576,0,0
UPI_001639,ACC_001500,2026-04-29 17:22:58.087441549,2026-06-03 03:12:34.126864379,0,0
UPI_001640,ACC_001501,2024-06-14 04:26:53.495987579,2025-10-10 00:15:24.822792252,0,0
UPI_001641,ACC_001502,2024-05-19 23:31:49.255216828,2026-01-19 21:13:14.904010258,0,0
UPI_001642,ACC_001503,2024-05-27 20:57:50.910028074,2025-06-25 19:07:18.320497810,0,0
UPI_001643,ACC_001504,2026-04-26 19:07:45.793888837,2026-06-22 07:17:29.223473284,0,0
UPI_001644,ACC_001505,2026-03-11 13:26:58.474733442,2026-06-25 00:51:38.387263329,1,1
UPI_001645,ACC_001506,2024-01-31 02:24:19.641908718,2026-06-08 21:35:32.727670851,0,0
UPI_001646,ACC_001507,2025-10-23 22:43:02.606693581,2026-01-11 12:49:35.831332168,65,30
UPI_001647,ACC_001508,2024-03-07 22:45:26.649936060,2024-04-04 02:31:03.293431028,0,0
UPI_001648,ACC_001509,2024-03-09 14:35:23.032169751,2025-11-02 14:08:48.125262662,0,0
UPI_001649,ACC_001510,2024-03-10 06:06:20.518316326,2024-10-08 06:54:58.937964646,0,0
UPI_001650,ACC_001510,2024-03-10 06:06:20.518316326,2024-10-08 06:54:58.937964646,0,0
UPI_001651,ACC_001511,2026-01-25 18:49:59.051612876,2026-05-24 22:35:36.541493960,0,0
UPI_001652,ACC_001512,2025-01-24 09:27:09.615302987,2025-01-27 00:03:08.052151816,0,0
UPI_001653,ACC_001513,2025-05-22 10:53:33.824385643,2026-04-01 01:59:43.490153471,0,0
UPI_001654,ACC_001514,2024-01-29 01:42:36.039771033,2024-03-31 00:04:59.263633783,0,0
UPI_001655,ACC_001515,2026-03-31 17:05:45.995746151,2026-06-19 02:33:23.812093307,0,0
UPI_001656,ACC_001516,2026-06-13 14:56:36.560757801,2026-06-24 06:56:45.663466679,0,0
UPI_001657,ACC_001517,2024-08-02 05:56:39.169340011,2024-11-22 22:06:13.834807828,0,0
UPI_001658,ACC_001518,2025-08-21 02:02:52.655922323,2026-01-26 23:45:58.989906719,0,0
UPI_001659,ACC_001519,2025-09-10 09:20:52.147199221,2026-02-05 05:12:04.755602461,0,0
UPI_001660,ACC_001520,2026-05-30 06:45:04.411350757,2026-06-26 06:49:16.831352832,0,0
UPI_001661,ACC_001521,2025-03-16 17:03:47.082967326,2025-11-22 01:30:50.898594855,0,0
UPI_001662,ACC_001522,2024-08-04 17:45:52.973861840,2025-08-21 21:56:26.554703953,0,0
UPI_001663,ACC_001523,2024-11-24 05:13:10.257482957,2025-05-29 03:00:02.574421373,0,0
UPI_001664,ACC_001524,2025-08-05 16:28:13.556839921,2026-04-01 20:44:29.416799495,0,0
UPI_001665,ACC_001525,2025-03-06 10:27:30.057851568,2025-03-30 14:34:29.132168821,0,0
UPI_001666,ACC_001526,2024-03-13 08:09:50.585194836,2026-06-03 02:57:53.860212588,0,0
UPI_001667,ACC_001527,2026-01-05 12:15:19.037245527,2026-04-21 21:37:45.498460295,0,0
UPI_001668,ACC_001527,2026-01-05 12:15:19.037245527,2026-04-21 21:37:45.498460295,0,0
UPI_001669,ACC_001528,2026-02-26 08:22:20.178322271,2026-06-10 21:59:31.325683637,0,0
UPI_001670,ACC_001529,2025-03-11 18:15:16.226472728,2026-03-17 22:54:16.414108679,0,0
UPI_001671,ACC_001530,2025-04-21 21:09:23.209101386,2025-07-25 14:03:09.469469278,0,0
UPI_001672,ACC_001531,2025-03-23 19:45:29.468925431,2025-08-04 17:11:51.347587726,0,0
UPI_001673,ACC_001532,2025-04-27 14:22:14.995486461,2025-08-24 16:46:45.193306758,0,0
UPI_001674,ACC_001533,2024-04-03 11:44:05.312318342,2024-10-04 20:27:32.265629246,0,0
UPI_001675,ACC_001534,2025-01-30 00:56:58.014497235,2025-02-07 05:55:48.906151728,0,0
UPI_001676,ACC_001535,2025-02-12 00:20:44.162669554,2026-04-03 23:01:03.793407978,0,0
UPI_001677,ACC_001536,2026-06-27 22:01:34.395485476,2026-06-29 00:54:17.071076818,0,0
UPI_001678,ACC_001537,2024-02-14 07:45:10.750973769,2025-07-10 16:31:38.504756721,0,0
UPI_001679,ACC_001538,2024-10-11 08:36:19.672849055,2025-08-15 11:31:36.434665039,0,0
UPI_001680,ACC_001539,2025-03-27 20:26:25.961420342,2025-05-23 22:52:21.046407804,0,0
UPI_001681,ACC_001540,2026-02-10 19:57:12.930752948,2026-04-12 12:33:26.923326280,0,0
UPI_001682,ACC_001541,2025-02-24 04:29:17.817819528,2025-07-18 07:20:38.912065809,0,0
UPI_001683,ACC_001542,2024-09-22 02:33:53.916824657,2026-04-21 06:45:09.268400896,0,0
UPI_001684,ACC_001543,2025-05-02 15:06:15.074323259,2026-02-23 12:00:24.646969922,0,0
UPI_001685,ACC_001544,2024-09-27 14:11:38.577045709,2025-01-09 18:12:23.675178301,0,0
UPI_001686,ACC_001545,2025-05-14 12:30:02.425720982,2026-02-27 08:17:05.313240176,0,0
UPI_001687,ACC_001546,2025-09-20 11:06:16.918126628,2026-02-22 09:31:44.606854026,0,0
UPI_001688,ACC_001547,2025-04-28 13:01:31.443312548,2025-06-02 10:57:03.381831766,0,0
UPI_001689,ACC_001547,2025-04-28 13:01:31.443312548,2025-06-02 10:57:03.381831766,0,0
UPI_001690,ACC_001548,2025-07-09 09:03:51.718031064,2025-08-03 02:40:42.830651363,0,0
UPI_001691,ACC_001549,2024-02-05 06:31:05.322552037,2024-06-13 09:16:46.510482709,0,0
UPI_001692,ACC_001550,2025-08-23 04:00:17.771347858,2026-05-02 02:18:42.245864862,0,0
UPI_001693,ACC_001551,2026-06-02 08:58:58.185625613,2026-06-25 07:15:11.864863823,0,0
UPI_001694,ACC_001552,2025-03-23 21:19:15.253657334,2025-12-30 13:03:15.581861700,0,0
UPI_001695,ACC_001553,2026-01-01 06:24:46.047151156,2026-01-04 01:49:05.796038808,0,0
UPI_001696,ACC_001554,2025-05-15 01:15:58.895554319,2025-09-22 08:57:09.311387606,0,0
UPI_001697,ACC_001555,2025-10-03 08:13:41.135158531,2026-01-19 10:49:04.008964471,0,0
UPI_001698,ACC_001556,2024-10-09 07:55:09.651097149,2025-04-06 02:44:50.980298522,0,0
UPI_001699,ACC_001557,2026-05-30 19:31:03.817922607,2026-06-17 08:32:03.774037384,0,0
UPI_001700,ACC_001558,2024-07-14 23:55:47.623782970,2024-08-28 11:28:46.419393278,6,3
UPI_001701,ACC_001559,2024-05-24 22:30:37.535411588,2024-06-09 05:40:03.328067313,0,0
UPI_001702,ACC_001560,2024-02-11 11:20:43.108528835,2025-07-06 15:20:05.593931002,0,0
UPI_001703,ACC_001561,2025-05-08 00:35:25.644955181,2025-08-26 14:12:10.247732416,0,0
UPI_001704,ACC_001562,2025-07-17 19:38:58.220936157,2026-03-13 04:03:06.008171690,0,0
UPI_001705,ACC_001563,2025-08-14 17:08:54.305874810,2026-04-19 23:43:36.919250872,0,0
UPI_001706,ACC_001564,2024-06-05 21:40:09.059111737,2025-09-09 16:47:02.184571409,0,0
UPI_001707,ACC_001565,2025-08-16 11:01:14.051498130,2026-06-26 17:28:09.854498535,0,0
UPI_001708,ACC_001566,2024-05-30 09:53:23.744328456,2025-10-01 09:56:49.632799563,0,0
UPI_001709,ACC_001567,2025-11-18 19:10:13.311626561,2026-05-10 06:39:44.083264654,0,0
UPI_001710,ACC_001568,2024-09-07 17:56:52.046219740,2025-11-04 23:32:30.938726650,0,0
UPI_001711,ACC_001568,2024-09-07 17:56:52.046219740,2025-11-04 23:32:30.938726650,0,0
UPI_001712,ACC_001569,2025-01-19 11:36:42.977511156,2026-03-19 13:29:09.338641426,0,0
UPI_001713,ACC_001570,2024-11-30 13:03:07.554006089,2025-07-13 17:00:32.614362711,0,0
UPI_001714,ACC_001571,2024-11-30 23:53:47.991067920,2025-08-08 04:30:06.100722963,0,0
UPI_001715,ACC_001572,2025-10-18 18:42:29.875452027,2026-01-11 23:47:05.782718174,0,0
UPI_001716,ACC_001573,2026-06-27 23:18:25.650168732,2026-06-29 03:22:38.974682690,0,0
UPI_001717,ACC_001574,2025-04-25 09:32:15.676111221,2025-10-03 17:16:16.274342080,0,0
UPI_001718,ACC_001575,2024-12-31 08:18:51.735828441,2026-06-23 09:02:38.519507033,0,0
UPI_001719,ACC_001576,2024-09-24 13:26:14.646703906,2025-10-17 13:21:37.181390754,0,0
UPI_001720,ACC_001577,2025-07-22 21:35:31.203059845,2025-11-14 17:49:58.762363017,0,0
UPI_001721,ACC_001578,2025-02-15 00:40:11.341498502,2025-10-27 02:19:18.518543263,0,0
UPI_001722,ACC_001579,2025-12-05 01:17:00.337678939,2026-05-15 14:21:59.177034009,0,0
UPI_001723,ACC_001580,2025-07-06 16:39:04.807534449,2026-04-21 12:44:04.774791185,0,0
UPI_001724,ACC_001581,2025-01-10 06:14:57.238270123,2025-12-17 13:56:30.019946193,0,0
UPI_001725,ACC_001582,2026-05-18 04:38:16.950380117,2026-05-18 07:01:56.385059662,0,0
UPI_001726,ACC_001582,2026-05-18 04:38:16.950380117,2026-05-18 07:01:56.385059662,0,0
UPI_001727,ACC_001583,2024-01-11 06:17:19.245695008,2026-03-03 15:42:57.098742084,0,0
UPI_001728,ACC_001584,2025-09-20 02:57:58.212643102,2026-06-04 11:38:34.160818336,0,0
UPI_001729,ACC_001585,2025-01-09 05:32:39.896031421,2026-04-22 02:31:31.211078800,0,0
UPI_001730,ACC_001586,2024-04-20 19:08:23.066039076,2025-10-09 19:49:43.987310991,0,0
UPI_001731,ACC_001587,2024-03-25 10:41:36.095628257,2024-04-16 20:16:24.586812994,0,0
UPI_001732,ACC_001588,2025-08-14 12:42:37.184087574,2026-06-14 06:37:04.714939685,0,0
UPI_001733,ACC_001589,2024-05-14 14:54:43.780686162,2024-07-06 06:22:32.336534975,0,0
UPI_001734,ACC_001590,2026-02-18 21:14:47.959131420,2026-03-10 11:38:12.123645389,0,0
UPI_001735,ACC_001591,2024-10-10 06:07:46.173249219,2025-11-08 10:00:22.211886635,0,0
UPI_001736,ACC_001591,2024-10-10 06:07:46.173249219,2025-11-08 10:00:22.211886635,0,0
UPI_001737,ACC_001592,2024-11-09 05:46:49.105353247,2025-08-12 06:59:56.310274903,11,8
UPI_001738,ACC_001592,2024-11-09 05:46:49.105353247,2025-08-12 06:59:56.310274903,12,8
UPI_001739,ACC_001593,2025-08-24 08:57:38.372601733,2026-04-15 01:35:51.249094175,0,0
UPI_001740,ACC_001594,2024-07-19 13:39:47.250178161,2025-10-12 08:59:10.971014361,0,0
UPI_001741,ACC_001595,2024-01-07 09:54:19.009810553,2024-01-11 04:52:12.252499067,0,0
UPI_001742,ACC_001596,2025-02-10 03:36:45.693631828,2025-12-31 16:12:27.200521439,0,0
UPI_001743,ACC_001597,2025-04-25 21:33:48.506300732,2026-04-30 00:29:03.343856611,0,0
UPI_001744,ACC_001597,2025-04-25 21:33:48.506300732,2026-04-30 00:29:03.343856611,0,0
UPI_001745,ACC_001598,2025-02-10 05:03:35.559264973,2026-04-16 08:45:45.045752629,0,0
UPI_001746,ACC_001599,2025-02-21 05:31:50.296890996,2025-05-09 22:53:23.670142917,0,0
UPI_001747,ACC_001600,2025-08-29 11:42:54.972244084,2025-12-13 06:19:57.329990239,0,0
UPI_001748,ACC_001601,2026-02-09 10:08:22.707842708,2026-02-26 05:24:54.586825049,0,0
UPI_001749,ACC_001602,2024-11-28 23:24:49.029557459,2026-02-06 08:25:02.006785515,0,0
UPI_001750,ACC_001603,2025-12-20 18:36:19.581571668,2026-04-19 18:43:41.435069241,0,0
UPI_001751,ACC_001604,2024-02-27 02:31:04.314678555,2025-04-15 18:14:59.878754019,0,0
UPI_001752,ACC_001605,2025-03-13 12:25:24.071648896,2025-08-02 10:45:26.446295867,0,0
UPI_001753,ACC_001606,2024-12-08 16:11:08.165413711,2026-03-01 00:03:30.525669353,2,2
UPI_001754,ACC_001607,2025-02-28 11:19:29.296149842,2026-03-20 12:38:08.835824947,0,0
UPI_001755,ACC_001608,2024-03-24 08:04:18.668055599,2025-05-04 20:50:17.587349145,0,0
UPI_001756,ACC_001609,2024-05-06 11:21:51.686360262,2024-08-12 02:02:12.124445345,0,0
UPI_001757,ACC_001610,2024-09-24 08:38:45.061948553,2025-07-20 21:12:41.527433044,0,0
UPI_001758,ACC_001610,2024-09-24 08:38:45.061948553,2025-07-20 21:12:41.527433044,0,0
UPI_001759,ACC_001611,2024-09-06 04:29:43.719653305,2026-04-22 05:10:36.330532691,0,0
UPI_001760,ACC_001612,2024-12-16 19:45:06.050449640,2025-11-09 00:20:26.618567076,0,0
UPI_001761,ACC_001612,2024-12-16 19:45:06.050449640,2025-11-09 00:20:26.618567076,0,0
UPI_001762,ACC_001613,2025-02-20 13:30:29.121656932,2026-02-28 08:51:08.188848808,0,0
UPI_001763,ACC_001614,2024-07-20 11:42:57.205734834,2025-02-14 13:24:20.735225924,0,0
UPI_001764,ACC_001614,2024-07-20 11:42:57.205734834,2025-02-14 13:24:20.735225924,0,0
UPI_001765,ACC_001615,2025-07-18 02:38:08.241588935,2025-11-14 03:35:48.419556502,0,0
UPI_001766,ACC_001616,2024-12-08 08:57:45.450644486,2025-02-12 23:18:52.613619597,0,0
UPI_001767,ACC_001617,2024-02-24 18:47:51.996095801,2024-12-14 07:10:07.011026387,0,0
UPI_001768,ACC_001618,2024-08-10 00:11:05.610499591,2024-12-04 20:52:56.638868803,0,0
UPI_001769,ACC_001619,2025-05-25 07:03:37.558084480,2025-12-27 06:23:48.932461560,0,0
UPI_001770,ACC_001620,2025-07-06 20:45:43.852597013,2025-11-24 21:36:50.518985921,0,0
UPI_001771,ACC_001621,2025-12-29 11:47:06.929475151,2026-05-31 00:33:25.635192823,0,0
UPI_001772,ACC_001622,2024-08-11 15:08:43.522177290,2025-05-01 16:57:20.052298239,0,0
UPI_001773,ACC_001623,2025-05-27 04:16:03.290423751,2025-08-19 20:42:48.830178422,0,0
UPI_001774,ACC_001623,2025-05-27 04:16:03.290423751,2025-08-19 20:42:48.830178422,0,0
UPI_001775,ACC_001624,2025-03-09 17:33:52.237536475,2025-04-18 22:25:38.564161372,0,0
UPI_001776,ACC_001624,2025-03-09 17:33:52.237536475,2025-04-18 22:25:38.564161372,0,0
UPI_001777,ACC_001625,2026-02-11 23:56:08.763558783,2026-03-18 20:28:06.029445578,99,41
UPI_001778,ACC_001626,2025-10-27 00:32:21.488986984,2026-04-16 13:23:46.373802753,0,0
UPI_001779,ACC_001627,2024-04-30 05:43:48.173023539,2025-09-07 10:30:30.587100194,0,0
UPI_001780,ACC_001628,2026-05-23 10:38:16.950253263,2026-06-15 17:26:01.422254558,0,0
UPI_001781,ACC_001629,2024-11-19 14:24:46.331939131,2026-04-07 16:32:57.868474853,19,12
UPI_001782,ACC_001630,2026-05-19 15:11:10.048391476,2026-05-30 02:10:43.704016463,2,2
UPI_001783,ACC_001630,2026-05-19 15:11:10.048391476,2026-05-30 02:10:43.704016463,0,0
UPI_001784,ACC_001631,2024-09-16 20:04:22.761011355,2025-07-20 09:35:07.071608472,0,0
UPI_001785,ACC_001632,2025-03-03 04:52:42.492877789,2025-05-23 13:41:17.915078581,0,0
UPI_001786,ACC_001633,2025-05-16 11:20:27.014019385,2025-08-14 01:48:02.909906106,0,0
UPI_001787,ACC_001634,2024-02-27 22:22:08.368774183,2025-01-09 08:25:00.470893210,0,0
UPI_001788,ACC_001635,2025-10-13 23:18:48.448576696,2026-04-15 03:00:27.202938669,0,0
UPI_001789,ACC_001636,2024-04-05 09:23:14.671079502,2026-02-14 08:55:33.100412464,0,0
UPI_001790,ACC_001637,2024-05-29 13:15:17.851564914,2025-01-18 11:30:44.744951579,0,0
UPI_001791,ACC_001638,2024-09-21 09:51:19.954464823,2025-06-05 14:25:09.736241981,0,0
UPI_001792,ACC_001639,2026-05-25 05:45:25.132416472,2026-06-25 23:35:07.971363191,0,0
UPI_001793,ACC_001640,2026-06-05 12:12:51.760901362,2026-06-24 14:49:41.840714421,0,0
UPI_001794,ACC_001641,2025-03-21 18:24:52.896129847,2026-02-05 22:24:34.020123605,0,0
UPI_001795,ACC_001642,2025-04-30 20:31:57.602529332,2025-10-20 22:48:25.291849981,0,0
UPI_001796,ACC_001643,2024-07-11 23:44:16.504032072,2025-03-13 20:57:23.691277487,0,0
UPI_001797,ACC_001644,2025-01-15 20:03:45.137025770,2026-02-03 08:56:11.652944453,0,0
UPI_001798,ACC_001645,2026-06-15 19:19:16.141655907,2026-06-17 03:06:55.821788702,0,0
UPI_001799,ACC_001645,2026-06-15 19:19:16.141655907,2026-06-17 03:06:55.821788702,0,0
UPI_001800,ACC_001646,2025-12-21 09:52:40.462872617,2026-04-03 23:45:32.831805988,0,0
UPI_001801,ACC_001647,2025-09-27 07:55:53.629654966,2025-10-14 02:13:23.312830444,65,36
UPI_001802,ACC_001648,2024-09-10 15:15:49.263327158,2025-10-25 09:29:47.796350835,0,0
UPI_001803,ACC_001649,2025-11-26 03:31:38.719382562,2026-03-28 20:10:02.114049281,0,0
UPI_001804,ACC_001650,2026-05-30 12:44:04.657576591,2026-06-01 08:27:32.277175029,0,0
UPI_001805,ACC_001651,2026-06-19 00:36:35.872828856,2026-06-23 15:11:53.700902530,0,0
UPI_001806,ACC_001652,2025-06-30 09:51:20.186877757,2025-09-08 13:49:12.722956520,0,0
UPI_001807,ACC_001653,2024-05-26 10:14:43.773914739,2026-01-26 15:35:31.896792155,0,0
UPI_001808,ACC_001654,2026-05-28 06:25:39.803712159,2026-06-27 03:52:38.465825741,0,0
UPI_001809,ACC_001655,2025-05-08 04:42:17.903054886,2025-09-16 16:04:21.420762335,0,0
UPI_001810,ACC_001656,2024-02-04 22:16:42.109346946,2024-03-01 14:43:49.307532520,0,0
UPI_001811,ACC_001657,2024-03-15 05:51:03.481647836,2026-04-05 08:41:01.037793738,0,0
UPI_001812,ACC_001658,2025-06-09 21:10:02.984631702,2026-05-01 02:56:44.428221370,0,0
UPI_001813,ACC_001659,2026-01-30 22:51:52.036886066,2026-05-30 12:25:29.152642403,0,0
UPI_001814,ACC_001660,2026-05-07 17:25:28.201361477,2026-05-26 17:04:54.268511834,0,0
UPI_001815,ACC_001660,2026-05-07 17:25:28.201361477,2026-05-26 17:04:54.268511834,0,0
UPI_001816,ACC_001661,2026-05-10 09:09:04.065747797,2026-05-14 09:58:57.238438604,0,0
UPI_001817,ACC_001662,2025-06-11 02:49:35.107564487,2026-06-20 08:28:55.824346002,0,0
UPI_001818,ACC_001663,2026-06-13 01:31:51.555708453,2026-06-21 10:05:13.573616500,0,0
UPI_001819,ACC_001664,2024-05-16 06:46:08.406720238,2025-02-16 13:19:26.112176183,0,0
UPI_001820,ACC_001665,2024-03-27 05:48:48.651334649,2025-12-28 06:03:52.681541154,0,0
UPI_001821,ACC_001666,2024-01-28 13:59:44.613890436,2025-09-12 02:12:12.020315488,0,0
UPI_001822,ACC_001667,2025-12-06 05:37:27.838993520,2025-12-14 20:22:20.474542395,0,0
UPI_001823,ACC_001668,2026-04-15 00:28:32.229280904,2026-06-26 20:08:13.751925534,0,0
UPI_001824,ACC_001669,2026-02-04 02:07:27.088348180,2026-04-26 05:23:25.089876106,0,0
UPI_001825,ACC_001670,2026-05-06 00:12:20.410778865,2026-05-16 08:38:30.716105031,0,0
UPI_001826,ACC_001671,2025-05-14 06:57:19.686786763,2025-05-20 20:45:08.596774579,0,0
UPI_001827,ACC_001672,2025-11-26 03:08:17.143809721,2026-03-25 08:12:16.810023745,0,0
UPI_001828,ACC_001673,2024-11-02 17:49:28.811031986,2025-10-27 16:42:01.791078698,0,0
UPI_001829,ACC_001674,2025-11-29 08:28:51.368594527,2025-12-20 12:55:02.096891968,0,0
UPI_001830,ACC_001674,2025-11-29 08:28:51.368594527,2025-12-20 12:55:02.096891968,0,0
UPI_001831,ACC_001675,2025-11-17 00:35:51.780526869,2026-03-19 14:53:00.659910122,0,0
UPI_001832,ACC_001676,2025-01-31 20:01:16.722938858,2025-09-10 19:28:50.622770348,0,0
UPI_001833,ACC_001677,2024-02-09 20:53:31.784640834,2025-02-25 02:24:20.377950288,0,0
UPI_001834,ACC_001678,2024-08-30 13:34:23.985530999,2026-06-13 11:08:11.703014185,0,0
UPI_001835,ACC_001679,2026-03-17 09:41:08.391610876,2026-04-17 08:27:06.545723578,0,0
UPI_001836,ACC_001680,2025-06-18 23:59:53.620327190,2026-05-17 10:39:53.103999688,0,0
UPI_001837,ACC_001681,2025-01-04 00:57:31.586153131,2025-07-09 18:08:02.831674483,0,0
UPI_001838,ACC_001682,2026-05-13 01:51:05.339630917,2026-05-21 16:18:18.365211382,0,0
UPI_001839,ACC_001683,2024-11-29 19:53:08.251229826,2025-02-25 17:05:29.464223746,0,0
UPI_001840,ACC_001684,2024-10-25 21:12:18.603626113,2026-05-24 15:55:33.021814835,0,0
UPI_001841,ACC_001685,2025-12-02 22:07:30.054504797,2025-12-07 19:00:03.966868295,0,0
UPI_001842,ACC_001686,2024-11-19 16:22:49.540590461,2025-03-28 09:35:07.499741050,0,0
UPI_001843,ACC_001687,2025-02-10 12:26:35.397918835,2025-08-01 06:45:04.260581235,0,0
UPI_001844,ACC_001688,2025-10-20 03:49:20.704717748,2026-04-04 05:24:03.312734204,0,0
UPI_001845,ACC_001689,2025-01-26 20:08:51.522375508,2025-08-09 22:34:08.335155140,0,0
UPI_001846,ACC_001690,2024-10-20 14:30:12.791894484,2024-11-02 04:58:53.785049036,16,12
UPI_001847,ACC_001691,2024-01-15 00:27:41.456993688,2025-04-22 17:19:52.472349897,0,0
UPI_001848,ACC_001692,2026-02-22 23:29:42.554325834,2026-06-15 07:47:35.137091489,0,0
UPI_001849,ACC_001693,2025-04-24 19:51:06.229541071,2026-05-12 02:13:12.856868305,0,0
UPI_001850,ACC_001694,2026-02-14 13:31:12.225719191,2026-06-28 20:40:49.850590273,0,0
UPI_001851,ACC_001694,2026-02-14 13:31:12.225719191,2026-06-28 20:40:49.850590273,0,0
UPI_001852,ACC_001695,2025-07-16 20:30:00.878118299,2025-11-13 01:21:39.394167860,0,0
UPI_001853,ACC_001696,2024-07-01 19:22:11.172551399,2024-09-28 23:36:24.664204883,0,0
UPI_001854,ACC_001697,2024-11-26 20:09:03.718487944,2025-01-06 04:23:42.230549668,0,0
UPI_001855,ACC_001698,2025-01-15 02:55:57.939607080,2026-04-20 10:36:22.718461130,0,0
UPI_001856,ACC_001699,2025-11-04 21:22:08.296960555,2026-05-01 07:10:39.287682229,0,0
UPI_001857,ACC_001700,2025-05-14 09:15:31.247658640,2026-01-27 16:53:48.583297677,0,0
UPI_001858,ACC_001701,2025-08-02 20:30:45.606347874,2026-01-14 08:30:33.317414807,0,0
UPI_001859,ACC_001702,2025-11-17 01:20:41.365419403,2026-02-27 22:22:09.678433658,0,0
UPI_001860,ACC_001703,2024-09-06 11:42:14.416057073,2025-07-30 05:49:49.676023993,0,0
UPI_001861,ACC_001703,2024-09-06 11:42:14.416057073,2025-07-30 05:49:49.676023993,1,1
UPI_001862,ACC_001704,2026-03-14 11:52:07.238014475,2026-04-22 14:38:08.249285609,0,0
UPI_001863,ACC_001705,2025-02-16 22:26:50.042515032,2025-10-11 08:31:32.636495189,0,0
UPI_001864,ACC_001705,2025-02-16 22:26:50.042515032,2025-10-11 08:31:32.636495189,0,0
UPI_001865,ACC_001706,2025-08-25 06:46:08.548693746,2025-10-29 05:08:55.539411109,0,0
UPI_001866,ACC_001707,2024-07-17 18:46:30.212446544,2024-10-09 15:48:32.951094103,0,0
UPI_001867,ACC_001707,2024-07-17 18:46:30.212446544,2024-10-09 15:48:32.951094103,0,0
UPI_001868,ACC_001708,2024-07-31 14:27:11.803645927,2024-12-26 04:05:13.401847867,0,0
UPI_001869,ACC_001709,2025-10-31 13:48:29.948120020,2026-06-22 23:45:35.098876649,3,2
UPI_001870,ACC_001709,2025-10-31 13:48:29.948120020,2026-06-22 23:45:35.098876649,3,4
UPI_001871,ACC_001710,2024-11-15 05:16:42.462819837,2026-06-24 11:43:22.268542307,0,0
UPI_001872,ACC_001711,2026-03-08 23:56:26.282643661,2026-06-01 22:05:03.663145419,0,0
UPI_001873,ACC_001712,2025-08-28 14:01:49.324036852,2026-05-11 06:36:59.392527638,0,0
UPI_001874,ACC_001712,2025-08-28 14:01:49.324036852,2026-05-11 06:36:59.392527638,0,0
UPI_001875,ACC_001713,2025-08-29 04:56:16.316584043,2025-09-29 18:31:56.038631658,0,0
UPI_001876,ACC_001714,2024-12-12 10:09:51.635839667,2025-02-19 21:09:16.772000698,0,0
UPI_001877,ACC_001715,2026-04-02 07:59:01.936910719,2026-04-10 13:09:15.992593305,0,0
UPI_001878,ACC_001716,2026-05-10 13:35:50.128069967,2026-05-13 18:05:22.083099922,0,0
UPI_001879,ACC_001717,2024-08-22 23:35:01.514523285,2026-01-10 04:45:53.650685301,0,0
UPI_001880,ACC_001718,2025-04-13 18:23:45.774399117,2025-05-08 17:02:09.300187115,0,0
UPI_001881,ACC_001719,2026-04-06 05:09:28.486724302,2026-06-25 16:18:20.139812815,0,0
UPI_001882,ACC_001720,2024-04-02 06:23:52.216516048,2025-09-19 17:57:56.062469363,0,0
UPI_001883,ACC_001721,2024-09-28 02:16:02.008301586,2025-01-15 10:32:21.363041932,0,0
UPI_001884,ACC_001722,2026-05-19 11:34:53.045315564,2026-06-22 10:10:33.974539892,0,0
UPI_001885,ACC_001723,2025-03-17 19:27:45.119215831,2026-04-08 06:41:49.206212098,0,0
UPI_001886,ACC_001724,2026-05-16 20:24:31.888061553,2026-06-10 17:54:01.501091702,0,0
UPI_001887,ACC_001725,2024-12-12 07:59:57.282218479,2025-02-01 17:00:51.517879887,0,0
UPI_001888,ACC_001726,2025-04-25 13:15:07.621841282,2025-10-15 01:35:23.808984634,0,0
UPI_001889,ACC_001727,2025-02-17 16:56:34.172369614,2025-11-17 11:46:01.250163087,2,2
UPI_001890,ACC_001728,2025-02-20 12:31:50.327380382,2026-02-23 07:30:13.413483763,0,0
UPI_001891,ACC_001729,2026-04-16 00:52:31.604772642,2026-05-08 09:55:15.040674701,0,0
UPI_001892,ACC_001730,2025-09-24 19:40:14.888351277,2026-05-25 17:09:19.320463347,0,0
UPI_001893,ACC_001731,2026-05-11 13:28:22.790300310,2026-05-23 22:58:49.333830868,0,0
UPI_001894,ACC_001732,2024-10-27 04:53:16.013791308,2026-06-28 21:35:29.307929040,0,0
UPI_001895,ACC_001733,2026-06-24 10:29:45.522205487,2026-06-25 01:51:22.766669286,0,0
UPI_001896,ACC_001734,2025-10-06 16:22:32.008167304,2026-05-16 12:16:35.680400612,0,0
UPI_001897,ACC_001735,2024-04-29 14:57:58.884830605,2024-08-12 06:09:57.702766670,0,0
UPI_001898,ACC_001736,2025-01-11 04:35:17.037499353,2026-02-21 06:41:01.961425545,0,0
UPI_001899,ACC_001737,2024-08-14 12:52:21.932361208,2026-03-27 18:00:17.136996029,0,0
UPI_001900,ACC_001738,2024-08-02 12:04:59.451833304,2025-03-08 10:48:11.904170026,0,0
UPI_001901,ACC_001739,2026-04-26 19:44:35.673166499,2026-05-03 07:49:24.631058698,0,0
UPI_001902,ACC_001740,2026-05-24 12:20:08.662013128,2026-06-29 23:55:13.632114592,0,0
UPI_001903,ACC_001741,2024-01-13 21:44:26.632239536,2026-06-04 00:03:09.113734584,0,0
UPI_001904,ACC_001742,2024-05-05 18:02:06.921733368,2025-12-21 01:03:31.947945506,0,0
UPI_001905,ACC_001743,2024-09-10 02:48:25.647161663,2025-05-22 09:10:40.771964105,0,0
UPI_001906,ACC_001744,2026-02-11 06:53:07.780563936,2026-03-01 22:19:14.261350585,0,0
UPI_001907,ACC_001745,2025-07-10 17:12:57.912810139,2025-12-05 19:48:26.578706372,0,0
UPI_001908,ACC_001746,2025-05-30 02:30:42.015582271,2026-03-11 06:50:17.751596015,0,0
UPI_001909,ACC_001747,2025-06-29 00:40:13.957384840,2025-08-23 18:56:00.540385932,0,0
UPI_001910,ACC_001748,2026-05-15 23:38:04.581312180,2026-05-16 17:47:06.540130203,0,0
UPI_001911,ACC_001749,2024-09-08 05:52:55.749797776,2026-04-27 16:28:58.723309273,0,0
UPI_001912,ACC_001750,2024-04-22 08:18:52.539627992,2025-11-02 09:29:59.713676206,0,0
UPI_001913,ACC_001751,2025-07-07 17:16:30.754598014,2026-03-12 14:45:48.102988185,0,0
UPI_001914,ACC_001752,2026-06-01 15:21:12.681266457,2026-06-28 12:03:07.817939564,0,0
UPI_001915,ACC_001753,2025-10-08 19:31:59.569427200,2026-02-23 09:02:53.236060964,0,0
UPI_001916,ACC_001754,2026-03-23 17:13:55.637187675,2026-04-23 23:30:06.566059218,0,0
UPI_001917,ACC_001754,2026-03-23 17:13:55.637187675,2026-04-23 23:30:06.566059218,0,0
UPI_001918,ACC_001755,2026-03-27 10:17:41.185541525,2026-06-21 10:25:22.489736472,0,0
UPI_001919,ACC_001756,2024-07-18 17:50:13.326883446,2026-06-19 21:48:04.340451251,0,0
UPI_001920,ACC_001757,2025-09-16 13:55:28.687622659,2025-09-22 10:34:03.608329472,0,0
UPI_001921,ACC_001758,2026-02-24 11:35:51.296413288,2026-04-06 23:43:02.493729389,0,0
UPI_001922,ACC_001759,2024-04-02 07:43:01.774794484,2025-01-24 00:21:53.983692990,0,0
UPI_001923,ACC_001760,2025-08-16 11:55:17.032099693,2025-09-20 19:29:09.722938473,0,0
UPI_001924,ACC_001761,2024-09-04 19:04:37.876050871,2025-01-29 17:50:29.586423320,0,0
UPI_001925,ACC_001762,2026-01-18 13:00:14.490689404,2026-01-22 12:21:50.747783427,0,0
UPI_001926,ACC_001762,2026-01-18 13:00:14.490689404,2026-01-22 12:21:50.747783427,2,2
UPI_001927,ACC_001763,2024-07-22 08:12:40.663190305,2025-11-27 03:59:46.162209080,0,0
UPI_001928,ACC_001764,2024-12-06 04:27:56.851686481,2025-02-05 05:00:59.596003143,0,0
UPI_001929,ACC_001765,2025-09-08 12:18:00.061925292,2026-05-27 21:47:07.595161787,0,0
UPI_001930,ACC_001766,2025-05-21 08:34:59.334545612,2026-01-12 15:48:44.012221713,0,0
UPI_001931,ACC_001767,2024-04-19 07:09:20.409400987,2025-01-29 19:57:23.173186665,0,0
UPI_001932,ACC_001768,2024-07-24 05:51:10.610857967,2026-02-15 02:54:02.425408415,39,20
UPI_001933,ACC_001769,2026-03-18 00:00:25.703321144,2026-05-24 16:04:33.072729012,0,0
UPI_001934,ACC_001770,2026-06-19 18:40:37.148548320,2026-06-27 11:24:38.915968784,0,0
UPI_001935,ACC_001771,2025-09-24 05:00:16.863654174,2026-05-26 22:12:08.120246388,0,0
UPI_001936,ACC_001772,2024-01-09 21:29:41.286282950,2026-01-07 11:51:02.856067386,0,0
UPI_001937,ACC_001773,2025-11-08 05:42:43.139503621,2026-05-09 08:55:34.612914405,0,0
UPI_001938,ACC_001774,2025-08-08 14:44:18.915446624,2026-04-03 02:16:36.661689427,0,0
UPI_001939,ACC_001775,2025-01-10 04:02:24.905129436,2025-07-31 10:31:33.553624872,0,0
UPI_001940,ACC_001776,2024-07-26 17:59:37.121269073,2025-10-28 03:36:13.622376979,0,0
UPI_001941,ACC_001777,2024-05-30 22:49:04.373192485,2025-08-03 21:50:03.251186949,0,0
UPI_001942,ACC_001778,2024-03-17 02:26:59.837572076,2026-05-30 11:32:42.437311460,0,0
UPI_001943,ACC_001779,2025-08-05 09:00:26.964301296,2026-01-16 23:52:56.245135545,0,0
UPI_001944,ACC_001780,2024-11-03 06:10:16.596338384,2025-03-17 04:16:24.596034141,0,0
UPI_001945,ACC_001781,2025-04-16 21:50:30.829506993,2025-11-03 21:27:20.396619281,0,0
UPI_001946,ACC_001782,2025-04-23 11:09:20.727376208,2025-10-19 19:34:26.322119359,0,0
UPI_001947,ACC_001783,2025-07-07 06:03:41.420167841,2025-12-21 20:42:51.010233449,0,0
UPI_001948,ACC_001784,2025-06-25 15:09:14.337910265,2026-01-26 05:53:57.397296287,0,0
UPI_001949,ACC_001785,2025-04-17 21:05:38.099959634,2026-06-07 05:27:41.481377425,0,0
UPI_001950,ACC_001786,2024-05-21 07:29:41.292375477,2024-12-23 15:45:09.479561226,0,0
UPI_001951,ACC_001787,2024-01-25 15:16:18.237964811,2026-06-02 15:17:08.442282243,0,0
UPI_001952,ACC_001788,2025-06-08 21:42:16.164679386,2026-04-05 21:32:50.820688521,18,13
UPI_001953,ACC_001788,2025-06-08 21:42:16.164679386,2026-04-05 21:32:50.820688521,12,11
UPI_001954,ACC_001789,2025-01-20 13:16:55.402312919,2025-04-26 16:02:46.570830225,0,0
UPI_001955,ACC_001790,2025-01-08 14:50:03.645897273,2025-06-08 07:43:23.896990092,0,0
UPI_001956,ACC_001791,2025-01-26 18:57:19.890992627,2026-05-13 22:05:52.456018713,0,0
UPI_001957,ACC_001792,2024-04-13 10:28:57.820438910,2026-01-20 13:43:39.017266572,0,0
UPI_001958,ACC_001793,2024-06-12 07:30:52.990741959,2024-09-27 12:03:01.704040825,0,0
UPI_001959,ACC_001794,2025-08-26 05:20:40.534248850,2026-02-22 03:21:04.690796764,0,0
UPI_001960,ACC_001795,2025-04-13 01:19:05.301515013,2025-08-13 17:56:43.218453610,0,0
UPI_001961,ACC_001796,2025-07-09 09:39:25.923166998,2026-02-18 08:09:45.023573983,0,0
UPI_001962,ACC_001797,2024-04-27 19:54:12.151018457,2024-09-12 12:13:38.070115316,0,0
UPI_001963,ACC_001798,2026-01-11 16:20:55.268563367,2026-03-12 06:24:00.243180400,0,0
UPI_001964,ACC_001798,2026-01-11 16:20:55.268563367,2026-03-12 06:24:00.243180400,0,0
UPI_001965,ACC_001799,2024-12-05 11:23:41.853866126,2025-07-15 12:41:11.634545286,0,0
UPI_001966,ACC_001800,2025-07-12 12:12:21.389102846,2026-01-18 01:06:40.686816673,0,0
