withdrawal_id,complaint_id,account_id,atm_id,withdrawal_timestamp,withdrawal_amount,latitude,longitude,time_since_fraud,time_since_last_transfer,withdrawal_sequence,withdrawal_success
WD_000001,CASE_000001,ACC_000139,ATM_000308,2024-12-07 08:07:09.901000011,2633.49,17.31968721122498,78.54327250009126,8.405,6.307,1,1
WD_000002,CASE_000002,ACC_000093,ATM_000118,2024-11-09 11:56:05.229838183,35579.98,13.134732197921853,80.33347937040632,4.726,4.072,1,1
WD_000003,CASE_000003,ACC_000052,ATM_000327,2024-01-06 11:58:59.412129753,33852.93,22.99589851238561,72.57126086103086,8.681,7.991,1,0
WD_000004,CASE_000004,ACC_000480,ATM_000024,2026-06-13 21:28:26.845417744,3792.69,26.909515646004493,75.7819370692034,2.547,0.979,1,1
WD_000005,CASE_000005,ACC_000480,ATM_000046,2025-07-07 06:13:32.984125688,1048.37,23.081528414336862,72.51810777211162,17.582,17.027,1,1
WD_000006,CASE_000006,ACC_001647,ATM_000031,2025-01-01 18:30:29.776735515,82651.89,22.495626098117945,88.29425663931455,5.995,5.168,1,1
WD_000007,CASE_000007,ACC_000775,ATM_000178,2025-05-10 14:58:51.793416160,14254.32,22.6681438064313,75.89798883939375,6.02,4.842,1,1
WD_000008,CASE_000008,ACC_000023,ATM_000242,2024-02-07 00:46:02.722645075,812.56,22.52969807378482,88.2824569449239,2.684,1.594,1,1
WD_000009,CASE_000009,ACC_001308,ATM_000181,2024-06-07 22:13:38.259747337,6017.56,26.966187974153172,75.78297340833223,17.523,16.903,1,1
WD_000010,CASE_000010,ACC_000052,ATM_000340,2025-07-22 02:35:12.848212241,165462.76,26.825566074193386,80.90162280571303,5.446,4.301,1,1
WD_000011,CASE_000011,ACC_001296,ATM_000055,2025-04-13 15:12:13.214861452,1690.02,13.085036148706607,80.28059344946895,3.385,1.211,1,1
WD_000012,CASE_000012,ACC_001293,ATM_000067,2025-12-18 03:19:22.294326201,2170.39,13.018204834127848,77.54074468340339,2.719,1.352,1,0
WD_000013,CASE_000013,ACC_001629,ATM_000244,2025-08-23 09:39:14.108915961,1011.09,12.958407667174459,77.57238012769452,6.904,5.071,1,1
WD_000014,CASE_000014,ACC_001050,ATM_000178,2025-07-01 23:22:34.191867655,47956.49,22.6681438064313,75.89798883939375,1.587,0.552,1,0
WD_000015,CASE_000015,ACC_000366,ATM_000148,2026-01-12 18:58:24.987455357,10142.31,12.97674521141251,77.58745947170766,2.004,0.885,1,1
WD_000016,CASE_000016,ACC_001335,ATM_000240,2024-03-03 06:35:06.567495199,33413.72,19.14182262226751,72.94805715683843,2.081,1.029,1,1
WD_000017,CASE_000017,ACC_000093,ATM_000190,2025-09-21 12:03:56.951280207,8524.88,18.521139899391553,73.85397954333075,2.517,2.077,1,1
WD_000018,CASE_000018,ACC_000659,ATM_000062,2025-10-14 00:29:42.375320117,20624.77,12.969744704543817,77.57861234021964,2.82,1.541,1,1
WD_000019,CASE_000019,ACC_001308,ATM_000198,2024-09-08 02:56:54.513224845,2592.75,26.980908442155847,75.78841459480564,10.773,8.677,1,1
WD_000020,CASE_000020,ACC_000652,ATM_000199,2024-06-27 08:13:34.430450338,2402.24,19.139049059135743,73.02502301321114,2.543,1.717,1,1
WD_000021,CASE_000021,ACC_000011,ATM_000313,2024-07-14 05:05:26.843725665,10445.74,18.456075024739004,73.79326097893265,9.42,8.81,1,1
WD_000022,CASE_000022,ACC_001350,ATM_000014,2024-06-30 02:35:14.330719579,27753.06,22.93891637098737,72.51796872006797,14.435,13.051,1,1
WD_000023,CASE_000023,ACC_000775,ATM_000276,2025-04-22 08:06:31.504892388,10340.92,28.59530661848684,77.2524303496254,4.135,2.932,1,1
WD_000024,CASE_000024,ACC_001349,ATM_000244,2024-05-03 15:56:30.341624390,1817.65,12.958407667174459,77.57238012769452,2.608,1.041,1,0
WD_000025,CASE_000025,ACC_000659,ATM_000086,2025-08-23 18:59:48.546143454,5937.52,19.043575603739146,72.91107028466806,4.371,3.967,1,1
WD_000026,CASE_000026,ACC_000404,ATM_000087,2024-04-05 18:43:02.347746812,887.94,13.04237547348726,80.30318609124991,1.286,0.924,1,1
WD_000027,CASE_000027,ACC_001300,ATM_000282,2024-01-25 19:52:37.227837410,362.08,19.051630192585513,73.01765242288891,7.962,6.54,1,1
WD_000028,CASE_000028,ACC_000287,ATM_000184,2024-10-18 04:22:38.932773385,6997.69,19.955240651529998,73.79874250651875,7.416,6.18,1,1
WD_000029,CASE_000029,ACC_000052,ATM_000241,2024-06-24 01:39:40.812417640,3106.22,23.089526498005423,72.61873155555956,6.84,5.322,1,1
WD_000030,CASE_000030,ACC_001647,ATM_000056,2026-06-20 03:34:52.778193146,3351.15,22.553114682698816,88.36795275956757,11.474,10.64,1,0
WD_000031,CASE_000031,ACC_001288,ATM_000223,2024-10-03 10:58:21.045301203,11547.23,13.189103767144722,80.26507209306659,10.261,8.507,1,1
WD_000032,CASE_000032,ACC_000775,ATM_000386,2024-07-21 08:39:49.117661413,43162.76,22.7369288913546,75.81971944977604,1.454,0.255,1,1
WD_000033,CASE_000033,ACC_001625,ATM_000344,2024-06-28 12:36:29.505751252,12335.89,17.385057689163343,78.48657407288304,6.433,5.278,1,1
WD_000034,CASE_000034,ACC_000820,ATM_000022,2024-12-07 15:56:54.438820771,40992.41,21.142560585113028,79.08585332554065,26.029,24.05,1,1
WD_000035,CASE_000035,ACC_000287,ATM_000167,2025-07-06 04:07:23.229842053,14879.92,23.10143671627846,72.54542993473302,5.843,3.499,1,1
WD_000036,CASE_000036,ACC_000445,ATM_000331,2025-12-14 16:46:23.871818062,2831.21,22.606391122932326,88.3637670790471,32.322,30.0,1,1
WD_000037,CASE_000037,ACC_001350,ATM_000241,2024-11-28 08:43:16.501278229,5660.25,23.089526498005423,72.61873155555956,5.626,4.881,1,1
WD_000038,CASE_000038,ACC_000052,ATM_000073,2025-07-25 00:02:59.108627591,1036.71,23.035278731188015,72.56957719916596,17.82,16.176,1,1
WD_000039,CASE_000039,ACC_001788,ATM_000193,2025-03-16 02:09:32.797525856,5775.6,19.227301543694644,72.94420584887054,22.401,21.193,1,1
WD_000040,CASE_000040,ACC_000652,ATM_000273,2026-02-10 06:22:54.195643630,1241.94,18.9747741925689,72.91706664148816,2.607,1.102,1,1
WD_000041,CASE_000041,ACC_000659,ATM_000176,2025-06-02 13:05:30.228548454,6612.29,19.033545538500235,72.84141876415256,3.562,2.162,1,1
WD_000042,CASE_000042,ACC_001288,ATM_000335,2024-09-21 07:45:52.376157093,2089.67,19.224773403021103,72.97708756153456,5.573,4.062,1,1
WD_000043,CASE_000043,ACC_000052,ATM_000046,2025-10-03 06:28:03.534180509,2515.85,23.081528414336862,72.51810777211162,7.236,5.743,1,1
WD_000044,CASE_000044,ACC_000366,ATM_000151,2026-01-17 03:50:59.548348146,3700.91,22.9727121741609,72.56078065791901,1.96,1.317,1,1
WD_000045,CASE_000045,ACC_001507,ATM_000180,2025-02-28 10:33:37.587978589,167296.33,22.586746422822937,88.40071491243924,10.166,8.207,1,0
WD_000046,CASE_000046,ACC_000052,ATM_000014,2026-06-18 21:24:44.587173011,13619.83,22.93891637098737,72.51796872006797,13.332,11.422,1,1
WD_000047,CASE_000047,ACC_001625,ATM_000004,2026-03-12 04:03:34.828434006,6494.71,13.072762724653366,80.26387571924367,7.486,5.882,1,1
WD_000048,CASE_000048,ACC_001350,ATM_000280,2024-06-29 03:07:12.070652884,5461.18,23.002582842473544,72.60846343532445,16.903,15.8,1,1
WD_000049,CASE_000049,ACC_001085,ATM_000356,2025-12-18 00:35:14.358265600,325.05,12.994088595745303,77.60502311695032,6.957,3.657,1,0
WD_000050,CASE_000050,ACC_001625,ATM_000130,2025-07-01 23:56:12.933942031,28891.97,17.381863535499495,78.45162698844055,12.739,11.018,1,1
WD_000051,CASE_000051,ACC_001788,ATM_000370,2025-05-02 13:59:30.046590092,7695.78,26.96837587549417,75.82867978776605,8.877,5.951,1,1
WD_000052,CASE_000052,ACC_001625,ATM_000087,2025-04-13 12:02:30.032369821,1070.59,13.04237547348726,80.30318609124991,7.288,5.604,1,1
WD_000053,CASE_000053,ACC_000023,ATM_000178,2026-02-16 13:20:19.169378998,8965.93,22.6681438064313,75.89798883939375,2.357,1.793,1,0
WD_000054,CASE_000054,ACC_000404,ATM_000240,2025-07-10 14:26:26.195751987,7564.23,19.14182262226751,72.94805715683843,2.318,1.719,1,1
WD_000055,CASE_000055,ACC_001625,ATM_000333,2025-05-05 02:47:54.866849047,6045.25,13.092670157524704,80.27767499995733,6.395,4.122,1,1
WD_000056,CASE_000056,ACC_000659,ATM_000086,2024-02-14 15:26:56.593889038,2556.74,19.043575603739146,72.91107028466806,3.176,1.942,1,1
WD_000057,CASE_000057,ACC_001365,ATM_000058,2025-02-12 13:20:54.996136271,1958.7,17.42078761520513,78.45075277349024,3.655,0.828,1,1
WD_000058,CASE_000058,ACC_000467,ATM_000075,2026-04-07 11:19:21.242795493,55964.55,19.07023940137228,72.84648047877309,5.902,2.738,1,1
WD_000059,CASE_000059,ACC_000767,ATM_000368,2025-10-10 14:40:31.063189845,2040.58,13.079418730512336,80.26985889826781,5.263,3.088,1,1
WD_000060,CASE_000060,ACC_000267,ATM_000062,2024-02-16 15:13:13.940239931,8777.85,12.969744704543817,77.57861234021964,5.163,2.561,1,1
WD_000061,CASE_000061,ACC_001050,ATM_000297,2026-03-17 02:43:04.633968306,5723.21,22.735203387378554,75.94304101477319,19.111,18.102,1,1
WD_000062,CASE_000062,ACC_001647,ATM_000346,2026-01-23 05:30:47.318960245,59441.82,22.549604170475213,88.41551566084136,3.261,2.368,1,1
WD_000063,CASE_000063,ACC_000011,ATM_000146,2025-05-13 07:24:15.235648705,1005.61,18.521843319164628,73.90778304556412,6.701,6.087,1,1
WD_000064,CASE_000064,ACC_000782,ATM_000096,2024-01-22 01:40:19.892696272,7285.19,17.42854028389265,78.44441128823419,15.799,14.893,1,1
WD_000065,CASE_000065,ACC_000775,ATM_000386,2025-05-27 16:27:03.765706564,875.22,22.7369288913546,75.81971944977604,7.49,5.23,1,1
WD_000066,CASE_000066,ACC_000091,ATM_000105,2024-02-19 18:57:28.179417980,2400.89,22.627019730360914,88.348504386611,1.423,1.259,1,1
WD_000067,CASE_000067,ACC_000052,ATM_000280,2024-10-19 02:13:26.087825519,65670.98,23.002582842473544,72.60846343532445,5.458,2.403,1,1
WD_000068,CASE_000068,ACC_000652,ATM_000121,2025-07-27 04:35:12.226559825,1612.78,17.460934753635037,78.54223338719872,6.107,5.476,1,1
WD_000069,CASE_000069,ACC_001625,ATM_000004,2026-04-12 02:55:27.656560435,7678.4,13.072762724653366,80.26387571924367,10.993,10.044,1,1
WD_000070,CASE_000070,ACC_000659,ATM_000176,2024-11-22 00:19:24.246306026,22163.05,19.033545538500235,72.84141876415256,1.48,0.505,1,1
WD_000071,CASE_000071,ACC_000652,ATM_000026,2026-02-22 14:36:47.733779066,6460.72,19.119083215737124,73.0401359973329,3.053,2.244,1,1
WD_000072,CASE_000072,ACC_000753,ATM_000172,2026-04-17 01:20:03.533493602,22424.77,13.061272055904244,77.61218651410661,10.289,8.804,1,1
WD_000073,CASE_000073,ACC_000023,ATM_000386,2024-01-20 08:20:35.046273981,7955.71,22.7369288913546,75.81971944977604,4.24,2.815,1,1
WD_000074,CASE_000074,ACC_000819,ATM_000054,2024-08-06 14:13:48.399675006,4394.99,13.098663542145438,80.2606685689505,11.38,10.404,1,0
WD_000075,CASE_000075,ACC_000309,ATM_000252,2025-10-09 03:44:22.209118533,9705.35,26.97896359678675,75.8661569858974,11.31,9.814,1,1
WD_000076,CASE_000076,ACC_000011,ATM_000273,2025-11-20 18:09:06.090507372,107376.91,18.9747741925689,72.91706664148816,6.535,6.069,1,1
WD_000077,CASE_000077,ACC_000775,ATM_000006,2024-12-23 16:25:14.602726449,4412.52,22.778458741462313,75.93860984345183,4.619,2.651,1,1
WD_000078,CASE_000078,ACC_000480,ATM_000386,2025-08-21 11:34:35.631226553,1935.08,22.7369288913546,75.81971944977604,4.294,3.31,1,1
WD_000079,CASE_000079,ACC_000775,ATM_000006,2025-07-12 02:10:02.651966236,1093.75,22.778458741462313,75.93860984345183,9.931,7.355,1,1
WD_000080,CASE_000080,ACC_000011,ATM_000108,2025-11-05 00:17:21.800488504,21358.62,18.589901303342067,73.91787562266242,1.85,1.104,1,1
WD_000081,CASE_000081,ACC_000533,ATM_000291,2025-10-16 21:33:14.702379941,14068.06,23.024387860325554,72.60476029315736,4.806,3.07,1,1
WD_000082,CASE_000082,ACC_001238,ATM_000243,2024-03-19 09:15:55.211707774,3875.84,18.51743894014746,73.85207264990669,3.786,2.701,1,1
WD_000083,CASE_000083,ACC_000267,ATM_000280,2024-05-24 10:51:39.670596949,801.39,23.002582842473544,72.60846343532445,6.879,3.785,1,1
WD_000084,CASE_000084,ACC_000011,ATM_000108,2024-05-01 07:08:05.022335427,2765.82,18.589901303342067,73.91787562266242,9.188,8.104,1,1
WD_000085,CASE_000085,ACC_000139,ATM_000019,2026-04-29 16:43:13.808203340,9546.02,23.00704618103605,72.55527239374688,4.976,3.471,1,1
WD_000086,CASE_000086,ACC_000467,ATM_000223,2026-04-13 00:29:44.934286214,5453.01,13.189103767144722,80.26507209306659,18.799,17.625,1,1
WD_000087,CASE_000087,ACC_000190,ATM_000276,2025-12-27 17:07:56.970523162,14843.75,28.59530661848684,77.2524303496254,6.511,4.732,1,1
WD_000088,CASE_000088,ACC_001647,ATM_000180,2024-04-16 14:18:47.226608222,3859.6,22.586746422822937,88.40071491243924,6.379,4.345,1,1
WD_000089,CASE_000089,ACC_001308,ATM_000176,2025-06-07 06:10:34.583332732,19084.2,19.033545538500235,72.84141876415256,2.305,0.483,1,1
WD_000090,CASE_000090,ACC_000480,ATM_000297,2024-06-19 17:57:40.908426324,9740.84,22.735203387378554,75.94304101477319,4.351,3.669,1,1
WD_000091,CASE_000091,ACC_000068,ATM_000347,2024-12-01 17:42:54.666494338,2787.39,21.169933193662782,72.79248473236532,3.369,1.248,1,1
WD_000092,CASE_000092,ACC_000052,ATM_000378,2024-08-31 15:03:29.266789089,10866.21,28.602026069778045,77.22378910447576,7.374,6.018,1,1
WD_000093,CASE_000093,ACC_000767,ATM_000362,2026-01-25 09:16:02.518979912,17848.16,19.066627111472375,72.86363441085587,5.52,4.709,1,1
WD_000094,CASE_000094,ACC_000480,ATM_000377,2024-05-11 17:51:58.247458081,17335.3,26.781409663198932,80.96271185047749,3.581,1.496,1,1
WD_000095,CASE_000095,ACC_001335,ATM_000280,2025-08-11 19:17:38.487916598,1783.65,23.002582842473544,72.60846343532445,3.233,1.958,1,1
WD_000096,CASE_000096,ACC_000694,ATM_000138,2026-06-15 12:28:58.597502523,6261.23,12.984454809489609,77.6070901962344,4.61,1.645,1,1
WD_000097,CASE_000097,ACC_000052,ATM_000126,2025-09-18 05:51:25.464263149,7367.63,12.970793101253118,77.63507536164143,8.096,7.386,1,1
WD_000098,CASE_000098,ACC_000533,ATM_000101,2024-03-13 06:10:08.302426501,41014.12,26.768619192173965,80.96379808067807,1.808,0.451,1,1
WD_000099,CASE_000099,ACC_000190,ATM_000226,2026-04-07 06:20:27.438238644,13560.81,26.832292606363673,80.99338305519392,5.119,3.59,1,1
WD_000100,CASE_000100,ACC_000775,ATM_000006,2025-08-09 08:27:58.777905413,1474.25,22.778458741462313,75.93860984345183,12.172,10.799,1,1
WD_000101,CASE_000101,ACC_001308,ATM_000093,2025-02-20 07:58:05.756208370,2913.53,28.6167369892839,77.28928122735135,15.185,13.123,1,1
WD_000102,CASE_000102,ACC_000753,ATM_000318,2025-08-24 04:01:44.420558735,1869.12,13.085488907526226,80.25975933537603,4.513,3.778,1,1
WD_000103,CASE_000103,ACC_000480,ATM_000373,2026-03-11 23:25:04.153466161,8118.04,28.610913615498532,77.28160210525232,3.993,2.466,1,0
WD_000104,CASE_000104,ACC_001629,ATM_000141,2025-03-10 19:24:09.746284720,2737.59,12.96184454963462,77.70387594017772,3.493,1.005,1,1
WD_000105,CASE_000105,ACC_000767,ATM_000206,2025-04-29 11:30:48.117846948,3498.97,18.454279847591135,73.91225868385318,10.7,10.024,1,1
WD_000106,CASE_000106,ACC_000467,ATM_000004,2025-02-16 08:10:35.838628848,405.43,13.072762724653366,80.26387571924367,3.867,2.866,1,1
WD_000107,CASE_000107,ACC_001335,ATM_000233,2024-03-07 08:25:39.802849886,280.78,21.166209460248332,72.83085952660973,5.289,1.491,1,1
WD_000108,CASE_000108,ACC_000480,ATM_000386,2025-12-18 08:12:04.753094622,189.64,22.7369288913546,75.81971944977604,7.7,6.863,1,1
WD_000109,CASE_000109,ACC_000267,ATM_000228,2024-04-25 06:35:03.093115430,3819.28,12.965478498822426,77.60160591219447,2.718,1.231,1,0
WD_000110,CASE_000110,ACC_000011,ATM_000313,2024-12-25 17:06:21.749268638,131317.3,18.456075024739004,73.79326097893265,6.227,4.149,1,1
WD_000111,CASE_000111,ACC_000404,ATM_000269,2024-12-18 12:41:11.368672641,53317.48,19.107698538950824,72.88263004250993,3.192,0.947,1,1
WD_000112,CASE_000112,ACC_001350,ATM_000280,2024-09-12 14:36:19.382621533,1221.55,23.002582842473544,72.60846343532445,11.794,9.882,1,1
WD_000113,CASE_000113,ACC_000366,ATM_000194,2025-01-01 21:36:40.871587978,3866.05,23.03781946874166,72.6397004783593,5.196,3.593,1,1
WD_000114,CASE_000114,ACC_001300,ATM_000313,2025-07-17 00:55:14.144526575,701.01,18.456075024739004,73.79326097893265,0.769,0.414,1,1
WD_000115,CASE_000115,ACC_000880,ATM_000026,2024-10-10 19:44:02.644379714,4575.02,19.119083215737124,73.0401359973329,3.562,2.838,1,1
WD_000116,CASE_000116,ACC_001768,ATM_000055,2024-06-06 08:24:52.803391534,916.46,13.085036148706607,80.28059344946895,4.614,3.544,1,1
WD_000117,CASE_000117,ACC_000093,ATM_000118,2026-03-03 03:48:55.340275665,2917.66,13.134732197921853,80.33347937040632,3.964,3.35,1,1
WD_000118,CASE_000118,ACC_001308,ATM_000370,2026-06-03 20:38:50.590141712,2894.3,26.96837587549417,75.82867978776605,10.362,9.52,1,1
WD_000119,CASE_000119,ACC_000767,ATM_000304,2025-02-21 20:29:00.079454227,4641.41,13.021831666544454,77.51243518116864,2.007,0.673,1,1
WD_000120,CASE_000120,ACC_001335,ATM_000253,2024-10-25 03:21:27.455745980,3514.72,28.602473075055293,77.29067749427534,5.399,3.024,1,1
WD_000121,CASE_000121,ACC_001625,ATM_000389,2024-02-13 12:09:35.688485003,3013.05,19.132232363015927,72.94710985739454,6.012,3.109,1,1
WD_000122,CASE_000122,ACC_000023,ATM_000386,2024-02-03 16:55:04.197764635,9951.45,22.7369288913546,75.81971944977604,3.196,1.597,1,0
WD_000123,CASE_000123,ACC_000342,ATM_000002,2024-12-24 09:08:17.234077233,2366.31,28.57323762217617,77.31218533657218,11.166,10.016,1,0
WD_000124,CASE_000124,ACC_000011,ATM_000369,2026-04-27 19:14:34.823495418,1909.12,21.15083782779605,79.07656973867611,8.432,7.602,1,1
WD_000125,CASE_000125,ACC_001085,ATM_000228,2025-10-28 12:38:44.528629025,928.66,12.965478498822426,77.60160591219447,20.434,18.446,1,1
WD_000126,CASE_000126,ACC_000775,ATM_000006,2024-11-14 07:50:13.190057381,7280.92,22.778458741462313,75.93860984345183,3.41,1.886,1,1
WD_000127,CASE_000127,ACC_000533,ATM_000341,2026-05-31 23:08:55.252534082,3761.21,19.21819144879545,72.97825144248796,1.782,0.508,1,1
WD_000128,CASE_000128,ACC_001050,ATM_000326,2025-01-25 18:56:20.151010133,606.85,13.07849561142994,80.26923169793007,4.576,3.069,1,1
WD_000129,CASE_000129,ACC_001592,ATM_000236,2024-09-10 13:54:57.413515144,12797.75,23.01538106117906,72.56115543766649,34.119,30.0,1,1
WD_000130,CASE_000130,ACC_000659,ATM_000161,2025-01-23 11:18:37.571728465,1584.88,19.06714542643581,72.87550863111355,1.523,0.549,1,1
WD_000131,CASE_000131,ACC_000139,ATM_000346,2024-07-11 20:31:01.923409934,34370.68,22.549604170475213,88.41551566084136,3.336,2.8,1,1
WD_000132,CASE_000132,ACC_000480,ATM_000297,2026-03-18 01:14:19.692041518,5254.2,22.735203387378554,75.94304101477319,5.633,2.8,1,1
WD_000133,CASE_000133,ACC_001288,ATM_000055,2024-11-25 06:08:46.044842676,11775.01,13.085036148706607,80.28059344946895,5.453,3.948,1,1
WD_000134,CASE_000134,ACC_000190,ATM_000337,2025-08-22 19:47:14.902463312,25069.48,19.054280878217295,72.88341484047682,9.954,8.923,1,1
WD_000135,CASE_000135,ACC_000011,ATM_000146,2024-12-20 18:38:08.148914430,1574.46,18.521843319164628,73.90778304556412,8.508,7.546,1,1
WD_000136,CASE_000136,ACC_000052,ATM_000241,2026-04-01 21:27:43.273180508,5779.25,23.089526498005423,72.61873155555956,10.006,7.963,1,1
WD_000137,CASE_000137,ACC_001592,ATM_000116,2025-08-09 11:52:42.975943355,4772.48,26.930292496888846,75.78119583030755,30.866,30.0,1,1
WD_000138,CASE_000138,ACC_001768,ATM_000034,2025-03-21 07:06:54.198114264,2028.44,28.57410657173998,77.1162926099141,11.976,10.661,1,1
WD_000139,CASE_000139,ACC_001507,ATM_000259,2024-05-01 01:07:15.374494250,6078.79,19.01439915720663,72.86005389860291,15.947,13.781,1,1
WD_000140,CASE_000140,ACC_000767,ATM_000165,2026-04-01 21:21:17.054064169,2985.45,13.038643372162904,77.5733161676105,5.849,5.047,1,1
WD_000141,CASE_000141,ACC_001625,ATM_000126,2025-05-13 13:39:00.734315318,3834.09,12.970793101253118,77.63507536164143,10.046,8.347,1,1
WD_000142,CASE_000142,ACC_000309,ATM_000306,2024-09-17 07:24:15.377201805,1910.3,28.623145565195355,77.14066011207886,15.006,13.671,1,1
WD_000143,CASE_000143,ACC_000404,ATM_000277,2026-03-10 23:21:39.486984373,5354.16,21.05069982069505,79.05888962386011,4.367,3.039,1,1
WD_000144,CASE_000144,ACC_001050,ATM_000158,2024-02-19 18:38:47.124362941,22378.14,13.030031635088802,80.26467486307006,4.361,3.691,1,0
WD_000145,CASE_000145,ACC_001050,ATM_000297,2024-10-13 07:34:36.712137260,33397.56,22.735203387378554,75.94304101477319,4.599,3.076,1,1
WD_000146,CASE_000146,ACC_000023,ATM_000386,2025-05-04 07:40:06.470314761,8567.26,22.7369288913546,75.81971944977604,6.452,5.191,1,1
WD_000147,CASE_000147,ACC_000011,ATM_000313,2024-11-05 16:56:54.563139915,10652.11,18.456075024739004,73.79326097893265,3.248,2.547,1,1
WD_000148,CASE_000148,ACC_001507,ATM_000270,2025-03-10 08:36:54.838765742,17874.79,19.04031086258275,72.90511404786614,1.297,0.278,1,1
WD_000149,CASE_000149,ACC_000467,ATM_000223,2024-08-29 09:13:39.355966584,44224.26,13.189103767144722,80.26507209306659,14.217,12.981,1,1
WD_000150,CASE_000150,ACC_001350,ATM_000113,2024-04-28 21:03:56.578263151,4105.77,20.002396209142194,73.78609597129261,8.929,6.997,1,1
WD_000151,CASE_000151,ACC_000267,ATM_000151,2024-02-03 16:29:08.073527077,6136.39,22.9727121741609,72.56078065791901,2.707,0.548,1,1
WD_000152,CASE_000152,ACC_000366,ATM_000066,2024-05-23 18:13:12.288081859,10331.05,13.03389423523437,77.55055075170849,3.436,1.23,1,1
WD_000153,CASE_000153,ACC_001350,ATM_000013,2026-05-18 08:26:23.591608001,3297.17,17.39476814761355,78.48625496868215,5.217,4.452,1,1
WD_000154,CASE_000154,ACC_000052,ATM_000194,2025-06-08 13:15:10.793857911,1119.52,23.03781946874166,72.6397004783593,8.639,7.177,1,1
WD_000155,CASE_000155,ACC_001625,ATM_000223,2025-03-21 15:01:10.534560646,21003.69,13.189103767144722,80.26507209306659,4.395,3.436,1,1
WD_000156,CASE_000156,ACC_000782,ATM_000334,2024-12-16 18:17:46.369757624,2306.67,26.9066317936065,75.74113436075218,15.44,14.056,1,1
WD_000157,CASE_000157,ACC_001768,ATM_000156,2025-10-08 00:13:52.461068670,2047.14,13.101891989694947,80.25397609097955,15.333,12.191,1,1
WD_000158,CASE_000158,ACC_001133,ATM_000039,2024-05-10 00:07:21.374230333,14718.74,18.44998213174327,73.89797019591478,31.625,30.0,1,1
WD_000159,CASE_000159,ACC_000819,ATM_000156,2024-09-08 17:54:20.396318936,10118.93,13.101891989694947,80.25397609097955,4.602,3.385,1,1
WD_000160,CASE_000160,ACC_001350,ATM_000060,2025-08-20 20:50:35.967428290,941.75,19.00759210751052,72.86992999783358,8.199,6.848,1,1
WD_000161,CASE_000161,ACC_001625,ATM_000121,2025-03-12 12:20:54.693054090,39110.6,17.460934753635037,78.54223338719872,2.085,1.056,1,1
WD_000162,CASE_000162,ACC_000011,ATM_000146,2025-12-02 14:24:40.898049478,971.76,18.521843319164628,73.90778304556412,1.108,0.717,1,0
WD_000163,CASE_000163,ACC_000287,ATM_000280,2026-03-28 08:26:58.567085239,2361.39,23.002582842473544,72.60846343532445,2.04,0.378,1,1
WD_000164,CASE_000164,ACC_001267,ATM_000145,2026-01-20 07:46:33.819915022,142315.65,12.9570457342655,77.59946740582812,5.558,4.518,1,1
WD_000165,CASE_000165,ACC_000775,ATM_000130,2024-06-17 01:42:54.057869537,2519.58,17.381863535499495,78.45162698844055,6.198,5.247,1,1
WD_000166,CASE_000166,ACC_000404,ATM_000307,2024-03-24 11:35:35.119707685,11908.0,28.677872510757314,77.27382117966692,3.688,3.449,1,0
WD_000167,CASE_000167,ACC_000404,ATM_000240,2024-06-03 11:03:27.294030878,55220.91,19.14182262226751,72.94805715683843,2.408,1.614,1,1
WD_000168,CASE_000168,ACC_001288,ATM_000004,2025-12-15 01:40:35.200773330,2723.83,13.072762724653366,80.26387571924367,6.561,5.788,1,1
WD_000169,CASE_000169,ACC_001300,ATM_000313,2026-04-12 14:51:20.320035447,4772.39,18.456075024739004,73.79326097893265,2.853,1.672,1,1
WD_000170,CASE_000170,ACC_000023,ATM_000006,2026-04-23 07:23:21.205320321,13221.26,22.778458741462313,75.93860984345183,5.375,4.18,1,1
WD_000171,CASE_000171,ACC_000093,ATM_000176,2024-09-28 22:11:58.623874598,85628.8,19.033545538500235,72.84141876415256,6.01,5.306,1,1
WD_000172,CASE_000172,ACC_001300,ATM_000313,2026-02-04 16:02:44.325277100,4260.87,18.456075024739004,73.79326097893265,2.822,2.283,1,1
WD_000173,CASE_000173,ACC_001350,ATM_000238,2025-05-03 17:33:06.781728200,16320.63,22.507977612888034,88.40945837621726,5.298,4.647,1,1
WD_000174,CASE_000174,ACC_001308,ATM_000083,2026-01-19 15:30:18.172576150,6927.44,23.08093017221658,72.54410723265323,1.984,0.883,1,1
WD_000175,CASE_000175,ACC_000011,ATM_000146,2025-05-15 02:15:26.390089942,2492.71,18.521843319164628,73.90778304556412,12.808,10.737,1,1
WD_000176,CASE_000176,ACC_000052,ATM_000135,2024-05-13 16:22:22.512466879,50035.0,17.385162348910296,78.48549670598813,18.564,17.733,1,1
WD_000177,CASE_000177,ACC_001350,ATM_000338,2024-03-13 12:05:17.491606363,9326.22,13.053623755779812,80.28596260821823,8.032,4.782,1,1
WD_000178,CASE_000178,ACC_001592,ATM_000246,2026-05-22 17:34:45.017703186,712.45,26.8694817950312,75.87953477374165,16.94,14.771,1,1
WD_000179,CASE_000179,ACC_000961,ATM_000193,2025-01-23 02:08:04.691016625,2460.63,19.227301543694644,72.94420584887054,4.388,3.498,1,1
WD_000180,CASE_000180,ACC_001625,ATM_000223,2024-11-15 12:38:19.100152155,9390.19,13.189103767144722,80.26507209306659,4.855,2.529,1,1
WD_000181,CASE_000181,ACC_000659,ATM_000240,2024-11-20 19:05:25.783634397,2587.8,19.14182262226751,72.94805715683843,4.88,3.379,1,1
WD_000182,CASE_000182,ACC_000011,ATM_000146,2024-12-11 20:08:13.104974119,3155.6,18.521843319164628,73.90778304556412,15.115,13.969,1,1
WD_000183,CASE_000183,ACC_000287,ATM_000151,2026-05-10 23:15:28.407659535,2494.84,22.9727121741609,72.56078065791901,1.847,0.547,1,1
WD_000184,CASE_000184,ACC_000659,ATM_000240,2024-02-27 04:41:06.613834730,6087.75,19.14182262226751,72.94805715683843,1.712,0.906,1,1
WD_000185,CASE_000185,ACC_000052,ATM_000036,2024-04-18 20:35:05.399428936,3377.26,19.01308680550494,73.020278321365,9.429,8.823,1,1
WD_000186,CASE_000186,ACC_000404,ATM_000161,2025-12-20 15:15:16.779244110,7044.42,19.06714542643581,72.87550863111355,6.314,4.289,1,1
WD_000187,CASE_000187,ACC_001625,ATM_000277,2025-05-15 17:51:53.167023595,7083.96,21.05069982069505,79.05888962386011,5.576,4.018,1,1
WD_000188,CASE_000188,ACC_001507,ATM_000031,2024-04-27 11:35:09.421157739,2104.35,22.495626098117945,88.29425663931455,9.258,8.418,1,1
WD_000189,CASE_000189,ACC_000880,ATM_000164,2024-02-01 12:55:23.074135179,6995.26,19.124536092974644,72.92948649943835,3.487,3.124,1,1
WD_000190,CASE_000190,ACC_000819,ATM_000223,2024-07-23 09:50:56.554438727,82867.25,13.189103767144722,80.26507209306659,3.189,2.542,1,1
WD_000191,CASE_000191,ACC_000480,ATM_000386,2024-08-25 22:25:40.521123206,23106.05,22.7369288913546,75.81971944977604,8.062,7.0,1,1
WD_000192,CASE_000192,ACC_000782,ATM_000116,2024-01-14 09:38:49.835969087,1044.49,26.930292496888846,75.78119583030755,10.893,8.714,1,1
WD_000193,CASE_000193,ACC_000139,ATM_000040,2024-07-16 15:47:16.295073178,1306.42,13.014876324194478,80.26430193474677,19.184,17.504,1,0
WD_000194,CASE_000194,ACC_001050,ATM_000059,2025-11-03 18:48:32.580988707,3854.02,19.156855072570554,73.03993894632441,4.204,3.546,1,1
WD_000195,CASE_000195,ACC_001629,ATM_000067,2026-02-18 08:27:58.474531696,18233.95,13.018204834127848,77.54074468340339,1.264,0.49,1,1
WD_000196,CASE_000196,ACC_000533,ATM_000343,2026-03-29 08:50:44.801699601,13951.79,23.068518809346262,72.48325002482707,1.818,0.557,1,1
WD_000197,CASE_000197,ACC_000467,ATM_000186,2024-12-21 14:15:07.763911900,6751.01,13.14259936414573,80.23722682211573,9.172,7.522,1,1
WD_000198,CASE_000198,ACC_001335,ATM_000318,2024-10-18 02:51:24.710315278,79858.57,13.085488907526226,80.25975933537603,3.195,2.267,1,1
WD_000199,CASE_000199,ACC_000093,ATM_000233,2026-06-30 00:46:20.588651512,12862.53,21.166209460248332,72.83085952660973,3.815,2.946,1,1
WD_000200,CASE_000200,ACC_000820,ATM_000342,2025-12-02 09:45:21.825703034,10498.27,21.173025683536803,72.81846573650408,12.896,11.849,1,1
WD_000201,CASE_000201,ACC_001625,ATM_000333,2025-05-04 16:20:27.855129277,23095.06,13.092670157524704,80.27767499995733,3.675,1.198,1,1
WD_000202,CASE_000202,ACC_000709,ATM_000303,2024-08-20 23:07:06.435072447,9678.36,12.976542292214004,77.57811812544057,20.796,18.851,1,1
WD_000203,CASE_000203,ACC_000775,ATM_000006,2024-10-19 20:14:38.165505512,71818.84,22.778458741462313,75.93860984345183,3.222,2.011,1,1
WD_000204,CASE_000204,ACC_000533,ATM_000151,2025-04-14 18:59:43.260404148,1527.24,22.9727121741609,72.56078065791901,7.069,5.42,1,0
WD_000205,CASE_000205,ACC_000287,ATM_000295,2025-05-09 00:21:11.262489633,25378.9,22.93821234751503,72.51648916351694,4.252,2.514,1,1
WD_000206,CASE_000206,ACC_000309,ATM_000261,2024-01-14 00:44:35.937427433,1483.82,19.246720480337473,72.9689280934121,13.673,12.715,1,1
WD_000207,CASE_000207,ACC_001308,ATM_000122,2026-05-24 05:45:22.676787514,9401.08,17.407787151681706,78.45194038063788,5.433,5.151,1,1
WD_000208,CASE_000208,ACC_001625,ATM_000333,2025-06-09 04:17:15.806257461,885.04,13.092670157524704,80.27767499995733,19.233,15.62,1,1
WD_000209,CASE_000209,ACC_000767,ATM_000370,2025-06-21 01:34:34.587508531,1690.4,26.96837587549417,75.82867978776605,8.22,6.633,1,1
WD_000210,CASE_000210,ACC_001647,ATM_000346,2024-07-11 20:47:13.904391263,4328.47,22.549604170475213,88.41551566084136,5.182,4.36,1,1
WD_000211,CASE_000211,ACC_000366,ATM_000295,2025-11-28 00:57:38.090176598,253.17,22.93821234751503,72.51648916351694,3.281,0.761,1,1
WD_000212,CASE_000212,ACC_001267,ATM_000178,2025-11-02 19:52:58.605310959,3996.65,22.6681438064313,75.89798883939375,4.331,2.998,1,1
WD_000213,CASE_000213,ACC_001288,ATM_000004,2024-03-27 22:11:50.422688448,2184.45,13.072762724653366,80.26387571924367,5.663,5.006,1,1
WD_000214,CASE_000214,ACC_000023,ATM_000027,2025-06-26 05:46:59.378010841,48198.65,12.95033523534078,77.57962653879115,4.826,3.432,1,1
WD_000215,CASE_000215,ACC_001117,ATM_000164,2025-08-22 16:30:16.707206406,7114.88,19.124536092974644,72.92948649943835,1.757,1.189,1,1
WD_000216,CASE_000216,ACC_000533,ATM_000237,2026-01-31 06:06:20.483086098,2083.74,12.931570789651314,77.6572523843517,1.243,0.558,1,0
WD_000217,CASE_000217,ACC_000404,ATM_000131,2024-07-06 20:43:15.472967817,9694.7,19.01179633696639,73.10507488756701,2.743,0.233,1,1
WD_000218,CASE_000218,ACC_000775,ATM_000386,2026-03-10 20:28:57.752027604,5374.81,22.7369288913546,75.81971944977604,7.876,7.114,1,1
WD_000219,CASE_000219,ACC_001133,ATM_000192,2025-02-25 05:50:54.834060192,29697.79,18.520655306596943,73.80559935559889,20.026,19.712,1,1
WD_000220,CASE_000220,ACC_000309,ATM_000252,2024-03-29 07:16:40.651641983,4256.97,26.97896359678675,75.8661569858974,8.886,7.655,1,1
WD_000221,CASE_000221,ACC_000267,ATM_000116,2024-04-06 10:30:19.598914448,5530.41,26.930292496888846,75.78119583030755,5.203,2.663,1,1
WD_000222,CASE_000222,ACC_000267,ATM_000342,2024-06-29 07:06:00.255570501,1019.04,21.173025683536803,72.81846573650408,2.303,0.519,1,1
WD_000223,CASE_000223,ACC_000052,ATM_000157,2024-09-14 17:58:29.979211324,1625.36,18.525800872314733,73.82389227783078,3.914,3.269,1,1
WD_000224,CASE_000224,ACC_000023,ATM_000168,2025-03-28 10:01:20.011701703,5717.49,23.025746018285766,72.57724382268653,4.606,2.5,1,1
WD_000225,CASE_000225,ACC_001300,ATM_000130,2025-11-13 17:45:01.837289857,24460.39,17.381863535499495,78.45162698844055,15.054,14.335,1,1
WD_000226,CASE_000226,ACC_000366,ATM_000015,2024-06-19 05:32:23.298341072,9574.63,28.616090074679143,77.21155537706599,2.965,0.394,1,1
WD_000227,CASE_000227,ACC_001625,ATM_000222,2026-06-23 13:07:14.259357972,76531.06,12.971473139407328,77.54027330063093,5.782,4.986,1,1
WD_000228,CASE_000228,ACC_000819,ATM_000127,2024-05-27 09:31:53.047815686,41496.16,21.201147518815567,79.18211667761801,6.016,3.074,1,1
WD_000229,CASE_000229,ACC_000366,ATM_000291,2025-06-30 02:28:32.027415331,10490.28,23.024387860325554,72.60476029315736,1.676,0.994,1,1
WD_000230,CASE_000230,ACC_001029,ATM_000032,2026-04-27 06:26:08.020974336,8096.27,21.09140764918425,72.80155223359311,24.082,21.959,1,1
WD_000231,CASE_000231,ACC_000775,ATM_000178,2026-01-28 13:28:44.052547028,687.42,22.6681438064313,75.89798883939375,3.537,3.093,1,1
WD_000232,CASE_000232,ACC_001335,ATM_000303,2025-08-13 08:19:03.987106094,18772.29,12.976542292214004,77.57811812544057,2.868,1.383,1,1
WD_000233,CASE_000233,ACC_001507,ATM_000031,2025-10-13 21:44:53.114263205,6591.7,22.495626098117945,88.29425663931455,2.209,1.73,1,1
WD_000234,CASE_000234,ACC_001426,ATM_000350,2024-05-03 01:06:22.440114909,11864.23,19.14716239397614,72.81778688658537,18.834,18.094,1,1
WD_000235,CASE_000235,ACC_000659,ATM_000011,2024-01-09 23:02:21.127176211,1230.06,28.68584310331269,77.21106403513465,3.766,2.886,1,1
WD_000236,CASE_000236,ACC_000533,ATM_000084,2025-01-30 17:28:42.450503159,4453.32,18.999431326545828,73.03702113199323,5.249,3.686,1,1
WD_000237,CASE_000237,ACC_000659,ATM_000041,2024-03-22 16:36:40.379676010,17113.23,28.705631888669142,77.21720396371722,3.369,1.653,1,1
WD_000238,CASE_000238,ACC_001350,ATM_000074,2024-11-22 03:39:39.116136558,11175.3,18.510012076811666,73.8673639449096,5.759,4.326,1,0
WD_000239,CASE_000239,ACC_000023,ATM_000386,2024-07-23 02:01:42.901066737,1364.23,22.7369288913546,75.81971944977604,6.116,5.159,1,1
WD_000240,CASE_000240,ACC_000319,ATM_000112,2026-04-14 20:22:53.542109509,55831.48,19.098053456425703,72.96234821414691,1.377,1.036,1,1
WD_000241,CASE_000241,ACC_000467,ATM_000223,2026-03-13 01:13:29.071627718,91135.83,13.189103767144722,80.26507209306659,7.68,5.519,1,1
WD_000242,CASE_000242,ACC_000287,ATM_000343,2026-01-16 05:15:53.667750149,829.16,23.068518809346262,72.48325002482707,3.898,1.969,1,1
WD_000243,CASE_000243,ACC_000480,ATM_000386,2025-10-12 15:08:48.074912067,16461.02,22.7369288913546,75.81971944977604,5.469,3.942,1,1
WD_000244,CASE_000244,ACC_001267,ATM_000297,2024-05-20 12:49:27.878087739,272.9,22.735203387378554,75.94304101477319,4.196,3.337,1,1
WD_000245,CASE_000245,ACC_001300,ATM_000108,2024-02-14 08:15:02.847611192,7612.77,18.589901303342067,73.91787562266242,6.745,6.364,1,1
WD_000246,CASE_000246,ACC_001350,ATM_000305,2025-08-18 23:15:17.506249726,636.37,26.932165373579654,75.8135284411878,6.651,5.876,1,1
WD_000247,CASE_000247,ACC_000366,ATM_000201,2025-08-08 03:59:30.277802701,2975.13,22.62034679559839,88.38515202232594,1.66,0.867,1,1
WD_000248,CASE_000248,ACC_000023,ATM_000365,2024-12-02 21:45:07.583087220,783.95,13.142658167648497,80.3520057432738,8.66,6.912,1,1
WD_000249,CASE_000249,ACC_001507,ATM_000275,2025-03-07 00:46:37.363116198,10437.05,13.12181367829086,80.21824345122793,9.956,9.166,1,1
WD_000250,CASE_000250,ACC_001768,ATM_000055,2025-03-21 17:13:37.619953381,10276.93,13.085036148706607,80.28059344946895,2.465,1.403,1,1
WD_000251,CASE_000251,ACC_000267,ATM_000151,2024-08-06 18:21:31.923415610,459.18,22.9727121741609,72.56078065791901,4.57,3.469,1,1
WD_000252,CASE_000252,ACC_001350,ATM_000097,2024-10-13 08:05:58.011153154,3663.93,28.605704254668684,77.26130185465165,3.161,2.497,1,1
WD_000253,CASE_000253,ACC_001335,ATM_000042,2025-01-16 07:20:10.923719882,8219.69,23.027285447115542,72.55392522871009,3.667,2.725,1,1
WD_000254,CASE_000254,ACC_001690,ATM_000383,2025-07-03 16:43:16.054593222,12292.98,22.614733544326302,88.39126645372609,4.815,1.818,1,1
WD_000255,CASE_000255,ACC_000342,ATM_000283,2026-05-20 23:16:43.964619461,5325.2,18.522095770853554,73.8557727812762,5.248,3.833,1,1
WD_000256,CASE_000256,ACC_000093,ATM_000118,2025-05-05 16:34:12.213778581,679.8,13.134732197921853,80.33347937040632,3.143,1.57,1,1
WD_000257,CASE_000257,ACC_000052,ATM_000107,2025-10-28 07:01:59.558968736,7447.26,28.57991887846852,77.21009315974506,4.865,3.678,1,1
WD_000258,CASE_000258,ACC_001788,ATM_000183,2026-01-06 08:33:54.502129489,9688.86,12.971002325574643,77.58296980418518,28.293,26.623,1,1
WD_000259,CASE_000259,ACC_000480,ATM_000018,2024-04-13 18:12:27.086557980,39711.45,18.994187971275416,72.85766356413873,8.466,7.856,1,1
WD_000260,CASE_000260,ACC_000052,ATM_000280,2025-08-18 07:23:19.214237230,1225.06,23.002582842473544,72.60846343532445,7.471,6.318,1,1
WD_000261,CASE_000261,ACC_001592,ATM_000042,2025-03-15 23:15:34.853065846,3411.73,23.027285447115542,72.55392522871009,18.391,16.597,1,1
WD_000262,CASE_000262,ACC_000659,ATM_000161,2025-06-05 13:02:26.474029973,6630.22,19.06714542643581,72.87550863111355,1.411,0.79,1,1
WD_000263,CASE_000263,ACC_001647,ATM_000180,2024-02-05 11:19:50.062612254,2456.6,22.586746422822937,88.40071491243924,11.383,10.367,1,1
WD_000264,CASE_000264,ACC_001238,ATM_000370,2026-04-05 15:21:03.086422820,1284.91,26.96837587549417,75.82867978776605,1.85,0.436,1,1
WD_000265,CASE_000265,ACC_000378,ATM_000303,2026-05-19 01:54:34.846970675,5339.62,12.976542292214004,77.57811812544057,26.237,24.151,1,1
WD_000266,CASE_000266,ACC_000093,ATM_000186,2024-01-04 05:33:47.653573246,12099.98,13.14259936414573,80.23722682211573,1.434,1.099,1,0
WD_000267,CASE_000267,ACC_000404,ATM_000176,2024-07-12 21:56:42.777035354,4465.67,19.033545538500235,72.84141876415256,1.47,0.66,1,1
WD_000268,CASE_000268,ACC_000023,ATM_000297,2024-06-13 10:28:36.370116184,2766.19,22.735203387378554,75.94304101477319,6.711,5.769,1,0
WD_000269,CASE_000269,ACC_000267,ATM_000089,2025-12-12 21:16:09.894683849,3169.79,19.250512789923103,73.03406164087934,2.827,1.171,1,1
WD_000270,CASE_000270,ACC_000023,ATM_000290,2025-06-29 15:36:14.161917932,43117.55,19.019704173630252,72.8944179347802,19.182,17.444,1,1
WD_000271,CASE_000271,ACC_001558,ATM_000303,2024-06-11 04:47:29.194122413,23318.84,12.976542292214004,77.57811812544057,15.568,14.736,1,1
WD_000272,CASE_000272,ACC_001350,ATM_000046,2026-01-11 21:03:10.464767990,22316.46,23.081528414336862,72.51810777211162,8.392,7.732,1,1
WD_000273,CASE_000273,ACC_001350,ATM_000306,2024-11-18 15:48:49.330270203,6337.77,28.623145565195355,77.14066011207886,15.439,13.865,1,1
WD_000274,CASE_000274,ACC_000659,ATM_000240,2025-02-24 00:25:28.832533493,3179.9,19.14182262226751,72.94805715683843,4.25,1.827,1,1
WD_000275,CASE_000275,ACC_000052,ATM_000285,2024-12-19 03:58:32.729637894,5423.5,17.452956696566496,78.47688672793815,7.904,7.372,1,1
WD_000276,CASE_000276,ACC_000694,ATM_000026,2025-04-20 01:28:09.296459859,1739.09,19.119083215737124,73.0401359973329,2.012,0.645,1,1
WD_000277,CASE_000277,ACC_000052,ATM_000038,2025-03-14 06:16:03.107631527,2727.13,13.025848086085105,77.58877860017694,20.433,19.152,1,1
WD_000278,CASE_000278,ACC_000404,ATM_000176,2024-09-07 04:56:27.982043209,30226.64,19.033545538500235,72.84141876415256,1.436,0.726,1,1
WD_000279,CASE_000279,ACC_001335,ATM_000301,2025-01-21 21:15:47.516827727,2135.31,22.598665254680242,88.36523243306792,2.77,0.476,1,1
WD_000280,CASE_000280,ACC_001308,ATM_000022,2026-04-08 19:01:05.271466806,1892.12,21.142560585113028,79.08585332554065,31.135,30.0,1,1
WD_000281,CASE_000281,ACC_000404,ATM_000045,2025-04-03 06:41:00.718829774,12775.62,23.04680517942798,72.58912303394615,3.406,3.225,1,1
WD_000282,CASE_000282,ACC_001238,ATM_000145,2026-04-14 21:28:10.407393735,2558.16,12.9570457342655,77.59946740582812,1.597,0.211,1,1
WD_000283,CASE_000283,ACC_001349,ATM_000141,2025-05-16 08:26:25.004332903,6397.16,12.96184454963462,77.70387594017772,4.463,2.19,1,1
WD_000284,CASE_000284,ACC_000052,ATM_000344,2025-12-02 03:28:41.472705788,4776.33,17.385057689163343,78.48657407288304,18.057,17.223,1,1
WD_000285,CASE_000285,ACC_001507,ATM_000180,2024-09-24 12:45:25.758244299,1991.85,22.586746422822937,88.40071491243924,1.677,0.574,1,1
WD_000286,CASE_000286,ACC_000011,ATM_000256,2025-12-21 16:00:16.172303768,2258.08,22.55546312912808,88.32762532195562,14.404,12.334,1,0
WD_000287,CASE_000287,ACC_001046,ATM_000192,2024-08-29 14:15:36.843325991,19177.19,18.520655306596943,73.80559935559889,19.132,18.395,1,1
WD_000288,CASE_000288,ACC_000052,ATM_000081,2024-01-19 04:03:15.454797236,4772.53,13.045515312876448,80.29521731399635,8.614,6.981,1,0
WD_000289,CASE_000289,ACC_001267,ATM_000178,2024-05-26 22:51:38.226069483,32614.64,22.6681438064313,75.89798883939375,12.683,11.849,1,1
WD_000290,CASE_000290,ACC_000524,ATM_000356,2024-01-20 20:18:46.849600079,9929.79,12.994088595745303,77.60502311695032,2.895,1.794,1,1
WD_000291,CASE_000291,ACC_000092,ATM_000388,2026-05-12 21:20:47.487840759,19628.04,21.204558776203847,72.8288721561159,2.769,2.206,1,1
WD_000292,CASE_000292,ACC_001238,ATM_000082,2026-06-30 01:10:31.675481894,1357.49,28.59502131661763,77.19300617227998,1.678,0.755,1,1
WD_000293,CASE_000293,ACC_000267,ATM_000295,2025-11-25 18:20:29.893641988,2103.32,22.93821234751503,72.51648916351694,8.939,6.529,1,1
WD_000294,CASE_000294,ACC_000011,ATM_000146,2024-04-08 22:08:15.124692668,60481.7,18.521843319164628,73.90778304556412,10.023,7.568,1,1
WD_000295,CASE_000295,ACC_001647,ATM_000117,2026-03-30 08:50:49.095424400,1374.09,22.60313735155465,88.37992691168564,10.303,9.734,1,1
WD_000296,CASE_000296,ACC_000775,ATM_000006,2025-11-08 22:30:32.358955431,5614.64,22.778458741462313,75.93860984345183,8.587,5.189,1,1
WD_000297,CASE_000297,ACC_000023,ATM_000116,2024-10-29 21:49:18.203443764,7964.24,26.930292496888846,75.78119583030755,5.628,4.391,1,1
WD_000298,CASE_000298,ACC_000139,ATM_000334,2025-04-02 20:53:25.620980862,12095.96,26.9066317936065,75.74113436075218,7.086,6.143,1,1
WD_000299,CASE_000299,ACC_000480,ATM_000220,2025-08-26 05:10:10.385592386,4792.16,28.60969312785745,77.21056930146217,8.463,6.779,1,1
WD_000300,CASE_000300,ACC_000332,ATM_000075,2024-01-23 02:57:00.869216505,825.48,19.07023940137228,72.84648047877309,5.111,3.186,1,1
WD_000301,CASE_000301,ACC_000404,ATM_000078,2025-04-01 23:42:52.456795391,31714.55,13.054902311175745,80.33221535457712,2.024,0.924,1,1
WD_000302,CASE_000302,ACC_001768,ATM_000054,2025-10-29 08:10:57.897010616,42808.05,13.098663542145438,80.2606685689505,3.089,1.361,1,1
WD_000303,CASE_000303,ACC_000480,ATM_000297,2024-06-20 14:48:36.347828463,25632.7,22.735203387378554,75.94304101477319,3.451,2.275,1,1
WD_000304,CASE_000304,ACC_001507,ATM_000117,2025-02-08 09:13:05.235566423,2623.82,22.60313735155465,88.37992691168564,2.181,1.373,1,1
WD_000305,CASE_000305,ACC_000190,ATM_000394,2025-04-30 05:17:16.083551031,4928.86,13.091045074425018,80.26937589869779,2.049,0.584,1,1
WD_000306,CASE_000306,ACC_000753,ATM_000019,2025-11-01 08:44:55.688180251,6677.29,23.00704618103605,72.55527239374688,6.348,4.284,1,0
WD_000307,CASE_000307,ACC_000775,ATM_000370,2026-05-28 20:15:18.308092133,9330.3,26.96837587549417,75.82867978776605,5.439,4.116,1,0
WD_000308,CASE_000308,ACC_000267,ATM_000039,2026-02-12 00:46:58.650065922,5111.29,18.44998213174327,73.89797019591478,6.086,2.751,1,1
WD_000309,CASE_000309,ACC_001350,ATM_000272,2025-07-20 07:45:40.799219071,2758.66,18.985170560413643,72.98772187343326,2.883,2.323,1,1
WD_000310,CASE_000310,ACC_000366,ATM_000274,2025-06-15 18:43:24.286697784,1755.57,17.454715162828638,78.45559705083552,2.004,0.171,1,0
WD_000311,CASE_000311,ACC_000753,ATM_000388,2025-07-04 00:50:02.493406767,9340.6,21.204558776203847,72.8288721561159,12.76,11.912,1,1
WD_000312,CASE_000312,ACC_000782,ATM_000370,2025-05-11 21:22:31.938158107,584.03,26.96837587549417,75.82867978776605,5.59,4.32,1,1
WD_000313,CASE_000313,ACC_001046,ATM_000071,2024-02-25 11:20:36.555733653,2089.79,18.518644120823534,73.81067215987761,33.433,28.983,1,1
WD_000314,CASE_000314,ACC_000775,ATM_000178,2025-09-28 10:22:21.408748678,1396.21,22.6681438064313,75.89798883939375,6.82,5.569,1,1
WD_000315,CASE_000315,ACC_000659,ATM_000125,2025-10-14 15:55:46.165745335,10263.29,19.082563965212646,72.88949657268364,1.942,0.572,1,1
WD_000316,CASE_000316,ACC_001625,ATM_000186,2025-04-12 03:15:44.307384928,161658.72,13.14259936414573,80.23722682211573,6.392,3.977,1,1
WD_000317,CASE_000317,ACC_000139,ATM_000299,2026-03-04 05:24:30.864971126,868.8,22.617823576424037,88.30512869667955,7.254,6.42,1,1
WD_000318,CASE_000318,ACC_001625,ATM_000386,2025-09-05 00:36:47.795135469,34257.6,22.7369288913546,75.81971944977604,10.455,8.237,1,1
WD_000319,CASE_000319,ACC_000052,ATM_000363,2024-11-26 18:01:07.585636507,22479.34,19.078271266035365,72.8728429328227,8.719,7.839,1,1
WD_000320,CASE_000320,ACC_000404,ATM_000148,2024-01-19 03:12:17.832430758,16019.43,12.97674521141251,77.58745947170766,4.608,3.845,1,1
WD_000321,CASE_000321,ACC_000052,ATM_000183,2024-02-24 06:13:47.429599842,1211.68,12.971002325574643,77.58296980418518,8.72,8.26,1,1
WD_000322,CASE_000322,ACC_000659,ATM_000287,2024-11-16 13:23:14.255716395,13094.28,19.080182299796885,72.82981670403878,1.67,0.808,1,1
WD_000323,CASE_000323,ACC_000767,ATM_000022,2025-02-25 03:05:41.072826009,4342.72,21.142560585113028,79.08585332554065,3.624,1.402,1,1
WD_000324,CASE_000324,ACC_001267,ATM_000386,2024-06-01 03:08:01.611035663,5485.17,22.7369288913546,75.81971944977604,2.664,1.394,1,1
WD_000325,CASE_000325,ACC_000404,ATM_000282,2024-06-21 15:00:13.110594378,2661.7,19.051630192585513,73.01765242288891,3.53,2.393,1,1
WD_000326,CASE_000326,ACC_000023,ATM_000358,2024-07-29 00:04:39.195199292,5922.06,22.673181586555607,88.36425503087035,6.736,5.708,1,1
WD_000327,CASE_000327,ACC_001507,ATM_000189,2025-12-12 06:40:14.636774844,19515.18,22.56123810986596,88.38265652286051,5.527,3.265,1,1
WD_000328,CASE_000328,ACC_000404,ATM_000310,2025-12-03 17:53:19.975331094,8173.62,19.236471969168107,73.02911695269455,2.452,1.147,1,1
WD_000329,CASE_000329,ACC_000023,ATM_000006,2024-12-15 08:47:54.426087258,39698.79,22.778458741462313,75.93860984345183,12.22,11.16,1,1
WD_000330,CASE_000330,ACC_000533,ATM_000370,2024-06-06 07:47:41.056729359,22020.1,26.96837587549417,75.82867978776605,7.22,4.897,1,1
WD_000331,CASE_000331,ACC_001625,ATM_000186,2024-04-11 13:18:28.341008433,3285.3,13.14259936414573,80.23722682211573,12.407,8.206,1,1
WD_000332,CASE_000332,ACC_001350,ATM_000200,2024-03-20 18:29:54.725420234,29098.33,19.984562308418386,73.8598281251077,9.503,7.977,1,1
WD_000333,CASE_000333,ACC_000404,ATM_000062,2024-12-22 12:18:18.302709390,12482.29,12.969744704543817,77.57861234021964,1.376,0.259,1,1
WD_000334,CASE_000334,ACC_000011,ATM_000108,2024-02-11 21:16:10.077439729,14744.28,18.589901303342067,73.91787562266242,9.53,8.907,1,1
WD_000335,CASE_000335,ACC_001308,ATM_000182,2024-10-31 04:17:19.244815584,3018.11,26.936306907927246,75.72871603602272,5.692,2.921,1,1
WD_000336,CASE_000336,ACC_000267,ATM_000151,2026-05-26 00:26:23.486227771,4173.08,22.9727121741609,72.56078065791901,1.477,0.322,1,1
WD_000337,CASE_000337,ACC_000775,ATM_000297,2025-04-07 16:57:27.559738925,1069.63,22.735203387378554,75.94304101477319,8.877,7.226,1,1
WD_000338,CASE_000338,ACC_001288,ATM_000223,2026-01-19 22:38:46.539563372,4243.04,13.189103767144722,80.26507209306659,12.343,11.663,1,1
WD_000339,CASE_000339,ACC_000139,ATM_000078,2024-04-27 21:30:54.587993393,497.24,13.054902311175745,80.33221535457712,3.245,1.759,1,1
WD_000340,CASE_000340,ACC_000052,ATM_000344,2024-09-01 07:26:49.281124857,36162.38,17.385057689163343,78.48657407288304,2.173,1.308,1,1
WD_000341,CASE_000341,ACC_000480,ATM_000297,2026-05-12 16:20:39.036101134,14620.65,22.735203387378554,75.94304101477319,9.053,7.621,1,1
WD_000342,CASE_000342,ACC_001335,ATM_000151,2024-12-15 13:32:57.850668418,13246.16,22.9727121741609,72.56078065791901,3.571,1.707,1,1
WD_000343,CASE_000343,ACC_000775,ATM_000272,2025-08-13 21:17:00.515357296,6470.3,18.985170560413643,72.98772187343326,4.532,3.12,1,1
WD_000344,CASE_000344,ACC_000819,ATM_000055,2026-06-08 11:47:58.955908175,5666.19,13.085036148706607,80.28059344946895,5.764,4.871,1,1
WD_000345,CASE_000345,ACC_000659,ATM_000204,2025-05-16 20:42:40.311837009,1197.24,19.263169806797624,73.04555491961383,2.288,1.06,1,1
WD_000346,CASE_000346,ACC_000775,ATM_000330,2024-10-05 08:28:51.271833244,65946.23,20.053223544411868,73.78683249358077,4.397,2.867,1,1
WD_000347,CASE_000347,ACC_000659,ATM_000086,2025-04-29 15:44:00.080104612,1480.49,19.043575603739146,72.91107028466806,1.212,0.451,1,1
WD_000348,CASE_000348,ACC_000287,ATM_000295,2024-02-19 21:20:48.837715182,320.3,22.93821234751503,72.51648916351694,2.759,1.148,1,1
WD_000349,CASE_000349,ACC_000694,ATM_000008,2024-04-12 10:25:13.116940019,27533.81,22.614712896346877,88.45062002814181,1.565,0.427,1,1
WD_000350,CASE_000350,ACC_001308,ATM_000161,2024-01-07 18:21:49.174436429,39360.52,19.06714542643581,72.87550863111355,5.575,4.328,1,1
WD_000351,CASE_000351,ACC_000404,ATM_000269,2026-03-16 13:40:04.204606554,59877.94,19.107698538950824,72.88263004250993,1.299,0.575,1,1
WD_000352,CASE_000352,ACC_000659,ATM_000086,2025-09-03 15:07:58.261249143,23371.23,19.043575603739146,72.91107028466806,2.258,1.679,1,1
WD_000353,CASE_000353,ACC_000139,ATM_000014,2024-09-29 00:29:50.744439917,22032.23,22.93891637098737,72.51796872006797,5.815,3.987,1,1
WD_000354,CASE_000354,ACC_001349,ATM_000145,2024-07-20 15:54:58.926502396,11022.76,12.9570457342655,77.59946740582812,4.443,2.788,1,1
WD_000355,CASE_000355,ACC_000267,ATM_000280,2025-09-14 09:34:07.007195807,568.01,23.002582842473544,72.60846343532445,2.782,1.422,1,0
WD_000356,CASE_000356,ACC_000190,ATM_000005,2026-04-17 18:15:26.070059518,14451.65,19.15172421032615,72.9588642711249,1.608,0.841,1,1
WD_000357,CASE_000357,ACC_000880,ATM_000246,2024-09-29 16:19:24.831089655,7256.64,26.8694817950312,75.87953477374165,3.946,2.121,1,1
WD_000358,CASE_000358,ACC_000961,ATM_000230,2024-10-20 06:20:57.074201657,2414.0,19.00485893891834,72.93015286345715,7.781,7.289,1,1
WD_000359,CASE_000359,ACC_000139,ATM_000152,2026-02-17 08:16:46.846547165,16653.64,26.912563096449293,75.80556641364709,3.16,1.211,1,1
WD_000360,CASE_000360,ACC_000068,ATM_000003,2026-03-24 23:15:25.677349653,6231.43,26.977487381625732,75.7269303823776,2.488,1.751,1,1
WD_000361,CASE_000361,ACC_001507,ATM_000117,2026-04-12 18:06:49.745907223,2353.97,22.60313735155465,88.37992691168564,1.618,0.227,1,1
WD_000362,CASE_000362,ACC_001507,ATM_000346,2024-09-24 07:07:44.158362546,57040.89,22.549604170475213,88.41551566084136,5.605,5.372,1,1
WD_000363,CASE_000363,ACC_000467,ATM_000186,2024-04-19 18:04:22.501494909,51587.37,13.14259936414573,80.23722682211573,3.559,1.787,1,1
WD_000364,CASE_000364,ACC_000467,ATM_000118,2025-02-05 02:46:50.500979667,2381.4,13.134732197921853,80.33347937040632,6.674,5.746,1,1
WD_000365,CASE_000365,ACC_000659,ATM_000182,2024-09-26 12:14:04.881103294,4176.49,26.936306907927246,75.72871603602272,1.632,1.029,1,1
WD_000366,CASE_000366,ACC_001267,ATM_000332,2026-03-16 20:21:57.793498589,1632.5,19.02752019354111,73.02909837280127,15.505,12.605,1,1
WD_000367,CASE_000367,ACC_001335,ATM_000355,2024-02-03 12:53:48.248507429,18742.59,28.541697633686937,77.19124389403521,3.91,0.84,1,1
WD_000368,CASE_000368,ACC_000480,ATM_000178,2025-07-31 16:19:53.206039982,14745.73,22.6681438064313,75.89798883939375,5.169,3.811,1,1
WD_000369,CASE_000369,ACC_001293,ATM_000087,2026-04-06 00:07:33.644693556,1174.49,13.04237547348726,80.30318609124991,11.377,5.589,1,1
WD_000370,CASE_000370,ACC_000820,ATM_000370,2026-06-09 10:00:37.571005080,8109.69,26.96837587549417,75.82867978776605,16.09,13.54,1,1
WD_000371,CASE_000371,ACC_000068,ATM_000198,2025-08-15 10:24:45.254703270,10350.05,26.980908442155847,75.78841459480564,3.957,1.852,1,1
WD_000372,CASE_000372,ACC_001267,ATM_000386,2026-05-15 15:57:17.120677246,4558.25,22.7369288913546,75.81971944977604,6.839,3.642,1,1
WD_000373,CASE_000373,ACC_000467,ATM_000333,2024-03-10 03:28:57.767608825,30372.86,13.092670157524704,80.27767499995733,5.264,4.219,1,1
WD_000374,CASE_000374,ACC_001039,ATM_000323,2024-11-23 11:36:03.235824149,83807.82,21.147720468146318,79.08459152499843,4.339,3.171,1,1
WD_000375,CASE_000375,ACC_000011,ATM_000313,2024-01-09 04:26:42.974455004,3340.29,18.456075024739004,73.79326097893265,5.907,4.733,1,1
WD_000376,CASE_000376,ACC_001507,ATM_000117,2026-06-13 00:02:36.474344478,13124.79,22.60313735155465,88.37992691168564,3.441,1.989,1,1
WD_000377,CASE_000377,ACC_000480,ATM_000178,2026-04-02 13:46:37.898305855,3574.56,22.6681438064313,75.89798883939375,4.565,3.028,1,0
WD_000378,CASE_000378,ACC_000775,ATM_000359,2024-01-26 17:39:38.013337834,1583.74,12.966764028192289,77.59669894328123,4.319,2.721,1,0
WD_000379,CASE_000379,ACC_001788,ATM_000206,2024-01-17 22:59:45.318612321,9184.3,18.454279847591135,73.91225868385318,10.544,9.633,1,1
WD_000380,CASE_000380,ACC_000467,ATM_000258,2024-11-30 13:06:59.436073800,23005.72,19.0854985144813,72.91038578946552,5.695,4.036,1,1
WD_000381,CASE_000381,ACC_000267,ATM_000111,2024-08-23 15:40:17.026004537,5588.27,28.614623547099384,77.20016437276645,2.997,1.337,1,1
WD_000382,CASE_000382,ACC_000480,ATM_000224,2026-02-10 21:41:48.845757026,3149.13,21.120908593065135,72.82052917115357,8.37,6.668,1,1
WD_000383,CASE_000383,ACC_000052,ATM_000344,2024-05-26 09:34:18.658147458,6919.33,17.385057689163343,78.48657407288304,4.741,3.841,1,1
WD_000384,CASE_000384,ACC_000775,ATM_000178,2025-12-21 10:23:36.906199672,3584.69,22.6681438064313,75.89798883939375,3.634,2.834,1,1
WD_000385,CASE_000385,ACC_000659,ATM_000161,2025-05-20 04:28:12.316338518,1701.52,19.06714542643581,72.87550863111355,1.763,1.197,1,1
WD_000386,CASE_000386,ACC_001625,ATM_000004,2024-12-09 22:27:15.640360486,10360.09,13.072762724653366,80.26387571924367,3.161,1.653,1,1
WD_000387,CASE_000387,ACC_001308,ATM_000211,2024-05-12 22:14:18.789344703,12338.06,13.050644787167151,80.21887814339456,4.222,2.612,1,1
WD_000388,CASE_000388,ACC_001335,ATM_000167,2026-06-27 23:26:36.727613495,10816.66,23.10143671627846,72.54542993473302,1.921,0.486,1,1
WD_000389,CASE_000389,ACC_000023,ATM_000131,2025-07-17 09:02:13.121096817,2686.86,19.01179633696639,73.10507488756701,9.388,7.769,1,1
WD_000390,CASE_000390,ACC_001592,ATM_000355,2025-02-05 00:30:23.476234351,2171.64,28.541697633686937,77.19124389403521,17.853,16.548,1,1
WD_000391,CASE_000391,ACC_000267,ATM_000167,2024-12-04 03:20:14.756492990,29091.24,23.10143671627846,72.54542993473302,1.005,0.321,1,1
WD_000392,CASE_000392,ACC_000775,ATM_000297,2026-04-05 12:39:06.682373744,6076.94,22.735203387378554,75.94304101477319,9.81,8.985,1,1
WD_000393,CASE_000393,ACC_001046,ATM_000021,2026-01-18 11:04:11.568732718,2096.25,22.64000361220316,88.38788148097339,8.532,7.345,1,1
WD_000394,CASE_000394,ACC_001114,ATM_000178,2026-01-09 01:29:21.235447721,2282.6,22.6681438064313,75.89798883939375,1.723,0.204,1,1
WD_000395,CASE_000395,ACC_000023,ATM_000006,2025-07-15 18:29:23.869083365,53418.19,22.778458741462313,75.93860984345183,9.927,8.065,1,0
WD_000396,CASE_000396,ACC_001267,ATM_000178,2026-03-20 04:29:00.977895979,19075.34,22.6681438064313,75.89798883939375,6.201,5.172,1,1
WD_000397,CASE_000397,ACC_001647,ATM_000346,2024-09-29 23:30:28.667022899,15800.97,22.549604170475213,88.41551566084136,8.086,7.089,1,1
WD_000398,CASE_000398,ACC_001288,ATM_000033,2025-10-03 16:40:25.150546131,4081.36,21.085827579273364,79.13732727685856,14.843,14.272,1,1
WD_000399,CASE_000399,ACC_001625,ATM_000223,2025-01-04 00:41:31.683393877,1349.56,13.189103767144722,80.26507209306659,13.847,11.658,1,1
WD_000400,CASE_000400,ACC_001288,ATM_000223,2025-06-30 23:54:29.708005928,21521.23,13.189103767144722,80.26507209306659,9.534,8.138,1,1
WD_000401,CASE_000401,ACC_000659,ATM_000269,2026-06-28 09:55:12.019619394,12895.38,19.107698538950824,72.88263004250993,2.303,0.611,1,1
WD_000402,CASE_000402,ACC_001133,ATM_000035,2026-06-17 03:22:16.999851776,1561.15,12.970941707796804,77.59019717267921,29.722,27.463,1,0
WD_000403,CASE_000403,ACC_000659,ATM_000164,2025-04-12 02:08:04.895896410,28580.63,19.124536092974644,72.92948649943835,2.233,1.339,1,1
WD_000404,CASE_000404,ACC_001625,ATM_000118,2025-06-07 03:21:59.911548128,5309.16,13.134732197921853,80.33347937040632,8.416,7.053,1,1
WD_000405,CASE_000405,ACC_000652,ATM_000026,2026-03-28 19:43:11.151847758,13960.33,19.119083215737124,73.0401359973329,8.677,5.461,1,1
WD_000406,CASE_000406,ACC_000023,ATM_000006,2026-06-17 04:31:11.334235884,12951.58,22.778458741462313,75.93860984345183,6.581,5.066,1,1
WD_000407,CASE_000407,ACC_001300,ATM_000108,2025-12-10 22:17:22.037106305,1677.41,18.589901303342067,73.91787562266242,14.808,14.148,1,1
WD_000408,CASE_000408,ACC_000836,ATM_000282,2024-02-29 10:52:46.711298433,2623.49,19.051630192585513,73.01765242288891,1.687,0.586,1,0
WD_000409,CASE_000409,ACC_000023,ATM_000199,2024-10-21 06:15:52.992984853,19957.02,19.139049059135743,73.02502301321114,8.07,7.266,1,1
WD_000410,CASE_000410,ACC_001625,ATM_000375,2026-03-28 01:33:38.474006072,147441.38,19.21778759363977,72.97808574954735,7.122,3.335,1,1
WD_000411,CASE_000411,ACC_000093,ATM_000287,2025-12-01 01:11:53.373695442,1727.88,19.080182299796885,72.82981670403878,1.939,1.068,1,1
WD_000412,CASE_000412,ACC_000190,ATM_000116,2025-11-07 10:47:25.144133603,37708.58,26.930292496888846,75.78119583030755,6.606,5.908,1,1
WD_000413,CASE_000413,ACC_000767,ATM_000223,2025-08-31 20:54:43.278708184,10076.42,13.189103767144722,80.26507209306659,9.439,8.146,1,1
WD_000414,CASE_000414,ACC_000093,ATM_000223,2025-01-13 19:26:41.053482204,781.66,13.189103767144722,80.26507209306659,12.116,8.757,1,1
WD_000415,CASE_000415,ACC_001690,ATM_000366,2025-01-02 18:17:09.289327624,6097.34,28.61454197180099,77.2081250301855,9.818,8.144,1,1
WD_000416,CASE_000416,ACC_000767,ATM_000182,2026-01-07 06:34:07.378210214,3217.47,26.936306907927246,75.72871603602272,8.069,6.486,1,1
WD_000417,CASE_000417,ACC_001647,ATM_000180,2024-09-24 19:01:09.696220405,5650.01,22.586746422822937,88.40071491243924,3.807,3.102,1,1
WD_000418,CASE_000418,ACC_001350,ATM_000351,2025-09-16 01:51:39.539493548,7027.66,17.40240283904891,78.50987960505167,4.697,4.039,1,1
WD_000419,CASE_000419,ACC_000011,ATM_000108,2025-10-23 20:22:48.919094628,23278.36,18.589901303342067,73.91787562266242,6.557,5.717,1,1
WD_000420,CASE_000420,ACC_001046,ATM_000334,2026-02-09 02:07:48.728295678,9450.44,26.9066317936065,75.74113436075218,16.758,15.743,1,1
WD_000421,CASE_000421,ACC_001238,ATM_000330,2024-10-18 14:23:47.895263079,2849.17,20.053223544411868,73.78683249358077,4.418,3.222,1,1
WD_000422,CASE_000422,ACC_000480,ATM_000386,2025-11-07 03:07:19.369391425,14742.63,22.7369288913546,75.81971944977604,6.455,5.784,1,1
WD_000423,CASE_000423,ACC_001625,ATM_000155,2024-04-07 07:26:38.429576831,4596.42,19.080488176870666,72.87582040913196,7.149,6.215,1,1
WD_000424,CASE_000424,ACC_000819,ATM_000170,2024-05-05 20:33:37.812590107,12487.14,21.185514188320827,72.89145417459305,1.979,1.112,1,1
WD_000425,CASE_000425,ACC_001238,ATM_000244,2025-01-15 08:07:39.495395343,20097.4,12.958407667174459,77.57238012769452,3.492,2.938,1,1
WD_000426,CASE_000426,ACC_001296,ATM_000238,2024-02-20 22:43:05.415031289,3807.12,22.507977612888034,88.40945837621726,15.262,14.517,1,1
WD_000427,CASE_000427,ACC_001050,ATM_000384,2026-05-13 12:25:51.455887264,1412.53,13.000743516487171,77.65449161142344,3.955,3.096,1,1
WD_000428,CASE_000428,ACC_001335,ATM_000194,2026-04-01 15:38:35.903771956,10302.11,23.03781946874166,72.6397004783593,0.593,0.1,1,1
WD_000429,CASE_000429,ACC_000480,ATM_000102,2024-02-14 18:45:32.838968507,17400.24,13.077019595578525,80.36890787939947,4.873,3.135,1,1
WD_000430,CASE_000430,ACC_001300,ATM_000108,2026-02-02 18:19:49.733790070,17317.54,18.589901303342067,73.91787562266242,1.483,1.148,1,1
WD_000431,CASE_000431,ACC_000091,ATM_000283,2025-04-08 16:22:13.979155715,55232.26,18.522095770853554,73.8557727812762,2.346,0.922,1,1
WD_000432,CASE_000432,ACC_001647,ATM_000380,2025-10-01 14:31:54.957729564,154785.24,22.59651120195155,88.46065298871946,2.815,1.857,1,1
WD_000433,CASE_000433,ACC_001308,ATM_000399,2026-03-19 06:48:08.367375160,7694.31,28.59484071879401,77.29562609817984,6.939,5.763,1,1
WD_000434,CASE_000434,ACC_001507,ATM_000327,2025-06-10 06:13:24.182201286,13230.66,22.99589851238561,72.57126086103086,15.253,13.515,1,1
WD_000435,CASE_000435,ACC_000480,ATM_000386,2024-04-16 04:30:22.702632111,2164.95,22.7369288913546,75.81971944977604,5.131,3.893,1,1
WD_000436,CASE_000436,ACC_001300,ATM_000108,2024-01-03 15:39:15.512164451,7880.1,18.589901303342067,73.91787562266242,7.276,6.106,1,1
WD_000437,CASE_000437,ACC_001335,ATM_000291,2025-03-28 19:14:49.680598108,5787.8,23.024387860325554,72.60476029315736,2.555,1.721,1,1
WD_000438,CASE_000438,ACC_000775,ATM_000297,2026-05-15 00:02:06.013826555,5068.13,22.735203387378554,75.94304101477319,6.024,4.646,1,1
WD_000439,CASE_000439,ACC_001350,ATM_000014,2025-06-06 00:03:02.459228099,184955.47,22.93891637098737,72.51796872006797,8.246,7.157,1,1
WD_000440,CASE_000440,ACC_001296,ATM_000054,2024-12-06 11:26:58.761345951,20244.09,13.098663542145438,80.2606685689505,17.508,16.297,1,1
WD_000441,CASE_000441,ACC_000533,ATM_000295,2024-01-29 08:37:22.881348286,3462.74,22.93821234751503,72.51648916351694,4.544,2.527,1,1
WD_000442,CASE_000442,ACC_000480,ATM_000317,2026-04-13 16:46:58.573705985,8837.61,28.65322568764463,77.26178362583438,3.673,2.619,1,1
WD_000443,CASE_000443,ACC_001768,ATM_000094,2024-10-25 13:11:34.656559815,3408.26,28.64169165059887,77.23167573592822,12.24,11.857,1,1
WD_000444,CASE_000444,ACC_001300,ATM_000146,2025-10-04 08:20:06.623373493,1781.61,18.521843319164628,73.90778304556412,7.082,5.32,1,1
WD_000445,CASE_000445,ACC_000366,ATM_000224,2025-09-24 15:39:21.723024707,26824.87,21.120908593065135,72.82052917115357,4.854,0.884,1,1
WD_000446,CASE_000446,ACC_001335,ATM_000194,2024-08-19 12:51:47.241223612,10239.86,23.03781946874166,72.6397004783593,5.962,4.367,1,1
WD_000447,CASE_000447,ACC_000404,ATM_000074,2024-02-28 03:26:55.885185649,14315.65,18.510012076811666,73.8673639449096,1.017,0.407,1,1
WD_000448,CASE_000448,ACC_000775,ATM_000099,2024-12-17 03:13:07.860731427,13193.34,19.091312358228304,72.91564084956053,9.571,8.587,1,1
WD_000449,CASE_000449,ACC_000011,ATM_000313,2024-10-16 04:19:07.683762954,6391.59,18.456075024739004,73.79326097893265,6.566,4.815,1,1
WD_000450,CASE_000450,ACC_000287,ATM_000003,2025-09-30 00:50:43.224766427,39507.54,26.977487381625732,75.7269303823776,2.439,1.342,1,1
WD_000451,CASE_000451,ACC_001288,ATM_000312,2026-01-16 21:36:51.802573400,7032.46,28.54938317025352,77.24773501194764,1.89,0.49,1,1
WD_000452,CASE_000452,ACC_000445,ATM_000007,2024-07-22 07:18:39.041578776,153.13,22.561858355993618,88.33276292163383,15.764,15.062,1,1
WD_000453,CASE_000453,ACC_001288,ATM_000118,2025-04-26 12:16:38.567565719,200910.35,13.134732197921853,80.33347937040632,7.033,5.755,1,1
WD_000454,CASE_000454,ACC_001308,ATM_000147,2024-02-07 07:29:56.122487000,2662.21,21.13530887191366,79.0441079144747,7.638,6.366,1,1
WD_000455,CASE_000455,ACC_001350,ATM_000007,2024-07-14 11:16:29.245116061,17913.22,22.561858355993618,88.33276292163383,6.785,5.808,1,1
WD_000456,CASE_000456,ACC_000659,ATM_000176,2025-11-25 04:06:59.162498293,15639.39,19.033545538500235,72.84141876415256,4.961,2.101,1,1
WD_000457,CASE_000457,ACC_000819,ATM_000087,2025-12-23 22:53:25.795903868,26300.72,13.04237547348726,80.30318609124991,4.03,2.566,1,1
WD_000458,CASE_000458,ACC_000652,ATM_000164,2025-12-08 09:01:51.511925363,12669.43,19.124536092974644,72.92948649943835,1.724,0.86,1,1
WD_000459,CASE_000459,ACC_000819,ATM_000035,2024-05-10 06:16:49.984108726,7418.0,12.970941707796804,77.59019717267921,13.111,10.358,1,1
WD_000460,CASE_000460,ACC_000404,ATM_000357,2025-05-17 01:49:39.990478805,1047.13,22.606405074960566,88.37651323932268,2.004,0.751,1,1
WD_000461,CASE_000461,ACC_000052,ATM_000173,2025-01-20 03:03:47.420827952,4861.48,18.558664336758845,73.89409880578008,0.966,0.442,1,1
WD_000462,CASE_000462,ACC_001768,ATM_000079,2026-06-22 14:40:34.511668696,27417.88,12.91839194471208,77.55015252867156,8.82,8.05,1,1
WD_000463,CASE_000463,ACC_001709,ATM_000147,2025-08-18 23:24:22.074036668,1795.96,21.13530887191366,79.0441079144747,2.823,0.763,1,1
WD_000464,CASE_000464,ACC_001507,ATM_000180,2026-05-02 11:38:17.746508397,2816.58,22.586746422822937,88.40071491243924,12.38,11.874,1,1
WD_000465,CASE_000465,ACC_000023,ATM_000386,2024-05-12 13:21:26.016966984,69603.96,22.7369288913546,75.81971944977604,3.418,2.678,1,1
WD_000466,CASE_000466,ACC_001293,ATM_000244,2025-02-14 19:37:31.680128865,2535.07,12.958407667174459,77.57238012769452,1.732,0.812,1,1
WD_000467,CASE_000467,ACC_000767,ATM_000094,2025-12-04 00:03:24.933723316,2529.29,28.64169165059887,77.23167573592822,1.628,1.008,1,1
WD_000468,CASE_000468,ACC_000404,ATM_000161,2024-12-01 03:41:43.596303966,3881.43,19.06714542643581,72.87550863111355,0.854,0.225,1,1
WD_000469,CASE_000469,ACC_000404,ATM_000125,2025-07-30 06:39:58.690817109,4115.28,19.082563965212646,72.88949657268364,1.501,0.902,1,1
WD_000470,CASE_000470,ACC_000467,ATM_000223,2025-04-11 19:29:27.270284336,502.65,13.189103767144722,80.26507209306659,15.635,14.257,1,1
WD_000471,CASE_000471,ACC_000052,ATM_000329,2026-06-22 17:14:57.884830520,9059.44,17.35675588217431,78.44448379343599,1.705,0.903,1,1
WD_000472,CASE_000472,ACC_000267,ATM_000295,2024-06-07 12:05:52.832412823,26573.24,22.93821234751503,72.51648916351694,2.549,0.455,1,1
WD_000473,CASE_000473,ACC_000480,ATM_000271,2026-05-02 11:14:39.609397993,6082.25,19.08646623215896,72.86664059449174,8.78,7.129,1,0
WD_000474,CASE_000474,ACC_000775,ATM_000386,2024-12-31 22:35:12.378514587,63479.83,22.7369288913546,75.81971944977604,2.639,2.124,1,1
WD_000475,CASE_000475,ACC_000404,ATM_000176,2025-03-02 08:56:36.437618603,34696.72,19.033545538500235,72.84141876415256,0.745,0.216,1,1
WD_000476,CASE_000476,ACC_000267,ATM_000151,2025-04-26 15:18:01.627975768,12475.62,22.9727121741609,72.56078065791901,1.949,0.49,1,0
WD_000477,CASE_000477,ACC_000366,ATM_000157,2024-08-29 19:40:10.211600066,5813.1,18.525800872314733,73.82389227783078,1.695,0.459,1,1
WD_000478,CASE_000478,ACC_001592,ATM_000220,2026-05-28 05:54:19.346128966,6236.51,28.60969312785745,77.21056930146217,8.499,4.725,1,1
WD_000479,CASE_000479,ACC_000775,ATM_000079,2026-04-10 14:18:46.602292027,2971.0,12.91839194471208,77.55015252867156,5.557,4.039,1,0
WD_000480,CASE_000480,ACC_000659,ATM_000269,2026-06-05 12:53:07.068555708,4676.16,19.107698538950824,72.88263004250993,5.288,5.02,1,1
WD_000481,CASE_000481,ACC_000524,ATM_000029,2026-06-27 09:55:50.674204161,10059.51,19.222644376367352,72.9734345140488,5.281,0.235,1,1
WD_000482,CASE_000482,ACC_000139,ATM_000060,2025-09-02 15:20:10.466125945,35174.15,19.00759210751052,72.86992999783358,10.827,10.106,1,1
WD_000483,CASE_000483,ACC_001507,ATM_000354,2025-02-15 18:59:50.956630752,9552.54,17.414555516598405,78.53137541700366,7.346,5.346,1,1
WD_000484,CASE_000484,ACC_001300,ATM_000108,2026-02-14 05:28:43.825378186,9994.69,18.589901303342067,73.91787562266242,5.033,4.484,1,1
WD_000485,CASE_000485,ACC_000267,ATM_000324,2024-01-22 18:44:09.260542805,14833.71,13.017916186976068,77.68987980350212,2.266,0.663,1,1
WD_000486,CASE_000486,ACC_000533,ATM_000295,2026-01-30 05:41:30.822195348,20446.88,22.93821234751503,72.51648916351694,2.282,1.198,1,1
WD_000487,CASE_000487,ACC_000404,ATM_000161,2025-03-29 03:50:43.855054559,12631.0,19.06714542643581,72.87550863111355,3.184,1.972,1,0
WD_000488,CASE_000488,ACC_001350,ATM_000046,2025-09-05 10:57:27.242527489,11098.98,23.081528414336862,72.51810777211162,3.675,3.222,1,1
WD_000489,CASE_000489,ACC_000267,ATM_000364,2024-12-06 21:10:57.861635811,2025.87,19.083361829636065,72.89145701439439,3.04,2.085,1,1
WD_000490,CASE_000490,ACC_000533,ATM_000235,2024-12-02 00:21:13.216999146,2995.97,26.84209769237251,80.94906536069078,4.777,3.72,1,1
WD_000491,CASE_000491,ACC_001046,ATM_000341,2024-01-30 20:20:47.172023585,3199.31,19.21819144879545,72.97825144248796,22.883,21.235,1,1
WD_000492,CASE_000492,ACC_000775,ATM_000297,2025-01-21 05:32:46.349407582,16688.72,22.735203387378554,75.94304101477319,3.814,2.858,1,1
WD_000493,CASE_000493,ACC_000775,ATM_000006,2025-01-07 04:23:49.282024103,9768.3,22.778458741462313,75.93860984345183,4.141,2.719,1,1
WD_000494,CASE_000494,ACC_000659,ATM_000344,2024-07-23 22:15:34.595110631,1184.83,17.385057689163343,78.48657407288304,3.427,2.004,1,1
WD_000495,CASE_000495,ACC_001335,ATM_000151,2024-08-13 07:59:26.856696457,4490.28,22.9727121741609,72.56078065791901,0.515,0.1,1,1
WD_000496,CASE_000496,ACC_001150,ATM_000192,2025-06-16 20:14:18.539508600,8401.18,18.520655306596943,73.80559935559889,16.611,15.207,1,1
WD_000497,CASE_000497,ACC_000139,ATM_000006,2024-10-16 16:04:00.882343669,4116.24,22.778458741462313,75.93860984345183,4.312,3.48,1,1
WD_000498,CASE_000498,ACC_001288,ATM_000118,2026-01-27 07:40:11.330521878,40269.35,13.134732197921853,80.33347937040632,23.042,21.706,1,1
WD_000499,CASE_000499,ACC_000480,ATM_000178,2024-04-11 15:33:25.676678365,4197.16,22.6681438064313,75.89798883939375,4.233,2.812,1,1
WD_000500,CASE_000500,ACC_000709,ATM_000307,2025-06-10 23:13:35.165466185,5425.76,28.677872510757314,77.27382117966692,17.597,16.765,1,1
WD_000501,CASE_000501,ACC_001308,ATM_000094,2024-05-26 14:57:55.467269114,4924.93,28.64169165059887,77.23167573592822,19.747,19.218,1,1
WD_000502,CASE_000502,ACC_000467,ATM_000118,2025-04-26 10:35:12.916079999,8722.06,13.134732197921853,80.33347937040632,5.134,3.612,1,1
WD_000503,CASE_000503,ACC_000932,ATM_000195,2025-05-18 19:05:12.060717716,5484.32,19.21900180027548,72.97771412622745,10.223,9.117,1,1
WD_000504,CASE_000504,ACC_000480,ATM_000178,2025-08-08 09:54:51.406266008,3910.35,22.6681438064313,75.89798883939375,6.718,5.775,1,1
WD_000505,CASE_000505,ACC_000767,ATM_000011,2025-01-24 15:26:56.143063754,13038.74,28.68584310331269,77.21106403513465,6.23,5.803,1,1
WD_000506,CASE_000506,ACC_000366,ATM_000135,2025-04-09 06:10:17.538841092,3168.79,17.385162348910296,78.48549670598813,3.017,1.15,1,1
WD_000507,CASE_000507,ACC_000533,ATM_000137,2024-06-14 01:57:18.315160558,397.3,21.223179555604478,72.80923885411525,5.607,4.03,1,1
WD_000508,CASE_000508,ACC_000093,ATM_000333,2025-02-26 05:44:06.016952857,777.02,13.092670157524704,80.27767499995733,10.367,9.152,1,1
WD_000509,CASE_000509,ACC_001768,ATM_000087,2024-12-06 03:44:09.127949328,6643.7,13.04237547348726,80.30318609124991,7.799,6.872,1,0
WD_000510,CASE_000510,ACC_001558,ATM_000359,2025-08-31 03:47:49.103263168,2864.13,12.966764028192289,77.59669894328123,31.507,30.0,1,1
WD_000511,CASE_000511,ACC_000819,ATM_000156,2025-01-31 06:02:56.950558948,2519.21,13.101891989694947,80.25397609097955,3.107,1.133,1,1
WD_000512,CASE_000512,ACC_001300,ATM_000108,2025-12-11 05:54:54.423130062,21844.79,18.589901303342067,73.91787562266242,6.389,5.775,1,0
WD_000513,CASE_000513,ACC_000880,ATM_000273,2025-01-23 03:12:23.775031532,1235.54,18.9747741925689,72.91706664148816,1.315,0.434,1,1
WD_000514,CASE_000514,ACC_000139,ATM_000326,2024-08-03 07:24:55.071204199,7073.13,13.07849561142994,80.26923169793007,12.514,10.096,1,1
WD_000515,CASE_000515,ACC_000052,ATM_000378,2024-09-06 11:54:07.524511531,37794.14,28.602026069778045,77.22378910447576,3.972,3.467,1,1
WD_000516,CASE_000516,ACC_000775,ATM_000297,2024-02-11 10:49:33.417932726,15335.83,22.735203387378554,75.94304101477319,4.71,3.572,1,1
WD_000517,CASE_000517,ACC_000287,ATM_000190,2025-05-06 21:50:44.081831099,5044.95,18.521139899391553,73.85397954333075,1.061,0.19,1,1
WD_000518,CASE_000518,ACC_001350,ATM_000046,2026-01-27 02:39:09.549453962,9725.23,23.081528414336862,72.51810777211162,4.273,3.053,1,1
WD_000519,CASE_000519,ACC_000533,ATM_000194,2025-12-01 17:54:10.103371057,5619.74,23.03781946874166,72.6397004783593,2.044,0.217,1,1
WD_000520,CASE_000520,ACC_001349,ATM_000140,2025-02-02 22:02:41.016445989,13192.52,19.149011924286693,72.93412246935895,2.216,0.853,1,1
WD_000521,CASE_000521,ACC_000480,ATM_000006,2024-06-27 23:12:32.171353227,1400.73,22.778458741462313,75.93860984345183,7.233,6.508,1,0
WD_000522,CASE_000522,ACC_001365,ATM_000197,2026-02-25 21:42:53.596340879,5301.3,17.336191471028762,78.42565075644137,6.491,3.661,1,1
WD_000523,CASE_000523,ACC_001350,ATM_000266,2024-02-21 21:34:07.048307173,865.24,19.295011560360354,72.96582279328184,4.108,2.55,1,1
WD_000524,CASE_000524,ACC_000023,ATM_000186,2024-12-30 00:43:17.283444218,2797.02,13.14259936414573,80.23722682211573,8.116,6.957,1,1
WD_000525,CASE_000525,ACC_000467,ATM_000223,2026-02-19 13:14:03.614184353,926.01,13.189103767144722,80.26507209306659,4.201,2.643,1,1
WD_000526,CASE_000526,ACC_000932,ATM_000336,2024-12-24 09:09:02.731694650,6258.44,17.35358213323187,78.55861569653,4.736,4.079,1,0
WD_000527,CASE_000527,ACC_000093,ATM_000186,2024-04-17 17:05:00.345965915,2004.23,13.14259936414573,80.23722682211573,7.854,6.831,1,1
WD_000528,CASE_000528,ACC_000659,ATM_000125,2024-08-30 11:46:34.069235820,12100.58,19.082563965212646,72.88949657268364,5.056,3.042,1,1
WD_000529,CASE_000529,ACC_000139,ATM_000047,2025-07-01 04:56:52.811429966,6418.68,28.530165832142718,77.28298021687472,13.904,13.134,1,1
WD_000530,CASE_000530,ACC_001288,ATM_000118,2024-05-18 20:12:07.536945413,3317.13,13.134732197921853,80.33347937040632,8.089,6.18,1,1
WD_000531,CASE_000531,ACC_001050,ATM_000355,2025-08-19 22:03:00.742122869,1359.15,28.541697633686937,77.19124389403521,6.544,5.491,1,1
WD_000532,CASE_000532,ACC_001592,ATM_000284,2025-02-04 10:42:01.828091577,10179.96,18.547515296326686,73.81365300828696,30.728,29.121,1,1
WD_000533,CASE_000533,ACC_001308,ATM_000356,2024-10-31 23:02:19.429501580,2016.25,12.994088595745303,77.60502311695032,7.947,6.272,1,1
WD_000534,CASE_000534,ACC_001335,ATM_000167,2024-08-07 13:04:32.576729646,2943.9,23.10143671627846,72.54542993473302,1.481,0.567,1,1
WD_000535,CASE_000535,ACC_000267,ATM_000264,2026-01-20 05:45:21.860487528,281697.55,19.21183617215474,72.97121343647044,4.469,3.746,1,1
WD_000536,CASE_000536,ACC_000659,ATM_000269,2024-12-27 10:47:26.635179203,9920.77,19.107698538950824,72.88263004250993,1.912,0.791,1,1
WD_000537,CASE_000537,ACC_001507,ATM_000117,2025-11-03 23:34:01.844416722,4496.4,22.60313735155465,88.37992691168564,5.457,4.695,1,1
WD_000538,CASE_000538,ACC_000366,ATM_000291,2025-02-05 04:35:50.329044252,459579.6,23.024387860325554,72.60476029315736,0.671,0.222,1,1
WD_000539,CASE_000539,ACC_000659,ATM_000269,2024-03-24 19:51:14.654531052,4506.25,19.107698538950824,72.88263004250993,3.27,1.968,1,1
WD_000540,CASE_000540,ACC_000052,ATM_000194,2025-02-05 16:24:02.698118523,21634.74,23.03781946874166,72.6397004783593,9.178,8.747,1,1
WD_000541,CASE_000541,ACC_001296,ATM_000010,2025-04-07 18:23:25.871127920,601.31,28.72176710087986,77.2026438997545,6.305,5.742,1,1
WD_000542,CASE_000542,ACC_000011,ATM_000027,2025-02-21 13:43:24.546202947,3402.78,12.95033523534078,77.57962653879115,11.462,9.067,1,0
WD_000543,CASE_000543,ACC_000533,ATM_000236,2026-01-13 20:30:32.011248517,313.41,23.01538106117906,72.56115543766649,6.2,4.27,1,1
WD_000544,CASE_000544,ACC_001768,ATM_000055,2026-04-10 01:11:43.098951109,21748.67,13.085036148706607,80.28059344946895,6.341,4.973,1,1
WD_000545,CASE_000545,ACC_001709,ATM_000044,2025-12-17 20:40:02.882526768,5485.7,19.980024097785513,73.8019390219631,2.539,0.836,1,1
WD_000546,CASE_000546,ACC_000093,ATM_000082,2025-06-15 00:34:14.651304898,4109.7,28.59502131661763,77.19300617227998,2.627,1.51,1,1
WD_000547,CASE_000547,ACC_001768,ATM_000156,2025-05-08 17:14:03.579800351,15682.9,13.101891989694947,80.25397609097955,10.972,10.283,1,1
WD_000548,CASE_000548,ACC_000093,ATM_000080,2025-08-10 10:30:28.604807069,3228.13,22.53372082262308,88.34041075311443,4.623,2.058,1,1
WD_000549,CASE_000549,ACC_001300,ATM_000108,2024-09-19 15:46:57.765334665,7539.9,18.589901303342067,73.91787562266242,10.661,9.512,1,1
WD_000550,CASE_000550,ACC_001300,ATM_000313,2026-01-09 20:42:39.948433885,19293.36,18.456075024739004,73.79326097893265,6.492,4.201,1,1
WD_000551,CASE_000551,ACC_000052,ATM_000128,2026-02-19 22:17:54.530745735,1414.74,19.282608972898892,72.88671749392927,8.17,6.041,1,1
WD_000552,CASE_000552,ACC_000533,ATM_000025,2024-08-31 11:53:34.615542397,1845.59,22.606385073565644,88.30312347833534,1.457,0.301,1,1
WD_000553,CASE_000553,ACC_000267,ATM_000305,2026-04-02 14:09:17.141130420,6697.32,26.932165373579654,75.8135284411878,2.937,1.312,1,1
WD_000554,CASE_000554,ACC_000052,ATM_000101,2026-02-12 06:44:28.459567144,11127.14,26.768619192173965,80.96379808067807,2.049,1.102,1,1
WD_000555,CASE_000555,ACC_001625,ATM_000004,2025-01-21 22:44:35.641840843,22637.33,13.072762724653366,80.26387571924367,5.765,3.523,1,1
WD_000556,CASE_000556,ACC_001050,ATM_000022,2026-04-08 05:34:00.836566478,1975.73,21.142560585113028,79.08585332554065,3.186,2.106,1,1
WD_000557,CASE_000557,ACC_000659,ATM_000389,2024-04-19 19:31:30.029780915,4005.73,19.132232363015927,72.94710985739454,2.247,1.389,1,1
WD_000558,CASE_000558,ACC_000467,ATM_000333,2024-01-26 18:30:30.668274564,2123.89,13.092670157524704,80.27767499995733,6.61,5.529,1,1
WD_000559,CASE_000559,ACC_000480,ATM_000178,2024-11-13 13:40:47.966109054,10674.7,22.6681438064313,75.89798883939375,15.92,13.456,1,1
WD_000560,CASE_000560,ACC_000467,ATM_000235,2025-05-30 14:11:32.793542301,4659.47,26.84209769237251,80.94906536069078,11.506,10.091,1,1
WD_000561,CASE_000561,ACC_000267,ATM_000139,2024-11-16 07:56:25.787086717,8471.11,22.586849274333396,88.3521034778392,3.999,2.156,1,0
WD_000562,CASE_000562,ACC_001050,ATM_000137,2026-05-08 17:31:37.585450679,8702.21,21.223179555604478,72.80923885411525,12.158,9.382,1,1
WD_000563,CASE_000563,ACC_001296,ATM_000029,2024-08-20 11:45:26.488914331,5238.2,19.222644376367352,72.9734345140488,10.773,9.621,1,0
WD_000564,CASE_000564,ACC_000659,ATM_000051,2024-09-13 06:19:33.917355280,2034.83,19.03498986988828,73.03406186976342,1.876,0.953,1,1
WD_000565,CASE_000565,ACC_000093,ATM_000004,2025-08-01 11:24:55.749808233,3485.64,13.072762724653366,80.26387571924367,3.545,1.733,1,1
WD_000566,CASE_000566,ACC_001117,ATM_000228,2024-01-04 14:37:06.088365343,21188.08,12.965478498822426,77.60160591219447,2.138,1.338,1,1
WD_000567,CASE_000567,ACC_000052,ATM_000022,2025-10-24 23:44:16.103063360,320.71,21.142560585113028,79.08585332554065,4.43,3.658,1,1
WD_000568,CASE_000568,ACC_000404,ATM_000068,2024-12-09 23:32:17.194334535,11557.3,20.02776437261695,73.68649367415586,2.545,1.707,1,1
WD_000569,CASE_000569,ACC_001625,ATM_000197,2026-06-09 21:08:37.419049919,3190.25,17.336191471028762,78.42565075644137,3.664,1.998,1,1
WD_000570,CASE_000570,ACC_001308,ATM_000282,2025-09-22 03:55:23.885354100,16103.73,19.051630192585513,73.01765242288891,6.769,5.557,1,1
WD_000571,CASE_000571,ACC_000775,ATM_000169,2024-02-18 00:04:21.763995610,3151.14,21.108460788270737,79.07395210235893,10.445,8.501,1,1
WD_000572,CASE_000572,ACC_000287,ATM_000194,2024-03-25 13:47:57.658956730,6919.08,23.03781946874166,72.6397004783593,4.585,2.174,1,1
WD_000573,CASE_000573,ACC_001690,ATM_000207,2024-03-22 00:21:32.316586532,7694.96,19.300937050726734,72.93130679628723,16.651,15.639,1,1
WD_000574,CASE_000574,ACC_000052,ATM_000296,2026-05-18 00:12:16.704115969,12989.85,26.798367487152287,80.98058649230224,4.072,3.08,1,1
WD_000575,CASE_000575,ACC_000052,ATM_000046,2025-09-15 07:45:07.707322088,14986.7,23.081528414336862,72.51810777211162,3.649,2.337,1,1
WD_000576,CASE_000576,ACC_000480,ATM_000178,2025-01-24 18:13:53.262254813,12034.62,22.6681438064313,75.89798883939375,5.054,3.037,1,1
WD_000577,CASE_000577,ACC_000694,ATM_000400,2024-07-01 16:55:06.264020084,12712.64,28.60656436145671,77.12220082563526,1.565,0.176,1,1
WD_000578,CASE_000578,ACC_001647,ATM_000106,2026-03-07 01:08:39.511993069,2530.49,13.032986407125769,80.19806118233626,3.885,3.26,1,1
WD_000579,CASE_000579,ACC_000480,ATM_000298,2024-07-02 18:52:09.752655832,1288.2,23.048251909433514,72.50790014305613,4.051,1.916,1,1
WD_000580,CASE_000580,ACC_001647,ATM_000003,2025-10-06 00:32:33.024016818,597.46,26.977487381625732,75.7269303823776,5.708,3.734,1,1
WD_000581,CASE_000581,ACC_001335,ATM_000343,2025-11-26 12:21:33.521331759,4112.65,23.068518809346262,72.48325002482707,3.035,1.159,1,1
WD_000582,CASE_000582,ACC_000378,ATM_000228,2024-09-26 03:41:24.931057620,19334.28,12.965478498822426,77.60160591219447,17.33,15.977,1,1
WD_000583,CASE_000583,ACC_000287,ATM_000167,2025-04-05 05:21:02.377046883,831.81,23.10143671627846,72.54542993473302,5.895,3.642,1,1
WD_000584,CASE_000584,ACC_000659,ATM_000135,2024-07-22 05:08:43.538028717,15489.82,17.385162348910296,78.48549670598813,1.708,0.489,1,1
WD_000585,CASE_000585,ACC_000093,ATM_000249,2024-12-11 13:08:21.294256724,40657.29,28.66079544759772,77.14494487184595,8.221,6.286,1,1
WD_000586,CASE_000586,ACC_000366,ATM_000192,2026-05-29 13:37:30.512001144,13166.37,18.520655306596943,73.80559935559889,7.927,4.052,1,1
WD_000587,CASE_000587,ACC_000404,ATM_000240,2025-09-23 12:45:59.001311308,5993.27,19.14182262226751,72.94805715683843,1.996,0.657,1,0
WD_000588,CASE_000588,ACC_000267,ATM_000291,2026-02-10 10:35:38.943334131,8195.64,23.024387860325554,72.60476029315736,4.221,2.702,1,1
WD_000589,CASE_000589,ACC_001507,ATM_000031,2025-05-07 15:58:53.393243409,46663.07,22.495626098117945,88.29425663931455,4.312,3.626,1,1
WD_000590,CASE_000590,ACC_001300,ATM_000313,2024-08-05 20:07:35.378954322,8100.84,18.456075024739004,73.79326097893265,1.762,0.946,1,1
WD_000591,CASE_000591,ACC_000659,ATM_000125,2025-10-11 11:30:06.511630722,2630.69,19.082563965212646,72.88949657268364,1.097,0.221,1,1
WD_000592,CASE_000592,ACC_000287,ATM_000327,2025-04-01 04:34:20.392459058,728.33,22.99589851238561,72.57126086103086,4.154,2.655,1,1
WD_000593,CASE_000593,ACC_001350,ATM_000330,2024-06-10 06:59:53.657694791,142049.42,20.053223544411868,73.78683249358077,4.375,3.269,1,1
WD_000594,CASE_000594,ACC_001300,ATM_000146,2025-01-11 04:58:09.831675113,31533.22,18.521843319164628,73.90778304556412,11.602,10.369,1,1
WD_000595,CASE_000595,ACC_001768,ATM_000055,2025-08-01 21:00:49.973262839,3848.42,13.085036148706607,80.28059344946895,12.867,11.876,1,1
WD_000596,CASE_000596,ACC_001288,ATM_000004,2025-11-01 06:38:51.488290962,1838.45,13.072762724653366,80.26387571924367,9.352,7.339,1,1
WD_000597,CASE_000597,ACC_001050,ATM_000178,2024-08-09 18:02:51.823651262,4018.98,22.6681438064313,75.89798883939375,4.268,3.414,1,1
WD_000598,CASE_000598,ACC_000052,ATM_000146,2026-03-09 14:10:34.591738342,27487.63,18.521843319164628,73.90778304556412,13.37,12.801,1,1
WD_000599,CASE_000599,ACC_000467,ATM_000186,2024-12-12 11:45:07.349236968,821.33,13.14259936414573,80.23722682211573,17.247,16.102,1,1
WD_000600,CASE_000600,ACC_001267,ATM_000386,2024-09-04 03:43:07.045804744,1188.74,22.7369288913546,75.81971944977604,3.585,1.89,1,1
WD_000601,CASE_000601,ACC_001625,ATM_000327,2024-06-27 00:56:09.628240866,34802.96,22.99589851238561,72.57126086103086,6.831,6.0,1,1
WD_000602,CASE_000602,ACC_001647,ATM_000380,2026-01-03 00:50:44.782608570,7756.68,22.59651120195155,88.46065298871946,10.444,9.515,1,1
WD_000603,CASE_000603,ACC_001625,ATM_000076,2024-11-18 20:36:50.649192398,10409.72,18.54545811515855,73.83414983848944,5.16,3.967,1,1
WD_000604,CASE_000604,ACC_001349,ATM_000346,2025-03-16 11:46:59.980407387,2685.87,22.549604170475213,88.41551566084136,2.747,1.169,1,1
WD_000605,CASE_000605,ACC_000139,ATM_000259,2024-07-22 05:50:25.395507948,6620.81,19.01439915720663,72.86005389860291,6.108,4.024,1,1
WD_000606,CASE_000606,ACC_000782,ATM_000080,2025-09-18 00:19:35.497841916,989.22,22.53372082262308,88.34041075311443,23.631,22.033,1,0
WD_000607,CASE_000607,ACC_001267,ATM_000178,2025-12-12 17:01:38.669053047,2868.04,22.6681438064313,75.89798883939375,4.513,3.635,1,1
WD_000608,CASE_000608,ACC_000139,ATM_000109,2024-11-05 18:16:16.165507396,4078.34,19.075182285473264,72.93421810074747,13.078,10.792,1,1
WD_000609,CASE_000609,ACC_000533,ATM_000194,2026-05-11 00:31:58.803709993,184.45,23.03781946874166,72.6397004783593,1.317,0.1,1,1
WD_000610,CASE_000610,ACC_001788,ATM_000370,2024-01-29 10:56:56.670024588,2328.62,26.96837587549417,75.82867978776605,13.679,11.599,1,1
WD_000611,CASE_000611,ACC_001647,ATM_000180,2024-05-01 06:09:04.917556419,3979.17,22.586746422822937,88.40071491243924,3.483,2.977,1,1
WD_000612,CASE_000612,ACC_000659,ATM_000305,2025-06-20 14:05:06.749782406,3506.16,26.932165373579654,75.8135284411878,4.846,1.917,1,1
WD_000613,CASE_000613,ACC_001558,ATM_000228,2025-10-02 01:34:42.805512619,8974.02,12.965478498822426,77.60160591219447,26.019,24.969,1,1
WD_000614,CASE_000614,ACC_000782,ATM_000078,2024-08-16 22:38:54.140320459,1294.63,13.054902311175745,80.33221535457712,13.715,11.581,1,1
WD_000615,CASE_000615,ACC_001308,ATM_000192,2025-05-19 19:37:38.071249323,905.45,18.520655306596943,73.80559935559889,1.417,0.994,1,1
WD_000616,CASE_000616,ACC_000404,ATM_000125,2024-10-17 05:26:47.425856424,5684.21,19.082563965212646,72.88949657268364,4.25,3.341,1,1
WD_000617,CASE_000617,ACC_000139,ATM_000082,2025-05-19 21:30:02.040810708,7053.58,28.59502131661763,77.19300617227998,2.893,1.345,1,1
WD_000618,CASE_000618,ACC_000404,ATM_000125,2025-08-23 17:47:34.549147903,1845.33,19.082563965212646,72.88949657268364,2.253,1.7,1,1
WD_000619,CASE_000619,ACC_000404,ATM_000240,2026-06-05 08:59:19.545689665,8376.86,19.14182262226751,72.94805715683843,3.513,2.592,1,1
WD_000620,CASE_000620,ACC_000775,ATM_000178,2025-02-19 12:28:12.745400544,2378.62,22.6681438064313,75.89798883939375,9.114,7.155,1,1
WD_000621,CASE_000621,ACC_000287,ATM_000317,2025-08-13 16:06:03.985756312,2809.59,28.65322568764463,77.26178362583438,3.506,1.209,1,1
WD_000622,CASE_000622,ACC_001505,ATM_000201,2025-06-10 16:39:31.896476844,424.87,22.62034679559839,88.38515202232594,2.409,0.435,1,1
WD_000623,CASE_000623,ACC_001647,ATM_000346,2024-10-16 09:46:23.246193524,10411.72,22.549604170475213,88.41551566084136,2.753,1.756,1,1
WD_000624,CASE_000624,ACC_001350,ATM_000014,2024-08-18 18:26:59.782934680,5102.37,22.93891637098737,72.51796872006797,5.456,4.507,1,1
WD_000625,CASE_000625,ACC_001293,ATM_000106,2026-06-19 00:25:54.205914771,5294.78,13.032986407125769,80.19806118233626,1.626,1.244,1,1
WD_000626,CASE_000626,ACC_001308,ATM_000258,2024-07-07 13:23:24.695456522,787.42,19.0854985144813,72.91038578946552,2.77,1.464,1,1
WD_000627,CASE_000627,ACC_001050,ATM_000178,2025-12-21 00:15:24.827927351,4072.14,22.6681438064313,75.89798883939375,1.678,1.076,1,1
WD_000628,CASE_000628,ACC_000767,ATM_000198,2024-05-13 19:43:14.563702835,47096.8,26.980908442155847,75.78841459480564,6.734,4.075,1,1
WD_000629,CASE_000629,ACC_000267,ATM_000146,2026-01-02 21:18:38.891187645,11191.09,18.521843319164628,73.90778304556412,2.975,1.555,1,1
WD_000630,CASE_000630,ACC_001308,ATM_000334,2024-06-18 07:13:24.071733379,20654.69,26.9066317936065,75.74113436075218,2.457,1.14,1,1
WD_000631,CASE_000631,ACC_000023,ATM_000297,2026-05-31 09:09:18.898336098,6512.82,22.735203387378554,75.94304101477319,7.242,3.009,1,1
WD_000632,CASE_000632,ACC_001647,ATM_000031,2025-09-17 01:21:32.210873884,7661.5,22.495626098117945,88.29425663931455,2.925,2.619,1,1
WD_000633,CASE_000633,ACC_000709,ATM_000228,2024-03-23 18:47:29.928958514,577.51,12.965478498822426,77.60160591219447,16.446,15.239,1,1
WD_000634,CASE_000634,ACC_001293,ATM_000067,2025-09-23 13:33:58.960211600,4292.14,13.018204834127848,77.54074468340339,1.942,1.107,1,1
WD_000635,CASE_000635,ACC_001300,ATM_000313,2025-07-04 03:59:07.529810730,2716.47,18.456075024739004,73.79326097893265,6.421,5.701,1,1
WD_000636,CASE_000636,ACC_001507,ATM_000180,2024-11-03 13:43:50.062306532,17943.18,22.586746422822937,88.40071491243924,1.619,0.581,1,1
WD_000637,CASE_000637,ACC_000011,ATM_000229,2024-08-25 19:22:25.031612647,3089.16,17.380668801573417,78.42393949788111,6.642,5.369,1,1
WD_000638,CASE_000638,ACC_000052,ATM_000112,2025-10-17 03:27:34.490395634,9680.42,19.098053456425703,72.96234821414691,8.474,7.323,1,1
WD_000639,CASE_000639,ACC_000467,ATM_000028,2025-11-06 14:43:22.090914582,5221.13,19.086775723525495,72.97419233300249,5.598,3.158,1,1
WD_000640,CASE_000640,ACC_001629,ATM_000145,2024-10-25 05:20:56.079626789,10552.66,12.9570457342655,77.59946740582812,3.32,0.954,1,1
WD_000641,CASE_000641,ACC_000767,ATM_000010,2026-03-09 14:19:29.857895615,5473.47,28.72176710087986,77.2026438997545,8.495,6.177,1,0
WD_000642,CASE_000642,ACC_000366,ATM_000033,2024-09-01 23:26:31.707215266,14004.18,21.085827579273364,79.13732727685856,1.804,0.382,1,0
WD_000643,CASE_000643,ACC_000287,ATM_000343,2024-03-04 17:09:00.148031845,570.18,23.068518809346262,72.48325002482707,1.634,0.382,1,1
WD_000644,CASE_000644,ACC_001335,ATM_000220,2025-06-30 14:59:11.544707774,636.75,28.60969312785745,77.21056930146217,3.476,2.496,1,1
WD_000645,CASE_000645,ACC_001647,ATM_000278,2024-04-07 15:01:39.008974466,602.42,12.91798904988722,77.59812223480134,2.036,1.368,1,1
WD_000646,CASE_000646,ACC_001625,ATM_000223,2024-09-09 03:45:42.881747579,8296.16,13.189103767144722,80.26507209306659,2.779,1.298,1,1
WD_000647,CASE_000647,ACC_000819,ATM_000288,2025-04-07 04:55:14.938134478,6136.29,28.6220945924951,77.09124408506763,3.798,1.221,1,1
WD_000648,CASE_000648,ACC_001288,ATM_000344,2024-09-18 06:32:14.934524355,7116.7,17.385057689163343,78.48657407288304,9.571,7.486,1,0
WD_000649,CASE_000649,ACC_000011,ATM_000313,2024-07-14 23:11:17.436012128,2055.77,18.456075024739004,73.79326097893265,2.508,1.668,1,1
WD_000650,CASE_000650,ACC_001625,ATM_000004,2025-10-02 16:28:50.668081466,1751.93,13.072762724653366,80.26387571924367,2.035,1.019,1,1
WD_000651,CASE_000651,ACC_000190,ATM_000099,2025-05-13 10:18:55.906893737,9518.23,19.091312358228304,72.91564084956053,2.722,0.784,1,1
WD_000652,CASE_000652,ACC_000052,ATM_000327,2026-02-04 09:48:31.006848402,54619.68,22.99589851238561,72.57126086103086,9.269,7.547,1,1
WD_000653,CASE_000653,ACC_000068,ATM_000114,2025-06-13 17:05:23.856247057,49916.42,17.415193888388494,78.48362266665102,4.867,1.294,1,1
WD_000654,CASE_000654,ACC_000767,ATM_000189,2025-03-16 18:20:40.496128301,29836.11,22.56123810986596,88.38265652286051,8.255,6.139,1,1
WD_000655,CASE_000655,ACC_000819,ATM_000087,2024-08-26 05:07:54.801874216,19953.07,13.04237547348726,80.30318609124991,5.023,4.254,1,1
WD_000656,CASE_000656,ACC_001335,ATM_000381,2025-12-22 15:27:17.693924075,28721.6,12.971857476882128,77.56639347194628,1.727,1.06,1,0
WD_000657,CASE_000657,ACC_001150,ATM_000283,2024-06-29 15:03:46.247952228,8699.55,18.522095770853554,73.8557727812762,30.675,29.592,1,1
WD_000658,CASE_000658,ACC_000190,ATM_000230,2024-08-09 03:44:44.700729690,2263.4,19.00485893891834,72.93015286345715,11.664,10.751,1,0
WD_000659,CASE_000659,ACC_000659,ATM_000125,2026-02-05 18:35:54.011455406,6365.31,19.082563965212646,72.88949657268364,2.105,1.083,1,1
WD_000660,CASE_000660,ACC_000267,ATM_000146,2025-11-06 07:39:44.575454539,2443.46,18.521843319164628,73.90778304556412,2.229,0.832,1,1
WD_000661,CASE_000661,ACC_000366,ATM_000167,2025-07-12 12:45:02.456580009,3004.51,23.10143671627846,72.54542993473302,4.885,2.238,1,0
WD_000662,CASE_000662,ACC_001335,ATM_000167,2024-02-05 13:35:10.088992522,1233.4,23.10143671627846,72.54542993473302,2.628,0.301,1,1
WD_000663,CASE_000663,ACC_000287,ATM_000007,2024-04-26 01:02:11.477238916,9124.31,22.561858355993618,88.33276292163383,2.676,0.576,1,1
WD_000664,CASE_000664,ACC_001350,ATM_000334,2025-03-31 22:59:56.626111115,5358.79,26.9066317936065,75.74113436075218,11.929,10.507,1,1
WD_000665,CASE_000665,ACC_001308,ATM_000307,2025-11-11 06:10:46.060587947,13776.09,28.677872510757314,77.27382117966692,8.225,5.965,1,0
WD_000666,CASE_000666,ACC_000093,ATM_000315,2025-02-26 22:24:19.040165848,908.57,28.698427388576636,77.19734047995648,3.304,2.673,1,1
WD_000667,CASE_000667,ACC_000366,ATM_000245,2024-01-16 20:21:05.790453820,31764.44,17.451714339485374,78.4954272070574,2.257,1.437,1,1
WD_000668,CASE_000668,ACC_001293,ATM_000026,2024-06-16 23:06:31.454659944,2696.45,19.119083215737124,73.0401359973329,2.229,0.685,1,1
WD_000669,CASE_000669,ACC_001349,ATM_000238,2025-06-20 12:36:14.791714015,801.31,22.507977612888034,88.40945837621726,3.809,2.319,1,1
WD_000670,CASE_000670,ACC_000524,ATM_000041,2025-09-24 12:24:02.808626647,2206.99,28.705631888669142,77.21720396371722,2.039,0.524,1,0
WD_000671,CASE_000671,ACC_000480,ATM_000386,2024-01-31 15:04:21.303848192,13770.72,22.7369288913546,75.81971944977604,4.196,3.296,1,1
WD_000672,CASE_000672,ACC_000267,ATM_000291,2024-02-09 14:44:17.065781349,4511.49,23.024387860325554,72.60476029315736,3.333,1.823,1,1
WD_000673,CASE_000673,ACC_000659,ATM_000257,2024-08-26 05:53:13.396479502,22222.88,23.100493558215113,72.51786415394638,4.603,3.398,1,1
WD_000674,CASE_000674,ACC_001065,ATM_000102,2024-03-17 09:43:36.267799042,10200.57,13.077019595578525,80.36890787939947,8.046,7.724,1,1
WD_000675,CASE_000675,ACC_000491,ATM_000182,2025-05-08 19:38:19.650769519,1283.7,26.936306907927246,75.72871603602272,2.526,0.938,1,1
WD_000676,CASE_000676,ACC_000932,ATM_000361,2024-04-22 19:23:54.078032626,20071.9,26.921789590959662,80.9649223891589,2.778,0.632,1,1
WD_000677,CASE_000677,ACC_000023,ATM_000297,2025-08-14 00:45:28.825440002,29378.85,22.735203387378554,75.94304101477319,12.09,10.443,1,1
WD_000678,CASE_000678,ACC_000267,ATM_000167,2025-12-09 05:07:49.389064454,19791.53,23.10143671627846,72.54542993473302,3.876,0.96,1,1
WD_000679,CASE_000679,ACC_000052,ATM_000133,2026-06-04 01:25:11.379555082,7506.4,17.350342968739632,78.51142873534339,22.043,19.14,1,1
WD_000680,CASE_000680,ACC_000011,ATM_000313,2026-05-14 05:26:08.784949644,1285.67,18.456075024739004,73.79326097893265,5.466,4.422,1,1
WD_000681,CASE_000681,ACC_001046,ATM_000116,2024-09-06 18:22:22.330144749,3264.96,26.930292496888846,75.78119583030755,17.517,16.887,1,1
WD_000682,CASE_000682,ACC_000775,ATM_000178,2024-01-28 04:17:28.141984815,8227.8,22.6681438064313,75.89798883939375,9.28,7.465,1,1
WD_000683,CASE_000683,ACC_001647,ATM_000180,2024-10-27 12:24:35.019553115,13812.59,22.586746422822937,88.40071491243924,10.141,8.801,1,1
WD_000684,CASE_000684,ACC_000139,ATM_000173,2025-10-07 18:09:28.198973780,2525.69,18.558664336758845,73.89409880578008,7.949,6.471,1,1
WD_000685,CASE_000685,ACC_000267,ATM_000374,2024-02-24 13:25:13.290939874,515.64,19.998843712913928,73.69208766809405,1.927,0.516,1,1
WD_000686,CASE_000686,ACC_001507,ATM_000095,2024-11-24 10:52:46.783867475,13513.42,19.999374347419597,73.69923227905664,18.122,16.345,1,1
WD_000687,CASE_000687,ACC_001300,ATM_000178,2024-09-29 01:58:39.416523838,4559.83,22.6681438064313,75.89798883939375,13.75,12.641,1,1
WD_000688,CASE_000688,ACC_001335,ATM_000291,2024-07-18 21:09:02.062139478,5269.99,23.024387860325554,72.60476029315736,1.378,0.157,1,1
WD_000689,CASE_000689,ACC_000267,ATM_000343,2025-10-05 07:46:52.642910925,4230.92,23.068518809346262,72.48325002482707,0.938,0.396,1,1
WD_000690,CASE_000690,ACC_000287,ATM_000280,2025-08-23 14:07:12.200086740,17424.33,23.002582842473544,72.60846343532445,3.623,0.854,1,1
WD_000691,CASE_000691,ACC_000659,ATM_000269,2025-05-02 21:15:52.849384728,5914.27,19.107698538950824,72.88263004250993,1.222,0.528,1,1
WD_000692,CASE_000692,ACC_001335,ATM_000296,2026-04-09 21:15:58.358190350,4002.37,26.798367487152287,80.98058649230224,4.089,2.426,1,1
WD_000693,CASE_000693,ACC_000404,ATM_000086,2024-04-04 00:28:01.418987431,270.51,19.043575603739146,72.91107028466806,1.439,0.718,1,1
WD_000694,CASE_000694,ACC_000480,ATM_000386,2024-05-17 05:35:12.866960267,692.44,22.7369288913546,75.81971944977604,20.782,19.46,1,0
WD_000695,CASE_000695,ACC_001050,ATM_000178,2024-12-15 14:20:13.182929701,8874.55,22.6681438064313,75.89798883939375,6.593,4.511,1,1
WD_000696,CASE_000696,ACC_001507,ATM_000031,2025-08-20 22:49:48.038307332,107022.57,22.495626098117945,88.29425663931455,10.625,9.931,1,0
WD_000697,CASE_000697,ACC_000093,ATM_000223,2025-06-16 13:22:50.952587781,1055.77,13.189103767144722,80.26507209306659,11.071,9.511,1,1
WD_000698,CASE_000698,ACC_000775,ATM_000002,2024-03-08 16:34:15.426621279,1547.51,28.57323762217617,77.31218533657218,5.702,4.114,1,1
WD_000699,CASE_000699,ACC_000533,ATM_000343,2026-05-23 06:20:59.227314442,3744.93,23.068518809346262,72.48325002482707,3.35,1.495,1,0
WD_000700,CASE_000700,ACC_000753,ATM_000148,2024-10-05 01:44:39.938711024,93722.49,12.97674521141251,77.58745947170766,3.807,2.118,1,1
WD_000701,CASE_000701,ACC_000659,ATM_000388,2024-11-23 02:40:56.151110449,5757.14,21.204558776203847,72.8288721561159,2.105,1.391,1,1
WD_000702,CASE_000702,ACC_001117,ATM_000273,2025-07-22 06:10:37.877269166,10901.84,18.9747741925689,72.91706664148816,3.135,1.09,1,1
WD_000703,CASE_000703,ACC_001507,ATM_000380,2026-05-11 06:01:12.501666882,6883.65,22.59651120195155,88.46065298871946,4.921,4.102,1,1
WD_000704,CASE_000704,ACC_000139,ATM_000301,2025-08-26 23:45:35.094303596,3064.97,22.598665254680242,88.36523243306792,6.744,5.205,1,1
WD_000705,CASE_000705,ACC_000767,ATM_000058,2026-05-19 22:49:00.271916865,9061.17,17.42078761520513,78.45075277349024,3.653,1.985,1,1
WD_000706,CASE_000706,ACC_000093,ATM_000223,2024-06-20 01:18:26.068434703,8590.44,13.189103767144722,80.26507209306659,3.815,2.996,1,1
WD_000707,CASE_000707,ACC_001507,ATM_000323,2025-07-18 04:23:55.186661656,8325.05,21.147720468146318,79.08459152499843,10.738,10.091,1,1
WD_000708,CASE_000708,ACC_000093,ATM_000118,2026-01-25 11:03:35.204349275,2593.1,13.134732197921853,80.33347937040632,8.452,6.274,1,1
WD_000709,CASE_000709,ACC_001647,ATM_000230,2025-04-09 00:35:09.914939360,33706.34,19.00485893891834,72.93015286345715,7.275,4.939,1,1
WD_000710,CASE_000710,ACC_000880,ATM_000199,2024-11-26 00:27:42.054484001,3608.33,19.139049059135743,73.02502301321114,1.896,1.156,1,0
WD_000711,CASE_000711,ACC_001350,ATM_000044,2026-06-16 05:28:42.446314480,4503.29,19.980024097785513,73.8019390219631,2.718,1.723,1,1
WD_000712,CASE_000712,ACC_001046,ATM_000370,2024-05-09 18:28:14.953296472,606.31,26.96837587549417,75.82867978776605,31.924,30.0,1,1
WD_000713,CASE_000713,ACC_000467,ATM_000333,2025-01-09 13:53:28.405885873,2225.18,13.092670157524704,80.27767499995733,5.328,4.337,1,1
WD_000714,CASE_000714,ACC_001288,ATM_000118,2026-03-06 22:10:39.472802899,26299.94,13.134732197921853,80.33347937040632,6.734,4.854,1,1
WD_000715,CASE_000715,ACC_000932,ATM_000119,2026-03-31 13:36:11.659639351,4515.37,28.61336731870137,77.21070331799069,5.492,4.275,1,0
WD_000716,CASE_000716,ACC_000659,ATM_000086,2026-06-12 07:20:54.235763585,4984.76,19.043575603739146,72.91107028466806,4.274,3.195,1,1
WD_000717,CASE_000717,ACC_000052,ATM_000310,2026-03-17 08:57:43.638723621,3001.89,19.236471969168107,73.02911695269455,6.654,5.808,1,1
WD_000718,CASE_000718,ACC_001293,ATM_000244,2024-02-16 11:07:16.541772313,7685.23,12.958407667174459,77.57238012769452,0.997,0.42,1,0
WD_000719,CASE_000719,ACC_001288,ATM_000146,2026-04-27 06:42:01.393519977,1817.89,18.521843319164628,73.90778304556412,6.286,5.704,1,1
WD_000720,CASE_000720,ACC_001288,ATM_000223,2025-01-25 22:53:30.552376553,7590.03,13.189103767144722,80.26507209306659,21.444,18.865,1,1
WD_000721,CASE_000721,ACC_000093,ATM_000302,2025-08-17 04:01:03.770692795,27027.19,19.200340152519644,73.00974576293312,13.016,11.739,1,1
WD_000722,CASE_000722,ACC_000480,ATM_000233,2024-12-25 13:55:39.104668285,3748.45,21.166209460248332,72.83085952660973,9.48,6.574,1,1
WD_000723,CASE_000723,ACC_000011,ATM_000033,2026-01-11 09:32:42.624660451,5528.97,21.085827579273364,79.13732727685856,3.506,3.154,1,1
WD_000724,CASE_000724,ACC_000880,ATM_000199,2025-06-08 20:09:24.618267093,1027.78,19.139049059135743,73.02502301321114,4.258,0.74,1,1
WD_000725,CASE_000725,ACC_001267,ATM_000178,2026-02-09 19:06:02.029903677,22879.53,22.6681438064313,75.89798883939375,12.112,11.513,1,1
WD_000726,CASE_000726,ACC_001238,ATM_000244,2024-06-25 14:56:36.480471639,3456.5,12.958407667174459,77.57238012769452,2.324,1.355,1,1
WD_000727,CASE_000727,ACC_000767,ATM_000198,2024-06-18 01:02:16.733125060,4142.79,26.980908442155847,75.78841459480564,12.568,9.612,1,1
WD_000728,CASE_000728,ACC_000404,ATM_000153,2025-02-05 07:51:31.013292960,36577.34,19.218939379544256,72.99880293291267,3.46,0.836,1,1
WD_000729,CASE_000729,ACC_000023,ATM_000187,2024-01-05 15:34:16.298244051,1458.62,28.603476720589104,77.22735396994915,7.683,6.159,1,1
WD_000730,CASE_000730,ACC_000767,ATM_000198,2025-09-23 07:34:24.406932740,22850.69,26.980908442155847,75.78841459480564,3.036,1.295,1,1
WD_000731,CASE_000731,ACC_000767,ATM_000305,2024-09-27 01:23:18.241466284,1648.8,26.932165373579654,75.8135284411878,8.47,5.397,1,1
WD_000732,CASE_000732,ACC_000366,ATM_000295,2025-05-22 18:06:57.905309859,18139.91,22.93821234751503,72.51648916351694,1.323,0.471,1,1
WD_000733,CASE_000733,ACC_001300,ATM_000108,2024-03-04 22:02:32.705529631,7239.74,18.589901303342067,73.91787562266242,3.485,0.793,1,1
WD_000734,CASE_000734,ACC_000404,ATM_000086,2024-06-04 12:13:57.868811167,4246.93,19.043575603739146,72.91107028466806,1.264,0.323,1,1
WD_000735,CASE_000735,ACC_000480,ATM_000386,2025-07-21 19:28:08.074242580,664.26,22.7369288913546,75.81971944977604,9.276,7.411,1,1
WD_000736,CASE_000736,ACC_001350,ATM_000256,2024-10-05 15:08:30.063068406,968.07,22.55546312912808,88.32762532195562,4.134,2.898,1,1
WD_000737,CASE_000737,ACC_000139,ATM_000181,2024-07-15 02:44:10.315434687,1674.49,26.966187974153172,75.78297340833223,12.056,10.983,1,1
WD_000738,CASE_000738,ACC_000011,ATM_000146,2024-07-27 18:44:59.025337994,32038.96,18.521843319164628,73.90778304556412,7.25,6.39,1,1
WD_000739,CASE_000739,ACC_001308,ATM_000007,2024-07-14 23:04:20.406746755,927.63,22.561858355993618,88.33276292163383,6.262,4.957,1,1
WD_000740,CASE_000740,ACC_001647,ATM_000249,2025-07-21 16:32:30.053147334,3517.14,28.66079544759772,77.14494487184595,6.529,3.299,1,1
WD_000741,CASE_000741,ACC_000068,ATM_000263,2024-06-01 22:53:03.913232330,2191.21,19.996849358431675,73.81137049655416,4.484,2.952,1,1
WD_000742,CASE_000742,ACC_000366,ATM_000343,2024-11-26 11:36:21.401449571,2037.99,23.068518809346262,72.48325002482707,1.394,0.285,1,1
WD_000743,CASE_000743,ACC_000767,ATM_000386,2025-09-18 21:31:39.746328599,1159.05,22.7369288913546,75.81971944977604,5.569,3.718,1,1
WD_000744,CASE_000744,ACC_000093,ATM_000004,2025-04-13 11:26:58.698227428,2883.27,13.072762724653366,80.26387571924367,12.546,10.134,1,1
WD_000745,CASE_000745,ACC_000782,ATM_000390,2025-06-28 18:55:56.838954566,790.66,22.985504681327402,72.51340374808777,15.983,14.423,1,1
WD_000746,CASE_000746,ACC_000267,ATM_000020,2024-08-16 16:49:17.492917831,1442.6,17.370707943410704,78.58876699456908,2.991,0.721,1,1
WD_000747,CASE_000747,ACC_001308,ATM_000053,2026-04-29 19:44:55.376776086,6373.76,22.62111879618164,88.29955231607082,2.871,2.463,1,1
WD_000748,CASE_000748,ACC_000404,ATM_000161,2025-01-12 03:06:49.502964917,8697.83,19.06714542643581,72.87550863111355,2.058,1.506,1,1
WD_000749,CASE_000749,ACC_001335,ATM_000116,2024-09-18 11:58:58.535459230,4316.77,26.930292496888846,75.78119583030755,1.803,1.421,1,1
WD_000750,CASE_000750,ACC_000190,ATM_000099,2026-04-03 23:17:51.782396158,22242.97,19.091312358228304,72.91564084956053,3.11,2.584,1,1
WD_000751,CASE_000751,ACC_000052,ATM_000327,2025-08-20 19:43:38.416959983,2949.32,22.99589851238561,72.57126086103086,20.475,18.529,1,1
WD_000752,CASE_000752,ACC_001625,ATM_000336,2025-07-13 14:58:08.968086575,777.63,17.35358213323187,78.55861569653,7.657,6.984,1,1
WD_000753,CASE_000753,ACC_000190,ATM_000022,2026-03-18 22:44:28.135623927,2659.25,21.142560585113028,79.08585332554065,3.175,1.682,1,1
WD_000754,CASE_000754,ACC_001647,ATM_000380,2024-02-23 15:27:55.760514577,20635.25,22.59651120195155,88.46065298871946,7.541,4.889,1,1
WD_000755,CASE_000755,ACC_000366,ATM_000272,2026-02-02 04:49:54.572037014,7049.45,18.985170560413643,72.98772187343326,1.807,0.986,1,1
WD_000756,CASE_000756,ACC_000190,ATM_000240,2025-09-09 22:06:05.504419185,21059.32,19.14182262226751,72.94805715683843,9.275,8.173,1,1
WD_000757,CASE_000757,ACC_001335,ATM_000282,2024-11-24 01:07:32.786393494,1075.63,19.051630192585513,73.01765242288891,2.243,0.564,1,1
WD_000758,CASE_000758,ACC_000932,ATM_000172,2024-08-22 02:10:27.362502492,5501.89,13.061272055904244,77.61218651410661,13.309,11.643,1,0
WD_000759,CASE_000759,ACC_001393,ATM_000170,2024-04-06 04:25:57.913869545,30588.1,21.185514188320827,72.89145417459305,16.957,15.391,1,1
WD_000760,CASE_000760,ACC_000782,ATM_000171,2026-05-07 14:28:57.800427930,8888.93,19.99676790453139,73.8287297347669,6.837,5.416,1,1
WD_000761,CASE_000761,ACC_000139,ATM_000386,2024-05-09 11:57:01.554987218,1057.85,22.7369288913546,75.81971944977604,5.184,2.531,1,1
WD_000762,CASE_000762,ACC_001308,ATM_000023,2024-08-24 10:55:23.273147374,3541.67,21.170037096942902,72.83170476702948,2.559,1.129,1,1
WD_000763,CASE_000763,ACC_000533,ATM_000050,2025-09-21 20:08:00.021421570,16572.16,19.28299302697493,72.96121863966702,5.766,4.267,1,1
WD_000764,CASE_000764,ACC_000480,ATM_000386,2025-10-09 05:14:40.434370677,3410.53,22.7369288913546,75.81971944977604,6.472,5.271,1,1
WD_000765,CASE_000765,ACC_000467,ATM_000186,2024-05-27 05:14:14.647537637,23486.71,13.14259936414573,80.23722682211573,18.19,17.1,1,1
WD_000766,CASE_000766,ACC_001647,ATM_000180,2026-01-11 18:18:51.902577632,4260.14,22.586746422822937,88.40071491243924,2.151,1.501,1,1
WD_000767,CASE_000767,ACC_000480,ATM_000085,2025-04-10 08:18:42.335803163,6113.89,19.077280293822,72.88159607696088,11.391,10.064,1,1
WD_000768,CASE_000768,ACC_000139,ATM_000334,2026-02-12 04:33:44.150486538,5729.44,26.9066317936065,75.74113436075218,5.905,4.047,1,1
WD_000769,CASE_000769,ACC_000932,ATM_000085,2024-03-20 17:27:15.213561669,1509.49,19.077280293822,72.88159607696088,5.046,3.61,1,1
WD_000770,CASE_000770,ACC_000052,ATM_000058,2024-02-09 04:32:45.505614950,5423.18,17.42078761520513,78.45075277349024,4.111,2.86,1,1
WD_000771,CASE_000771,ACC_000011,ATM_000108,2025-08-03 16:11:45.822743413,8651.05,18.589901303342067,73.91787562266242,9.038,8.047,1,1
WD_000772,CASE_000772,ACC_001606,ATM_000033,2024-05-16 18:06:09.625370312,9707.29,21.085827579273364,79.13732727685856,1.982,0.212,1,1
WD_000773,CASE_000773,ACC_000093,ATM_000186,2025-04-23 15:52:49.661332180,21719.04,13.14259936414573,80.23722682211573,10.395,8.415,1,1
WD_000774,CASE_000774,ACC_000023,ATM_000284,2024-01-13 22:57:20.054846280,4580.43,18.547515296326686,73.81365300828696,2.482,1.344,1,1
WD_000775,CASE_000775,ACC_001300,ATM_000305,2025-12-11 17:19:17.421871564,7292.41,26.932165373579654,75.8135284411878,4.948,3.848,1,1
WD_000776,CASE_000776,ACC_001267,ATM_000006,2026-03-30 13:38:11.444324976,6808.27,22.778458741462313,75.93860984345183,2.309,1.346,1,0
WD_000777,CASE_000777,ACC_000775,ATM_000198,2026-02-03 07:19:24.545015076,3328.35,26.980908442155847,75.78841459480564,1.991,1.112,1,1
WD_000778,CASE_000778,ACC_000023,ATM_000178,2026-05-23 10:09:11.094030739,27593.37,22.6681438064313,75.89798883939375,8.727,7.125,1,1
WD_000779,CASE_000779,ACC_000093,ATM_000004,2026-04-02 22:22:14.071649516,3659.96,13.072762724653366,80.26387571924367,5.085,4.267,1,1
WD_000780,CASE_000780,ACC_001365,ATM_000284,2025-02-08 15:39:36.548303637,1513.63,18.547515296326686,73.81365300828696,3.65,1.668,1,1
WD_000781,CASE_000781,ACC_000052,ATM_000194,2024-12-29 02:20:44.121261267,10074.71,23.03781946874166,72.6397004783593,4.86,2.919,1,1
WD_000782,CASE_000782,ACC_001625,ATM_000173,2026-03-27 18:37:23.938069795,2080.33,18.558664336758845,73.89409880578008,8.464,5.984,1,0
WD_000783,CASE_000783,ACC_000775,ATM_000297,2026-04-24 18:12:36.606055955,2768.49,22.735203387378554,75.94304101477319,7.62,6.837,1,1
WD_000784,CASE_000784,ACC_001300,ATM_000108,2026-06-05 09:37:30.317418977,2014.88,18.589901303342067,73.91787562266242,3.54,2.232,1,1
WD_000785,CASE_000785,ACC_000052,ATM_000209,2025-12-01 12:49:39.916228712,47740.98,19.06419376695908,72.79485599836282,14.34,12.873,1,1
WD_000786,CASE_000786,ACC_000659,ATM_000176,2024-07-03 06:07:27.389246729,17963.54,19.033545538500235,72.84141876415256,5.84,2.886,1,1
WD_000787,CASE_000787,ACC_000404,ATM_000269,2026-05-10 22:25:41.687998516,3352.46,19.107698538950824,72.88263004250993,1.951,1.282,1,1
WD_000788,CASE_000788,ACC_001625,ATM_000186,2026-05-13 07:01:43.714956325,8227.87,13.14259936414573,80.23722682211573,10.728,8.946,1,1
WD_000789,CASE_000789,ACC_000011,ATM_000313,2025-08-29 22:04:32.165259085,4589.16,18.456075024739004,73.79326097893265,1.779,0.999,1,1
WD_000790,CASE_000790,ACC_000023,ATM_000178,2026-02-20 03:00:18.452500594,957.88,22.6681438064313,75.89798883939375,3.429,2.12,1,1
WD_000791,CASE_000791,ACC_000659,ATM_000282,2025-05-26 07:04:31.590433106,2808.25,19.051630192585513,73.01765242288891,1.514,0.603,1,1
WD_000792,CASE_000792,ACC_001335,ATM_000291,2026-05-10 08:48:31.492649939,11253.7,23.024387860325554,72.60476029315736,6.417,3.502,1,1
WD_000793,CASE_000793,ACC_000467,ATM_000035,2024-03-26 18:15:26.665236262,180.79,12.970941707796804,77.59019717267921,4.432,2.711,1,1
WD_000794,CASE_000794,ACC_000267,ATM_000318,2026-02-26 05:20:45.015204482,6045.19,13.085488907526226,80.25975933537603,3.644,1.939,1,1
WD_000795,CASE_000795,ACC_000139,ATM_000329,2024-02-20 19:38:32.719152134,4173.21,17.35675588217431,78.44448379343599,6.111,4.482,1,0
WD_000796,CASE_000796,ACC_000480,ATM_000386,2024-11-05 06:47:13.559433268,112904.57,22.7369288913546,75.81971944977604,8.551,7.779,1,1
WD_000797,CASE_000797,ACC_000480,ATM_000178,2024-05-03 13:42:05.213895434,18317.83,22.6681438064313,75.89798883939375,6.942,6.519,1,1
WD_000798,CASE_000798,ACC_001117,ATM_000199,2025-03-12 16:29:17.590778467,2052.76,19.139049059135743,73.02502301321114,4.679,3.368,1,1
WD_000799,CASE_000799,ACC_000023,ATM_000178,2024-07-30 21:01:57.223640453,41817.21,22.6681438064313,75.89798883939375,7.203,6.36,1,1
WD_000800,CASE_000800,ACC_000309,ATM_000116,2026-05-18 02:36:29.933064124,856.07,26.930292496888846,75.78119583030755,18.498,17.509,1,1
WD_000801,CASE_000801,ACC_000287,ATM_000345,2025-05-24 16:45:51.022243722,38654.13,22.525023267884155,88.39364754967747,3.763,1.295,1,1
WD_000802,CASE_000802,ACC_001267,ATM_000297,2026-03-29 02:53:11.703133383,12291.61,22.735203387378554,75.94304101477319,6.902,5.782,1,1
WD_000803,CASE_000803,ACC_000023,ATM_000235,2024-09-10 13:49:45.047260763,5976.06,26.84209769237251,80.94906536069078,6.359,5.127,1,1
WD_000804,CASE_000804,ACC_000287,ATM_000114,2024-01-24 17:49:54.956642649,6742.23,17.415193888388494,78.48362266665102,1.859,0.1,1,1
WD_000805,CASE_000805,ACC_001293,ATM_000222,2025-12-07 17:57:02.766859162,2456.99,12.971473139407328,77.54027330063093,3.03,1.434,1,1
WD_000806,CASE_000806,ACC_001085,ATM_000303,2025-10-02 08:00:08.447348366,11343.76,12.976542292214004,77.57811812544057,11.217,10.035,1,1
WD_000807,CASE_000807,ACC_001308,ATM_000375,2025-05-12 14:40:01.679330600,2720.66,19.21778759363977,72.97808574954735,16.038,15.314,1,1
WD_000808,CASE_000808,ACC_000190,ATM_000018,2026-01-13 05:45:56.624610350,9164.02,18.994187971275416,72.85766356413873,11.112,9.306,1,0
WD_000809,CASE_000809,ACC_001629,ATM_000392,2026-02-04 09:31:17.219134910,10435.34,19.04099485355675,72.90721447952957,1.917,0.194,1,1
WD_000810,CASE_000810,ACC_000190,ATM_000282,2025-06-19 19:48:21.099729981,34201.86,19.051630192585513,73.01765242288891,5.888,4.755,1,1
WD_000811,CASE_000811,ACC_000052,ATM_000073,2026-05-30 08:55:06.701369017,3152.12,23.035278731188015,72.56957719916596,9.873,8.939,1,1
WD_000812,CASE_000812,ACC_000467,ATM_000081,2025-10-18 02:02:51.447707291,24299.05,13.045515312876448,80.29521731399635,10.266,9.989,1,1
WD_000813,CASE_000813,ACC_001296,ATM_000180,2025-09-08 22:25:53.430944957,4605.37,22.586746422822937,88.40071491243924,7.228,6.152,1,1
WD_000814,CASE_000814,ACC_000309,ATM_000122,2024-11-25 15:48:19.345860288,1520.55,17.407787151681706,78.45194038063788,9.679,8.951,1,1
WD_000815,CASE_000815,ACC_000775,ATM_000164,2024-01-03 18:27:43.653302110,46444.54,19.124536092974644,72.92948649943835,17.081,15.834,1,1
WD_000816,CASE_000816,ACC_001050,ATM_000297,2024-08-07 16:07:52.957214238,8238.94,22.735203387378554,75.94304101477319,4.161,3.352,1,1
WD_000817,CASE_000817,ACC_001768,ATM_000081,2025-11-27 06:43:34.323954295,24602.96,13.045515312876448,80.29521731399635,8.368,5.001,1,1
WD_000818,CASE_000818,ACC_000404,ATM_000269,2025-10-08 17:39:01.638982662,525.93,19.107698538950824,72.88263004250993,1.025,0.414,1,1
WD_000819,CASE_000819,ACC_000652,ATM_000173,2024-10-28 17:36:39.821481075,1344.13,18.558664336758845,73.89409880578008,4.143,2.861,1,1
WD_000820,CASE_000820,ACC_001647,ATM_000022,2025-07-24 00:49:04.093249102,18688.52,21.142560585113028,79.08585332554065,3.072,1.606,1,1
WD_000821,CASE_000821,ACC_000767,ATM_000076,2024-06-26 23:42:08.128554491,2350.62,18.54545811515855,73.83414983848944,1.937,0.668,1,1
WD_000822,CASE_000822,ACC_001288,ATM_000083,2024-08-28 12:35:25.937282633,10540.39,23.08093017221658,72.54410723265323,8.634,8.085,1,1
WD_000823,CASE_000823,ACC_000052,ATM_000007,2026-05-13 06:49:48.409094493,54848.81,22.561858355993618,88.33276292163383,4.7,3.173,1,1
WD_000824,CASE_000824,ACC_001349,ATM_000355,2025-01-11 14:49:49.582181536,1514.06,28.541697633686937,77.19124389403521,5.05,3.564,1,1
WD_000825,CASE_000825,ACC_000011,ATM_000313,2024-08-11 10:48:34.132422190,2538.66,18.456075024739004,73.79326097893265,6.401,3.776,1,1
WD_000826,CASE_000826,ACC_000659,ATM_000161,2025-03-19 20:00:43.958490252,3932.9,19.06714542643581,72.87550863111355,1.878,0.913,1,1
WD_000827,CASE_000827,ACC_001350,ATM_000159,2024-12-18 18:41:01.399156992,61693.66,13.01941088226226,80.2745388108205,4.969,3.376,1,1
WD_000828,CASE_000828,ACC_000011,ATM_000112,2025-10-27 06:47:04.279090448,1962.42,19.098053456425703,72.96234821414691,16.362,15.479,1,1
WD_000829,CASE_000829,ACC_000480,ATM_000386,2026-05-26 22:08:15.184090860,4832.52,22.7369288913546,75.81971944977604,10.431,9.519,1,1
WD_000830,CASE_000830,ACC_001629,ATM_000165,2025-06-23 05:06:46.626473279,1788.19,13.038643372162904,77.5733161676105,3.366,1.512,1,1
WD_000831,CASE_000831,ACC_001050,ATM_000006,2025-06-22 18:26:37.760362898,68501.72,22.778458741462313,75.93860984345183,5.602,4.415,1,1
WD_000832,CASE_000832,ACC_001288,ATM_000091,2024-11-28 12:23:30.935682638,5544.54,19.177845445931013,73.04610051589084,3.664,2.271,1,1
WD_000833,CASE_000833,ACC_000052,ATM_000210,2025-05-29 14:32:48.266692448,1689.35,12.925436933061711,77.60641484170263,5.456,4.225,1,1
WD_000834,CASE_000834,ACC_001592,ATM_000052,2024-10-18 09:43:09.494720846,14707.96,19.105798349312856,72.97379683545773,11.913,10.031,1,1
WD_000835,CASE_000835,ACC_001288,ATM_000004,2024-01-02 02:39:06.721301472,34032.2,13.072762724653366,80.26387571924367,2.775,2.273,1,1
WD_000836,CASE_000836,ACC_000533,ATM_000376,2026-02-28 02:36:24.900413714,1442.21,19.218454183176572,72.88039923272343,2.28,1.103,1,1
WD_000837,CASE_000837,ACC_001507,ATM_000346,2025-01-26 07:24:20.382903196,1563.39,22.549604170475213,88.41551566084136,2.04,1.271,1,1
WD_000838,CASE_000838,ACC_000660,ATM_000171,2025-03-24 17:31:44.726747434,24298.99,19.99676790453139,73.8287297347669,10.506,8.894,1,1
WD_000839,CASE_000839,ACC_000093,ATM_000223,2024-03-17 09:58:39.041160570,6743.5,13.189103767144722,80.26507209306659,8.313,7.672,1,1
WD_000840,CASE_000840,ACC_001350,ATM_000014,2026-02-01 20:09:34.471653919,1518.4,22.93891637098737,72.51796872006797,5.575,4.572,1,1
WD_000841,CASE_000841,ACC_000480,ATM_000243,2024-06-04 08:07:02.762849041,1761.08,18.51743894014746,73.85207264990669,3.868,3.021,1,1
WD_000842,CASE_000842,ACC_001288,ATM_000381,2025-01-09 12:20:20.405543600,1661.97,12.971857476882128,77.56639347194628,10.518,10.291,1,1
WD_000843,CASE_000843,ACC_000023,ATM_000006,2026-02-05 03:25:33.445507999,1872.11,22.778458741462313,75.93860984345183,15.86,15.174,1,1
WD_000844,CASE_000844,ACC_001625,ATM_000223,2025-02-21 07:36:33.522596702,363.08,13.189103767144722,80.26507209306659,6.643,5.005,1,1
WD_000845,CASE_000845,ACC_001592,ATM_000292,2026-04-29 13:39:40.220631097,4010.6,19.016477784437882,72.79669589469381,30.947,30.0,1,1
WD_000846,CASE_000846,ACC_001768,ATM_000081,2024-07-10 00:10:51.334393869,881.61,13.045515312876448,80.29521731399635,7.733,4.604,1,1
WD_000847,CASE_000847,ACC_000052,ATM_000134,2025-10-13 16:10:39.590019034,4147.35,21.150156962133117,79.01405966579246,2.327,0.807,1,1
WD_000848,CASE_000848,ACC_001050,ATM_000061,2026-06-10 00:25:46.478231935,177734.5,13.079480635064519,80.20725452795836,1.47,0.87,1,1
WD_000849,CASE_000849,ACC_001335,ATM_000343,2025-05-15 18:30:03.615605295,2544.01,23.068518809346262,72.48325002482707,1.748,0.149,1,0
WD_000850,CASE_000850,ACC_001625,ATM_000384,2025-09-22 22:04:40.361869102,2668.05,13.000743516487171,77.65449161142344,8.169,6.719,1,1
WD_000851,CASE_000851,ACC_000052,ATM_000320,2024-12-24 10:28:03.778791151,22607.13,21.24760742524913,72.75777716435258,4.96,3.349,1,1
WD_000852,CASE_000852,ACC_000011,ATM_000210,2025-11-15 18:28:36.354361173,3418.98,12.925436933061711,77.60641484170263,7.237,6.016,1,1
WD_000853,CASE_000853,ACC_001768,ATM_000081,2026-04-08 10:13:42.385407248,18085.58,13.045515312876448,80.29521731399635,10.606,8.108,1,1
WD_000854,CASE_000854,ACC_000767,ATM_000359,2025-10-02 14:10:48.619380867,21750.1,12.966764028192289,77.59669894328123,2.573,1.304,1,1
WD_000855,CASE_000855,ACC_000052,ATM_000069,2026-05-03 10:24:14.633221414,7314.67,19.08899081210344,72.88766865769026,19.259,16.995,1,1
WD_000856,CASE_000856,ACC_000467,ATM_000186,2025-06-20 09:00:30.207183678,112685.3,13.14259936414573,80.23722682211573,2.707,1.321,1,1
WD_000857,CASE_000857,ACC_001625,ATM_000231,2025-06-09 21:49:36.311641120,14157.04,19.125778981564185,72.9380051403598,3.294,2.116,1,1
WD_000858,CASE_000858,ACC_001046,ATM_000334,2024-10-05 04:17:34.960609235,1825.96,26.9066317936065,75.74113436075218,15.92,15.4,1,1
WD_000859,CASE_000859,ACC_001288,ATM_000017,2025-10-09 02:09:30.126943528,6711.36,12.982896443923638,77.58376615140253,14.863,14.179,1,1
WD_000860,CASE_000860,ACC_000366,ATM_000280,2026-03-14 15:24:44.507307251,1218.92,23.002582842473544,72.60846343532445,4.402,2.662,1,1
WD_000861,CASE_000861,ACC_000767,ATM_000363,2025-08-12 08:38:58.055410248,3284.7,19.078271266035365,72.8728429328227,13.591,12.633,1,1
WD_000862,CASE_000862,ACC_000659,ATM_000086,2024-07-31 10:46:02.365624288,606.36,19.043575603739146,72.91107028466806,3.598,2.457,1,1
WD_000863,CASE_000863,ACC_000753,ATM_000148,2025-05-10 21:13:48.203950016,1167.11,12.97674521141251,77.58745947170766,4.828,3.559,1,1
WD_000864,CASE_000864,ACC_001350,ATM_000311,2025-11-19 17:49:21.335240608,5498.48,13.032621712566838,77.68546359171873,2.007,0.421,1,1
WD_000865,CASE_000865,ACC_001647,ATM_000127,2026-05-05 22:59:00.688576484,45370.1,21.201147518815567,79.18211667761801,4.744,3.557,1,1
WD_000866,CASE_000866,ACC_000023,ATM_000297,2024-05-23 04:10:12.041232053,7118.82,22.735203387378554,75.94304101477319,12.354,11.282,1,1
WD_000867,CASE_000867,ACC_000782,ATM_000334,2024-04-26 18:58:00.743510791,35928.83,26.9066317936065,75.74113436075218,15.37,14.666,1,1
WD_000868,CASE_000868,ACC_000287,ATM_000343,2025-01-11 06:01:49.570085067,5660.98,23.068518809346262,72.48325002482707,1.433,0.12,1,1
WD_000869,CASE_000869,ACC_000404,ATM_000240,2024-04-24 11:54:35.146995081,10679.9,19.14182262226751,72.94805715683843,1.547,0.126,1,1
WD_000870,CASE_000870,ACC_000659,ATM_000269,2026-06-12 06:03:22.668614146,5791.93,19.107698538950824,72.88263004250993,1.959,1.502,1,0
WD_000871,CASE_000871,ACC_000775,ATM_000386,2025-01-21 17:28:52.268125765,19554.56,22.7369288913546,75.81971944977604,4.49,3.346,1,1
WD_000872,CASE_000872,ACC_000659,ATM_000176,2025-05-01 06:40:01.634150888,46054.9,19.033545538500235,72.84141876415256,3.807,0.481,1,1
WD_000873,CASE_000873,ACC_001625,ATM_000336,2024-07-26 03:49:37.403413578,17037.52,17.35358213323187,78.55861569653,6.78,5.367,1,1
WD_000874,CASE_000874,ACC_000480,ATM_000384,2025-02-13 08:13:50.902465338,6714.29,13.000743516487171,77.65449161142344,4.537,3.213,1,1
WD_000875,CASE_000875,ACC_000767,ATM_000211,2026-06-16 11:06:41.512223689,22442.09,13.050644787167151,80.21887814339456,9.763,8.527,1,1
WD_000876,CASE_000876,ACC_001335,ATM_000194,2025-03-21 08:47:33.945503883,9715.89,23.03781946874166,72.6397004783593,4.137,2.207,1,1
WD_000877,CASE_000877,ACC_001300,ATM_000062,2024-01-09 08:36:10.581103291,5243.21,12.969744704543817,77.57861234021964,7.677,4.63,1,1
WD_000878,CASE_000878,ACC_000467,ATM_000067,2024-08-09 00:59:33.401833654,15889.21,13.018204834127848,77.54074468340339,2.371,1.025,1,1
WD_000879,CASE_000879,ACC_001768,ATM_000134,2026-06-10 19:33:05.077954427,4968.84,21.150156962133117,79.01405966579246,10.615,8.804,1,1
WD_000880,CASE_000880,ACC_000139,ATM_000230,2026-06-20 09:14:49.020513055,1155.76,19.00485893891834,72.93015286345715,8.275,7.04,1,1
WD_000881,CASE_000881,ACC_001647,ATM_000061,2024-07-11 15:24:02.350671865,7378.12,13.079480635064519,80.20725452795836,21.18,19.974,1,1
WD_000882,CASE_000882,ACC_000011,ATM_000100,2025-07-14 20:55:09.104408701,5088.76,21.11529805610748,72.82290478510794,8.785,5.874,1,1
WD_000883,CASE_000883,ACC_000480,ATM_000108,2024-03-11 05:05:40.685272888,69253.51,18.589901303342067,73.91787562266242,3.571,2.384,1,1
WD_000884,CASE_000884,ACC_001507,ATM_000180,2025-06-10 09:16:05.103604380,8880.56,22.586746422822937,88.40071491243924,8.084,7.176,1,1
WD_000885,CASE_000885,ACC_001365,ATM_000084,2024-04-24 21:36:04.292465107,1793.81,18.999431326545828,73.03702113199323,4.471,2.814,1,1
WD_000886,CASE_000886,ACC_000659,ATM_000391,2026-01-15 23:57:08.371374222,9089.56,17.362813379838723,78.49445966374988,4.737,3.557,1,1
WD_000887,CASE_000887,ACC_000267,ATM_000351,2026-05-06 01:18:49.254974816,17254.09,17.40240283904891,78.50987960505167,2.446,0.289,1,1
WD_000888,CASE_000888,ACC_001507,ATM_000031,2024-06-06 22:55:53.607846401,25873.15,22.495626098117945,88.29425663931455,8.748,8.049,1,1
WD_000889,CASE_000889,ACC_001762,ATM_000112,2025-02-25 15:11:48.252648106,7897.14,19.098053456425703,72.96234821414691,2.458,0.534,1,1
WD_000890,CASE_000890,ACC_001050,ATM_000386,2024-04-03 10:28:07.078071801,15863.13,22.7369288913546,75.81971944977604,11.401,9.347,1,1
WD_000891,CASE_000891,ACC_000659,ATM_000161,2024-11-05 01:24:25.713919337,10203.14,19.06714542643581,72.87550863111355,2.45,1.355,1,1
WD_000892,CASE_000892,ACC_001690,ATM_000365,2024-02-29 16:11:13.225423991,3570.76,13.142658167648497,80.3520057432738,8.89,6.988,1,1
WD_000893,CASE_000893,ACC_001308,ATM_000212,2024-08-29 04:48:18.276446949,1812.91,17.327711900060155,78.4432606986068,4.76,4.098,1,1
WD_000894,CASE_000894,ACC_000267,ATM_000172,2026-06-21 07:49:33.500947405,11446.79,13.061272055904244,77.61218651410661,5.576,4.366,1,1
WD_000895,CASE_000895,ACC_001335,ATM_000280,2024-02-10 17:51:41.277804487,4699.95,23.002582842473544,72.60846343532445,2.656,0.839,1,1
WD_000896,CASE_000896,ACC_001768,ATM_000054,2026-02-21 15:48:18.716692032,15574.48,13.098663542145438,80.2606685689505,3.322,2.159,1,1
WD_000897,CASE_000897,ACC_001288,ATM_000333,2024-03-12 01:28:23.339914624,2089.28,13.092670157524704,80.27767499995733,12.05,10.468,1,1
WD_000898,CASE_000898,ACC_000052,ATM_000194,2025-04-27 06:03:26.279382090,2587.34,23.03781946874166,72.6397004783593,8.068,7.281,1,1
WD_000899,CASE_000899,ACC_000480,ATM_000178,2025-02-16 05:20:27.237946973,31063.71,22.6681438064313,75.89798883939375,8.194,6.804,1,1
WD_000900,CASE_000900,ACC_001625,ATM_000193,2026-04-28 19:32:13.433212683,846.76,19.227301543694644,72.94420584887054,4.026,2.375,1,1
WD_000901,CASE_000901,ACC_000366,ATM_000364,2024-06-30 12:06:56.104954923,16250.11,19.083361829636065,72.89145701439439,4.089,3.278,1,1
WD_000902,CASE_000902,ACC_000480,ATM_000297,2024-06-12 23:23:33.371851013,20637.61,22.735203387378554,75.94304101477319,6.825,4.754,1,1
WD_000903,CASE_000903,ACC_001647,ATM_000108,2025-11-13 09:32:32.785819989,59426.3,18.589901303342067,73.91787562266242,7.658,6.755,1,1
WD_000904,CASE_000904,ACC_001592,ATM_000116,2025-10-24 10:48:55.815546094,4484.41,26.930292496888846,75.78119583030755,31.685,30.0,1,1
WD_000905,CASE_000905,ACC_000404,ATM_000086,2025-09-29 03:40:38.337427806,10843.93,19.043575603739146,72.91107028466806,4.767,3.392,1,1
WD_000906,CASE_000906,ACC_001768,ATM_000054,2024-01-25 02:43:15.764616337,2766.49,13.098663542145438,80.2606685689505,7.478,3.147,1,1
WD_000907,CASE_000907,ACC_001296,ATM_000087,2024-08-25 02:09:50.737556200,4447.56,13.04237547348726,80.30318609124991,6.406,5.06,1,1
WD_000908,CASE_000908,ACC_001050,ATM_000386,2026-02-04 06:57:11.487098191,3115.33,22.7369288913546,75.81971944977604,3.485,1.729,1,1
WD_000909,CASE_000909,ACC_001350,ATM_000274,2025-07-01 20:16:58.363050295,23699.65,17.454715162828638,78.45559705083552,11.121,9.871,1,1
WD_000910,CASE_000910,ACC_000480,ATM_000386,2025-07-03 01:28:07.738482821,9569.95,22.7369288913546,75.81971944977604,11.079,9.68,1,1
WD_000911,CASE_000911,ACC_001050,ATM_000178,2024-09-26 18:30:14.701792318,2904.0,22.6681438064313,75.89798883939375,4.583,3.786,1,1
WD_000912,CASE_000912,ACC_001507,ATM_000380,2024-08-25 10:33:38.054819365,88739.85,22.59651120195155,88.46065298871946,10.136,9.054,1,1
WD_000913,CASE_000913,ACC_000093,ATM_000118,2026-05-12 10:14:24.864017951,6635.34,13.134732197921853,80.33347937040632,2.764,1.84,1,1
WD_000914,CASE_000914,ACC_000480,ATM_000178,2025-10-25 10:15:34.437057285,1237.68,22.6681438064313,75.89798883939375,10.618,8.219,1,1
WD_000915,CASE_000915,ACC_000139,ATM_000198,2024-04-25 18:20:52.665588975,2603.17,26.980908442155847,75.78841459480564,4.547,2.619,1,1
WD_000916,CASE_000916,ACC_001335,ATM_000167,2026-05-04 08:36:42.081785827,25629.33,23.10143671627846,72.54542993473302,2.587,0.667,1,1
WD_000917,CASE_000917,ACC_000093,ATM_000117,2025-06-14 18:30:07.159052385,19466.24,22.60313735155465,88.37992691168564,5.561,2.452,1,1
WD_000918,CASE_000918,ACC_000139,ATM_000231,2024-10-30 21:04:19.306270657,15976.26,19.125778981564185,72.9380051403598,4.437,3.849,1,1
WD_000919,CASE_000919,ACC_001625,ATM_000223,2024-12-28 07:51:01.849582180,11064.84,13.189103767144722,80.26507209306659,12.794,10.527,1,1
WD_000920,CASE_000920,ACC_000023,ATM_000386,2025-10-23 01:22:24.090921870,40827.83,22.7369288913546,75.81971944977604,5.129,4.31,1,1
WD_000921,CASE_000921,ACC_000767,ATM_000123,2024-12-08 20:31:02.467375975,18313.71,19.063664994250786,72.86593487113007,1.692,0.86,1,1
WD_000922,CASE_000922,ACC_001335,ATM_000363,2025-06-11 06:45:22.664201127,7991.77,19.078271266035365,72.8728429328227,1.08,0.318,1,1
WD_000923,CASE_000923,ACC_000404,ATM_000287,2025-10-09 08:37:34.672258011,30057.8,19.080182299796885,72.82981670403878,2.265,0.519,1,1
WD_000924,CASE_000924,ACC_001625,ATM_000223,2024-06-27 08:44:09.792464488,14924.13,13.189103767144722,80.26507209306659,9.057,6.45,1,1
WD_000925,CASE_000925,ACC_001625,ATM_000329,2026-05-10 10:07:49.579724889,2101.27,17.35675588217431,78.44448379343599,5.235,4.106,1,1
WD_000926,CASE_000926,ACC_000659,ATM_000125,2024-11-20 12:27:33.330472878,8008.33,19.082563965212646,72.88949657268364,1.098,0.324,1,1
WD_000927,CASE_000927,ACC_000404,ATM_000240,2025-01-17 03:00:02.887400303,27242.81,19.14182262226751,72.94805715683843,1.791,0.901,1,1
WD_000928,CASE_000928,ACC_000961,ATM_000058,2025-09-28 20:18:00.378506942,5261.91,17.42078761520513,78.45075277349024,11.982,10.834,1,1
WD_000929,CASE_000929,ACC_001335,ATM_000035,2025-07-08 17:56:01.654845173,1163.88,12.970941707796804,77.59019717267921,3.457,1.101,1,1
WD_000930,CASE_000930,ACC_001625,ATM_000163,2025-02-05 03:28:29.499621846,8659.55,18.582093040732644,73.92753375223428,4.695,2.797,1,1
WD_000931,CASE_000931,ACC_000694,ATM_000170,2025-08-15 01:15:33.454509560,1279.17,21.185514188320827,72.89145417459305,3.299,2.156,1,0
WD_000932,CASE_000932,ACC_000961,ATM_000233,2026-04-02 20:36:10.470852286,1761.54,21.166209460248332,72.83085952660973,9.165,7.726,1,1
WD_000933,CASE_000933,ACC_000775,ATM_000297,2025-12-30 06:45:58.231820376,36030.31,22.735203387378554,75.94304101477319,5.365,4.475,1,1
WD_000934,CASE_000934,ACC_001365,ATM_000071,2026-01-21 00:53:03.399647627,5323.84,18.518644120823534,73.81067215987761,3.285,2.02,1,1
WD_000935,CASE_000935,ACC_000287,ATM_000167,2024-08-23 12:45:21.370718271,5706.38,23.10143671627846,72.54542993473302,2.914,1.735,1,1
WD_000936,CASE_000936,ACC_001300,ATM_000323,2025-01-17 13:15:42.587708028,5684.43,21.147720468146318,79.08459152499843,11.427,8.612,1,1
WD_000937,CASE_000937,ACC_000782,ATM_000252,2025-05-20 20:08:57.006296213,18868.84,26.97896359678675,75.8661569858974,31.447,30.0,1,1
WD_000938,CASE_000938,ACC_001238,ATM_000244,2024-02-10 08:50:14.997820191,36374.94,12.958407667174459,77.57238012769452,2.649,0.417,1,1
WD_000939,CASE_000939,ACC_000404,ATM_000287,2025-12-02 09:26:52.594856054,4129.09,19.080182299796885,72.82981670403878,2.712,0.963,1,1
WD_000940,CASE_000940,ACC_000467,ATM_000145,2024-10-21 23:53:00.981627935,1253.88,12.9570457342655,77.59946740582812,7.679,6.946,1,1
WD_000941,CASE_000941,ACC_001507,ATM_000346,2024-09-14 16:27:44.198813841,5150.22,22.549604170475213,88.41551566084136,5.782,4.804,1,1
WD_000942,CASE_000942,ACC_000480,ATM_000327,2024-08-24 14:08:21.555899082,10825.1,22.99589851238561,72.57126086103086,8.979,8.073,1,0
WD_000943,CASE_000943,ACC_000467,ATM_000004,2024-09-15 17:35:33.999025252,7903.97,13.072762724653366,80.26387571924367,13.789,11.812,1,1
WD_000944,CASE_000944,ACC_000404,ATM_000176,2024-11-04 00:33:08.454763099,9740.05,19.033545538500235,72.84141876415256,2.196,1.806,1,1
WD_000945,CASE_000945,ACC_001050,ATM_000297,2025-07-05 04:17:41.108003484,7554.82,22.735203387378554,75.94304101477319,4.411,3.735,1,1
WD_000946,CASE_000946,ACC_000139,ATM_000275,2025-06-15 18:50:53.042374731,6788.33,13.12181367829086,80.21824345122793,3.776,2.051,1,1
WD_000947,CASE_000947,ACC_001507,ATM_000180,2024-08-21 09:47:56.580779668,5652.29,22.586746422822937,88.40071491243924,10.917,9.539,1,1
WD_000948,CASE_000948,ACC_000068,ATM_000122,2024-07-07 03:22:23.688335869,8047.47,17.407787151681706,78.45194038063788,2.113,1.263,1,1
WD_000949,CASE_000949,ACC_001300,ATM_000301,2026-01-23 10:04:57.881800053,3076.46,22.598665254680242,88.36523243306792,14.587,13.794,1,1
WD_000950,CASE_000950,ACC_000023,ATM_000306,2024-03-25 18:27:23.257983104,117706.26,28.623145565195355,77.14066011207886,7.153,5.044,1,1
WD_000951,CASE_000951,ACC_000093,ATM_000118,2025-04-12 15:04:32.636697557,10246.35,13.134732197921853,80.33347937040632,10.717,6.435,1,1
WD_000952,CASE_000952,ACC_000880,ATM_000272,2025-04-19 07:20:20.928402446,3703.26,18.985170560413643,72.98772187343326,1.796,0.416,1,1
WD_000953,CASE_000953,ACC_001647,ATM_000346,2025-06-07 06:39:22.222401513,9379.68,22.549604170475213,88.41551566084136,5.729,4.487,1,0
WD_000954,CASE_000954,ACC_000767,ATM_000147,2026-03-18 04:53:47.391780053,2242.68,21.13530887191366,79.0441079144747,9.042,7.514,1,1
WD_000955,CASE_000955,ACC_001592,ATM_000322,2025-07-22 18:41:41.056405934,4651.0,13.00731780206445,77.62564469028096,9.44,8.895,1,1
WD_000956,CASE_000956,ACC_001300,ATM_000313,2026-06-06 08:34:31.786373139,14368.08,18.456075024739004,73.79326097893265,9.047,7.661,1,1
WD_000957,CASE_000957,ACC_000659,ATM_000176,2026-03-05 06:51:08.159152206,3196.07,19.033545538500235,72.84141876415256,11.588,9.551,1,1
WD_000958,CASE_000958,ACC_001768,ATM_000079,2024-07-15 01:04:23.996619852,10845.48,12.91839194471208,77.55015252867156,9.992,8.295,1,1
WD_000959,CASE_000959,ACC_001178,ATM_000387,2024-08-08 23:53:33.459813664,267.07,13.01206799664274,80.32443136103434,30.661,28.511,1,1
WD_000960,CASE_000960,ACC_001133,ATM_000039,2024-11-11 08:31:11.485066318,32878.54,18.44998213174327,73.89797019591478,30.378,29.088,1,1
WD_000961,CASE_000961,ACC_000404,ATM_000127,2024-12-22 17:32:10.080663878,12800.62,21.201147518815567,79.18211667761801,1.465,0.979,1,1
WD_000962,CASE_000962,ACC_000652,ATM_000026,2025-05-18 21:33:39.959751656,5876.18,19.119083215737124,73.0401359973329,2.876,1.073,1,0
WD_000963,CASE_000963,ACC_001350,ATM_000327,2024-07-30 21:08:33.707793296,2463.98,22.99589851238561,72.57126086103086,1.486,0.914,1,1
WD_000964,CASE_000964,ACC_001238,ATM_000210,2024-07-21 14:46:31.551332561,6266.6,12.925436933061711,77.60641484170263,1.42,0.503,1,1
WD_000965,CASE_000965,ACC_000366,ATM_000151,2024-12-13 13:49:21.593144823,24497.03,22.9727121741609,72.56078065791901,3.113,1.001,1,1
WD_000966,CASE_000966,ACC_001300,ATM_000313,2025-09-04 11:40:41.653052758,1498270.25,18.456075024739004,73.79326097893265,6.565,6.093,1,1
WD_000967,CASE_000967,ACC_000819,ATM_000081,2025-09-19 02:51:39.917377460,55918.2,13.045515312876448,80.29521731399635,5.683,4.339,1,1
WD_000968,CASE_000968,ACC_001507,ATM_000245,2026-06-08 09:53:58.819810479,9994.88,17.451714339485374,78.4954272070574,4.083,3.569,1,1
WD_000969,CASE_000969,ACC_001114,ATM_000009,2024-07-03 11:12:29.861958397,18930.32,19.20680726138619,72.97754191653533,1.597,0.818,1,1
WD_000970,CASE_000970,ACC_000775,ATM_000006,2024-12-24 02:20:10.658613978,2950.45,22.778458741462313,75.93860984345183,4.864,3.402,1,1
WD_000971,CASE_000971,ACC_001350,ATM_000305,2026-05-29 00:16:32.818078096,19306.26,26.932165373579654,75.8135284411878,4.567,3.908,1,1
WD_000972,CASE_000972,ACC_000775,ATM_000006,2025-09-20 22:49:45.444369958,1163.68,22.778458741462313,75.93860984345183,8.478,6.174,1,1
WD_000973,CASE_000973,ACC_001238,ATM_000151,2025-06-23 22:25:40.525088812,813.65,22.9727121741609,72.56078065791901,8.85,5.028,1,1
WD_000974,CASE_000974,ACC_001293,ATM_000240,2025-05-06 16:36:53.321867905,822.21,19.14182262226751,72.94805715683843,1.794,0.74,1,1
WD_000975,CASE_000975,ACC_000267,ATM_000151,2024-03-09 22:42:14.984113376,31661.91,22.9727121741609,72.56078065791901,3.745,2.974,1,1
WD_000976,CASE_000976,ACC_000052,ATM_000250,2026-03-25 00:04:16.905964630,6170.75,28.61396675657173,77.21264530441651,3.346,2.576,1,1
WD_000977,CASE_000977,ACC_001267,ATM_000297,2025-07-24 07:40:14.622761636,3618.17,22.735203387378554,75.94304101477319,11.625,9.968,1,1
WD_000978,CASE_000978,ACC_000404,ATM_000125,2025-06-04 21:44:34.264988296,3825.46,19.082563965212646,72.88949657268364,2.807,0.52,1,1
WD_000979,CASE_000979,ACC_000052,ATM_000057,2025-05-06 18:13:16.430572145,1043.99,28.602932299817006,77.08895938394815,6.586,5.819,1,1
WD_000980,CASE_000980,ACC_000093,ATM_000137,2024-12-23 05:12:10.436125374,4281.82,21.223179555604478,72.80923885411525,4.391,2.793,1,1
WD_000981,CASE_000981,ACC_000287,ATM_000330,2024-08-20 03:01:02.185332323,2114.74,20.053223544411868,73.78683249358077,3.028,2.062,1,1
WD_000982,CASE_000982,ACC_000767,ATM_000252,2025-11-19 17:11:30.891672562,246.66,26.97896359678675,75.8661569858974,14.832,11.693,1,1
WD_000983,CASE_000983,ACC_000093,ATM_000333,2025-04-09 14:28:54.325816428,2441.0,13.092670157524704,80.27767499995733,9.298,6.967,1,1
WD_000984,CASE_000984,ACC_001335,ATM_000291,2024-02-01 02:25:09.921462120,1666.09,23.024387860325554,72.60476029315736,4.365,2.49,1,1
WD_000985,CASE_000985,ACC_000093,ATM_000333,2024-12-29 21:43:19.895704519,14119.48,13.092670157524704,80.27767499995733,7.92,7.029,1,1
WD_000986,CASE_000986,ACC_000659,ATM_000287,2026-04-26 02:26:45.020455186,18267.08,19.080182299796885,72.82981670403878,3.456,2.56,1,1
WD_000987,CASE_000987,ACC_001293,ATM_000165,2024-12-06 18:02:35.912700278,1813.11,13.038643372162904,77.5733161676105,3.213,2.182,1,1
WD_000988,CASE_000988,ACC_000093,ATM_000320,2025-01-11 18:42:07.341308467,2290.83,21.24760742524913,72.75777716435258,7.776,6.072,1,0
WD_000989,CASE_000989,ACC_001288,ATM_000366,2025-07-22 16:53:36.002648993,10721.84,28.61454197180099,77.2081250301855,6.607,4.226,1,1
WD_000990,CASE_000990,ACC_000467,ATM_000004,2025-12-31 18:26:30.873290679,713.39,13.072762724653366,80.26387571924367,10.624,9.502,1,1
WD_000991,CASE_000991,ACC_000659,ATM_000240,2025-09-01 01:53:50.943721538,6356.98,19.14182262226751,72.94805715683843,2.664,1.241,1,1
WD_000992,CASE_000992,ACC_001625,ATM_000333,2026-02-13 13:56:58.360697414,4926.89,13.092670157524704,80.27767499995733,4.353,3.207,1,1
WD_000993,CASE_000993,ACC_001050,ATM_000006,2024-04-14 00:49:01.261654419,17127.05,22.778458741462313,75.93860984345183,4.964,4.556,1,1
WD_000994,CASE_000994,ACC_001507,ATM_000346,2026-04-22 10:00:21.800264550,34916.08,22.549604170475213,88.41551566084136,2.714,1.597,1,1
WD_000995,CASE_000995,ACC_000023,ATM_000386,2026-04-03 18:50:16.062818248,3337.14,22.7369288913546,75.81971944977604,7.489,6.525,1,1
WD_000996,CASE_000996,ACC_001350,ATM_000321,2025-04-18 05:20:43.029787219,3690.02,26.818021241490687,80.89303487145207,6.681,4.925,1,1
WD_000997,CASE_000997,ACC_000052,ATM_000337,2025-07-23 05:51:14.698642854,6882.2,19.054280878217295,72.88341484047682,2.49,1.328,1,1
WD_000998,CASE_000998,ACC_000023,ATM_000006,2024-07-13 05:49:17.070484621,7440.91,22.778458741462313,75.93860984345183,8.877,7.736,1,1
WD_000999,CASE_000999,ACC_000767,ATM_000326,2025-02-12 07:28:59.617666988,1067.9,13.07849561142994,80.26923169793007,5.56,4.445,1,1
WD_001000,CASE_001000,ACC_001006,ATM_000300,2024-07-03 17:06:27.525303280,28397.33,17.401000640230144,78.51618072213297,1.201,0.637,1,1
WD_001001,CASE_001001,ACC_000767,ATM_000305,2024-01-21 02:34:29.202940672,26521.5,26.932165373579654,75.8135284411878,2.077,0.908,1,1
WD_001002,CASE_001002,ACC_000023,ATM_000386,2026-06-12 16:50:28.964272138,3149.42,22.7369288913546,75.81971944977604,2.377,1.581,1,1
WD_001003,CASE_001003,ACC_000023,ATM_000068,2024-08-24 10:15:24.473944524,10209.46,20.02776437261695,73.68649367415586,8.277,7.544,1,1
WD_001004,CASE_001004,ACC_000011,ATM_000296,2025-06-24 17:49:44.567965233,5941.35,26.798367487152287,80.98058649230224,10.109,8.051,1,1
WD_001005,CASE_001005,ACC_000533,ATM_000280,2024-09-30 17:57:15.164069906,998.84,23.002582842473544,72.60846343532445,5.28,4.191,1,1
WD_001006,CASE_001006,ACC_000139,ATM_000390,2024-12-04 05:25:13.890205224,2642.92,22.985504681327402,72.51340374808777,14.149,13.232,1,1
WD_001007,CASE_001007,ACC_000366,ATM_000304,2024-12-28 09:53:06.348769584,1333.51,13.021831666544454,77.51243518116864,1.226,0.683,1,1
WD_001008,CASE_001008,ACC_001350,ATM_000014,2024-11-01 10:25:55.959015446,2216.59,22.93891637098737,72.51796872006797,4.97,4.394,1,1
WD_001009,CASE_001009,ACC_001647,ATM_000380,2025-08-03 20:31:30.422297330,795.6,22.59651120195155,88.46065298871946,4.417,2.844,1,1
WD_001010,CASE_001010,ACC_001393,ATM_000347,2026-05-26 14:59:11.506357441,7763.27,21.169933193662782,72.79248473236532,29.076,28.481,1,1
WD_001011,CASE_001011,ACC_001288,ATM_000118,2025-01-25 15:24:43.661724032,5435.27,13.134732197921853,80.33347937040632,3.744,1.64,1,1
WD_001012,CASE_001012,ACC_000267,ATM_000167,2026-06-05 18:15:44.659320779,22274.58,23.10143671627846,72.54542993473302,1.447,0.594,1,0
WD_001013,CASE_001013,ACC_000267,ATM_000146,2025-08-31 11:47:33.122832839,2623.57,18.521843319164628,73.90778304556412,3.074,1.368,1,1
WD_001014,CASE_001014,ACC_001647,ATM_000117,2025-07-07 06:56:18.785772869,1190.08,22.60313735155465,88.37992691168564,4.513,3.387,1,1
WD_001015,CASE_001015,ACC_001350,ATM_000267,2024-08-04 04:05:25.450017609,22421.07,19.926985537109807,73.8445524756298,4.052,3.296,1,1
WD_001016,CASE_001016,ACC_000404,ATM_000243,2024-02-27 09:10:54.701463767,4690.54,18.51743894014746,73.85207264990669,1.484,0.741,1,1
WD_001017,CASE_001017,ACC_000267,ATM_000291,2026-02-15 05:00:55.499182639,15907.62,23.024387860325554,72.60476029315736,2.314,1.035,1,1
WD_001018,CASE_001018,ACC_001768,ATM_000171,2025-06-07 06:12:30.199323035,41239.98,19.99676790453139,73.8287297347669,8.686,7.936,1,1
WD_001019,CASE_001019,ACC_000467,ATM_000004,2025-01-12 23:48:42.636864871,1833.91,13.072762724653366,80.26387571924367,11.067,6.149,1,1
WD_001020,CASE_001020,ACC_001629,ATM_000112,2026-01-09 19:19:11.113175742,605.08,19.098053456425703,72.96234821414691,2.466,1.039,1,1
WD_001021,CASE_001021,ACC_001350,ATM_000279,2024-10-10 10:45:17.155844186,1838.61,26.902603651311935,75.7752716203306,12.225,11.228,1,1
WD_001022,CASE_001022,ACC_000961,ATM_000005,2025-12-15 08:41:30.490431006,11688.25,19.15172421032615,72.9588642711249,11.684,9.139,1,1
WD_001023,CASE_001023,ACC_001238,ATM_000067,2024-10-25 21:12:32.849115201,3971.34,13.018204834127848,77.54074468340339,2.608,1.149,1,1
WD_001024,CASE_001024,ACC_001335,ATM_000167,2026-04-19 00:15:12.978967616,2040.03,23.10143671627846,72.54542993473302,2.107,0.288,1,1
WD_001025,CASE_001025,ACC_001308,ATM_000005,2024-09-01 04:32:30.117642807,1571.41,19.15172421032615,72.9588642711249,1.714,1.02,1,1
WD_001026,CASE_001026,ACC_000093,ATM_000186,2024-05-05 17:02:00.176919464,11636.33,13.14259936414573,80.23722682211573,9.55,6.554,1,1
WD_001027,CASE_001027,ACC_000659,ATM_000287,2025-09-28 00:34:59.689972877,3421.46,19.080182299796885,72.82981670403878,1.397,0.726,1,1
WD_001028,CASE_001028,ACC_000023,ATM_000246,2024-05-29 02:39:15.313297003,9287.01,26.8694817950312,75.87953477374165,18.162,14.418,1,1
WD_001029,CASE_001029,ACC_000267,ATM_000235,2026-05-14 22:50:05.252409608,8336.64,26.84209769237251,80.94906536069078,1.961,0.52,1,1
WD_001030,CASE_001030,ACC_000961,ATM_000167,2025-08-20 15:08:17.536622035,3314.3,23.10143671627846,72.54542993473302,10.081,9.41,1,1
WD_001031,CASE_001031,ACC_001768,ATM_000314,2024-07-29 09:20:34.382287155,2448.58,28.70292954882561,77.16351611949578,1.805,0.74,1,1
WD_001032,CASE_001032,ACC_000819,ATM_000055,2024-07-09 09:11:20.382985357,6888.7,13.085036148706607,80.28059344946895,3.572,2.07,1,1
WD_001033,CASE_001033,ACC_001267,ATM_000006,2026-04-21 21:08:19.371585537,5103.55,22.778458741462313,75.93860984345183,5.535,4.998,1,1
WD_001034,CASE_001034,ACC_001647,ATM_000180,2025-07-07 21:53:32.677116512,8976.35,22.586746422822937,88.40071491243924,3.687,3.009,1,1
WD_001035,CASE_001035,ACC_001296,ATM_000304,2026-03-25 11:19:54.123486199,7599.91,13.021831666544454,77.51243518116864,6.688,5.118,1,1
WD_001036,CASE_001036,ACC_000052,ATM_000062,2024-04-10 15:03:27.439488498,10006.38,12.969744704543817,77.57861234021964,5.094,3.569,1,1
WD_001037,CASE_001037,ACC_000404,ATM_000125,2026-04-23 05:46:12.880520059,1677.41,19.082563965212646,72.88949657268364,4.995,3.905,1,1
WD_001038,CASE_001038,ACC_000093,ATM_000333,2025-04-19 10:54:04.713664783,2690.13,13.092670157524704,80.27767499995733,16.543,15.776,1,1
WD_001039,CASE_001039,ACC_000267,ATM_000194,2025-09-01 02:51:42.154373563,3539.59,23.03781946874166,72.6397004783593,4.485,3.354,1,1
WD_001040,CASE_001040,ACC_001768,ATM_000055,2024-12-05 20:40:57.206688235,45457.85,13.085036148706607,80.28059344946895,4.133,3.328,1,1
WD_001041,CASE_001041,ACC_000023,ATM_000283,2024-02-24 02:01:17.995138632,1203.48,18.522095770853554,73.8557727812762,4.978,3.067,1,1
WD_001042,CASE_001042,ACC_000659,ATM_000131,2026-05-22 20:22:20.278814935,2833.52,19.01179633696639,73.10507488756701,3.263,1.763,1,1
WD_001043,CASE_001043,ACC_001288,ATM_000099,2026-06-25 16:02:37.619231709,4766.89,19.091312358228304,72.91564084956053,14.146,13.201,1,1
WD_001044,CASE_001044,ACC_001349,ATM_000244,2024-11-28 07:44:25.622564714,1539.64,12.958407667174459,77.57238012769452,5.288,2.405,1,1
WD_001045,CASE_001045,ACC_000287,ATM_000295,2026-05-10 02:10:40.618033365,8208.34,22.93821234751503,72.51648916351694,5.45,3.219,1,1
WD_001046,CASE_001046,ACC_001768,ATM_000398,2024-06-02 16:19:23.096262589,2139.06,19.98754407764876,73.77398182769393,21.155,19.982,1,1
WD_001047,CASE_001047,ACC_000961,ATM_000223,2024-05-21 08:41:18.959233583,2297.21,13.189103767144722,80.26507209306659,10.668,9.726,1,1
WD_001048,CASE_001048,ACC_001350,ATM_000256,2024-03-07 20:49:38.118597418,14122.76,22.55546312912808,88.32762532195562,6.31,5.09,1,1
WD_001049,CASE_001049,ACC_000524,ATM_000022,2024-12-22 13:09:17.374333252,56440.22,21.142560585113028,79.08585332554065,2.44,1.504,1,1
WD_001050,CASE_001050,ACC_001267,ATM_000325,2024-02-17 21:13:34.946160789,40525.55,23.012626498140403,72.57699454528036,5.69,5.258,1,1
WD_001051,CASE_001051,ACC_001788,ATM_000186,2024-12-26 22:35:10.193997411,6719.89,13.14259936414573,80.23722682211573,33.801,30.0,1,1
WD_001052,CASE_001052,ACC_000366,ATM_000056,2024-05-06 06:36:42.693319956,5074.64,22.553114682698816,88.36795275956757,4.844,3.9,1,1
WD_001053,CASE_001053,ACC_001350,ATM_000073,2025-10-27 14:46:10.485590115,6441.26,23.035278731188015,72.56957719916596,2.51,1.517,1,1
WD_001054,CASE_001054,ACC_000378,ATM_000112,2026-01-29 14:19:25.747256033,12637.29,19.098053456425703,72.96234821414691,9.683,7.968,1,1
WD_001055,CASE_001055,ACC_000011,ATM_000146,2025-09-18 19:16:24.237948973,2309.16,18.521843319164628,73.90778304556412,4.877,3.419,1,1
WD_001056,CASE_001056,ACC_000093,ATM_000004,2024-07-01 20:10:08.436652825,10963.22,13.072762724653366,80.26387571924367,4.565,2.955,1,1
WD_001057,CASE_001057,ACC_001006,ATM_000005,2025-11-29 17:57:23.630876785,5208.66,19.15172421032615,72.9588642711249,3.588,2.323,1,1
WD_001058,CASE_001058,ACC_001507,ATM_000031,2024-08-15 17:54:38.836479256,2201.5,22.495626098117945,88.29425663931455,10.838,8.867,1,1
WD_001059,CASE_001059,ACC_000287,ATM_000343,2025-11-22 23:43:40.443698568,1923.73,23.068518809346262,72.48325002482707,2.269,0.952,1,1
WD_001060,CASE_001060,ACC_000404,ATM_000287,2025-05-31 23:42:51.529110074,18014.79,19.080182299796885,72.82981670403878,2.134,0.462,1,1
WD_001061,CASE_001061,ACC_000052,ATM_000241,2024-11-30 06:29:54.479172884,438.51,23.089526498005423,72.61873155555956,4.696,4.207,1,1
WD_001062,CASE_001062,ACC_001288,ATM_000118,2024-03-17 03:43:22.553357969,1405.87,13.134732197921853,80.33347937040632,2.246,1.27,1,1
WD_001063,CASE_001063,ACC_000404,ATM_000269,2026-01-24 00:42:33.199311381,3514.81,19.107698538950824,72.88263004250993,4.041,3.081,1,1
WD_001064,CASE_001064,ACC_000023,ATM_000263,2026-05-06 04:27:47.499510029,6104.93,19.996849358431675,73.81137049655416,3.892,2.23,1,1
WD_001065,CASE_001065,ACC_001335,ATM_000280,2025-08-29 17:49:03.697786011,31601.72,23.002582842473544,72.60846343532445,2.191,0.899,1,1
WD_001066,CASE_001066,ACC_000404,ATM_000269,2026-05-28 21:13:42.443635233,4984.95,19.107698538950824,72.88263004250993,4.492,3.573,1,1
WD_001067,CASE_001067,ACC_000524,ATM_000181,2026-05-01 01:18:01.557235482,28190.58,26.966187974153172,75.78297340833223,1.888,0.953,1,1
WD_001068,CASE_001068,ACC_000093,ATM_000004,2024-06-26 14:47:54.483398275,6334.71,13.072762724653366,80.26387571924367,7.88,6.78,1,1
WD_001069,CASE_001069,ACC_001625,ATM_000118,2025-10-28 18:48:05.459808291,63445.6,13.134732197921853,80.33347937040632,15.575,14.875,1,1
WD_001070,CASE_001070,ACC_000023,ATM_000342,2024-11-14 07:14:24.219779190,41299.27,21.173025683536803,72.81846573650408,2.039,0.821,1,1
WD_001071,CASE_001071,ACC_000775,ATM_000006,2025-03-20 09:46:49.196451701,2322.08,22.778458741462313,75.93860984345183,6.701,5.338,1,0
WD_001072,CASE_001072,ACC_001085,ATM_000356,2024-05-23 16:48:48.845254299,2675.35,12.994088595745303,77.60502311695032,16.921,15.808,1,1
WD_001073,CASE_001073,ACC_001350,ATM_000145,2026-06-07 06:29:07.843342681,15388.99,12.9570457342655,77.59946740582812,5.908,5.024,1,1
WD_001074,CASE_001074,ACC_000093,ATM_000333,2025-10-23 19:39:42.222462798,15275.98,13.092670157524704,80.27767499995733,7.394,6.706,1,1
WD_001075,CASE_001075,ACC_001625,ATM_000223,2024-08-31 13:23:30.947266256,4969.42,13.189103767144722,80.26507209306659,9.709,8.528,1,1
WD_001076,CASE_001076,ACC_000819,ATM_000054,2024-12-04 16:16:53.518339721,9048.34,13.098663542145438,80.2606685689505,6.424,5.455,1,1
WD_001077,CASE_001077,ACC_000775,ATM_000386,2025-01-20 02:06:32.205790604,3759.4,22.7369288913546,75.81971944977604,4.942,4.168,1,1
WD_001078,CASE_001078,ACC_000404,ATM_000296,2025-11-12 01:35:46.739070167,68809.88,26.798367487152287,80.98058649230224,1.519,0.653,1,1
WD_001079,CASE_001079,ACC_001335,ATM_000280,2026-04-23 08:42:35.254700585,1543.1,23.002582842473544,72.60846343532445,1.265,0.103,1,1
WD_001080,CASE_001080,ACC_001288,ATM_000004,2024-10-20 06:50:34.540252791,10019.75,13.072762724653366,80.26387571924367,10.876,10.428,1,1
WD_001081,CASE_001081,ACC_000366,ATM_000291,2025-03-06 18:12:13.214900982,5387.48,23.024387860325554,72.60476029315736,7.462,4.793,1,1
WD_001082,CASE_001082,ACC_000467,ATM_000186,2025-06-24 13:53:18.002434612,969.27,13.14259936414573,80.23722682211573,3.998,3.242,1,1
WD_001083,CASE_001083,ACC_000767,ATM_000343,2024-12-24 19:25:11.951056608,1647.15,23.068518809346262,72.48325002482707,11.347,8.82,1,1
WD_001084,CASE_001084,ACC_000775,ATM_000297,2025-04-04 17:13:44.199427540,2181.88,22.735203387378554,75.94304101477319,9.808,6.849,1,1
WD_001085,CASE_001085,ACC_001288,ATM_000186,2024-04-06 10:37:21.128404098,12209.05,13.14259936414573,80.23722682211573,3.431,0.783,1,1
WD_001086,CASE_001086,ACC_000287,ATM_000093,2024-06-01 20:48:16.591059285,2780.55,28.6167369892839,77.28928122735135,2.772,1.245,1,1
WD_001087,CASE_001087,ACC_000533,ATM_000295,2024-12-31 11:24:40.585834185,6552.46,22.93821234751503,72.51648916351694,1.733,0.931,1,1
WD_001088,CASE_001088,ACC_000335,ATM_000075,2026-04-13 15:06:07.043246190,627.42,19.07023940137228,72.84648047877309,2.875,1.585,1,0
WD_001089,CASE_001089,ACC_000480,ATM_000178,2024-11-14 13:36:26.767489846,49360.2,22.6681438064313,75.89798883939375,7.243,6.096,1,1
WD_001090,CASE_001090,ACC_001350,ATM_000194,2024-08-16 02:27:26.978223373,5538.63,23.03781946874166,72.6397004783593,12.988,11.412,1,1
WD_001091,CASE_001091,ACC_000404,ATM_000161,2025-11-07 19:17:22.434508237,25905.88,19.06714542643581,72.87550863111355,1.35,0.279,1,1
WD_001092,CASE_001092,ACC_000775,ATM_000323,2026-05-14 20:52:45.605857731,8294.3,21.147720468146318,79.08459152499843,5.097,4.606,1,1
WD_001093,CASE_001093,ACC_001238,ATM_000179,2025-02-22 07:40:47.289694228,2312.86,26.82231709323649,75.76678503979676,1.401,0.1,1,1
WD_001094,CASE_001094,ACC_000480,ATM_000178,2024-01-08 23:29:43.716729603,27518.14,22.6681438064313,75.89798883939375,3.357,1.951,1,1
WD_001095,CASE_001095,ACC_000775,ATM_000386,2025-09-18 23:32:34.537140305,803.42,22.7369288913546,75.81971944977604,1.846,1.31,1,1
WD_001096,CASE_001096,ACC_000480,ATM_000386,2025-01-13 11:19:22.610755322,10058.37,22.7369288913546,75.81971944977604,8.434,7.68,1,1
WD_001097,CASE_001097,ACC_000093,ATM_000223,2025-09-05 20:42:48.616996713,2448.04,13.189103767144722,80.26507209306659,4.127,2.395,1,0
WD_001098,CASE_001098,ACC_000775,ATM_000142,2024-09-10 02:45:45.188421351,4351.45,13.005844262065027,77.54391096445266,2.769,1.986,1,1
WD_001099,CASE_001099,ACC_001690,ATM_000146,2024-01-03 10:28:00.866353343,1926.04,18.521843319164628,73.90778304556412,5.815,4.794,1,1
WD_001100,CASE_001100,ACC_000767,ATM_000167,2024-11-09 23:51:00.387639678,1906.42,23.10143671627846,72.54542993473302,3.785,2.485,1,1
WD_001101,CASE_001101,ACC_001117,ATM_000164,2025-10-04 03:55:22.612980683,2999.69,19.124536092974644,72.92948649943835,2.343,1.024,1,1
WD_001102,CASE_001102,ACC_000533,ATM_000280,2024-12-24 05:33:38.071456888,165.91,23.002582842473544,72.60846343532445,2.532,1.657,1,1
WD_001103,CASE_001103,ACC_001507,ATM_000389,2024-07-18 16:50:43.181976616,14992.61,19.132232363015927,72.94710985739454,0.822,0.555,1,1
WD_001104,CASE_001104,ACC_001350,ATM_000114,2025-02-27 03:11:14.326338309,6599.55,17.415193888388494,78.48362266665102,10.141,9.581,1,1
WD_001105,CASE_001105,ACC_000775,ATM_000386,2025-11-17 02:34:10.120975948,1443.69,22.7369288913546,75.81971944977604,17.221,14.874,1,1
WD_001106,CASE_001106,ACC_000659,ATM_000260,2024-04-18 21:16:49.390668752,19475.16,17.372096549397376,78.44381442569795,1.995,0.932,1,1
WD_001107,CASE_001107,ACC_000011,ATM_000108,2025-09-22 09:16:35.512267641,4892.51,18.589901303342067,73.91787562266242,4.81,3.751,1,1
WD_001108,CASE_001108,ACC_000068,ATM_000019,2025-08-31 01:56:41.557055643,7127.64,23.00704618103605,72.55527239374688,3.135,1.632,1,1
WD_001109,CASE_001109,ACC_000659,ATM_000161,2024-12-03 21:08:02.562608274,2875.98,19.06714542643581,72.87550863111355,3.321,1.792,1,1
WD_001110,CASE_001110,ACC_000052,ATM_000014,2026-06-03 07:34:58.332017392,2678.23,22.93891637098737,72.51796872006797,8.152,4.925,1,1
WD_001111,CASE_001111,ACC_000023,ATM_000352,2026-03-26 11:28:22.622064855,7313.71,19.058274564831336,73.00429701439202,9.636,8.944,1,1
WD_001112,CASE_001112,ACC_001625,ATM_000333,2024-10-15 02:32:40.194013450,164577.05,13.092670157524704,80.27767499995733,1.99,0.714,1,1
WD_001113,CASE_001113,ACC_000480,ATM_000178,2024-01-29 09:32:55.731942008,18043.79,22.6681438064313,75.89798883939375,1.773,0.943,1,1
WD_001114,CASE_001114,ACC_001350,ATM_000170,2024-10-08 17:29:44.294287780,35526.34,21.185514188320827,72.89145417459305,20.719,19.206,1,1
WD_001115,CASE_001115,ACC_000480,ATM_000386,2024-07-05 19:09:43.358149935,22163.42,22.7369288913546,75.81971944977604,7.121,5.976,1,1
WD_001116,CASE_001116,ACC_001507,ATM_000346,2025-05-13 21:17:19.230885918,11740.6,22.549604170475213,88.41551566084136,8.173,6.881,1,1
WD_001117,CASE_001117,ACC_001335,ATM_000096,2026-04-17 00:57:34.992978173,24467.02,17.42854028389265,78.44441128823419,1.532,0.691,1,0
WD_001118,CASE_001118,ACC_000480,ATM_000006,2026-03-03 22:32:12.183183356,8236.98,22.778458741462313,75.93860984345183,1.477,0.507,1,1
WD_001119,CASE_001119,ACC_001050,ATM_000066,2024-10-05 18:27:09.444120597,3645.02,13.03389423523437,77.55055075170849,3.804,2.968,1,0
WD_001120,CASE_001120,ACC_000775,ATM_000238,2025-01-25 17:29:03.235218811,10811.5,22.507977612888034,88.40945837621726,6.628,5.663,1,1
WD_001121,CASE_001121,ACC_000052,ATM_000126,2024-02-03 16:41:42.007439897,2462.2,12.970793101253118,77.63507536164143,9.736,8.349,1,1
WD_001122,CASE_001122,ACC_001300,ATM_000313,2025-05-10 22:22:11.158381101,5597.37,18.456075024739004,73.79326097893265,4.779,3.469,1,1
WD_001123,CASE_001123,ACC_001300,ATM_000227,2024-02-27 18:07:46.189249447,396.14,19.15718362687224,72.84831105016114,0.652,0.249,1,1
WD_001124,CASE_001124,ACC_000404,ATM_000176,2026-05-05 04:19:43.366302152,654.98,19.033545538500235,72.84141876415256,2.643,2.533,1,1
WD_001125,CASE_001125,ACC_000023,ATM_000297,2026-03-01 06:12:24.940937120,4128.13,22.735203387378554,75.94304101477319,11.566,10.384,1,1
WD_001126,CASE_001126,ACC_001507,ATM_000119,2024-07-14 12:04:42.411902036,1686.21,28.61336731870137,77.21070331799069,9.08,8.032,1,1
WD_001127,CASE_001127,ACC_001288,ATM_000287,2025-09-29 17:15:35.511898527,3997.99,19.080182299796885,72.82981670403878,14.263,13.242,1,1
WD_001128,CASE_001128,ACC_000767,ATM_000217,2025-06-01 22:53:58.286203788,9797.99,19.182902062919357,72.90085092579497,11.702,10.422,1,1
WD_001129,CASE_001129,ACC_001288,ATM_000236,2025-12-31 10:10:32.483104622,7356.34,23.01538106117906,72.56115543766649,9.291,8.08,1,1
WD_001130,CASE_001130,ACC_001300,ATM_000146,2025-03-09 12:31:51.132969196,1537.8,18.521843319164628,73.90778304556412,4.873,4.193,1,1
WD_001131,CASE_001131,ACC_000480,ATM_000006,2024-06-24 06:15:37.746598610,20474.65,22.778458741462313,75.93860984345183,13.358,12.358,1,1
WD_001132,CASE_001132,ACC_000023,ATM_000006,2025-08-06 00:59:55.459074357,10648.22,22.778458741462313,75.93860984345183,3.463,1.946,1,1
WD_001133,CASE_001133,ACC_000404,ATM_000269,2024-03-14 07:12:40.772180311,9122.67,19.107698538950824,72.88263004250993,3.962,2.189,1,1
WD_001134,CASE_001134,ACC_001308,ATM_000266,2025-06-17 02:24:00.284677307,6184.32,19.295011560360354,72.96582279328184,12.968,11.623,1,1
WD_001135,CASE_001135,ACC_000659,ATM_000068,2024-07-12 21:01:05.986008339,4520.67,20.02776437261695,73.68649367415586,2.44,1.681,1,1
WD_001136,CASE_001136,ACC_000819,ATM_000156,2025-09-16 13:04:59.911542685,22187.55,13.101891989694947,80.25397609097955,13.633,12.92,1,1
WD_001137,CASE_001137,ACC_000533,ATM_000291,2026-01-24 17:08:13.768298281,11178.15,23.024387860325554,72.60476029315736,8.801,5.962,1,1
WD_001138,CASE_001138,ACC_000480,ATM_000297,2024-04-10 02:16:05.954909281,1264.36,22.735203387378554,75.94304101477319,7.62,5.123,1,1
WD_001139,CASE_001139,ACC_000533,ATM_000280,2024-12-30 16:48:44.345093645,2355.11,23.002582842473544,72.60846343532445,1.341,0.362,1,1
WD_001140,CASE_001140,ACC_001288,ATM_000095,2025-10-30 07:14:17.889114337,827.75,19.999374347419597,73.69923227905664,1.522,0.512,1,1
WD_001141,CASE_001141,ACC_001768,ATM_000081,2024-05-29 16:04:13.457631490,6827.93,13.045515312876448,80.29521731399635,12.867,12.028,1,0
WD_001142,CASE_001142,ACC_001350,ATM_000280,2025-05-31 07:49:27.618782423,1333.82,23.002582842473544,72.60846343532445,5.351,2.717,1,1
WD_001143,CASE_001143,ACC_001507,ATM_000117,2025-09-04 03:24:08.896466221,3845.96,22.60313735155465,88.37992691168564,2.315,0.648,1,1
WD_001144,CASE_001144,ACC_000011,ATM_000146,2024-11-19 09:46:52.827890229,5956.44,18.521843319164628,73.90778304556412,4.574,3.038,1,1
WD_001145,CASE_001145,ACC_000775,ATM_000022,2026-01-28 11:50:59.585058453,3115.74,21.142560585113028,79.08585332554065,13.389,10.952,1,1
WD_001146,CASE_001146,ACC_000267,ATM_000194,2025-04-10 08:58:24.814432643,5664.24,23.03781946874166,72.6397004783593,3.943,2.924,1,1
WD_001147,CASE_001147,ACC_000659,ATM_000381,2025-07-25 06:19:15.970734552,2687.12,12.971857476882128,77.56639347194628,1.706,0.986,1,1
WD_001148,CASE_001148,ACC_000052,ATM_000194,2024-05-08 11:44:39.676048485,15047.82,23.03781946874166,72.6397004783593,3.702,3.419,1,1
WD_001149,CASE_001149,ACC_000480,ATM_000178,2024-01-22 18:26:43.927682491,4833.25,22.6681438064313,75.89798883939375,16.071,14.215,1,1
WD_001150,CASE_001150,ACC_000267,ATM_000295,2024-02-16 07:19:29.525198850,9352.48,22.93821234751503,72.51648916351694,1.758,0.281,1,1
WD_001151,CASE_001151,ACC_000267,ATM_000151,2026-04-03 13:50:27.691737642,4238.97,22.9727121741609,72.56078065791901,2.531,0.696,1,1
WD_001152,CASE_001152,ACC_000480,ATM_000370,2026-03-15 06:12:33.607439447,1979.25,26.96837587549417,75.82867978776605,4.116,2.675,1,1
WD_001153,CASE_001153,ACC_000052,ATM_000246,2026-01-06 00:49:08.387968178,10318.9,26.8694817950312,75.87953477374165,7.64,6.22,1,1
WD_001154,CASE_001154,ACC_001768,ATM_000142,2024-07-01 06:30:22.330081918,9759.1,13.005844262065027,77.54391096445266,10.187,8.144,1,1
WD_001155,CASE_001155,ACC_000068,ATM_000077,2025-04-23 21:19:48.073271937,3368.84,19.961013614778327,73.8200624868421,4.702,3.183,1,1
WD_001156,CASE_001156,ACC_000267,ATM_000365,2025-12-26 11:59:15.767424629,14773.92,13.142658167648497,80.3520057432738,5.683,2.945,1,1
WD_001157,CASE_001157,ACC_001050,ATM_000006,2025-09-06 18:56:21.788315962,25676.0,22.778458741462313,75.93860984345183,3.972,2.771,1,1
WD_001158,CASE_001158,ACC_001350,ATM_000046,2024-04-15 11:26:46.268734475,583.3,23.081528414336862,72.51810777211162,5.691,4.569,1,1
WD_001159,CASE_001159,ACC_000190,ATM_000005,2026-03-27 10:16:48.676670792,11056.56,19.15172421032615,72.9588642711249,14.167,12.043,1,1
WD_001160,CASE_001160,ACC_000524,ATM_000198,2024-05-26 15:02:08.284372386,5802.98,26.980908442155847,75.78841459480564,5.876,3.813,1,1
WD_001161,CASE_001161,ACC_001288,ATM_000004,2024-06-05 21:33:57.585707617,3901.7,13.072762724653366,80.26387571924367,9.425,6.318,1,1
WD_001162,CASE_001162,ACC_000068,ATM_000181,2026-03-31 21:47:17.662930685,27938.03,26.966187974153172,75.78297340833223,2.136,1.282,1,1
WD_001163,CASE_001163,ACC_001300,ATM_000383,2025-03-17 15:26:26.929341216,1781.98,22.614733544326302,88.39126645372609,3.776,2.21,1,1
WD_001164,CASE_001164,ACC_000659,ATM_000269,2024-12-05 18:33:14.513902001,31406.51,19.107698538950824,72.88263004250993,1.647,0.426,1,1
WD_001165,CASE_001165,ACC_001288,ATM_000118,2025-05-19 11:36:25.676197084,2553.96,13.134732197921853,80.33347937040632,2.456,0.585,1,1
WD_001166,CASE_001166,ACC_001238,ATM_000397,2026-06-13 04:08:51.290160753,5737.55,23.022875444545114,72.573598296441,2.876,0.742,1,1
WD_001167,CASE_001167,ACC_000767,ATM_000305,2024-04-19 05:55:36.254806974,4709.15,26.932165373579654,75.8135284411878,6.326,4.827,1,1
WD_001168,CASE_001168,ACC_000068,ATM_000384,2025-11-20 16:09:17.239186847,657.79,13.000743516487171,77.65449161142344,2.225,1.745,1,1
WD_001169,CASE_001169,ACC_000533,ATM_000083,2024-10-31 17:56:37.697557633,4132.37,23.08093017221658,72.54410723265323,4.243,2.474,1,0
WD_001170,CASE_001170,ACC_000480,ATM_000380,2024-04-16 18:28:30.602194011,2888.83,22.59651120195155,88.46065298871946,3.31,2.08,1,1
WD_001171,CASE_001171,ACC_001768,ATM_000081,2025-01-19 15:36:24.993188468,3042.51,13.045515312876448,80.29521731399635,6.456,5.815,1,1
WD_001172,CASE_001172,ACC_000533,ATM_000194,2025-05-14 23:58:07.103491674,25569.18,23.03781946874166,72.6397004783593,2.036,0.1,1,1
WD_001173,CASE_001173,ACC_000652,ATM_000273,2024-07-06 17:26:17.435845530,11622.24,18.9747741925689,72.91706664148816,2.293,1.062,1,1
WD_001174,CASE_001174,ACC_000961,ATM_000005,2025-01-04 07:34:06.656266315,9241.32,19.15172421032615,72.9588642711249,2.757,1.977,1,1
WD_001175,CASE_001175,ACC_000659,ATM_000287,2025-08-02 03:42:37.560876637,3353.15,19.080182299796885,72.82981670403878,1.29,0.375,1,1
WD_001176,CASE_001176,ACC_000775,ATM_000286,2025-06-09 07:04:24.413681896,9679.13,28.61273228687192,77.16674493026554,3.614,2.133,1,1
WD_001177,CASE_001177,ACC_000404,ATM_000046,2025-10-20 21:26:31.909151694,5616.9,23.081528414336862,72.51810777211162,2.259,1.512,1,1
WD_001178,CASE_001178,ACC_000023,ATM_000386,2026-02-01 06:41:50.383777541,3430.1,22.7369288913546,75.81971944977604,7.549,5.028,1,1
WD_001179,CASE_001179,ACC_001349,ATM_000001,2025-01-07 20:32:10.978168140,1347.82,22.570259981191402,88.32864222600998,3.092,1.188,1,1
WD_001180,CASE_001180,ACC_001308,ATM_000271,2025-01-20 09:53:20.414525291,4835.21,19.08646623215896,72.86664059449174,2.132,0.868,1,1
WD_001181,CASE_001181,ACC_000467,ATM_000118,2025-03-28 16:32:37.826753757,8162.8,13.134732197921853,80.33347937040632,4.867,3.47,1,1
WD_001182,CASE_001182,ACC_000659,ATM_000160,2025-05-31 00:16:13.648617505,19286.25,22.520200049045243,88.35316886121771,1.52,0.67,1,1
WD_001183,CASE_001183,ACC_000467,ATM_000249,2024-04-09 03:55:00.433694417,14907.42,28.66079544759772,77.14494487184595,11.55,10.582,1,1
WD_001184,CASE_001184,ACC_001335,ATM_000049,2024-10-11 21:41:10.514772837,562.1,13.086181904283295,80.27557966805446,2.227,1.144,1,1
WD_001185,CASE_001185,ACC_000404,ATM_000086,2024-06-05 17:50:26.438710212,6116.61,19.043575603739146,72.91107028466806,3.598,0.616,1,1
WD_001186,CASE_001186,ACC_001788,ATM_000116,2024-12-18 02:48:22.944692046,20054.74,26.930292496888846,75.78119583030755,14.522,13.75,1,1
WD_001187,CASE_001187,ACC_000659,ATM_000125,2026-06-05 20:25:30.849383794,134669.68,19.082563965212646,72.88949657268364,3.012,2.157,1,1
WD_001188,CASE_001188,ACC_000961,ATM_000282,2025-06-14 23:20:00.461426598,2806.59,19.051630192585513,73.01765242288891,2.504,0.816,1,1
WD_001189,CASE_001189,ACC_001300,ATM_000108,2025-01-26 07:23:59.238220418,11706.06,18.589901303342067,73.91787562266242,3.402,2.044,1,1
WD_001190,CASE_001190,ACC_001267,ATM_000386,2025-05-30 23:53:04.407637911,194399.15,22.7369288913546,75.81971944977604,10.24,8.711,1,1
WD_001191,CASE_001191,ACC_000467,ATM_000118,2025-09-02 16:57:44.400521479,4795.42,13.134732197921853,80.33347937040632,28.273,27.146,1,1
WD_001192,CASE_001192,ACC_001625,ATM_000169,2025-01-31 11:00:30.322206572,2889.86,21.108460788270737,79.07395210235893,5.186,3.049,1,1
WD_001193,CASE_001193,ACC_001335,ATM_000194,2025-02-11 22:16:19.614187020,1544.45,23.03781946874166,72.6397004783593,1.545,0.672,1,1
WD_001194,CASE_001194,ACC_001350,ATM_000194,2025-10-01 01:14:22.361590717,129029.12,23.03781946874166,72.6397004783593,1.805,1.0,1,1
WD_001195,CASE_001195,ACC_001050,ATM_000289,2024-02-25 16:07:39.428715776,1397.65,12.890909400270655,77.60473950651868,5.428,4.216,1,1
WD_001196,CASE_001196,ACC_000524,ATM_000198,2025-05-07 07:05:39.454567498,4222.05,26.980908442155847,75.78841459480564,6.773,5.774,1,1
WD_001197,CASE_001197,ACC_001625,ATM_000024,2025-05-13 23:59:40.697336517,1564.17,26.909515646004493,75.7819370692034,9.219,6.402,1,1
WD_001198,CASE_001198,ACC_000052,ATM_000182,2025-11-20 12:35:47.106019137,5698.12,26.936306907927246,75.72871603602272,2.965,1.339,1,0
WD_001199,CASE_001199,ACC_000404,ATM_000137,2026-06-14 09:36:21.722974085,2510.83,21.223179555604478,72.80923885411525,5.061,4.441,1,1
WD_001200,CASE_001200,ACC_000023,ATM_000386,2025-12-26 10:24:34.944893286,21235.08,22.7369288913546,75.81971944977604,12.027,10.88,1,1
