src_account_id,dst_account_id,complaint_id,timestamp,amount
ACC_000815,ACC_000767,CASE_000001,2024-12-07 00:26:20.747690019,1855.41
ACC_000815,ACC_000767,CASE_000001,2024-12-07 00:27:34.944070614,1839.88
ACC_000815,ACC_000767,CASE_000001,2024-12-07 00:33:32.731616166,1212.8
ACC_000815,ACC_000767,CASE_000001,2024-12-07 00:37:10.337752166,224.65
ACC_000767,ACC_001308,CASE_000001,2024-12-07 01:17:52.684993342,3460.59
ACC_001308,ACC_000139,CASE_000001,2024-12-07 01:48:45.427807811,3460.59
ACC_000590,ACC_001625,CASE_000002,2024-11-09 07:36:49.428065956,7963.97
ACC_000590,ACC_001625,CASE_000002,2024-11-09 07:41:01.654512933,16712.41
ACC_000590,ACC_001625,CASE_000002,2024-11-09 07:44:14.333039690,6077.19
ACC_000590,ACC_001625,CASE_000002,2024-11-09 07:47:54.559643044,19426.95
ACC_001625,ACC_001288,CASE_000002,2024-11-09 07:50:22.420022056,39630.14
ACC_001288,ACC_000093,CASE_000002,2024-11-09 07:51:47.777318058,39630.14
ACC_000493,ACC_001350,CASE_000003,2024-01-06 03:57:56.230016399,73293.46
ACC_001350,ACC_000052,CASE_000003,2024-01-06 03:59:33.213881326,73293.46
ACC_000902,ACC_000480,CASE_000004,2026-06-13 19:37:32.083097996,4969.66
ACC_000480,ACC_000023,CASE_000004,2026-06-13 19:58:08.975256714,3888.4
ACC_000023,ACC_000480,CASE_000004,2026-06-13 20:29:43.022285528,3888.4
ACC_000661,ACC_000480,CASE_000005,2025-07-06 13:04:29.705287082,2398.77
ACC_000480,ACC_000775,CASE_000005,2025-07-06 13:05:43.177479342,1343.35
ACC_000775,ACC_000480,CASE_000005,2025-07-06 13:11:54.595483655,1343.35
ACC_001354,ACC_001507,CASE_000006,2025-01-01 12:35:47.788451252,1700.69
ACC_001354,ACC_001507,CASE_000006,2025-01-01 12:38:02.472120047,95437.82
ACC_001507,ACC_001647,CASE_000006,2025-01-01 13:20:26.044345629,97138.51
ACC_000526,ACC_000023,CASE_000007,2025-05-10 09:40:14.641969855,8855.32
ACC_000526,ACC_000023,CASE_000007,2025-05-10 09:44:16.482681170,3436.67
ACC_000526,ACC_000023,CASE_000007,2025-05-10 09:59:40.707999449,8314.75
ACC_000023,ACC_000480,CASE_000007,2025-05-10 10:02:28.127427805,15393.99
ACC_000480,ACC_000775,CASE_000007,2025-05-10 10:08:22.040828705,15393.99
ACC_000719,ACC_000480,CASE_000008,2024-02-06 22:48:42.866839446,1205.07
ACC_000480,ACC_000775,CASE_000008,2024-02-06 23:08:48.218747528,985.64
ACC_000775,ACC_000023,CASE_000008,2024-02-06 23:10:25.921421893,985.64
ACC_001398,ACC_000139,CASE_000009,2024-06-07 05:16:38.744128289,6901.01
ACC_000139,ACC_001308,CASE_000009,2024-06-07 05:19:27.999048898,6901.01
ACC_000312,ACC_001350,CASE_000010,2025-07-21 21:34:14.247718516,69985.94
ACC_000312,ACC_001350,CASE_000010,2025-07-21 21:43:09.616297458,145531.03
ACC_001350,ACC_000052,CASE_000010,2025-07-21 22:17:07.488952634,215516.96
ACC_001599,ACC_001296,CASE_000011,2025-04-13 13:24:18.302084667,7427.48
ACC_001296,ACC_000819,CASE_000011,2025-04-13 13:55:04.134159797,4199.52
ACC_000819,ACC_001296,CASE_000011,2025-04-13 13:59:34.342548700,4199.52
ACC_001320,ACC_001293,CASE_000012,2025-12-18 01:15:37.869858662,4518.77
ACC_001293,ACC_001349,CASE_000012,2025-12-18 01:33:44.059930199,3831.39
ACC_001349,ACC_001293,CASE_000012,2025-12-18 01:58:15.376810731,3831.39
ACC_001113,ACC_001349,CASE_000013,2025-08-23 03:47:55.400111261,2578.63
ACC_001349,ACC_001629,CASE_000013,2025-08-23 04:15:15.490085130,1756.64
ACC_001629,ACC_001293,CASE_000013,2025-08-23 04:20:34.399939716,1355.83
ACC_001293,ACC_001629,CASE_000013,2025-08-23 04:34:59.141244508,1355.83
ACC_000687,ACC_001267,CASE_000014,2025-07-01 22:30:36.080530002,650.12
ACC_000687,ACC_001267,CASE_000014,2025-07-01 22:35:58.690224376,51619.67
ACC_000687,ACC_001267,CASE_000014,2025-07-01 22:47:26.214708848,52881.43
ACC_001267,ACC_001050,CASE_000014,2025-07-01 22:49:28.784737550,105151.22
ACC_001081,ACC_000533,CASE_000015,2026-01-12 17:32:43.406128035,21058.69
ACC_000533,ACC_000287,CASE_000015,2026-01-12 17:39:34.524583523,18440.93
ACC_000287,ACC_000366,CASE_000015,2026-01-12 18:05:17.424532350,18440.93
ACC_000243,ACC_000287,CASE_000016,2024-03-03 04:48:32.851948869,37514.24
ACC_000287,ACC_001335,CASE_000016,2024-03-03 05:33:23.550613019,37514.24
ACC_001701,ACC_001625,CASE_000017,2025-09-21 09:50:15.844720950,8877.22
ACC_001701,ACC_001625,CASE_000017,2025-09-21 09:51:28.994502499,583.29
ACC_001625,ACC_000093,CASE_000017,2025-09-21 09:59:20.342747599,9460.51
ACC_000263,ACC_000404,CASE_000018,2025-10-13 22:43:12.975106573,22998.42
ACC_000404,ACC_000659,CASE_000018,2025-10-13 22:57:14.921050576,22998.42
ACC_000212,ACC_001308,CASE_000019,2024-09-07 17:23:46.896036417,4626.13
ACC_001308,ACC_000767,CASE_000019,2024-09-07 17:57:08.620562149,3995.26
ACC_000767,ACC_001308,CASE_000019,2024-09-07 18:16:19.012671705,3995.26
ACC_000450,ACC_000880,CASE_000020,2024-06-27 05:54:13.462976729,4593.77
ACC_000450,ACC_000880,CASE_000020,2024-06-27 06:11:34.508448107,50.0
ACC_000880,ACC_000652,CASE_000020,2024-06-27 06:30:33.856012465,4637.08
ACC_000865,ACC_001300,CASE_000021,2024-07-13 19:50:05.351761622,15986.14
ACC_001300,ACC_000011,CASE_000021,2024-07-13 20:16:49.192724773,15986.14
ACC_000846,ACC_000052,CASE_000022,2024-06-29 12:43:39.737995541,33255.71
ACC_000052,ACC_001350,CASE_000022,2024-06-29 13:32:10.806277343,33255.71
ACC_001513,ACC_000480,CASE_000023,2025-04-22 04:34:37.423367835,10655.43
ACC_001513,ACC_000480,CASE_000023,2025-04-22 04:44:38.389351994,1816.7
ACC_001513,ACC_000480,CASE_000023,2025-04-22 04:46:31.001532664,497.91
ACC_000480,ACC_000775,CASE_000023,2025-04-22 05:10:37.260366879,12970.04
ACC_001627,ACC_001238,CASE_000024,2024-05-03 14:34:07.938553778,3949.08
ACC_001238,ACC_001349,CASE_000024,2024-05-03 14:54:04.530459182,3949.08
ACC_000512,ACC_000404,CASE_000025,2025-08-23 14:49:47.129754725,8132.48
ACC_000404,ACC_000659,CASE_000025,2025-08-23 15:01:47.310080167,8132.48
ACC_001766,ACC_000659,CASE_000026,2024-04-05 17:39:13.337791338,1337.27
ACC_000659,ACC_000404,CASE_000026,2024-04-05 17:47:34.193113841,1337.27
ACC_000789,ACC_000011,CASE_000027,2024-01-25 12:27:59.032893656,108.85
ACC_000789,ACC_000011,CASE_000027,2024-01-25 12:35:58.085671582,490.51
ACC_000011,ACC_001300,CASE_000027,2024-01-25 13:20:13.169537378,599.36
ACC_001444,ACC_000366,CASE_000028,2024-10-17 21:31:53.877619190,15552.83
ACC_000366,ACC_001335,CASE_000028,2024-10-17 22:08:52.112549868,12542.43
ACC_001335,ACC_000366,CASE_000028,2024-10-17 22:10:45.722720004,8467.7
ACC_000366,ACC_000287,CASE_000028,2024-10-17 22:11:49.641258689,8467.7
ACC_000065,ACC_001350,CASE_000029,2024-06-23 20:16:14.252964877,3902.05
ACC_001350,ACC_000052,CASE_000029,2024-06-23 20:20:22.227410136,3902.05
ACC_001573,ACC_001507,CASE_000030,2026-06-19 16:39:39.373428646,3704.84
ACC_001573,ACC_001507,CASE_000030,2026-06-19 16:44:21.704876279,2942.09
ACC_001507,ACC_001647,CASE_000030,2026-06-19 16:56:29.487029978,6646.93
ACC_001450,ACC_001625,CASE_000031,2024-10-03 01:30:03.281773262,4753.06
ACC_001450,ACC_001625,CASE_000031,2024-10-03 01:31:32.380138938,8831.14
ACC_001450,ACC_001625,CASE_000031,2024-10-03 01:32:45.847546195,3472.2
ACC_001450,ACC_001625,CASE_000031,2024-10-03 01:35:03.344737209,2278.43
ACC_001625,ACC_001288,CASE_000031,2024-10-03 02:27:54.049354551,19334.83
ACC_000640,ACC_000023,CASE_000032,2024-07-21 07:49:04.158696481,143756.51
ACC_000023,ACC_000480,CASE_000032,2024-07-21 07:54:10.138744988,95351.84
ACC_000480,ACC_000775,CASE_000032,2024-07-21 08:24:31.432571624,95351.84
ACC_000839,ACC_001288,CASE_000033,2024-06-28 06:43:13.076432872,1781.26
ACC_000839,ACC_001288,CASE_000033,2024-06-28 06:44:57.374839093,10686.35
ACC_001288,ACC_001625,CASE_000033,2024-06-28 07:19:47.264640233,12467.61
ACC_000344,ACC_001788,CASE_000034,2024-12-06 14:22:47.684869139,49373.53
ACC_000344,ACC_001788,CASE_000034,2024-12-06 14:26:31.055901633,24757.07
ACC_001788,ACC_000782,CASE_000034,2024-12-06 14:38:54.558083047,47065.57
ACC_000782,ACC_000820,CASE_000034,2024-12-06 15:53:54.212070429,47065.57
ACC_001162,ACC_000366,CASE_000035,2025-07-05 22:50:17.806103562,63.56
ACC_001162,ACC_000366,CASE_000035,2025-07-05 22:52:08.458597174,22177.65
ACC_001162,ACC_000366,CASE_000035,2025-07-05 22:55:01.596020498,6397.26
ACC_001162,ACC_000366,CASE_000035,2025-07-05 23:06:32.863967771,1307.24
ACC_000366,ACC_000533,CASE_000035,2025-07-05 23:44:02.184266030,18970.59
ACC_000533,ACC_000287,CASE_000035,2025-07-06 00:37:26.965866840,18970.59
ACC_001450,ACC_000445,CASE_000036,2025-12-13 09:20:25.639461738,9641.03
ACC_000445,ACC_000664,CASE_000036,2025-12-13 09:38:13.100907047,6868.28
ACC_000664,ACC_000445,CASE_000036,2025-12-13 10:46:23.871818062,6868.28
ACC_001095,ACC_000052,CASE_000037,2024-11-28 03:46:19.879358267,12620.61
ACC_000052,ACC_001350,CASE_000037,2024-11-28 03:50:26.450852272,12620.61
ACC_000150,ACC_001350,CASE_000038,2025-07-24 07:08:47.394181350,1746.27
ACC_001350,ACC_000052,CASE_000038,2025-07-24 07:52:27.300098621,1746.27
ACC_000695,ACC_001046,CASE_000039,2025-03-15 04:35:22.173588466,16359.43
ACC_001046,ACC_000820,CASE_000039,2025-03-15 04:42:22.091229407,14662.98
ACC_000820,ACC_000782,CASE_000039,2025-03-15 04:47:04.512087469,11234.87
ACC_000782,ACC_001788,CASE_000039,2025-03-15 04:57:56.413753157,11234.87
ACC_000363,ACC_001117,CASE_000040,2026-02-10 04:23:35.967248377,399.05
ACC_000363,ACC_001117,CASE_000040,2026-02-10 04:26:38.414745986,1551.14
ACC_000363,ACC_001117,CASE_000040,2026-02-10 04:30:50.665446412,50.0
ACC_001117,ACC_000694,CASE_000040,2026-02-10 04:33:20.505675265,1515.94
ACC_000694,ACC_000652,CASE_000040,2026-02-10 05:16:47.973981293,1515.94
ACC_001377,ACC_000404,CASE_000041,2025-06-02 10:17:45.642986446,5919.53
ACC_001377,ACC_000404,CASE_000041,2025-06-02 10:20:53.992068795,1487.13
ACC_001377,ACC_000404,CASE_000041,2025-06-02 10:24:08.108214863,6144.9
ACC_000404,ACC_000659,CASE_000041,2025-06-02 10:55:48.529668331,13551.55
ACC_001621,ACC_001625,CASE_000042,2024-09-21 02:59:41.102425604,6239.78
ACC_001625,ACC_001288,CASE_000042,2024-09-21 03:10:34.683167569,4530.31
ACC_001288,ACC_001625,CASE_000042,2024-09-21 03:12:22.942746164,3173.51
ACC_001625,ACC_001288,CASE_000042,2024-09-21 03:42:07.711519103,3173.51
ACC_001670,ACC_001350,CASE_000043,2025-10-02 23:58:39.567945233,3967.08
ACC_001350,ACC_000052,CASE_000043,2025-10-03 00:43:28.393675962,3967.08
ACC_000363,ACC_000533,CASE_000044,2026-01-17 02:18:33.640712297,7160.58
ACC_000533,ACC_000267,CASE_000044,2026-01-17 02:29:30.563908889,5680.83
ACC_000267,ACC_000366,CASE_000044,2026-01-17 02:31:57.725343483,5680.83
ACC_000216,ACC_001647,CASE_000045,2025-02-28 00:48:42.233433966,42489.93
ACC_000216,ACC_001647,CASE_000045,2025-02-28 00:51:48.524368437,72023.15
ACC_000216,ACC_001647,CASE_000045,2025-02-28 00:53:22.112007755,56563.97
ACC_000216,ACC_001647,CASE_000045,2025-02-28 00:57:40.503308367,806.57
ACC_001647,ACC_001507,CASE_000045,2025-02-28 02:21:12.132744895,171883.62
ACC_000256,ACC_001350,CASE_000046,2026-06-18 08:19:55.316006846,21312.85
ACC_001350,ACC_000052,CASE_000046,2026-06-18 09:59:24.147898615,21312.85
ACC_000129,ACC_001288,CASE_000047,2026-03-11 20:51:33.259176570,10165.28
ACC_000129,ACC_001288,CASE_000047,2026-03-11 20:58:55.352018461,811.45
ACC_001288,ACC_000093,CASE_000047,2026-03-11 21:17:34.734427226,8748.16
ACC_000093,ACC_001625,CASE_000047,2026-03-11 22:10:38.554120746,8748.16
ACC_000877,ACC_000052,CASE_000048,2024-06-28 10:53:24.443729863,641.81
ACC_000877,ACC_000052,CASE_000048,2024-06-28 10:54:45.194906345,2974.84
ACC_000877,ACC_000052,CASE_000048,2024-06-28 10:57:50.936595275,1976.58
ACC_000052,ACC_001350,CASE_000048,2024-06-28 11:19:11.451193400,5593.23
ACC_000865,ACC_000378,CASE_000049,2025-12-17 17:59:49.401352923,485.41
ACC_000865,ACC_000378,CASE_000049,2025-12-17 18:04:05.492247227,294.87
ACC_000865,ACC_000378,CASE_000049,2025-12-17 18:06:41.341072698,1093.21
ACC_000378,ACC_001558,CASE_000049,2025-12-17 19:31:34.748483708,1057.98
ACC_001558,ACC_000709,CASE_000049,2025-12-17 20:32:57.397944630,622.22
ACC_000709,ACC_001085,CASE_000049,2025-12-17 20:55:47.635144081,622.22
ACC_000796,ACC_001625,CASE_000050,2025-07-01 11:29:32.992836133,55194.83
ACC_001625,ACC_000093,CASE_000050,2025-07-01 11:34:29.952877208,45949.67
ACC_000093,ACC_001625,CASE_000050,2025-07-01 12:55:07.061158738,45949.67
ACC_001321,ACC_001046,CASE_000051,2025-05-02 05:50:37.685302518,19629.36
ACC_001046,ACC_000782,CASE_000051,2025-05-02 05:53:49.307087124,17372.14
ACC_000782,ACC_001788,CASE_000051,2025-05-02 08:02:25.686520943,17372.14
ACC_001263,ACC_001625,CASE_000052,2025-04-13 04:49:43.719641758,2195.46
ACC_001625,ACC_000093,CASE_000052,2025-04-13 05:49:51.123139469,2027.21
ACC_000093,ACC_001625,CASE_000052,2025-04-13 06:26:16.714601027,2027.21
ACC_000488,ACC_000480,CASE_000053,2026-02-16 11:25:29.836297494,10130.92
ACC_000480,ACC_000023,CASE_000053,2026-02-16 11:32:44.658282811,10130.92
ACC_001617,ACC_000659,CASE_000054,2025-07-10 12:37:35.681043128,14542.27
ACC_000659,ACC_000404,CASE_000054,2025-07-10 12:43:16.055688779,14542.27
ACC_000603,ACC_001625,CASE_000055,2025-05-04 21:16:06.736376461,8565.16
ACC_000603,ACC_001625,CASE_000055,2025-05-04 21:20:55.970268972,7537.36
ACC_000603,ACC_001625,CASE_000055,2025-05-04 21:22:38.063666463,8156.59
ACC_001625,ACC_001288,CASE_000055,2025-05-04 21:36:17.205267299,21509.19
ACC_001288,ACC_000093,CASE_000055,2025-05-04 22:10:13.248122770,12610.43
ACC_000093,ACC_001625,CASE_000055,2025-05-04 22:40:34.646792646,12610.43
ACC_001398,ACC_000404,CASE_000056,2024-02-14 12:36:42.224443821,187.36
ACC_001398,ACC_000404,CASE_000056,2024-02-14 12:38:54.967740502,950.9
ACC_001398,ACC_000404,CASE_000056,2024-02-14 12:44:05.308774401,957.75
ACC_001398,ACC_000404,CASE_000056,2024-02-14 12:47:57.502283221,3358.82
ACC_000404,ACC_000659,CASE_000056,2024-02-14 13:30:24.802919167,5454.82
ACC_001045,ACC_001238,CASE_000057,2025-02-12 10:29:42.919175580,5308.78
ACC_001238,ACC_001293,CASE_000057,2025-02-12 12:00:20.634369613,3479.57
ACC_001293,ACC_001629,CASE_000057,2025-02-12 12:21:31.697191627,3267.59
ACC_001629,ACC_001365,CASE_000057,2025-02-12 12:31:12.917864907,3267.59
ACC_001746,ACC_000467,CASE_000058,2026-04-07 05:48:55.558544566,193842.35
ACC_000467,ACC_000093,CASE_000058,2026-04-07 05:56:03.422503418,151881.41
ACC_000093,ACC_001288,CASE_000058,2026-04-07 08:20:11.426441348,137276.89
ACC_001288,ACC_000467,CASE_000058,2026-04-07 08:35:04.603505109,137276.89
ACC_001148,ACC_000767,CASE_000059,2025-10-10 10:29:43.473619805,6597.74
ACC_000767,ACC_001308,CASE_000059,2025-10-10 11:28:18.481763160,4808.84
ACC_001308,ACC_000767,CASE_000059,2025-10-10 11:35:13.120982662,4808.84
ACC_000158,ACC_000267,CASE_000060,2024-02-16 10:54:21.788464832,21618.42
ACC_000267,ACC_000366,CASE_000060,2024-02-16 11:45:53.280301105,15376.76
ACC_000366,ACC_001335,CASE_000060,2024-02-16 12:06:23.550737354,9610.83
ACC_001335,ACC_000267,CASE_000060,2024-02-16 12:39:34.518208373,9610.83
ACC_000044,ACC_001267,CASE_000061,2026-03-16 08:17:22.915452988,4908.88
ACC_000044,ACC_001267,CASE_000061,2026-03-16 08:18:42.668569272,491.34
ACC_000044,ACC_001267,CASE_000061,2026-03-16 08:28:35.286051956,1561.87
ACC_000044,ACC_001267,CASE_000061,2026-03-16 08:33:19.677390271,1963.35
ACC_001267,ACC_001050,CASE_000061,2026-03-16 08:36:56.279747235,8925.43
ACC_000303,ACC_001507,CASE_000062,2026-01-23 02:41:16.315438524,14525.26
ACC_000303,ACC_001507,CASE_000062,2026-01-23 02:50:15.405556346,53371.01
ACC_001507,ACC_001647,CASE_000062,2026-01-23 03:08:41.209448879,67896.27
ACC_001627,ACC_001300,CASE_000063,2025-05-13 00:50:07.884820429,88.97
ACC_001627,ACC_001300,CASE_000063,2025-05-13 01:01:51.614602337,1723.31
ACC_001627,ACC_001300,CASE_000063,2025-05-13 01:03:04.403736467,50.0
ACC_001300,ACC_000011,CASE_000063,2025-05-13 01:19:03.607842219,1830.99
ACC_001266,ACC_001788,CASE_000064,2024-01-21 10:12:38.382727327,5402.09
ACC_001266,ACC_001788,CASE_000064,2024-01-21 10:19:11.200074194,2409.43
ACC_001266,ACC_001788,CASE_000064,2024-01-21 10:30:08.907205410,7311.45
ACC_001266,ACC_001788,CASE_000064,2024-01-21 10:34:14.365807282,689.69
ACC_001788,ACC_000309,CASE_000064,2024-01-21 10:40:01.809690644,9270.63
ACC_000309,ACC_000782,CASE_000064,2024-01-21 10:46:45.865341190,9270.63
ACC_000498,ACC_000480,CASE_000065,2025-05-27 09:40:11.410585872,2167.22
ACC_000498,ACC_000480,CASE_000065,2025-05-27 09:55:45.814546655,50.0
ACC_000480,ACC_000023,CASE_000065,2025-05-27 10:37:32.504404484,1238.08
ACC_000023,ACC_000775,CASE_000065,2025-05-27 11:13:16.662851930,1238.08
ACC_000540,ACC_000524,CASE_000066,2024-02-19 17:39:30.405143370,5523.05
ACC_000524,ACC_000091,CASE_000066,2024-02-19 17:41:55.962268663,5523.05
ACC_000912,ACC_001350,CASE_000067,2024-10-18 23:00:29.715551318,91174.56
ACC_001350,ACC_000052,CASE_000067,2024-10-18 23:49:16.605091051,91174.56
ACC_000131,ACC_000694,CASE_000068,2025-07-26 22:47:49.856592738,209.59
ACC_000131,ACC_000694,CASE_000068,2025-07-26 22:50:38.616528386,1425.32
ACC_000131,ACC_000694,CASE_000068,2025-07-26 22:52:10.527026120,1323.35
ACC_000131,ACC_000694,CASE_000068,2025-07-26 22:53:17.553553514,814.69
ACC_000694,ACC_000652,CASE_000068,2025-07-26 23:06:40.419926890,3772.95
ACC_000758,ACC_000093,CASE_000069,2026-04-11 16:37:35.463452505,1793.04
ACC_000758,ACC_000093,CASE_000069,2026-04-11 16:44:55.592565440,10546.57
ACC_000758,ACC_000093,CASE_000069,2026-04-11 16:46:20.064853753,2124.45
ACC_000093,ACC_001625,CASE_000069,2026-04-11 16:52:49.011283130,14464.06
ACC_000804,ACC_000404,CASE_000070,2024-11-21 23:09:10.093387744,6494.34
ACC_000804,ACC_000404,CASE_000070,2024-11-21 23:11:22.312138126,21629.64
ACC_000804,ACC_000404,CASE_000070,2024-11-21 23:20:02.175313055,13379.11
ACC_000804,ACC_000404,CASE_000070,2024-11-21 23:22:31.461959089,911.86
ACC_000404,ACC_000659,CASE_000070,2024-11-21 23:49:05.169540906,42414.95
ACC_001018,ACC_001117,CASE_000071,2026-02-22 12:14:04.257293848,8017.17
ACC_001117,ACC_000652,CASE_000071,2026-02-22 12:22:10.341958737,8017.17
ACC_001576,ACC_000753,CASE_000072,2026-04-16 15:51:50.806285370,26863.79
ACC_000753,ACC_001690,CASE_000072,2026-04-16 15:59:49.275211227,22807.56
ACC_001690,ACC_000753,CASE_000072,2026-04-16 16:31:48.420061624,22807.56
ACC_001664,ACC_000023,CASE_000073,2024-01-20 05:23:37.725728009,10291.49
ACC_000023,ACC_000775,CASE_000073,2024-01-20 05:27:02.119764753,9574.68
ACC_000775,ACC_000023,CASE_000073,2024-01-20 05:31:39.951036252,9574.68
ACC_001722,ACC_001768,CASE_000074,2024-08-06 03:43:30.977665061,6757.22
ACC_001768,ACC_000819,CASE_000074,2024-08-06 03:49:33.822666955,6757.22
ACC_000924,ACC_000782,CASE_000075,2025-10-08 16:46:52.771470638,11254.04
ACC_000924,ACC_000782,CASE_000075,2025-10-08 16:50:19.975945915,768.3
ACC_000924,ACC_000782,CASE_000075,2025-10-08 16:52:46.030009270,5385.31
ACC_000924,ACC_000782,CASE_000075,2025-10-08 16:56:20.944015536,1819.95
ACC_000782,ACC_001592,CASE_000075,2025-10-08 17:02:40.803321164,12894.49
ACC_001592,ACC_000820,CASE_000075,2025-10-08 17:27:00.521485740,10364.5
ACC_000820,ACC_000309,CASE_000075,2025-10-08 17:55:32.715654448,10364.5
ACC_001646,ACC_001300,CASE_000076,2025-11-20 11:56:34.096446795,188545.67
ACC_001300,ACC_000011,CASE_000076,2025-11-20 12:04:57.620342174,188545.67
ACC_000965,ACC_000775,CASE_000077,2024-12-23 12:41:34.893820381,7198.12
ACC_000775,ACC_000480,CASE_000077,2024-12-23 12:44:54.759098974,5099.05
ACC_000480,ACC_000775,CASE_000077,2024-12-23 13:46:12.540227091,5099.05
ACC_000936,ACC_000023,CASE_000078,2025-08-21 08:08:21.155536227,2831.13
ACC_000023,ACC_000480,CASE_000078,2025-08-21 08:15:58.098771919,2831.13
ACC_000078,ACC_000775,CASE_000079,2025-07-11 16:21:38.817359160,1164.14
ACC_000078,ACC_000775,CASE_000079,2025-07-11 16:23:59.012137832,712.28
ACC_000775,ACC_000480,CASE_000079,2025-07-11 17:11:01.378019761,1131.19
ACC_000480,ACC_000775,CASE_000079,2025-07-11 18:48:45.090746477,1131.19
ACC_000032,ACC_001300,CASE_000080,2025-11-04 22:59:52.669108399,25831.81
ACC_001300,ACC_000011,CASE_000080,2025-11-04 23:11:06.166511065,25831.81
ACC_000298,ACC_000533,CASE_000081,2025-10-16 18:04:29.206050330,26711.53
ACC_000533,ACC_000366,CASE_000081,2025-10-16 18:10:05.781454225,16574.33
ACC_000366,ACC_000533,CASE_000081,2025-10-16 18:29:02.123818052,16574.33
ACC_000741,ACC_001365,CASE_000082,2024-03-19 06:15:32.082175125,870.14
ACC_000741,ACC_001365,CASE_000082,2024-03-19 06:24:31.676446067,119.1
ACC_000741,ACC_001365,CASE_000082,2024-03-19 06:29:53.694120011,3308.72
ACC_000741,ACC_001365,CASE_000082,2024-03-19 06:31:26.753311518,221.31
ACC_001365,ACC_001238,CASE_000082,2024-03-19 06:33:53.303782215,4519.27
ACC_000736,ACC_000267,CASE_000083,2024-05-24 04:10:36.914850316,1057.32
ACC_000736,ACC_000267,CASE_000083,2024-05-24 04:14:10.465361912,426.82
ACC_000736,ACC_000267,CASE_000083,2024-05-24 04:16:43.714160094,297.13
ACC_000736,ACC_000267,CASE_000083,2024-05-24 04:22:42.269505074,160.94
ACC_000267,ACC_000533,CASE_000083,2024-05-24 06:07:50.954019252,1532.94
ACC_000533,ACC_000267,CASE_000083,2024-05-24 07:04:32.346797551,1532.94
ACC_000806,ACC_001300,CASE_000084,2024-04-30 22:42:12.482503992,4182.27
ACC_001300,ACC_000011,CASE_000084,2024-04-30 23:01:52.406391841,4182.27
ACC_000433,ACC_000139,CASE_000085,2026-04-29 12:24:30.627999985,15869.92
ACC_000139,ACC_001308,CASE_000085,2026-04-29 12:43:20.499642620,10357.28
ACC_001308,ACC_000139,CASE_000085,2026-04-29 13:14:58.448606512,10357.28
ACC_001641,ACC_001288,CASE_000086,2026-04-12 06:33:33.037288989,6211.41
ACC_001288,ACC_000467,CASE_000086,2026-04-12 06:52:14.498704834,6211.41
ACC_000219,ACC_000961,CASE_000087,2025-12-27 11:51:54.074436313,34311.81
ACC_000961,ACC_000190,CASE_000087,2025-12-27 12:24:03.407176231,34311.81
ACC_000379,ACC_001507,CASE_000088,2024-04-16 09:36:37.916525012,4894.26
ACC_001507,ACC_001647,CASE_000088,2024-04-16 09:58:06.420419922,4894.26
ACC_000897,ACC_001308,CASE_000089,2025-06-07 04:30:22.280055271,27753.87
ACC_001308,ACC_000139,CASE_000089,2025-06-07 05:09:30.603104710,19912.79
ACC_000139,ACC_001308,CASE_000089,2025-06-07 05:41:36.025945187,19912.79
ACC_001786,ACC_000023,CASE_000090,2024-06-19 13:59:38.763240440,5313.01
ACC_001786,ACC_000023,CASE_000090,2024-06-19 14:01:47.905664992,2021.16
ACC_001786,ACC_000023,CASE_000090,2024-06-19 14:08:39.332119879,6084.04
ACC_000023,ACC_000480,CASE_000090,2024-06-19 14:17:33.722305665,13418.22
ACC_000230,ACC_000068,CASE_000091,2024-12-01 14:43:39.617314892,11005.39
ACC_000068,ACC_000524,CASE_000091,2024-12-01 14:47:10.926624999,6445.25
ACC_000524,ACC_000068,CASE_000091,2024-12-01 16:28:01.900550053,6445.25
ACC_000900,ACC_001350,CASE_000092,2024-08-31 08:39:46.279544850,833.36
ACC_000900,ACC_001350,CASE_000092,2024-08-31 08:45:23.908996559,3914.57
ACC_000900,ACC_001350,CASE_000092,2024-08-31 08:48:17.883125747,5324.77
ACC_000900,ACC_001350,CASE_000092,2024-08-31 08:53:40.598205394,1082.9
ACC_001350,ACC_000052,CASE_000092,2024-08-31 09:02:24.954171243,11155.59
ACC_001586,ACC_001308,CASE_000093,2026-01-25 04:29:25.321885543,30685.37
ACC_001308,ACC_000767,CASE_000093,2026-01-25 04:33:29.923704063,30685.37
ACC_000312,ACC_000480,CASE_000094,2024-05-11 14:43:23.858070842,12591.24
ACC_000312,ACC_000480,CASE_000094,2024-05-11 14:48:45.391212810,13962.03
ACC_000312,ACC_000480,CASE_000094,2024-05-11 14:59:13.230266733,868.05
ACC_000480,ACC_000775,CASE_000094,2024-05-11 15:26:05.411255254,19909.61
ACC_000775,ACC_000480,CASE_000094,2024-05-11 16:22:14.056132014,19909.61
ACC_000377,ACC_000267,CASE_000095,2025-08-11 16:25:53.832278926,1834.4
ACC_000377,ACC_000267,CASE_000095,2025-08-11 16:30:00.707649835,339.93
ACC_000377,ACC_000267,CASE_000095,2025-08-11 16:31:11.220992430,1137.33
ACC_000267,ACC_000287,CASE_000095,2025-08-11 16:41:28.864821226,2761.82
ACC_000287,ACC_000533,CASE_000095,2025-08-11 17:16:08.138819899,2317.0
ACC_000533,ACC_001335,CASE_000095,2025-08-11 17:20:10.178905201,2317.0
ACC_001094,ACC_001117,CASE_000096,2026-06-15 09:31:52.826071120,10830.42
ACC_001117,ACC_000652,CASE_000096,2026-06-15 10:21:01.904950503,7460.85
ACC_000652,ACC_000694,CASE_000096,2026-06-15 10:50:15.653434007,7460.85
ACC_001095,ACC_001350,CASE_000097,2025-09-17 22:15:34.586134658,8675.68
ACC_001095,ACC_001350,CASE_000097,2025-09-17 22:18:57.763795726,4139.23
ACC_001095,ACC_001350,CASE_000097,2025-09-17 22:24:20.314507242,4205.9
ACC_001350,ACC_000052,CASE_000097,2025-09-17 22:28:17.047575999,17020.8
ACC_000839,ACC_001335,CASE_000098,2024-03-13 05:40:45.728539644,78210.52
ACC_001335,ACC_000533,CASE_000098,2024-03-13 05:43:06.082376586,78210.52
ACC_001529,ACC_000961,CASE_000099,2026-04-07 02:42:26.787637428,19300.39
ACC_000961,ACC_000190,CASE_000099,2026-04-07 02:45:03.630012102,19300.39
ACC_000463,ACC_000023,CASE_000100,2025-08-08 21:16:36.432807438,1978.62
ACC_000023,ACC_000775,CASE_000100,2025-08-08 21:40:02.622874706,1978.62
ACC_000791,ACC_000139,CASE_000101,2025-02-19 17:51:23.044700216,6859.54
ACC_000139,ACC_001308,CASE_000101,2025-02-19 18:50:42.103444110,6859.54
ACC_000598,ACC_001690,CASE_000102,2025-08-23 23:42:12.962611302,4289.09
ACC_000598,ACC_001690,CASE_000102,2025-08-23 23:49:33.349083149,676.98
ACC_001690,ACC_000932,CASE_000102,2025-08-24 00:00:47.069952848,3507.96
ACC_000932,ACC_000753,CASE_000102,2025-08-24 00:15:02.748648279,3507.96
ACC_001275,ACC_000775,CASE_000103,2026-03-11 19:59:58.081440286,11079.14
ACC_000775,ACC_000023,CASE_000103,2026-03-11 20:42:54.881949863,8920.94
ACC_000023,ACC_000480,CASE_000103,2026-03-11 20:57:05.322195939,8920.94
ACC_000794,ACC_001293,CASE_000104,2025-03-10 16:19:00.397163513,8033.17
ACC_001293,ACC_001349,CASE_000104,2025-03-10 16:36:39.674516630,6645.89
ACC_001349,ACC_001629,CASE_000104,2025-03-10 18:23:51.046071470,6645.89
ACC_000617,ACC_001308,CASE_000105,2025-04-29 01:22:08.850843368,689.0
ACC_000617,ACC_001308,CASE_000105,2025-04-29 01:25:06.999655201,2657.42
ACC_000617,ACC_001308,CASE_000105,2025-04-29 01:27:31.882539712,2641.69
ACC_001308,ACC_000767,CASE_000105,2025-04-29 01:29:21.937604811,5988.1
ACC_000312,ACC_001625,CASE_000106,2025-02-16 04:32:32.944902487,381.63
ACC_000312,ACC_001625,CASE_000106,2025-02-16 04:33:52.804629105,200.64
ACC_000312,ACC_001625,CASE_000106,2025-02-16 04:36:54.498519293,243.34
ACC_000312,ACC_001625,CASE_000106,2025-02-16 04:44:18.041716608,286.37
ACC_001625,ACC_001288,CASE_000106,2025-02-16 04:55:20.024061603,699.25
ACC_001288,ACC_000467,CASE_000106,2025-02-16 05:18:37.951709554,699.25
ACC_001030,ACC_000267,CASE_000107,2024-03-07 04:19:50.523726991,1319.34
ACC_000267,ACC_001335,CASE_000107,2024-03-07 05:00:12.737568193,741.57
ACC_001335,ACC_000287,CASE_000107,2024-03-07 05:06:46.597652534,607.07
ACC_000287,ACC_001335,CASE_000107,2024-03-07 06:56:11.573223070,607.07
ACC_000471,ACC_000480,CASE_000108,2025-12-18 00:58:02.605798846,458.86
ACC_000480,ACC_000775,CASE_000108,2025-12-18 01:15:48.666523151,286.58
ACC_000775,ACC_000480,CASE_000108,2025-12-18 01:20:19.400333499,286.58
ACC_001493,ACC_000533,CASE_000109,2024-04-25 04:36:12.634263946,7007.0
ACC_000533,ACC_000267,CASE_000109,2024-04-25 05:21:12.008851477,7007.0
ACC_000755,ACC_001300,CASE_000110,2024-12-25 11:35:17.800955223,222089.32
ACC_001300,ACC_000011,CASE_000110,2024-12-25 12:57:24.251694770,222089.32
ACC_001441,ACC_000659,CASE_000111,2024-12-18 10:04:37.601605926,54394.48
ACC_000659,ACC_000404,CASE_000111,2024-12-18 11:44:21.217037469,54394.48
ACC_000791,ACC_000052,CASE_000112,2024-09-12 03:43:40.339203209,2251.97
ACC_000052,ACC_001350,CASE_000112,2024-09-12 04:43:25.537674057,2251.97
ACC_000363,ACC_000267,CASE_000113,2025-01-01 16:57:25.167387781,3498.89
ACC_000363,ACC_000267,CASE_000113,2025-01-01 16:59:35.673041228,2572.58
ACC_000363,ACC_000267,CASE_000113,2025-01-01 17:04:03.758202842,1466.66
ACC_000267,ACC_000287,CASE_000113,2025-01-01 17:37:37.157710126,5209.59
ACC_000287,ACC_000366,CASE_000113,2025-01-01 18:01:04.411735775,5209.59
ACC_001403,ACC_000011,CASE_000114,2025-07-17 00:22:19.362932731,808.85
ACC_000011,ACC_001300,CASE_000114,2025-07-17 00:30:23.116940192,808.85
ACC_001176,ACC_001117,CASE_000115,2024-10-10 16:37:13.300786061,6855.74
ACC_001117,ACC_000880,CASE_000115,2024-10-10 16:53:46.380420304,6855.74
ACC_000528,ACC_000819,CASE_000116,2024-06-06 04:33:10.142994677,2143.95
ACC_000819,ACC_001296,CASE_000116,2024-06-06 04:50:43.311244487,1718.35
ACC_001296,ACC_001768,CASE_000116,2024-06-06 04:52:14.501131508,1718.35
ACC_000490,ACC_001288,CASE_000117,2026-03-03 00:20:03.224101854,4749.16
ACC_001288,ACC_000093,CASE_000117,2026-03-03 00:27:56.015131799,4749.16
ACC_001635,ACC_001308,CASE_000118,2026-06-03 10:25:54.912442932,723.36
ACC_001635,ACC_001308,CASE_000118,2026-06-03 10:34:17.502661760,794.33
ACC_001635,ACC_001308,CASE_000118,2026-06-03 10:35:36.926038913,3585.42
ACC_001308,ACC_000767,CASE_000118,2026-06-03 10:47:32.632270103,3227.53
ACC_000767,ACC_001308,CASE_000118,2026-06-03 11:07:39.980584222,3227.53
ACC_001264,ACC_000767,CASE_000119,2025-02-21 19:25:03.349987350,9797.58
ACC_000767,ACC_001308,CASE_000119,2025-02-21 19:28:17.503781389,6716.64
ACC_001308,ACC_000767,CASE_000119,2025-02-21 19:48:37.104606525,6716.64
ACC_000321,ACC_000533,CASE_000120,2024-10-24 22:36:24.681821365,1822.26
ACC_000321,ACC_000533,CASE_000120,2024-10-24 22:39:35.355336476,1594.96
ACC_000321,ACC_000533,CASE_000120,2024-10-24 22:43:26.880659444,10338.29
ACC_000533,ACC_000287,CASE_000120,2024-10-24 23:12:54.391268763,8503.5
ACC_000287,ACC_000533,CASE_000120,2024-10-24 23:51:31.910738458,4994.51
ACC_000533,ACC_001335,CASE_000120,2024-10-25 00:20:00.128378555,4994.51
ACC_001644,ACC_000093,CASE_000121,2024-02-13 06:45:01.436686365,392.87
ACC_001644,ACC_000093,CASE_000121,2024-02-13 06:46:04.830483375,4974.05
ACC_000093,ACC_001288,CASE_000121,2024-02-13 09:00:37.415285924,4920.88
ACC_001288,ACC_001625,CASE_000121,2024-02-13 09:03:03.885395275,4920.88
ACC_001303,ACC_000775,CASE_000122,2024-02-03 14:14:38.305078803,1202.67
ACC_001303,ACC_000775,CASE_000122,2024-02-03 14:22:09.309015047,4642.71
ACC_001303,ACC_000775,CASE_000122,2024-02-03 14:24:41.231146796,2865.56
ACC_001303,ACC_000775,CASE_000122,2024-02-03 14:28:07.338885265,1676.91
ACC_000775,ACC_000023,CASE_000122,2024-02-03 15:19:14.470194578,10387.85
ACC_000131,ACC_001133,CASE_000123,2024-12-23 22:31:47.856788979,942.77
ACC_000131,ACC_001133,CASE_000123,2024-12-23 22:35:16.327607809,1971.11
ACC_000131,ACC_001133,CASE_000123,2024-12-23 22:38:34.343933594,101.27
ACC_000131,ACC_001133,CASE_000123,2024-12-23 22:42:12.376040939,1203.34
ACC_001133,ACC_001065,CASE_000123,2024-12-23 22:46:39.212286031,3807.68
ACC_001065,ACC_001150,CASE_000123,2024-12-23 23:02:22.975638275,3329.12
ACC_001150,ACC_000342,CASE_000123,2024-12-23 23:07:18.963384476,3329.12
ACC_000689,ACC_001300,CASE_000124,2026-04-27 11:24:56.975580185,401.53
ACC_000689,ACC_001300,CASE_000124,2026-04-27 11:26:23.001630146,1114.99
ACC_000689,ACC_001300,CASE_000124,2026-04-27 11:31:16.615423373,477.12
ACC_001300,ACC_000011,CASE_000124,2026-04-27 11:38:26.507063240,1993.64
ACC_000377,ACC_000378,CASE_000125,2025-10-27 17:04:35.972009852,1497.85
ACC_000378,ACC_000709,CASE_000125,2025-10-27 17:30:00.279269748,1039.09
ACC_000709,ACC_001085,CASE_000125,2025-10-27 18:11:57.369561891,1039.09
ACC_000368,ACC_000023,CASE_000126,2024-11-14 04:53:17.991776124,4024.24
ACC_000368,ACC_000023,CASE_000126,2024-11-14 04:54:44.131704934,5423.71
ACC_000368,ACC_000023,CASE_000126,2024-11-14 04:56:21.459575293,3960.47
ACC_000023,ACC_000480,CASE_000126,2024-11-14 05:44:15.848239232,9953.99
ACC_000480,ACC_000775,CASE_000126,2024-11-14 05:57:03.481357920,9953.99
ACC_000257,ACC_000287,CASE_000127,2026-05-31 22:11:03.012955983,3251.09
ACC_000257,ACC_000287,CASE_000127,2026-05-31 22:23:36.576906094,50.0
ACC_000257,ACC_000287,CASE_000127,2026-05-31 22:27:21.892553879,978.12
ACC_000287,ACC_000533,CASE_000127,2026-05-31 22:38:27.891073030,4263.68
ACC_001077,ACC_001267,CASE_000128,2025-01-25 14:54:08.884507628,117.4
ACC_001077,ACC_001267,CASE_000128,2025-01-25 15:01:03.754338778,224.34
ACC_001077,ACC_001267,CASE_000128,2025-01-25 15:08:18.619839569,171.32
ACC_001077,ACC_001267,CASE_000128,2025-01-25 15:09:29.017290656,359.33
ACC_001267,ACC_001050,CASE_000128,2025-01-25 15:52:10.298364028,872.39
ACC_001245,ACC_001046,CASE_000129,2024-09-09 04:20:44.280928352,24416.28
ACC_001046,ACC_000309,CASE_000129,2024-09-09 06:56:32.804834503,20506.22
ACC_000309,ACC_001046,CASE_000129,2024-09-09 07:52:44.342633909,15522.54
ACC_001046,ACC_001592,CASE_000129,2024-09-09 07:54:57.413515144,15522.54
ACC_000216,ACC_000404,CASE_000130,2025-01-23 10:25:16.501976716,1669.26
ACC_000216,ACC_000404,CASE_000130,2025-01-23 10:26:51.599793176,238.42
ACC_000216,ACC_000404,CASE_000130,2025-01-23 10:31:53.802105378,50.0
ACC_000404,ACC_000659,CASE_000130,2025-01-23 10:45:41.492471885,1922.49
ACC_001517,ACC_000767,CASE_000131,2024-07-11 17:37:10.412457384,62178.69
ACC_000767,ACC_000139,CASE_000131,2024-07-11 17:43:03.217226471,62178.69
ACC_001646,ACC_000023,CASE_000132,2026-03-17 21:13:00.359655969,7334.01
ACC_000023,ACC_000775,CASE_000132,2026-03-17 21:54:16.962758108,5642.11
ACC_000775,ACC_000480,CASE_000132,2026-03-17 22:26:19.618788472,5642.11
ACC_000114,ACC_000093,CASE_000133,2024-11-25 01:16:41.066521391,19780.1
ACC_000093,ACC_000467,CASE_000133,2024-11-25 01:24:21.225469511,16090.54
ACC_000467,ACC_000093,CASE_000133,2024-11-25 01:40:38.573442443,13126.63
ACC_000093,ACC_001288,CASE_000133,2024-11-25 02:11:53.236002313,13126.63
ACC_001187,ACC_000961,CASE_000134,2025-08-22 10:03:34.834564805,5336.67
ACC_001187,ACC_000961,CASE_000134,2025-08-22 10:16:38.072263397,1451.07
ACC_001187,ACC_000961,CASE_000134,2025-08-22 10:21:44.117269661,2715.44
ACC_001187,ACC_000961,CASE_000134,2025-08-22 10:25:34.607486527,15874.35
ACC_000961,ACC_000190,CASE_000134,2025-08-22 10:51:53.388553873,25377.53
ACC_000124,ACC_001300,CASE_000135,2024-12-20 10:39:12.564631966,753.64
ACC_000124,ACC_001300,CASE_000135,2024-12-20 10:46:05.863936685,675.19
ACC_000124,ACC_001300,CASE_000135,2024-12-20 10:48:18.145424066,1048.06
ACC_000124,ACC_001300,CASE_000135,2024-12-20 11:02:23.280354532,366.68
ACC_001300,ACC_000011,CASE_000135,2024-12-20 11:05:22.856677268,2843.56
ACC_000405,ACC_001350,CASE_000136,2026-04-01 12:14:51.385485611,7227.07
ACC_001350,ACC_000052,CASE_000136,2026-04-01 13:29:57.283052322,7227.07
ACC_001312,ACC_000820,CASE_000137,2025-08-08 05:40:26.481364719,5678.11
ACC_001312,ACC_000820,CASE_000137,2025-08-08 05:49:00.377121436,1240.61
ACC_001312,ACC_000820,CASE_000137,2025-08-08 05:51:03.074232611,3416.43
ACC_000820,ACC_001592,CASE_000137,2025-08-08 05:52:42.975943355,10335.15
ACC_001464,ACC_001768,CASE_000138,2025-03-20 19:43:22.847408874,6551.17
ACC_001768,ACC_001296,CASE_000138,2025-03-20 20:24:27.519924797,3853.33
ACC_001296,ACC_001768,CASE_000138,2025-03-20 20:27:13.946152834,3853.33
ACC_001148,ACC_001647,CASE_000139,2024-04-30 10:19:49.399223123,8634.05
ACC_001647,ACC_001507,CASE_000139,2024-04-30 11:20:25.377326505,8634.05
ACC_001163,ACC_000767,CASE_000140,2026-04-01 15:35:42.127205680,7072.37
ACC_000767,ACC_000139,CASE_000140,2026-04-01 15:37:56.373941003,4558.75
ACC_000139,ACC_000767,CASE_000140,2026-04-01 16:18:27.658671459,4558.75
ACC_000559,ACC_000467,CASE_000141,2025-05-13 04:21:16.389378494,4250.56
ACC_000559,ACC_000467,CASE_000141,2025-05-13 04:26:15.235245904,7353.83
ACC_000467,ACC_001288,CASE_000141,2025-05-13 04:31:33.116700916,6806.89
ACC_001288,ACC_001625,CASE_000141,2025-05-13 05:18:09.778550029,6806.89
ACC_001147,ACC_000782,CASE_000142,2024-09-16 16:35:33.420481219,184.44
ACC_001147,ACC_000782,CASE_000142,2024-09-16 16:40:03.454316996,1405.75
ACC_001147,ACC_000782,CASE_000142,2024-09-16 16:41:29.398638773,377.75
ACC_001147,ACC_000782,CASE_000142,2024-09-16 16:47:16.853746424,1792.66
ACC_000782,ACC_000820,CASE_000142,2024-09-16 17:24:06.393115162,3471.23
ACC_000820,ACC_001592,CASE_000142,2024-09-16 17:29:28.811218623,2551.39
ACC_001592,ACC_000309,CASE_000142,2024-09-16 17:44:01.385548197,2551.39
ACC_000199,ACC_000659,CASE_000143,2026-03-10 20:00:18.292983374,11689.64
ACC_000659,ACC_000404,CASE_000143,2026-03-10 20:19:19.946255989,11689.64
ACC_000804,ACC_001267,CASE_000144,2024-02-19 14:38:06.335518891,20498.77
ACC_000804,ACC_001267,CASE_000144,2024-02-19 14:39:26.138999429,12244.25
ACC_000804,ACC_001267,CASE_000144,2024-02-19 14:40:36.980076352,6441.94
ACC_001267,ACC_001050,CASE_000144,2024-02-19 14:57:19.615972417,39184.96
ACC_000112,ACC_001267,CASE_000145,2024-10-13 03:36:09.685867646,40396.91
ACC_001267,ACC_001050,CASE_000145,2024-10-13 04:30:02.962953183,40396.91
ACC_000064,ACC_000480,CASE_000146,2025-05-04 01:54:39.534784918,21845.81
ACC_000480,ACC_000775,CASE_000146,2025-05-04 02:16:21.216853216,16541.03
ACC_000775,ACC_000023,CASE_000146,2025-05-04 02:28:40.515742242,16541.03
ACC_001328,ACC_001300,CASE_000147,2024-11-05 14:05:14.141346488,4257.06
ACC_001328,ACC_001300,CASE_000147,2024-11-05 14:11:38.534468571,2945.31
ACC_001328,ACC_001300,CASE_000147,2024-11-05 14:14:40.510515045,6778.42
ACC_001328,ACC_001300,CASE_000147,2024-11-05 14:22:32.128077307,7190.89
ACC_001300,ACC_000011,CASE_000147,2024-11-05 14:24:05.382874439,21171.67
ACC_000798,ACC_001647,CASE_000148,2025-03-10 07:37:23.691486844,18891.96
ACC_001647,ACC_001507,CASE_000148,2025-03-10 08:20:14.948244914,18891.96
ACC_001128,ACC_001288,CASE_000149,2024-08-28 19:47:41.732810862,12707.32
ACC_001128,ACC_001288,CASE_000149,2024-08-28 19:48:53.044059116,34116.33
ACC_001288,ACC_000093,CASE_000149,2024-08-28 19:58:09.181753040,44411.37
ACC_000093,ACC_000467,CASE_000149,2024-08-28 20:14:47.660758289,44411.37
ACC_001018,ACC_000052,CASE_000150,2024-04-28 12:53:51.541111531,4958.89
ACC_001018,ACC_000052,CASE_000150,2024-04-28 13:03:01.428125813,2814.77
ACC_001018,ACC_000052,CASE_000150,2024-04-28 13:07:06.218896040,251.26
ACC_000052,ACC_001350,CASE_000150,2024-04-28 14:04:07.199358634,8024.92
ACC_000423,ACC_000287,CASE_000151,2024-02-03 13:59:55.723971848,411.32
ACC_000423,ACC_000287,CASE_000151,2024-02-03 14:01:20.224714501,10138.23
ACC_000287,ACC_001335,CASE_000151,2024-02-03 14:17:04.092673251,9744.17
ACC_001335,ACC_000366,CASE_000151,2024-02-03 15:09:36.877602868,6581.69
ACC_000366,ACC_000267,CASE_000151,2024-02-03 15:56:16.768731324,6581.69
ACC_001404,ACC_000533,CASE_000152,2024-05-23 15:37:43.397041279,10540.83
ACC_001404,ACC_000533,CASE_000152,2024-05-23 15:41:15.786340619,3245.82
ACC_001404,ACC_000533,CASE_000152,2024-05-23 15:45:31.525401727,11101.22
ACC_000533,ACC_000267,CASE_000152,2024-05-23 15:58:57.036567998,23122.91
ACC_000267,ACC_000533,CASE_000152,2024-05-23 16:53:50.440651419,16721.06
ACC_000533,ACC_000366,CASE_000152,2024-05-23 16:59:24.980531777,16721.06
ACC_000550,ACC_000052,CASE_000153,2026-05-18 03:57:39.037457945,4829.78
ACC_000052,ACC_001350,CASE_000153,2026-05-18 03:59:15.123083237,4829.78
ACC_000286,ACC_001350,CASE_000154,2025-06-08 05:03:49.873139447,62.12
ACC_000286,ACC_001350,CASE_000154,2025-06-08 05:10:03.016189113,394.34
ACC_000286,ACC_001350,CASE_000154,2025-06-08 05:20:42.377455375,631.13
ACC_000286,ACC_001350,CASE_000154,2025-06-08 05:21:57.748204824,429.34
ACC_001350,ACC_000052,CASE_000154,2025-06-08 06:04:32.524819404,1516.94
ACC_000974,ACC_001288,CASE_000155,2025-03-21 11:04:05.081858415,35361.21
ACC_001288,ACC_001625,CASE_000155,2025-03-21 11:35:02.588247605,35361.21
ACC_000555,ACC_000820,CASE_000156,2024-12-16 03:46:56.359790215,5221.1
ACC_000820,ACC_001788,CASE_000156,2024-12-16 04:08:01.801095345,3577.98
ACC_001788,ACC_000782,CASE_000156,2024-12-16 04:14:24.392562641,3577.98
ACC_001720,ACC_001296,CASE_000157,2025-10-07 09:02:33.866106340,7234.34
ACC_001296,ACC_000819,CASE_000157,2025-10-07 09:08:51.376686084,4153.46
ACC_000819,ACC_001768,CASE_000157,2025-10-07 12:02:23.087368853,4153.46
ACC_000124,ACC_000342,CASE_000158,2024-05-08 17:19:25.226755460,1687.2
ACC_000124,ACC_000342,CASE_000158,2024-05-08 17:26:50.564058477,9245.94
ACC_000124,ACC_000342,CASE_000158,2024-05-08 17:31:33.484390390,860.85
ACC_000124,ACC_000342,CASE_000158,2024-05-08 17:33:01.826098608,3658.04
ACC_000342,ACC_001133,CASE_000158,2024-05-08 18:07:21.374230333,15452.03
ACC_000180,ACC_000819,CASE_000159,2024-09-08 14:10:57.587371615,34704.73
ACC_000819,ACC_001768,CASE_000159,2024-09-08 14:27:20.104563641,21160.08
ACC_001768,ACC_000819,CASE_000159,2024-09-08 14:31:16.185502438,21160.08
ACC_000236,ACC_000052,CASE_000160,2025-08-20 13:16:25.275227526,50.0
ACC_000236,ACC_000052,CASE_000160,2025-08-20 13:22:44.407212788,702.74
ACC_000236,ACC_000052,CASE_000160,2025-08-20 13:24:37.377554474,100.83
ACC_000236,ACC_000052,CASE_000160,2025-08-20 13:28:36.700893134,144.14
ACC_000052,ACC_001350,CASE_000160,2025-08-20 13:59:44.566847470,958.17
ACC_000134,ACC_000093,CASE_000161,2025-03-12 10:59:16.910269133,22347.03
ACC_000134,ACC_000093,CASE_000161,2025-03-12 11:02:41.864247232,7331.74
ACC_000134,ACC_000093,CASE_000161,2025-03-12 11:03:48.259019656,9984.6
ACC_000134,ACC_000093,CASE_000161,2025-03-12 11:06:58.377406415,1604.43
ACC_000093,ACC_001625,CASE_000161,2025-03-12 11:17:32.794031700,41267.79
ACC_000108,ACC_001300,CASE_000162,2025-12-02 13:23:15.388500258,543.0
ACC_000108,ACC_001300,CASE_000162,2025-12-02 13:28:19.334731513,485.4
ACC_000108,ACC_001300,CASE_000162,2025-12-02 13:30:00.645202154,151.5
ACC_001300,ACC_000011,CASE_000162,2025-12-02 13:41:41.316740786,1179.9
ACC_000312,ACC_000287,CASE_000163,2026-03-28 06:48:18.470113061,765.76
ACC_000312,ACC_000287,CASE_000163,2026-03-28 06:55:28.485526544,3852.28
ACC_000287,ACC_000533,CASE_000163,2026-03-28 07:49:22.323920876,3061.7
ACC_000533,ACC_000287,CASE_000163,2026-03-28 08:04:16.001335155,3061.7
ACC_001682,ACC_001050,CASE_000164,2026-01-20 03:06:19.440853813,100849.53
ACC_001682,ACC_001050,CASE_000164,2026-01-20 03:09:32.056977561,89689.48
ACC_001050,ACC_001267,CASE_000164,2026-01-20 03:15:29.532636960,190539.0
ACC_000796,ACC_000023,CASE_000165,2024-06-16 20:01:52.289933313,5927.0
ACC_000796,ACC_000023,CASE_000165,2024-06-16 20:04:12.904164643,710.95
ACC_000023,ACC_000480,CASE_000165,2024-06-16 20:26:08.256769964,5060.84
ACC_000480,ACC_000775,CASE_000165,2024-06-16 20:28:03.285245484,5060.84
ACC_001651,ACC_000659,CASE_000166,2024-03-24 08:00:08.970537276,17215.44
ACC_000659,ACC_000404,CASE_000166,2024-03-24 08:08:39.381868617,17215.44
ACC_001767,ACC_000659,CASE_000167,2024-06-03 09:16:47.784784222,30886.5
ACC_001767,ACC_000659,CASE_000167,2024-06-03 09:22:44.286190006,27651.76
ACC_000659,ACC_000404,CASE_000167,2024-06-03 09:26:37.214942921,58538.26
ACC_000862,ACC_000467,CASE_000168,2025-12-14 19:30:26.438070700,2176.35
ACC_000862,ACC_000467,CASE_000168,2025-12-14 19:35:07.251082527,1241.02
ACC_000467,ACC_001288,CASE_000168,2025-12-14 19:53:19.412651318,3417.36
ACC_000199,ACC_000011,CASE_000169,2026-04-12 12:43:38.282283656,4081.12
ACC_000199,ACC_000011,CASE_000169,2026-04-12 12:47:56.694385560,1448.51
ACC_000199,ACC_000011,CASE_000169,2026-04-12 12:49:58.465838768,781.1
ACC_000199,ACC_000011,CASE_000169,2026-04-12 12:53:22.484409484,2434.76
ACC_000011,ACC_001300,CASE_000169,2026-04-12 13:11:02.309966954,8745.49
ACC_001212,ACC_000023,CASE_000170,2026-04-23 02:35:42.768426184,15970.66
ACC_000023,ACC_000480,CASE_000170,2026-04-23 03:10:44.780193888,14712.47
ACC_000480,ACC_000023,CASE_000170,2026-04-23 03:12:33.213986124,14712.47
ACC_000984,ACC_000467,CASE_000171,2024-09-28 16:44:39.714059070,103026.56
ACC_000467,ACC_000093,CASE_000171,2024-09-28 16:53:38.298914312,103026.56
ACC_000857,ACC_000011,CASE_000172,2026-02-04 13:28:39.521799112,1265.03
ACC_000857,ACC_000011,CASE_000172,2026-02-04 13:32:37.373437817,2323.38
ACC_000857,ACC_000011,CASE_000172,2026-02-04 13:35:00.256586591,1106.56
ACC_000857,ACC_000011,CASE_000172,2026-02-04 13:37:51.165227163,1432.28
ACC_000011,ACC_001300,CASE_000172,2026-02-04 13:45:44.194384892,6127.25
ACC_000435,ACC_000052,CASE_000173,2025-05-03 12:43:21.047697147,20780.29
ACC_000052,ACC_001350,CASE_000173,2025-05-03 12:54:18.645521033,20780.29
ACC_000243,ACC_000139,CASE_000174,2026-01-19 13:40:41.627247217,9703.62
ACC_000243,ACC_000139,CASE_000174,2026-01-19 13:42:28.892982941,2073.71
ACC_000139,ACC_001308,CASE_000174,2026-01-19 14:37:17.915252774,11777.33
ACC_000350,ACC_001300,CASE_000175,2025-05-14 14:41:38.073360170,6155.37
ACC_001300,ACC_000011,CASE_000175,2025-05-14 15:31:14.458140614,6155.37
ACC_000038,ACC_001350,CASE_000176,2024-05-12 22:29:24.708553227,54281.04
ACC_000038,ACC_001350,CASE_000176,2024-05-12 22:37:05.281066690,2724.15
ACC_001350,ACC_000052,CASE_000176,2024-05-12 22:38:25.265062320,57005.19
ACC_001101,ACC_000052,CASE_000177,2024-03-13 07:08:59.697491828,15519.45
ACC_000052,ACC_001350,CASE_000177,2024-03-13 07:18:22.663314070,15519.45
ACC_001553,ACC_001046,CASE_000178,2026-05-22 00:53:34.682063146,296.01
ACC_001553,ACC_001046,CASE_000178,2026-05-22 00:55:07.361643439,450.83
ACC_001553,ACC_001046,CASE_000178,2026-05-22 01:00:30.361790359,295.81
ACC_001553,ACC_001046,CASE_000178,2026-05-22 01:04:54.379654188,2470.5
ACC_001046,ACC_001788,CASE_000178,2026-05-22 01:36:19.070408507,2282.34
ACC_001788,ACC_000782,CASE_000178,2026-05-22 02:04:09.968433138,1340.04
ACC_000782,ACC_001592,CASE_000178,2026-05-22 02:48:30.086115595,1340.04
ACC_000522,ACC_000190,CASE_000179,2025-01-22 22:30:06.517104689,4608.63
ACC_000190,ACC_000961,CASE_000179,2025-01-22 22:38:11.854305293,4608.63
ACC_000974,ACC_000467,CASE_000180,2024-11-15 07:52:56.751741302,783.37
ACC_000974,ACC_000467,CASE_000180,2024-11-15 08:00:29.719084426,2186.06
ACC_000974,ACC_000467,CASE_000180,2024-11-15 08:02:46.340477663,9422.5
ACC_000467,ACC_001288,CASE_000180,2024-11-15 08:29:13.472747606,10007.78
ACC_001288,ACC_001625,CASE_000180,2024-11-15 10:06:35.371036730,10007.78
ACC_001377,ACC_000404,CASE_000181,2024-11-20 14:40:46.879925637,1565.63
ACC_001377,ACC_000404,CASE_000181,2024-11-20 14:51:55.987561723,2107.88
ACC_001377,ACC_000404,CASE_000181,2024-11-20 14:57:01.846459228,1334.09
ACC_000404,ACC_000659,CASE_000181,2024-11-20 15:42:42.179472567,5007.6
ACC_000512,ACC_001300,CASE_000182,2024-12-11 05:18:22.603453733,5281.41
ACC_000512,ACC_001300,CASE_000182,2024-12-11 05:24:49.139077415,396.93
ACC_001300,ACC_000011,CASE_000182,2024-12-11 06:10:04.848762295,5678.35
ACC_001599,ACC_000287,CASE_000183,2026-05-10 22:12:45.203405749,1918.43
ACC_001599,ACC_000287,CASE_000183,2026-05-10 22:15:57.406193529,2527.9
ACC_001599,ACC_000287,CASE_000183,2026-05-10 22:17:16.760819862,465.11
ACC_000287,ACC_000366,CASE_000183,2026-05-10 22:21:57.205061946,3427.93
ACC_000366,ACC_000287,CASE_000183,2026-05-10 22:42:38.640202641,3427.93
ACC_000916,ACC_000404,CASE_000184,2024-02-27 03:27:08.362095719,8891.9
ACC_000404,ACC_000659,CASE_000184,2024-02-27 03:46:46.009207784,8891.9
ACC_001258,ACC_001350,CASE_000185,2024-04-18 11:13:49.152228670,3759.63
ACC_001350,ACC_000052,CASE_000185,2024-04-18 11:45:41.662874185,3759.63
ACC_001447,ACC_000659,CASE_000186,2025-12-20 09:10:02.880517927,10493.61
ACC_000659,ACC_000404,CASE_000186,2025-12-20 10:57:58.021653506,10493.61
ACC_001635,ACC_000093,CASE_000187,2025-05-15 12:59:33.867377758,12956.04
ACC_000093,ACC_001625,CASE_000187,2025-05-15 13:05:46.517082454,12222.76
ACC_001625,ACC_000093,CASE_000187,2025-05-15 13:48:26.336028461,11185.17
ACC_000093,ACC_001625,CASE_000187,2025-05-15 13:50:49.753665862,11185.17
ACC_001700,ACC_001647,CASE_000188,2024-04-27 02:52:05.222573408,3305.91
ACC_001647,ACC_001507,CASE_000188,2024-04-27 03:10:04.995572883,3305.91
ACC_001722,ACC_001117,CASE_000189,2024-02-01 09:41:59.020050362,9018.52
ACC_001117,ACC_000880,CASE_000189,2024-02-01 09:47:57.129038329,9018.52
ACC_000076,ACC_001768,CASE_000190,2024-07-23 07:11:04.869340665,201097.56
ACC_001768,ACC_001296,CASE_000190,2024-07-23 07:13:29.592122538,160811.94
ACC_001296,ACC_000819,CASE_000190,2024-07-23 07:18:25.036970016,160811.94
ACC_000331,ACC_000480,CASE_000191,2024-08-25 14:43:08.690823619,92187.86
ACC_000480,ACC_000775,CASE_000191,2024-08-25 14:48:53.783160224,54050.88
ACC_000775,ACC_000480,CASE_000191,2024-08-25 15:25:40.697233318,54050.88
ACC_000116,ACC_001592,CASE_000192,2024-01-13 23:12:17.902715688,2624.75
ACC_000116,ACC_001592,CASE_000192,2024-01-13 23:24:28.920886951,52.61
ACC_001592,ACC_001788,CASE_000192,2024-01-14 00:11:57.320261195,2371.36
ACC_001788,ACC_000782,CASE_000192,2024-01-14 00:55:58.728163422,2371.36
ACC_001671,ACC_000139,CASE_000193,2024-07-15 21:11:14.471908646,1579.21
ACC_001671,ACC_000139,CASE_000193,2024-07-15 21:20:19.708895258,729.07
ACC_000139,ACC_000767,CASE_000193,2024-07-15 22:04:14.076342738,1483.58
ACC_000767,ACC_000139,CASE_000193,2024-07-15 22:17:01.968301823,1483.58
ACC_000085,ACC_001267,CASE_000194,2025-11-03 14:55:16.879012266,120.23
ACC_000085,ACC_001267,CASE_000194,2025-11-03 15:02:21.469630464,2874.59
ACC_000085,ACC_001267,CASE_000194,2025-11-03 15:03:29.988905261,194.52
ACC_000085,ACC_001267,CASE_000194,2025-11-03 15:06:51.002752846,5000.51
ACC_001267,ACC_001050,CASE_000194,2025-11-03 15:15:45.236744460,8189.85
ACC_000269,ACC_001238,CASE_000195,2026-02-18 07:27:32.692265528,4004.34
ACC_000269,ACC_001238,CASE_000195,2026-02-18 07:35:24.675380937,1982.95
ACC_000269,ACC_001238,CASE_000195,2026-02-18 07:38:27.390494506,1633.86
ACC_000269,ACC_001238,CASE_000195,2026-02-18 07:42:45.872806363,18806.5
ACC_001238,ACC_001365,CASE_000195,2026-02-18 07:52:34.542819301,23434.29
ACC_001365,ACC_001629,CASE_000195,2026-02-18 07:58:34.878248735,23434.29
ACC_000577,ACC_000267,CASE_000196,2026-03-29 07:46:55.407433376,3770.47
ACC_000577,ACC_000267,CASE_000196,2026-03-29 07:54:00.672421226,9907.06
ACC_000577,ACC_000267,CASE_000196,2026-03-29 07:55:43.291546871,2636.91
ACC_000267,ACC_000287,CASE_000196,2026-03-29 08:07:54.059846583,15294.27
ACC_000287,ACC_000533,CASE_000196,2026-03-29 08:17:18.210618053,15294.27
ACC_000025,ACC_001625,CASE_000197,2024-12-21 05:37:55.018180830,12529.13
ACC_001625,ACC_001288,CASE_000197,2024-12-21 06:40:57.604283144,10454.6
ACC_001288,ACC_000467,CASE_000197,2024-12-21 06:43:47.112884022,10454.6
ACC_001313,ACC_000533,CASE_000198,2024-10-17 23:51:19.605183402,8611.19
ACC_001313,ACC_000533,CASE_000198,2024-10-18 00:04:53.725554620,36548.49
ACC_001313,ACC_000533,CASE_000198,2024-10-18 00:10:21.852067151,25211.71
ACC_001313,ACC_000533,CASE_000198,2024-10-18 00:17:44.407392651,10682.85
ACC_000533,ACC_001335,CASE_000198,2024-10-18 00:35:24.263999795,81054.24
ACC_001320,ACC_000467,CASE_000199,2026-06-29 21:17:17.278293203,6328.57
ACC_001320,ACC_000467,CASE_000199,2026-06-29 21:18:51.711958029,13899.56
ACC_001320,ACC_000467,CASE_000199,2026-06-29 21:23:52.909286670,1805.83
ACC_001320,ACC_000467,CASE_000199,2026-06-29 21:30:55.999877630,1923.26
ACC_000467,ACC_001625,CASE_000199,2026-06-29 21:39:21.974009620,20690.81
ACC_001625,ACC_000093,CASE_000199,2026-06-29 21:49:35.297185069,20690.81
ACC_000901,ACC_001046,CASE_000200,2025-12-01 21:36:46.791335344,23230.64
ACC_001046,ACC_000820,CASE_000200,2025-12-01 21:54:26.374673072,23230.64
ACC_000110,ACC_001288,CASE_000201,2025-05-04 13:14:44.943091854,3319.27
ACC_000110,ACC_001288,CASE_000201,2025-05-04 13:17:39.485134503,13724.3
ACC_000110,ACC_001288,CASE_000201,2025-05-04 13:32:16.872620684,9889.68
ACC_000110,ACC_001288,CASE_000201,2025-05-04 13:33:37.331991679,22375.76
ACC_001288,ACC_001625,CASE_000201,2025-05-04 14:59:07.493065521,44079.85
ACC_001625,ACC_000467,CASE_000201,2025-05-04 15:06:28.417833202,38296.35
ACC_000467,ACC_001625,CASE_000201,2025-05-04 15:08:35.207143010,38296.35
ACC_000280,ACC_001178,CASE_000202,2024-08-20 02:58:37.867197612,3804.78
ACC_000280,ACC_001178,CASE_000202,2024-08-20 03:06:51.994529576,13194.55
ACC_001178,ACC_001558,CASE_000202,2024-08-20 03:08:34.637833627,14733.72
ACC_001558,ACC_000709,CASE_000202,2024-08-20 04:16:04.032265432,14733.72
ACC_001701,ACC_000023,CASE_000203,2024-10-19 17:33:30.610657719,47464.43
ACC_001701,ACC_000023,CASE_000203,2024-10-19 17:39:02.721922739,21266.17
ACC_001701,ACC_000023,CASE_000203,2024-10-19 17:41:16.106254009,6056.09
ACC_000023,ACC_000775,CASE_000203,2024-10-19 18:13:57.254591404,74786.69
ACC_001583,ACC_000366,CASE_000204,2025-04-14 12:18:34.349846944,2777.4
ACC_000366,ACC_000267,CASE_000204,2025-04-14 12:34:05.735327898,2216.28
ACC_000267,ACC_001335,CASE_000204,2025-04-14 13:33:18.884900071,1674.28
ACC_001335,ACC_000533,CASE_000204,2025-04-14 13:34:30.873396513,1674.28
ACC_000798,ACC_000366,CASE_000205,2025-05-08 20:46:28.817978170,25799.91
ACC_000798,ACC_000366,CASE_000205,2025-05-08 20:52:29.653029083,3466.77
ACC_000798,ACC_000366,CASE_000205,2025-05-08 20:55:23.688124413,10558.5
ACC_000366,ACC_001335,CASE_000205,2025-05-08 21:16:03.131761947,25676.22
ACC_001335,ACC_000287,CASE_000205,2025-05-08 21:50:22.628267214,25676.22
ACC_001274,ACC_001046,CASE_000206,2024-01-13 11:37:39.693159025,5752.06
ACC_001046,ACC_001788,CASE_000206,2024-01-13 11:55:55.185635615,4430.54
ACC_001788,ACC_001592,CASE_000206,2024-01-13 11:59:48.091501741,2506.87
ACC_001592,ACC_000309,CASE_000206,2024-01-13 12:01:42.693463643,2506.87
ACC_001749,ACC_000767,CASE_000207,2026-05-24 00:29:46.705042515,2546.39
ACC_001749,ACC_000767,CASE_000207,2026-05-24 00:34:08.317765814,15124.59
ACC_000767,ACC_001308,CASE_000207,2026-05-24 00:36:17.631070195,17670.98
ACC_000110,ACC_001625,CASE_000208,2025-06-08 10:01:18.126024372,1995.88
ACC_001625,ACC_001288,CASE_000208,2025-06-08 11:38:10.178046391,1274.08
ACC_001288,ACC_000467,CASE_000208,2025-06-08 11:59:47.446092026,934.64
ACC_000467,ACC_001625,CASE_000208,2025-06-08 12:40:02.179979269,934.64
ACC_001004,ACC_000139,CASE_000209,2025-06-20 17:47:01.849712303,2843.49
ACC_000139,ACC_000767,CASE_000209,2025-06-20 18:56:35.485844416,2843.49
ACC_001066,ACC_001507,CASE_000210,2024-07-11 16:17:18.905483027,771.3
ACC_001066,ACC_001507,CASE_000210,2024-07-11 16:24:28.164832380,4700.39
ACC_001507,ACC_001647,CASE_000210,2024-07-11 16:25:37.605971155,5471.69
ACC_001142,ACC_000287,CASE_000211,2025-11-27 23:47:34.701634122,494.73
ACC_000287,ACC_000366,CASE_000211,2025-11-28 00:11:56.743388867,494.73
ACC_000054,ACC_001050,CASE_000212,2025-11-02 16:17:11.867173390,702.5
ACC_000054,ACC_001050,CASE_000212,2025-11-02 16:18:15.454526626,428.4
ACC_000054,ACC_001050,CASE_000212,2025-11-02 16:20:34.624370752,1168.02
ACC_000054,ACC_001050,CASE_000212,2025-11-02 16:24:13.042224662,3311.56
ACC_001050,ACC_001267,CASE_000212,2025-11-02 16:53:06.235012519,5610.49
ACC_001160,ACC_000093,CASE_000213,2024-03-27 16:44:43.987573218,4301.61
ACC_000093,ACC_001625,CASE_000213,2024-03-27 17:01:41.461130506,3361.39
ACC_001625,ACC_001288,CASE_000213,2024-03-27 17:11:28.919456069,3361.39
ACC_000584,ACC_000480,CASE_000214,2025-06-26 01:15:40.803512310,6854.5
ACC_000584,ACC_000480,CASE_000214,2025-06-26 01:28:34.539435778,46438.7
ACC_000584,ACC_000480,CASE_000214,2025-06-26 01:30:09.190765639,368.73
ACC_000584,ACC_000480,CASE_000214,2025-06-26 01:35:21.071836951,6728.24
ACC_000480,ACC_000775,CASE_000214,2025-06-26 02:01:31.871795019,54079.81
ACC_000775,ACC_000023,CASE_000214,2025-06-26 02:21:04.587363399,54079.81
ACC_000150,ACC_000880,CASE_000215,2025-08-22 15:00:27.027812963,12359.33
ACC_000150,ACC_000880,CASE_000215,2025-08-22 15:03:23.822792415,80.13
ACC_000150,ACC_000880,CASE_000215,2025-08-22 15:05:49.005561127,149.16
ACC_000150,ACC_000880,CASE_000215,2025-08-22 15:12:13.318816140,1165.11
ACC_000880,ACC_001117,CASE_000215,2025-08-22 15:18:55.511698284,13753.72
ACC_001129,ACC_000267,CASE_000216,2026-01-31 05:28:22.059023360,3872.55
ACC_000267,ACC_000366,CASE_000216,2026-01-31 05:31:27.402678896,3473.27
ACC_000366,ACC_000533,CASE_000216,2026-01-31 05:32:52.083635176,3473.27
ACC_001148,ACC_000659,CASE_000217,2024-07-06 18:25:01.529280014,11719.42
ACC_000659,ACC_000404,CASE_000217,2024-07-06 20:29:17.942098311,11719.42
ACC_001444,ACC_000775,CASE_000218,2026-03-10 12:50:04.538810426,850.45
ACC_001444,ACC_000775,CASE_000218,2026-03-10 12:57:36.307395898,3407.58
ACC_001444,ACC_000775,CASE_000218,2026-03-10 13:02:02.377855027,2345.12
ACC_001444,ACC_000775,CASE_000218,2026-03-10 13:03:46.104523374,2901.72
ACC_000775,ACC_000023,CASE_000218,2026-03-10 13:13:26.920220500,7143.98
ACC_000023,ACC_000775,CASE_000218,2026-03-10 13:22:07.426823733,7143.98
ACC_000143,ACC_001065,CASE_000219,2025-02-24 09:58:49.952721509,27229.86
ACC_000143,ACC_001065,CASE_000219,2025-02-24 10:04:09.310572238,14826.27
ACC_001065,ACC_001133,CASE_000219,2025-02-24 10:08:11.023540883,42056.13
ACC_000661,ACC_000309,CASE_000220,2024-03-28 22:59:12.417774378,2286.98
ACC_000661,ACC_000309,CASE_000220,2024-03-28 23:01:43.800844642,2752.36
ACC_000661,ACC_000309,CASE_000220,2024-03-28 23:09:12.486184011,6192.74
ACC_000309,ACC_000820,CASE_000220,2024-03-28 23:26:26.361922321,6406.0
ACC_000820,ACC_000309,CASE_000220,2024-03-28 23:37:21.432715767,6406.0
ACC_000897,ACC_000267,CASE_000221,2024-04-06 06:18:37.500802428,13261.71
ACC_000267,ACC_000366,CASE_000221,2024-04-06 06:38:55.159904583,7484.6
ACC_000366,ACC_001335,CASE_000221,2024-04-06 07:02:17.056304005,5908.39
ACC_001335,ACC_000267,CASE_000221,2024-04-06 07:50:34.288329283,5908.39
ACC_001196,ACC_000366,CASE_000222,2024-06-29 06:10:47.041744780,2707.12
ACC_000366,ACC_001335,CASE_000222,2024-06-29 06:13:06.148005406,1722.48
ACC_001335,ACC_000267,CASE_000222,2024-06-29 06:34:51.089650238,1722.48
ACC_000389,ACC_001350,CASE_000223,2024-09-14 14:22:09.780048148,1068.95
ACC_000389,ACC_001350,CASE_000223,2024-09-14 14:33:19.155307129,1081.29
ACC_000389,ACC_001350,CASE_000223,2024-09-14 14:36:58.366640532,863.58
ACC_000389,ACC_001350,CASE_000223,2024-09-14 14:38:09.976951580,634.6
ACC_001350,ACC_000052,CASE_000223,2024-09-14 14:42:21.475227702,3648.42
ACC_000454,ACC_000023,CASE_000224,2025-03-28 06:14:52.583226920,11290.43
ACC_000023,ACC_000775,CASE_000224,2025-03-28 07:19:35.507758945,6407.04
ACC_000775,ACC_000023,CASE_000224,2025-03-28 07:31:21.756978459,6407.04
ACC_000462,ACC_000011,CASE_000225,2025-11-13 03:12:35.329739567,40154.64
ACC_000011,ACC_001300,CASE_000225,2025-11-13 03:24:54.416645888,40154.64
ACC_000289,ACC_001335,CASE_000226,2024-06-19 03:21:33.040553815,23770.41
ACC_001335,ACC_000533,CASE_000226,2024-06-19 03:25:40.181925027,15755.52
ACC_000533,ACC_001335,CASE_000226,2024-06-19 04:26:29.829622795,12210.63
ACC_001335,ACC_000366,CASE_000226,2024-06-19 05:08:46.266804185,12210.63
ACC_001258,ACC_000093,CASE_000227,2026-06-23 08:05:03.904385768,82997.5
ACC_000093,ACC_001625,CASE_000227,2026-06-23 08:08:04.879371448,82997.5
ACC_001784,ACC_000819,CASE_000228,2024-05-27 03:36:14.749764102,35855.9
ACC_001784,ACC_000819,CASE_000228,2024-05-27 03:39:29.149671319,63261.04
ACC_000819,ACC_001296,CASE_000228,2024-05-27 04:58:35.707169366,75469.15
ACC_001296,ACC_000819,CASE_000228,2024-05-27 06:27:25.387104093,75469.15
ACC_001502,ACC_000287,CASE_000229,2025-06-30 01:07:31.003215749,1889.22
ACC_001502,ACC_000287,CASE_000229,2025-06-30 01:08:53.977605632,7700.37
ACC_001502,ACC_000287,CASE_000229,2025-06-30 01:10:16.747281465,8143.58
ACC_001502,ACC_000287,CASE_000229,2025-06-30 01:20:48.351086911,4784.08
ACC_000287,ACC_000366,CASE_000229,2025-06-30 01:28:54.499251373,22517.24
ACC_000065,ACC_001029,CASE_000230,2026-04-26 06:40:56.789498680,8360.29
ACC_000065,ACC_001029,CASE_000230,2026-04-26 06:49:11.447304983,2892.83
ACC_000065,ACC_001029,CASE_000230,2026-04-26 06:56:45.991415407,6694.23
ACC_001029,ACC_001393,CASE_000230,2026-04-26 08:03:16.975690149,16306.99
ACC_001393,ACC_001029,CASE_000230,2026-04-26 08:28:34.939110998,16306.99
ACC_000423,ACC_000480,CASE_000231,2026-01-28 10:13:46.858978376,1797.1
ACC_000480,ACC_000023,CASE_000231,2026-01-28 10:18:43.521609546,1106.42
ACC_000023,ACC_000775,CASE_000231,2026-01-28 10:23:07.679583907,1106.42
ACC_001186,ACC_000267,CASE_000232,2025-08-13 06:23:38.369661716,61605.56
ACC_000267,ACC_000287,CASE_000232,2025-08-13 06:31:06.604506229,37547.48
ACC_000287,ACC_001335,CASE_000232,2025-08-13 06:56:03.498201250,37547.48
ACC_000257,ACC_001647,CASE_000233,2025-10-13 19:52:08.465654479,5926.83
ACC_000257,ACC_001647,CASE_000233,2025-10-13 19:55:20.883245874,4451.44
ACC_001647,ACC_001507,CASE_000233,2025-10-13 20:01:06.278469950,10378.27
ACC_001314,ACC_000823,CASE_000234,2024-05-02 06:26:21.677679974,3386.25
ACC_001314,ACC_000823,CASE_000234,2024-05-02 06:30:59.803196902,567.94
ACC_001314,ACC_000823,CASE_000234,2024-05-02 06:36:13.595391248,13646.23
ACC_000823,ACC_001426,CASE_000234,2024-05-02 07:00:45.331037647,17600.41
ACC_001370,ACC_000404,CASE_000235,2024-01-09 20:02:07.236065197,243.64
ACC_001370,ACC_000404,CASE_000235,2024-01-09 20:07:50.752390208,1552.56
ACC_000404,ACC_000659,CASE_000235,2024-01-09 20:09:11.413728625,1796.2
ACC_000540,ACC_001335,CASE_000236,2025-01-30 12:45:31.770347612,2851.67
ACC_000540,ACC_001335,CASE_000236,2025-01-30 12:47:08.760985306,4540.22
ACC_000540,ACC_001335,CASE_000236,2025-01-30 12:50:03.341560334,632.49
ACC_001335,ACC_000267,CASE_000236,2025-01-30 13:05:48.098760064,6843.24
ACC_000267,ACC_001335,CASE_000236,2025-01-30 13:24:38.286252724,6376.26
ACC_001335,ACC_000533,CASE_000236,2025-01-30 13:47:32.346289928,6376.26
ACC_000443,ACC_000404,CASE_000237,2024-03-22 14:04:27.863803482,37730.88
ACC_000404,ACC_000659,CASE_000237,2024-03-22 14:57:29.368290967,37730.88
ACC_000858,ACC_000052,CASE_000238,2024-11-21 22:53:50.654785842,11700.68
ACC_000052,ACC_001350,CASE_000238,2024-11-21 23:20:03.771935038,11700.68
ACC_000625,ACC_000775,CASE_000239,2024-07-22 20:43:22.744717348,3193.33
ACC_000775,ACC_000023,CASE_000239,2024-07-22 20:52:11.547177928,3193.33
ACC_000852,ACC_001762,CASE_000240,2026-04-14 19:18:14.191278523,79324.96
ACC_001762,ACC_000319,CASE_000240,2026-04-14 19:20:44.871093363,79324.96
ACC_001317,ACC_000093,CASE_000241,2026-03-12 17:52:56.683977205,116288.01
ACC_001317,ACC_000093,CASE_000241,2026-03-12 17:57:11.514741181,33689.28
ACC_001317,ACC_000093,CASE_000241,2026-03-12 18:03:15.070311055,4878.46
ACC_000093,ACC_001625,CASE_000241,2026-03-12 18:19:51.884340686,99420.65
ACC_001625,ACC_000093,CASE_000241,2026-03-12 19:40:31.184330491,91260.91
ACC_000093,ACC_000467,CASE_000241,2026-03-12 19:42:20.951730642,91260.91
ACC_001535,ACC_000267,CASE_000242,2026-01-16 02:00:47.928433382,1863.04
ACC_000267,ACC_001335,CASE_000242,2026-01-16 02:04:57.555172312,1226.08
ACC_001335,ACC_000533,CASE_000242,2026-01-16 02:53:02.682444470,851.83
ACC_000533,ACC_000287,CASE_000242,2026-01-16 03:17:45.003887587,851.83
ACC_000399,ACC_000480,CASE_000243,2025-10-12 10:37:33.882517273,19023.59
ACC_000480,ACC_000775,CASE_000243,2025-10-12 10:56:50.151323817,16922.39
ACC_000775,ACC_000480,CASE_000243,2025-10-12 11:12:18.579671039,16922.39
ACC_001719,ACC_001050,CASE_000244,2024-05-20 08:52:44.237396095,50.0
ACC_001719,ACC_001050,CASE_000244,2024-05-20 08:56:37.109499451,249.68
ACC_001719,ACC_001050,CASE_000244,2024-05-20 09:01:21.530186736,137.06
ACC_001719,ACC_001050,CASE_000244,2024-05-20 09:03:11.066329374,50.0
ACC_001050,ACC_001267,CASE_000244,2024-05-20 09:29:15.182008201,424.87
ACC_000235,ACC_000011,CASE_000245,2024-02-14 01:48:07.607010631,18985.68
ACC_000011,ACC_001300,CASE_000245,2024-02-14 01:53:13.762325486,18985.68
ACC_000538,ACC_000052,CASE_000246,2025-08-18 17:13:30.518409161,927.25
ACC_000052,ACC_001350,CASE_000246,2025-08-18 17:22:43.813493477,927.25
ACC_000984,ACC_000267,CASE_000247,2025-08-08 02:52:41.367119851,3283.2
ACC_000267,ACC_000366,CASE_000247,2025-08-08 03:07:30.070206377,3283.2
ACC_000143,ACC_000775,CASE_000248,2024-12-02 13:49:16.338142901,199.46
ACC_000143,ACC_000775,CASE_000248,2024-12-02 13:52:57.506049647,55.06
ACC_000143,ACC_000775,CASE_000248,2024-12-02 13:57:44.045370221,683.74
ACC_000143,ACC_000775,CASE_000248,2024-12-02 14:00:08.145662859,371.44
ACC_000775,ACC_000480,CASE_000248,2024-12-02 14:39:52.245276360,815.64
ACC_000480,ACC_000023,CASE_000248,2024-12-02 14:50:25.932151923,815.64
ACC_000322,ACC_001647,CASE_000249,2025-03-06 15:30:42.920415487,13636.1
ACC_000322,ACC_001647,CASE_000249,2025-03-06 15:31:50.094542881,874.42
ACC_001647,ACC_001507,CASE_000249,2025-03-06 15:36:40.702219640,14510.52
ACC_000901,ACC_000819,CASE_000250,2025-03-21 15:23:50.021045799,13960.18
ACC_000901,ACC_000819,CASE_000250,2025-03-21 15:28:00.942633917,5295.21
ACC_000901,ACC_000819,CASE_000250,2025-03-21 15:33:23.100469574,1240.03
ACC_000819,ACC_001768,CASE_000250,2025-03-21 15:49:25.429772848,20495.42
ACC_000222,ACC_000533,CASE_000251,2024-08-06 14:06:49.120220083,76.5
ACC_000222,ACC_000533,CASE_000251,2024-08-06 14:10:39.905415914,670.98
ACC_000533,ACC_000366,CASE_000251,2024-08-06 14:20:15.190854411,619.33
ACC_000366,ACC_000267,CASE_000251,2024-08-06 14:53:24.800473809,619.33
ACC_000993,ACC_000052,CASE_000252,2024-10-13 05:24:46.323449543,292.42
ACC_000993,ACC_000052,CASE_000252,2024-10-13 05:27:08.668358380,3085.38
ACC_000993,ACC_000052,CASE_000252,2024-10-13 05:31:44.914205510,2578.92
ACC_000052,ACC_001350,CASE_000252,2024-10-13 05:36:09.504606569,5956.72
ACC_000145,ACC_001335,CASE_000253,2025-01-16 04:03:56.752630070,7598.47
ACC_000145,ACC_001335,CASE_000253,2025-01-16 04:11:01.629643062,7227.68
ACC_001335,ACC_000267,CASE_000253,2025-01-16 04:13:45.474902222,12806.89
ACC_000267,ACC_001335,CASE_000253,2025-01-16 04:36:40.716604507,12806.89
ACC_001767,ACC_001690,CASE_000254,2025-07-03 12:27:35.237430074,41735.26
ACC_001690,ACC_000753,CASE_000254,2025-07-03 13:07:44.693501797,28022.91
ACC_000753,ACC_001690,CASE_000254,2025-07-03 14:54:12.549168226,28022.91
ACC_001619,ACC_001150,CASE_000255,2026-05-20 18:51:24.080936334,12437.19
ACC_001150,ACC_001133,CASE_000255,2026-05-20 19:14:57.675493837,9170.25
ACC_001133,ACC_000342,CASE_000255,2026-05-20 19:26:46.088352276,9170.25
ACC_001186,ACC_001625,CASE_000256,2025-05-05 13:56:59.585583700,2129.36
ACC_001625,ACC_000467,CASE_000256,2025-05-05 14:23:22.655871465,1667.81
ACC_000467,ACC_000093,CASE_000256,2025-05-05 14:59:59.144574341,1667.81
ACC_000048,ACC_001350,CASE_000257,2025-10-28 02:58:00.621269235,1844.31
ACC_000048,ACC_001350,CASE_000257,2025-10-28 03:08:46.065857722,50.0
ACC_000048,ACC_001350,CASE_000257,2025-10-28 03:11:58.302674923,6771.49
ACC_000048,ACC_001350,CASE_000257,2025-10-28 03:17:13.169160730,701.91
ACC_001350,ACC_000052,CASE_000257,2025-10-28 03:21:19.255471914,9364.89
ACC_001667,ACC_000309,CASE_000258,2026-01-05 04:27:32.006143901,8204.31
ACC_001667,ACC_000309,CASE_000258,2026-01-05 04:34:31.506972046,28267.23
ACC_000309,ACC_001788,CASE_000258,2026-01-05 05:00:02.204618490,28052.23
ACC_001788,ACC_000309,CASE_000258,2026-01-05 05:09:49.130431745,22628.55
ACC_000309,ACC_001788,CASE_000258,2026-01-05 05:56:31.791017148,22628.55
ACC_000760,ACC_000480,CASE_000259,2024-04-13 09:56:40.774248507,44240.71
ACC_000760,ACC_000480,CASE_000259,2024-04-13 09:58:14.310522559,17276.2
ACC_000760,ACC_000480,CASE_000259,2024-04-13 10:08:45.955018522,7451.05
ACC_000760,ACC_000480,CASE_000259,2024-04-13 10:10:46.271106999,942.33
ACC_000480,ACC_000775,CASE_000259,2024-04-13 10:11:56.247746681,55909.64
ACC_000775,ACC_000480,CASE_000259,2024-04-13 10:21:05.554954857,55909.64
ACC_000550,ACC_001350,CASE_000260,2025-08-18 00:10:27.090544770,2230.53
ACC_001350,ACC_000052,CASE_000260,2025-08-18 01:04:15.063247577,2230.53
ACC_001548,ACC_001592,CASE_000261,2025-03-15 05:40:13.422391480,6471.82
ACC_001592,ACC_001788,CASE_000261,2025-03-15 05:46:19.879621950,4601.58
ACC_001788,ACC_000820,CASE_000261,2025-03-15 06:02:11.922449740,4106.49
ACC_000820,ACC_001592,CASE_000261,2025-03-15 06:39:45.821061900,4106.49
ACC_000345,ACC_000404,CASE_000262,2025-06-05 12:06:07.645317132,7047.27
ACC_000404,ACC_000659,CASE_000262,2025-06-05 12:15:02.198575854,7047.27
ACC_001663,ACC_001507,CASE_000263,2024-02-05 00:25:17.617992477,5139.25
ACC_001507,ACC_001647,CASE_000263,2024-02-05 00:57:47.259581047,5139.25
ACC_000596,ACC_001365,CASE_000264,2026-04-05 13:45:06.089190907,1978.79
ACC_001365,ACC_001629,CASE_000264,2026-04-05 14:22:23.706621592,1792.93
ACC_001629,ACC_001349,CASE_000264,2026-04-05 14:52:31.711749269,1514.06
ACC_001349,ACC_001238,CASE_000264,2026-04-05 14:54:54.981381982,1514.06
ACC_001603,ACC_001178,CASE_000265,2026-05-18 00:13:10.276373225,5791.33
ACC_001603,ACC_001178,CASE_000265,2026-05-18 00:18:00.402306850,4313.83
ACC_001178,ACC_001558,CASE_000265,2026-05-18 01:03:01.653457542,8135.95
ACC_001558,ACC_001178,CASE_000265,2026-05-18 01:11:17.221094473,6152.73
ACC_001178,ACC_000378,CASE_000265,2026-05-18 01:45:32.669360955,6152.73
ACC_000244,ACC_001625,CASE_000266,2024-01-04 04:16:35.722884689,28309.03
ACC_001625,ACC_000093,CASE_000266,2024-01-04 04:27:52.189785986,28309.03
ACC_001332,ACC_000659,CASE_000267,2024-07-12 21:06:20.908315365,957.37
ACC_001332,ACC_000659,CASE_000267,2024-07-12 21:08:19.193505189,2298.72
ACC_001332,ACC_000659,CASE_000267,2024-07-12 21:09:29.135287563,2771.62
ACC_000659,ACC_000404,CASE_000267,2024-07-12 21:17:06.393905830,6027.72
ACC_001274,ACC_000023,CASE_000268,2024-06-13 03:52:13.530585083,2745.99
ACC_001274,ACC_000023,CASE_000268,2024-06-13 03:53:22.348951433,1132.18
ACC_001274,ACC_000023,CASE_000268,2024-06-13 03:57:00.600396904,1589.09
ACC_001274,ACC_000023,CASE_000268,2024-06-13 04:05:45.317033114,123.55
ACC_000023,ACC_000480,CASE_000268,2024-06-13 04:25:37.176546799,3803.76
ACC_000480,ACC_000023,CASE_000268,2024-06-13 04:42:29.475317872,3803.76
ACC_001205,ACC_000287,CASE_000269,2025-12-12 18:49:27.943949860,6970.1
ACC_000287,ACC_000267,CASE_000269,2025-12-12 20:05:55.679832131,6970.1
ACC_001171,ACC_000480,CASE_000270,2025-06-28 21:02:47.324305065,38672.57
ACC_001171,ACC_000480,CASE_000270,2025-06-28 21:10:42.529938551,9727.82
ACC_001171,ACC_000480,CASE_000270,2025-06-28 21:23:33.436972947,22503.74
ACC_001171,ACC_000480,CASE_000270,2025-06-28 21:26:27.707321313,12345.79
ACC_000480,ACC_000775,CASE_000270,2025-06-28 22:00:43.314978470,56170.19
ACC_000775,ACC_000023,CASE_000270,2025-06-28 22:09:35.030328606,56170.19
ACC_001163,ACC_001085,CASE_000271,2024-06-10 13:45:05.640724588,341.24
ACC_001163,ACC_001085,CASE_000271,2024-06-10 13:59:50.673222296,14706.48
ACC_001163,ACC_001085,CASE_000271,2024-06-10 14:01:25.227469213,9197.46
ACC_001085,ACC_001558,CASE_000271,2024-06-10 14:03:19.376938634,24245.18
ACC_001320,ACC_000052,CASE_000272,2026-01-11 13:16:04.146361640,24792.96
ACC_000052,ACC_001350,CASE_000272,2026-01-11 13:19:16.379581975,24792.96
ACC_001599,ACC_000052,CASE_000273,2024-11-18 01:07:45.462966606,10858.07
ACC_000052,ACC_001350,CASE_000273,2024-11-18 01:56:54.200493977,10858.07
ACC_001787,ACC_000404,CASE_000274,2025-02-23 21:20:40.321462772,5207.0
ACC_000404,ACC_000659,CASE_000274,2025-02-23 22:35:50.400307666,5207.0
ACC_001317,ACC_001350,CASE_000275,2024-12-18 20:19:22.996856986,3752.67
ACC_001317,ACC_001350,CASE_000275,2024-12-18 20:24:41.281896072,3612.13
ACC_001317,ACC_001350,CASE_000275,2024-12-18 20:28:27.947115391,485.88
ACC_001350,ACC_000052,CASE_000275,2024-12-18 20:36:15.124555117,7850.68
ACC_000212,ACC_001117,CASE_000276,2025-04-19 23:43:30.239698744,1581.64
ACC_000212,ACC_001117,CASE_000276,2025-04-19 23:44:33.417729374,1809.4
ACC_000212,ACC_001117,CASE_000276,2025-04-19 23:50:21.834447859,611.71
ACC_001117,ACC_000694,CASE_000276,2025-04-20 00:49:25.947942344,4002.75
ACC_000794,ACC_001350,CASE_000277,2025-03-13 10:31:01.467008847,6751.42
ACC_001350,ACC_000052,CASE_000277,2025-03-13 11:06:57.083646862,6751.42
ACC_001632,ACC_000659,CASE_000278,2024-09-07 03:54:37.703431268,38352.13
ACC_000659,ACC_000404,CASE_000278,2024-09-07 04:12:55.986916156,38352.13
ACC_001516,ACC_000287,CASE_000279,2025-01-21 18:49:42.417923919,1155.63
ACC_001516,ACC_000287,CASE_000279,2025-01-21 19:08:08.718107258,1575.13
ACC_001516,ACC_000287,CASE_000279,2025-01-21 19:15:23.664631541,50.0
ACC_001516,ACC_000287,CASE_000279,2025-01-21 19:29:55.033049414,2018.94
ACC_000287,ACC_000267,CASE_000279,2025-01-21 20:42:47.004848484,2963.85
ACC_000267,ACC_001335,CASE_000279,2025-01-21 20:47:14.516241454,2963.85
ACC_000560,ACC_001308,CASE_000280,2026-04-07 12:19:43.329404885,4031.11
ACC_000560,ACC_001308,CASE_000280,2026-04-07 12:25:39.115791851,273.63
ACC_000560,ACC_001308,CASE_000280,2026-04-07 12:28:43.541428042,2108.79
ACC_001308,ACC_000767,CASE_000280,2026-04-07 12:58:44.999966373,4038.44
ACC_000767,ACC_001308,CASE_000280,2026-04-07 13:01:05.271466806,4038.44
ACC_000242,ACC_000659,CASE_000281,2025-04-03 03:22:22.404301591,516.73
ACC_000242,ACC_000659,CASE_000281,2025-04-03 03:23:34.056043745,21954.23
ACC_000659,ACC_000404,CASE_000281,2025-04-03 03:27:30.113363976,22470.96
ACC_000962,ACC_001365,CASE_000282,2026-04-14 20:46:48.747529550,2877.01
ACC_001365,ACC_001238,CASE_000282,2026-04-14 21:15:31.449333803,2877.01
ACC_000085,ACC_001349,CASE_000283,2025-05-16 04:45:32.286801735,28911.24
ACC_001349,ACC_001293,CASE_000283,2025-05-16 04:54:25.188709771,19463.8
ACC_001293,ACC_001365,CASE_000283,2025-05-16 05:50:59.535048142,12368.67
ACC_001365,ACC_001349,CASE_000283,2025-05-16 06:14:59.654302842,12368.67
ACC_001185,ACC_001350,CASE_000284,2025-12-01 09:45:54.092880522,6221.85
ACC_001350,ACC_000052,CASE_000284,2025-12-01 10:15:17.308699264,6221.85
ACC_000717,ACC_001647,CASE_000285,2024-09-24 11:47:49.630796260,4929.39
ACC_001647,ACC_001507,CASE_000285,2024-09-24 12:10:59.352723241,4929.39
ACC_001576,ACC_001300,CASE_000286,2025-12-21 03:19:31.183803417,2661.42
ACC_001300,ACC_000011,CASE_000286,2025-12-21 03:40:14.717956849,2661.42
ACC_000344,ACC_000820,CASE_000287,2024-08-28 19:23:39.089764279,1418.23
ACC_000344,ACC_000820,CASE_000287,2024-08-28 19:32:20.387349324,2745.88
ACC_000344,ACC_000820,CASE_000287,2024-08-28 19:41:50.335665045,15441.03
ACC_000344,ACC_000820,CASE_000287,2024-08-28 19:44:42.798990881,474.65
ACC_000820,ACC_001046,CASE_000287,2024-08-28 19:51:55.389347852,20079.78
ACC_000929,ACC_001350,CASE_000288,2024-01-18 20:20:44.412907479,5935.0
ACC_001350,ACC_000052,CASE_000288,2024-01-18 21:04:23.458777946,5935.0
ACC_001258,ACC_001050,CASE_000289,2024-05-26 10:48:52.251695678,62123.42
ACC_001050,ACC_001267,CASE_000289,2024-05-26 11:00:43.162262518,62123.42
ACC_000898,ACC_000524,CASE_000290,2024-01-20 18:10:04.512980030,16058.98
ACC_000524,ACC_000068,CASE_000290,2024-01-20 18:18:37.590579787,13463.39
ACC_000068,ACC_000524,CASE_000290,2024-01-20 18:31:08.433381527,13463.39
ACC_000727,ACC_001061,CASE_000291,2026-05-12 18:39:03.889648680,6256.24
ACC_000727,ACC_001061,CASE_000291,2026-05-12 18:41:19.197031566,3318.32
ACC_000727,ACC_001061,CASE_000291,2026-05-12 18:45:52.343797515,19730.51
ACC_001061,ACC_001327,CASE_000291,2026-05-12 18:55:02.739796089,23035.13
ACC_001327,ACC_001061,CASE_000291,2026-05-12 19:07:01.112122094,21320.32
ACC_001061,ACC_000092,CASE_000291,2026-05-12 19:08:24.187319765,21320.32
ACC_000755,ACC_001293,CASE_000292,2026-06-29 23:59:11.898864585,1696.96
ACC_001293,ACC_001238,CASE_000292,2026-06-30 00:25:12.149957774,1696.96
ACC_000680,ACC_000287,CASE_000293,2025-11-25 10:19:09.815515684,7009.31
ACC_000287,ACC_001335,CASE_000293,2025-11-25 11:34:35.607719411,4561.86
ACC_001335,ACC_000267,CASE_000293,2025-11-25 11:48:46.884687779,4561.86
ACC_000245,ACC_001300,CASE_000294,2024-04-08 13:34:33.115494768,66294.04
ACC_001300,ACC_000011,CASE_000294,2024-04-08 14:34:11.599135810,66294.04
ACC_000741,ACC_001507,CASE_000295,2026-03-29 22:58:04.822293476,2256.2
ACC_001507,ACC_001647,CASE_000295,2026-03-29 23:06:46.913458038,2256.2
ACC_001215,ACC_000480,CASE_000296,2025-11-08 17:08:53.746436713,20229.54
ACC_000480,ACC_000023,CASE_000296,2025-11-08 17:13:54.780488983,12809.19
ACC_000023,ACC_000775,CASE_000296,2025-11-08 17:19:12.212129830,12809.19
ACC_000937,ACC_000775,CASE_000297,2024-10-29 16:54:52.161058941,13420.51
ACC_000775,ACC_000023,CASE_000297,2024-10-29 17:25:50.502362336,13420.51
ACC_001658,ACC_001308,CASE_000298,2025-04-02 14:13:19.244233135,18566.77
ACC_001308,ACC_000139,CASE_000298,2025-04-02 14:44:51.333415956,18566.77
ACC_000800,ACC_000775,CASE_000299,2025-08-25 21:15:13.801326963,5995.8
ACC_000775,ACC_000480,CASE_000299,2025-08-25 22:23:25.235707252,5995.8
ACC_001118,ACC_000489,CASE_000300,2024-01-22 22:36:16.745711270,1550.97
ACC_000489,ACC_000335,CASE_000300,2024-01-22 22:55:02.255033770,1311.75
ACC_000335,ACC_000118,CASE_000300,2024-01-22 23:25:02.075407180,881.87
ACC_000118,ACC_000332,CASE_000300,2024-01-22 23:45:51.405224468,881.87
ACC_001384,ACC_000659,CASE_000301,2025-04-01 22:22:19.972918739,25670.54
ACC_001384,ACC_000659,CASE_000301,2025-04-01 22:29:35.163671269,17117.13
ACC_000659,ACC_000404,CASE_000301,2025-04-01 22:47:26.590269163,42787.67
ACC_000589,ACC_000819,CASE_000302,2025-10-29 05:48:56.061800409,6038.83
ACC_000589,ACC_000819,CASE_000302,2025-10-29 05:54:51.456285201,35873.29
ACC_000589,ACC_000819,CASE_000302,2025-10-29 05:58:13.112195326,17803.55
ACC_000819,ACC_001768,CASE_000302,2025-10-29 06:49:18.567459335,59715.67
ACC_000721,ACC_000023,CASE_000303,2024-06-20 12:13:01.652070184,33648.55
ACC_000023,ACC_000480,CASE_000303,2024-06-20 12:32:06.878105252,33648.55
ACC_000937,ACC_001647,CASE_000304,2025-02-08 07:40:20.225494178,1449.35
ACC_000937,ACC_001647,CASE_000304,2025-02-08 07:42:09.272607669,3474.01
ACC_001647,ACC_001507,CASE_000304,2025-02-08 07:50:43.900420628,4923.36
ACC_001536,ACC_000961,CASE_000305,2025-04-30 04:10:44.061587586,10538.87
ACC_000961,ACC_000190,CASE_000305,2025-04-30 04:42:14.574581248,10538.87
ACC_001419,ACC_000753,CASE_000306,2025-11-01 02:51:16.236353725,9694.44
ACC_000753,ACC_001690,CASE_000306,2025-11-01 03:16:09.713662552,8367.19
ACC_001690,ACC_000753,CASE_000306,2025-11-01 04:27:53.055641238,8367.19
ACC_000163,ACC_000023,CASE_000307,2026-05-28 15:21:47.830003088,18837.52
ACC_000023,ACC_000775,CASE_000307,2026-05-28 16:08:20.896745855,18837.52
ACC_000599,ACC_000287,CASE_000308,2026-02-11 20:28:35.251428319,17157.63
ACC_000287,ACC_001335,CASE_000308,2026-02-11 20:58:08.072542755,11314.65
ACC_001335,ACC_000267,CASE_000308,2026-02-11 22:01:55.676668395,11314.65
ACC_001163,ACC_000052,CASE_000309,2025-07-20 05:21:39.593930561,1198.33
ACC_001163,ACC_000052,CASE_000309,2025-07-20 05:23:41.671566845,1389.07
ACC_001163,ACC_000052,CASE_000309,2025-07-20 05:24:46.973728960,171.8
ACC_000052,ACC_001350,CASE_000309,2025-07-20 05:26:17.986241226,2759.2
ACC_001583,ACC_000287,CASE_000310,2025-06-15 17:50:33.564468371,2197.06
ACC_000287,ACC_000533,CASE_000310,2025-06-15 17:59:45.253576674,1984.85
ACC_000533,ACC_000366,CASE_000310,2025-06-15 18:33:07.318495438,1984.85
ACC_001310,ACC_001690,CASE_000311,2025-07-03 12:53:13.078142822,9392.66
ACC_001690,ACC_000753,CASE_000311,2025-07-03 12:55:20.733667431,9392.66
ACC_000064,ACC_000782,CASE_000312,2025-05-11 16:18:33.781542882,377.77
ACC_000064,ACC_000782,CASE_000312,2025-05-11 16:20:24.978322889,86.19
ACC_000064,ACC_000782,CASE_000312,2025-05-11 16:22:32.375440065,340.16
ACC_000782,ACC_001046,CASE_000312,2025-05-11 16:39:06.052725861,613.6
ACC_001046,ACC_000782,CASE_000312,2025-05-11 17:03:18.289183398,613.6
ACC_000896,ACC_001046,CASE_000313,2024-02-24 02:35:18.582459731,253.75
ACC_000896,ACC_001046,CASE_000313,2024-02-24 02:37:16.971015598,2498.95
ACC_000896,ACC_001046,CASE_000313,2024-02-24 02:42:19.799832170,1636.13
ACC_000896,ACC_001046,CASE_000313,2024-02-24 02:52:25.039435452,182.9
ACC_001046,ACC_000820,CASE_000313,2024-02-24 03:47:09.581309998,3966.0
ACC_000820,ACC_000782,CASE_000313,2024-02-24 04:55:55.272028017,3571.19
ACC_000782,ACC_001046,CASE_000313,2024-02-24 06:21:39.219506683,3571.19
ACC_001503,ACC_000023,CASE_000314,2025-09-28 04:23:21.908958743,4180.48
ACC_000023,ACC_000480,CASE_000314,2025-09-28 04:44:56.240633520,2658.33
ACC_000480,ACC_000775,CASE_000314,2025-09-28 04:48:12.573260179,2658.33
ACC_000064,ACC_000404,CASE_000315,2025-10-14 14:24:41.375974117,21160.23
ACC_000404,ACC_000659,CASE_000315,2025-10-14 15:21:27.079402660,21160.23
ACC_000576,ACC_001625,CASE_000316,2025-04-11 22:34:54.115376722,288490.71
ACC_001625,ACC_000093,CASE_000316,2025-04-11 22:48:29.407205435,210694.88
ACC_000093,ACC_001625,CASE_000316,2025-04-11 23:17:05.485360490,210694.88
ACC_001465,ACC_000139,CASE_000317,2026-03-03 22:32:17.744638313,2359.03
ACC_000139,ACC_000767,CASE_000317,2026-03-03 22:48:32.681754073,1486.64
ACC_000767,ACC_000139,CASE_000317,2026-03-03 22:59:20.260877840,1486.64
ACC_000700,ACC_000467,CASE_000318,2025-09-04 14:36:06.557696177,63463.31
ACC_000700,ACC_000467,CASE_000318,2025-09-04 14:37:11.606606941,56818.38
ACC_000467,ACC_001625,CASE_000318,2025-09-04 14:39:29.352146482,78425.19
ACC_001625,ACC_000093,CASE_000318,2025-09-04 15:16:29.226318582,68539.05
ACC_000093,ACC_001625,CASE_000318,2025-09-04 16:22:33.712573951,68539.05
ACC_000498,ACC_001350,CASE_000319,2024-11-26 09:59:47.570627921,22714.56
ACC_001350,ACC_000052,CASE_000319,2024-11-26 10:10:47.984143429,22714.56
ACC_000872,ACC_000659,CASE_000320,2024-01-18 23:06:37.735087096,34051.38
ACC_000659,ACC_000404,CASE_000320,2024-01-18 23:21:36.713055634,34051.38
ACC_000727,ACC_001350,CASE_000321,2024-02-23 21:41:04.198485392,711.15
ACC_000727,ACC_001350,CASE_000321,2024-02-23 21:51:11.237459263,536.99
ACC_001350,ACC_000052,CASE_000321,2024-02-23 21:58:12.592986224,1248.15
ACC_001101,ACC_000404,CASE_000322,2024-11-16 12:13:25.345460383,22139.81
ACC_000404,ACC_000659,CASE_000322,2024-11-16 12:34:45.335071804,22139.81
ACC_001522,ACC_000767,CASE_000323,2025-02-25 00:02:18.210848269,3429.48
ACC_001522,ACC_000767,CASE_000323,2025-02-25 00:07:09.324217819,4496.39
ACC_001522,ACC_000767,CASE_000323,2025-02-25 00:10:15.241533827,50.0
ACC_001522,ACC_000767,CASE_000323,2025-02-25 00:14:36.076581431,1571.91
ACC_000767,ACC_001308,CASE_000323,2025-02-25 00:51:54.150040571,6963.85
ACC_001308,ACC_000767,CASE_000323,2025-02-25 01:41:34.049821301,6963.85
ACC_000049,ACC_001050,CASE_000324,2024-06-01 01:25:40.945092769,8454.09
ACC_001050,ACC_001267,CASE_000324,2024-06-01 01:44:23.622014829,8454.09
ACC_000541,ACC_000659,CASE_000325,2024-06-21 11:47:37.950965098,3002.49
ACC_000659,ACC_000404,CASE_000325,2024-06-21 12:36:37.472427100,3002.49
ACC_001140,ACC_000023,CASE_000326,2024-07-28 17:28:55.196935212,5244.28
ACC_001140,ACC_000023,CASE_000326,2024-07-28 17:33:54.397785179,3933.44
ACC_000023,ACC_000480,CASE_000326,2024-07-28 18:15:48.490224062,7080.57
ACC_000480,ACC_000023,CASE_000326,2024-07-28 18:22:11.337775162,7080.57
ACC_001473,ACC_001647,CASE_000327,2025-12-12 02:17:39.217481853,23556.01
ACC_001647,ACC_001507,CASE_000327,2025-12-12 03:24:22.399127439,23556.01
ACC_000163,ACC_000659,CASE_000328,2025-12-03 16:16:10.587882978,17277.19
ACC_000163,ACC_000659,CASE_000328,2025-12-03 16:20:21.311582287,1318.44
ACC_000163,ACC_000659,CASE_000328,2025-12-03 16:24:25.363465856,506.23
ACC_000659,ACC_000404,CASE_000328,2025-12-03 16:44:29.133815677,19101.85
ACC_001136,ACC_000480,CASE_000329,2024-12-14 21:03:17.923780304,12460.88
ACC_001136,ACC_000480,CASE_000329,2024-12-14 21:05:59.835358063,20930.11
ACC_001136,ACC_000480,CASE_000329,2024-12-14 21:14:07.639279397,40670.3
ACC_000480,ACC_000023,CASE_000329,2024-12-14 21:38:19.468627177,74061.29
ACC_001658,ACC_001335,CASE_000330,2024-06-06 01:52:13.273079384,22626.53
ACC_001335,ACC_000533,CASE_000330,2024-06-06 02:53:53.530625492,22626.53
ACC_001661,ACC_001288,CASE_000331,2024-04-11 02:20:58.316778617,11089.02
ACC_001288,ACC_000467,CASE_000331,2024-04-11 02:59:12.379342619,6736.91
ACC_000467,ACC_000093,CASE_000331,2024-04-11 04:46:48.256742560,5388.01
ACC_000093,ACC_001625,CASE_000331,2024-04-11 05:06:06.523062377,5388.01
ACC_001098,ACC_000052,CASE_000332,2024-03-20 09:05:14.326614807,1677.36
ACC_001098,ACC_000052,CASE_000332,2024-03-20 09:17:49.350865027,15628.15
ACC_001098,ACC_000052,CASE_000332,2024-03-20 09:22:11.346735543,13695.79
ACC_000052,ACC_001350,CASE_000332,2024-03-20 10:31:17.493419157,31001.3
ACC_001375,ACC_000659,CASE_000333,2024-12-22 11:31:50.965823072,7816.1
ACC_001375,ACC_000659,CASE_000333,2024-12-22 11:33:55.976179966,18502.91
ACC_001375,ACC_000659,CASE_000333,2024-12-22 11:35:15.600548157,50.0
ACC_000659,ACC_000404,CASE_000333,2024-12-22 12:02:46.853491842,26331.48
ACC_001640,ACC_001300,CASE_000334,2024-02-11 12:18:56.496752057,30552.8
ACC_001300,ACC_000011,CASE_000334,2024-02-11 12:21:45.779298540,30552.8
ACC_001642,ACC_000139,CASE_000335,2024-10-31 00:20:26.616775438,7899.46
ACC_000139,ACC_000767,CASE_000335,2024-10-31 01:08:26.041457616,5817.0
ACC_000767,ACC_001308,CASE_000335,2024-10-31 01:22:02.792836918,5817.0
ACC_001562,ACC_000287,CASE_000336,2026-05-25 23:34:47.261706831,9897.15
ACC_000287,ACC_000366,CASE_000336,2026-05-25 23:41:10.315902385,5752.91
ACC_000366,ACC_001335,CASE_000336,2026-05-26 00:00:47.879613272,5249.32
ACC_001335,ACC_000267,CASE_000336,2026-05-26 00:07:03.089612160,5249.32
ACC_001757,ACC_000480,CASE_000337,2025-04-07 08:26:02.670613769,947.08
ACC_001757,ACC_000480,CASE_000337,2025-04-07 08:32:24.582580107,194.12
ACC_001757,ACC_000480,CASE_000337,2025-04-07 08:34:01.593396534,268.61
ACC_000480,ACC_000023,CASE_000337,2025-04-07 08:45:26.959552133,1209.48
ACC_000023,ACC_000775,CASE_000337,2025-04-07 09:43:54.819670753,1209.48
ACC_001070,ACC_000093,CASE_000338,2026-01-19 10:45:56.290366362,3028.65
ACC_001070,ACC_000093,CASE_000338,2026-01-19 10:52:13.271419817,4000.7
ACC_000093,ACC_001288,CASE_000338,2026-01-19 10:59:00.426637003,7029.35
ACC_000824,ACC_001308,CASE_000339,2024-04-27 18:40:06.012219721,280.22
ACC_000824,ACC_001308,CASE_000339,2024-04-27 18:44:21.452960630,272.29
ACC_000824,ACC_001308,CASE_000339,2024-04-27 18:48:35.683193475,721.21
ACC_000824,ACC_001308,CASE_000339,2024-04-27 18:50:58.704523478,83.9
ACC_001308,ACC_000767,CASE_000339,2024-04-27 18:59:12.757803374,1224.75
ACC_000767,ACC_000139,CASE_000339,2024-04-27 19:45:21.592840970,1224.75
ACC_000194,ACC_001350,CASE_000340,2024-09-01 05:54:34.153761902,44533.22
ACC_001350,ACC_000052,CASE_000340,2024-09-01 06:08:22.160137377,44533.22
ACC_001391,ACC_000023,CASE_000341,2026-05-12 08:00:18.511479187,48995.13
ACC_000023,ACC_000775,CASE_000341,2026-05-12 08:09:08.009571626,34285.07
ACC_000775,ACC_000480,CASE_000341,2026-05-12 08:43:24.592480762,34285.07
ACC_000806,ACC_001335,CASE_000342,2024-12-15 10:44:19.102494871,21097.63
ACC_001335,ACC_000533,CASE_000342,2024-12-15 11:40:04.745466997,19777.25
ACC_000533,ACC_001335,CASE_000342,2024-12-15 11:50:31.979726409,19777.25
ACC_000036,ACC_000023,CASE_000343,2025-08-13 17:22:46.326275966,8507.21
ACC_000023,ACC_000775,CASE_000343,2025-08-13 18:09:48.313701632,8507.21
ACC_000289,ACC_001768,CASE_000344,2026-06-08 06:37:40.704873162,10281.38
ACC_001768,ACC_000819,CASE_000344,2026-06-08 06:55:41.908604315,10281.38
ACC_001717,ACC_000404,CASE_000345,2025-05-16 19:30:33.747546263,2959.73
ACC_000404,ACC_000659,CASE_000345,2025-05-16 19:39:04.285759603,2959.73
ACC_001051,ACC_000480,CASE_000346,2024-10-05 05:06:00.769175721,130421.14
ACC_000480,ACC_000023,CASE_000346,2024-10-05 05:22:51.274439219,72937.3
ACC_000023,ACC_000775,CASE_000346,2024-10-05 05:36:49.391230466,72937.3
ACC_001563,ACC_000404,CASE_000347,2025-04-29 15:06:18.355009556,1841.62
ACC_000404,ACC_000659,CASE_000347,2025-04-29 15:16:57.506716679,1841.62
ACC_001179,ACC_000366,CASE_000348,2024-02-19 19:31:30.180697964,560.49
ACC_000366,ACC_000287,CASE_000348,2024-02-19 20:11:55.874607516,560.49
ACC_000560,ACC_000880,CASE_000349,2024-04-12 09:01:27.908684057,65034.41
ACC_000880,ACC_000694,CASE_000349,2024-04-12 09:59:36.912165830,65034.41
ACC_000675,ACC_001308,CASE_000350,2024-01-07 13:32:27.361798029,27757.02
ACC_000675,ACC_001308,CASE_000350,2024-01-07 13:40:09.953701992,709.72
ACC_000675,ACC_001308,CASE_000350,2024-01-07 13:41:45.578098452,31130.63
ACC_000675,ACC_001308,CASE_000350,2024-01-07 13:45:03.764956935,10373.69
ACC_001308,ACC_000767,CASE_000350,2024-01-07 14:00:39.683848574,44964.07
ACC_000767,ACC_001308,CASE_000350,2024-01-07 14:02:08.695026283,44964.07
ACC_000993,ACC_000659,CASE_000351,2026-03-16 12:37:50.979237453,30394.19
ACC_000993,ACC_000659,CASE_000351,2026-03-16 12:41:55.999574557,37484.33
ACC_000993,ACC_000659,CASE_000351,2026-03-16 12:47:07.979896028,2046.81
ACC_000659,ACC_000404,CASE_000351,2026-03-16 13:05:34.891694078,69925.33
ACC_000588,ACC_000404,CASE_000352,2025-09-03 13:04:44.306763422,32862.81
ACC_000404,ACC_000659,CASE_000352,2025-09-03 13:27:15.400830939,32862.81
ACC_000427,ACC_000139,CASE_000353,2024-09-28 19:38:19.140826599,38341.04
ACC_000139,ACC_001308,CASE_000353,2024-09-28 20:09:30.948659599,25171.64
ACC_001308,ACC_000139,CASE_000353,2024-09-28 20:30:36.779289893,25171.64
ACC_000702,ACC_001349,CASE_000354,2024-07-20 12:31:55.418289030,23048.89
ACC_001349,ACC_001238,CASE_000354,2024-07-20 12:41:44.060707591,14653.0
ACC_001238,ACC_001349,CASE_000354,2024-07-20 13:07:40.705785296,14653.0
ACC_000941,ACC_000366,CASE_000355,2025-09-14 07:34:26.337582446,842.55
ACC_000366,ACC_000533,CASE_000355,2025-09-14 07:38:39.175208135,627.42
ACC_000533,ACC_000267,CASE_000355,2025-09-14 08:08:46.505333176,627.42
ACC_001030,ACC_000961,CASE_000356,2026-04-17 17:14:14.330445046,26991.51
ACC_000961,ACC_000190,CASE_000356,2026-04-17 17:24:57.906915197,26991.51
ACC_001370,ACC_000652,CASE_000357,2024-09-29 12:50:27.876361234,19909.44
ACC_000652,ACC_001117,CASE_000357,2024-09-29 13:56:20.907467835,14358.9
ACC_001117,ACC_000880,CASE_000357,2024-09-29 14:12:08.714330965,14358.9
ACC_000098,ACC_000190,CASE_000358,2024-10-19 22:49:16.246772286,3756.96
ACC_000190,ACC_000961,CASE_000358,2024-10-19 23:03:37.095043500,3756.96
ACC_000228,ACC_000139,CASE_000359,2026-02-17 05:51:39.995279749,26550.41
ACC_000139,ACC_000767,CASE_000359,2026-02-17 05:58:41.837259471,21183.81
ACC_000767,ACC_000139,CASE_000359,2026-02-17 07:04:08.527260363,21183.81
ACC_001205,ACC_000524,CASE_000360,2026-03-24 20:57:54.886504294,9633.27
ACC_001205,ACC_000524,CASE_000360,2026-03-24 21:04:02.023565658,1734.44
ACC_000524,ACC_000091,CASE_000360,2026-03-24 21:12:52.419859862,7838.3
ACC_000091,ACC_000068,CASE_000360,2026-03-24 21:30:20.565376271,7838.3
ACC_000246,ACC_001647,CASE_000361,2026-04-12 17:04:42.163701442,2358.39
ACC_001647,ACC_001507,CASE_000361,2026-04-12 17:53:14.103823559,2358.39
ACC_000150,ACC_001647,CASE_000362,2024-09-24 01:43:36.116981516,100494.94
ACC_001647,ACC_001507,CASE_000362,2024-09-24 01:45:25.170186457,100494.94
ACC_000316,ACC_000467,CASE_000363,2024-04-19 15:09:59.838030294,52444.29
ACC_000316,ACC_000467,CASE_000363,2024-04-19 15:32:14.442949735,61558.2
ACC_000316,ACC_000467,CASE_000363,2024-04-19 15:33:34.491613329,8783.46
ACC_000467,ACC_001625,CASE_000363,2024-04-19 15:44:55.781672900,77755.59
ACC_001625,ACC_000093,CASE_000363,2024-04-19 16:04:16.568713033,63387.7
ACC_000093,ACC_000467,CASE_000363,2024-04-19 16:17:07.980942012,63387.7
ACC_001732,ACC_000093,CASE_000364,2025-02-04 20:30:47.874930577,9361.04
ACC_000093,ACC_000467,CASE_000364,2025-02-04 20:36:33.557053418,5236.36
ACC_000467,ACC_001288,CASE_000364,2025-02-04 20:46:59.584115876,4551.13
ACC_001288,ACC_000467,CASE_000364,2025-02-04 21:02:04.644898744,4551.13
ACC_000477,ACC_000404,CASE_000365,2024-09-26 10:48:14.668585305,484.4
ACC_000477,ACC_000404,CASE_000365,2024-09-26 10:50:20.210422130,868.76
ACC_000477,ACC_000404,CASE_000365,2024-09-26 10:52:41.888610149,2179.42
ACC_000477,ACC_000404,CASE_000365,2024-09-26 11:02:49.417180580,6798.47
ACC_000404,ACC_000659,CASE_000365,2024-09-26 11:12:19.111749371,10331.05
ACC_001275,ACC_001050,CASE_000366,2026-03-16 06:00:35.995788621,2921.19
ACC_001050,ACC_001267,CASE_000366,2026-03-16 07:45:40.491635732,2921.19
ACC_001502,ACC_000533,CASE_000367,2024-02-03 09:33:23.246528112,49528.03
ACC_001502,ACC_000533,CASE_000367,2024-02-03 09:35:14.856225551,1578.21
ACC_001502,ACC_000533,CASE_000367,2024-02-03 09:37:05.195612234,50.0
ACC_000533,ACC_001335,CASE_000367,2024-02-03 10:06:23.274034675,45907.09
ACC_001335,ACC_000533,CASE_000367,2024-02-03 11:32:26.379167705,41016.87
ACC_000533,ACC_001335,CASE_000367,2024-02-03 12:03:24.228767070,41016.87
ACC_000220,ACC_000775,CASE_000368,2025-07-31 11:53:42.372363574,58256.73
ACC_000775,ACC_000023,CASE_000368,2025-07-31 12:09:29.834334457,32665.42
ACC_000023,ACC_000480,CASE_000368,2025-07-31 12:31:12.523315797,32665.42
ACC_000968,ACC_001349,CASE_000369,2026-04-05 14:25:28.091374604,4283.71
ACC_001349,ACC_001293,CASE_000369,2026-04-05 15:11:35.466655144,2661.98
ACC_001293,ACC_001349,CASE_000369,2026-04-05 16:43:55.156347348,1880.57
ACC_001349,ACC_001293,CASE_000369,2026-04-05 18:32:12.867581103,1880.57
ACC_001447,ACC_000820,CASE_000370,2026-06-08 18:40:31.826604383,17966.51
ACC_000820,ACC_001788,CASE_000370,2026-06-08 19:11:28.020765669,10606.66
ACC_001788,ACC_000782,CASE_000370,2026-06-08 20:23:32.966074996,9651.46
ACC_000782,ACC_000820,CASE_000370,2026-06-08 20:28:14.622020676,9651.46
ACC_001287,ACC_000091,CASE_000371,2025-08-15 06:53:48.586859239,3637.2
ACC_001287,ACC_000091,CASE_000371,2025-08-15 07:07:56.601862937,12886.81
ACC_000091,ACC_000524,CASE_000371,2025-08-15 07:50:46.574923300,15186.23
ACC_000524,ACC_000068,CASE_000371,2025-08-15 08:33:37.345396804,15186.23
ACC_000490,ACC_001050,CASE_000372,2026-05-15 10:02:55.051083045,11390.65
ACC_001050,ACC_001267,CASE_000372,2026-05-15 12:18:47.230484034,11390.65
ACC_001074,ACC_001288,CASE_000373,2024-03-09 22:49:54.441290804,8635.49
ACC_001074,ACC_001288,CASE_000373,2024-03-09 22:52:44.054207140,1855.89
ACC_001074,ACC_001288,CASE_000373,2024-03-09 22:58:24.169210489,59161.27
ACC_001288,ACC_000467,CASE_000373,2024-03-09 23:15:48.643119298,69652.64
ACC_000826,ACC_000491,CASE_000374,2024-11-23 08:16:21.084579085,131291.86
ACC_000491,ACC_001039,CASE_000374,2024-11-23 08:25:46.101040752,131291.86
ACC_000134,ACC_001300,CASE_000375,2024-01-08 23:18:19.477218849,7295.96
ACC_001300,ACC_000011,CASE_000375,2024-01-08 23:42:45.220168700,7295.96
ACC_001160,ACC_001647,CASE_000376,2026-06-12 21:49:07.081136086,17224.7
ACC_001647,ACC_001507,CASE_000376,2026-06-12 22:03:16.565959413,17224.7
ACC_000270,ACC_000775,CASE_000377,2026-04-02 10:10:11.259283832,8082.6
ACC_000775,ACC_000023,CASE_000377,2026-04-02 10:38:00.501298605,6976.16
ACC_000023,ACC_000480,CASE_000377,2026-04-02 10:44:55.699903532,6976.16
ACC_000135,ACC_000023,CASE_000378,2024-01-26 14:53:16.227978126,3887.48
ACC_000023,ACC_000775,CASE_000378,2024-01-26 14:56:22.956718818,3887.48
ACC_000196,ACC_000782,CASE_000379,2024-01-17 13:06:35.129723980,9296.21
ACC_000782,ACC_001788,CASE_000379,2024-01-17 13:21:46.047909664,9296.21
ACC_001245,ACC_000093,CASE_000380,2024-11-30 08:10:51.928629995,58997.56
ACC_000093,ACC_000467,CASE_000380,2024-11-30 08:21:59.676814036,41701.54
ACC_000467,ACC_001625,CASE_000380,2024-11-30 08:45:24.275234631,29694.91
ACC_001625,ACC_000467,CASE_000380,2024-11-30 09:04:48.358480262,29694.91
ACC_000246,ACC_000267,CASE_000381,2024-08-23 13:28:45.437726934,17074.47
ACC_000246,ACC_000267,CASE_000381,2024-08-23 13:31:36.408908843,2209.03
ACC_000267,ACC_000366,CASE_000381,2024-08-23 13:54:49.250643952,13529.65
ACC_000366,ACC_000267,CASE_000381,2024-08-23 14:20:03.608208180,13529.65
ACC_000649,ACC_000775,CASE_000382,2026-02-10 14:37:28.579932385,3409.28
ACC_000775,ACC_000480,CASE_000382,2026-02-10 15:01:43.361269459,3409.28
ACC_000357,ACC_001350,CASE_000383,2024-05-26 05:39:06.279706325,8973.99
ACC_001350,ACC_000052,CASE_000383,2024-05-26 05:43:52.458576435,8973.99
ACC_000906,ACC_000480,CASE_000384,2025-12-21 07:02:36.216992113,1149.86
ACC_000906,ACC_000480,CASE_000384,2025-12-21 07:12:54.816820248,3737.84
ACC_000480,ACC_000775,CASE_000384,2025-12-21 07:33:34.658147696,4887.71
ACC_000263,ACC_000404,CASE_000385,2025-05-20 02:59:35.844687382,2167.43
ACC_000404,ACC_000659,CASE_000385,2025-05-20 03:16:23.883459767,2167.43
ACC_001077,ACC_000467,CASE_000386,2024-12-09 19:46:54.278056997,13980.12
ACC_000467,ACC_001625,CASE_000386,2024-12-09 20:48:04.752365689,13980.12
ACC_001653,ACC_001308,CASE_000387,2024-05-12 18:33:30.062811632,14141.59
ACC_001308,ACC_000139,CASE_000387,2024-05-12 19:05:57.712032184,12753.08
ACC_000139,ACC_001308,CASE_000387,2024-05-12 19:37:36.382650024,12753.08
ACC_001566,ACC_000533,CASE_000388,2026-06-27 22:02:12.259742061,15959.1
ACC_001566,ACC_000533,CASE_000388,2026-06-27 22:08:54.176715007,61.78
ACC_000533,ACC_000287,CASE_000388,2026-06-27 22:20:11.003353035,15057.0
ACC_000287,ACC_000533,CASE_000388,2026-06-27 22:21:34.920677039,12705.75
ACC_000533,ACC_001335,CASE_000388,2026-06-27 22:57:27.419229882,12705.75
ACC_000171,ACC_000775,CASE_000389,2025-07-17 00:39:54.149330808,3437.91
ACC_000775,ACC_000023,CASE_000389,2025-07-17 01:16:03.134111226,3437.91
ACC_000321,ACC_001788,CASE_000390,2025-02-04 06:47:22.983962048,1610.78
ACC_000321,ACC_001788,CASE_000390,2025-02-04 06:50:10.547773589,1210.0
ACC_000321,ACC_001788,CASE_000390,2025-02-04 07:02:56.694935621,380.05
ACC_001788,ACC_001592,CASE_000390,2025-02-04 07:57:31.349899325,3200.83
ACC_001641,ACC_000366,CASE_000391,2024-12-04 02:53:58.088891604,2913.31
ACC_001641,ACC_000366,CASE_000391,2024-12-04 02:55:33.961785724,28064.63
ACC_000366,ACC_000267,CASE_000391,2024-12-04 03:00:59.990564753,30977.94
ACC_000385,ACC_000480,CASE_000392,2026-04-05 03:37:57.442698288,12410.09
ACC_000480,ACC_000775,CASE_000392,2026-04-05 03:40:01.807946314,12410.09
ACC_000791,ACC_000309,CASE_000393,2026-01-18 03:17:39.900237811,7941.1
ACC_000309,ACC_000782,CASE_000393,2026-01-18 03:27:38.946402976,4463.24
ACC_000782,ACC_001046,CASE_000393,2026-01-18 03:43:30.827831825,4463.24
ACC_000901,ACC_001039,CASE_000394,2026-01-09 00:11:22.944657437,377.54
ACC_000901,ACC_001039,CASE_000394,2026-01-09 00:24:30.317837692,3867.78
ACC_000901,ACC_001039,CASE_000394,2026-01-09 00:29:18.057025206,164.5
ACC_000901,ACC_001039,CASE_000394,2026-01-09 00:34:50.817733293,380.4
ACC_001039,ACC_001114,CASE_000394,2026-01-09 01:17:06.840776914,4790.21
ACC_001266,ACC_000480,CASE_000395,2025-07-15 09:13:33.796687923,71514.07
ACC_001266,ACC_000480,CASE_000395,2025-07-15 09:17:24.276751888,15110.79
ACC_000480,ACC_000775,CASE_000395,2025-07-15 10:16:55.959866624,75925.33
ACC_000775,ACC_000023,CASE_000395,2025-07-15 10:25:29.625271399,75925.33
ACC_000069,ACC_001050,CASE_000396,2026-03-19 23:13:45.756278415,35222.87
ACC_001050,ACC_001267,CASE_000396,2026-03-19 23:18:41.440771598,35222.87
ACC_001738,ACC_001507,CASE_000397,2024-09-29 16:12:20.109622203,29240.68
ACC_001507,ACC_001647,CASE_000397,2024-09-29 16:25:07.640601672,29240.68
ACC_001109,ACC_000467,CASE_000398,2025-10-03 01:56:44.313389743,9207.96
ACC_000467,ACC_000093,CASE_000398,2025-10-03 02:10:59.876791076,6196.92
ACC_000093,ACC_001288,CASE_000398,2025-10-03 02:24:05.339801396,6196.92
ACC_000021,ACC_000093,CASE_000399,2025-01-03 11:47:20.353780964,8291.76
ACC_000093,ACC_001625,CASE_000399,2025-01-03 12:11:40.701642584,5864.22
ACC_001625,ACC_001288,CASE_000399,2025-01-03 12:24:43.675777337,3333.41
ACC_001288,ACC_001625,CASE_000399,2025-01-03 13:02:01.993886168,3333.41
ACC_001229,ACC_001288,CASE_000400,2025-06-30 14:33:16.792312183,65038.31
ACC_001288,ACC_000093,CASE_000400,2025-06-30 15:15:46.375670667,37863.74
ACC_000093,ACC_000467,CASE_000400,2025-06-30 15:22:57.838873030,27658.43
ACC_000467,ACC_001288,CASE_000400,2025-06-30 15:46:12.334697921,27658.43
ACC_000700,ACC_000404,CASE_000401,2026-06-28 08:10:07.764084603,12434.43
ACC_000700,ACC_000404,CASE_000401,2026-06-28 08:14:44.871680576,9982.47
ACC_000404,ACC_000659,CASE_000401,2026-06-28 09:18:31.016466185,22416.9
ACC_000559,ACC_000342,CASE_000402,2026-06-15 23:14:05.856609977,5310.06
ACC_000342,ACC_001150,CASE_000402,2026-06-15 23:15:23.573055102,4539.5
ACC_001150,ACC_000342,CASE_000402,2026-06-15 23:18:20.311363111,3883.72
ACC_000342,ACC_001133,CASE_000402,2026-06-15 23:54:30.133353301,3883.72
ACC_000645,ACC_000404,CASE_000403,2025-04-12 00:18:15.524219608,35677.52
ACC_000645,ACC_000404,CASE_000403,2025-04-12 00:19:50.894056394,50.0
ACC_000645,ACC_000404,CASE_000403,2025-04-12 00:24:25.831801007,1948.5
ACC_000404,ACC_000659,CASE_000403,2025-04-12 00:47:45.179635427,37652.06
ACC_000806,ACC_001288,CASE_000404,2025-06-06 19:36:10.800883432,13767.96
ACC_001288,ACC_000467,CASE_000404,2025-06-06 19:40:08.229381475,8055.47
ACC_000467,ACC_001625,CASE_000404,2025-06-06 20:18:50.525340914,8055.47
ACC_000471,ACC_000694,CASE_000405,2026-03-28 11:33:56.956054777,27975.57
ACC_000694,ACC_000652,CASE_000405,2026-03-28 13:53:06.937708879,16733.03
ACC_000652,ACC_001117,CASE_000405,2026-03-28 14:08:10.518421891,15130.49
ACC_001117,ACC_000652,CASE_000405,2026-03-28 14:15:31.628140670,15130.49
ACC_001373,ACC_000775,CASE_000406,2026-06-16 22:31:05.201291372,49429.51
ACC_000775,ACC_000480,CASE_000406,2026-06-16 23:07:40.467570355,30191.52
ACC_000480,ACC_000023,CASE_000406,2026-06-16 23:27:13.137235439,30191.52
ACC_000065,ACC_000011,CASE_000407,2025-12-10 07:49:03.551878467,1724.77
ACC_000065,ACC_000011,CASE_000407,2025-12-10 07:57:06.116706710,115.98
ACC_000011,ACC_001300,CASE_000407,2025-12-10 08:08:29.975984783,1840.75
ACC_001182,ACC_000335,CASE_000408,2024-02-29 09:22:18.700177469,11471.73
ACC_000335,ACC_000473,CASE_000408,2024-02-29 10:05:55.686600970,6492.91
ACC_000473,ACC_000836,CASE_000408,2024-02-29 10:17:35.871522871,6492.91
ACC_000984,ACC_000480,CASE_000409,2024-10-20 22:25:40.788957129,1292.85
ACC_000984,ACC_000480,CASE_000409,2024-10-20 22:29:05.875622201,15547.31
ACC_000984,ACC_000480,CASE_000409,2024-10-20 22:31:18.526893973,1307.8
ACC_000984,ACC_000480,CASE_000409,2024-10-20 22:37:58.417050698,12231.58
ACC_000480,ACC_000775,CASE_000409,2024-10-20 22:51:10.786344302,26573.06
ACC_000775,ACC_000023,CASE_000409,2024-10-20 22:59:55.295603431,26573.06
ACC_000337,ACC_001288,CASE_000410,2026-03-27 21:48:03.372289551,154847.83
ACC_001288,ACC_001625,CASE_000410,2026-03-27 22:13:32.282939439,154847.83
ACC_000897,ACC_000467,CASE_000411,2025-11-30 23:40:50.086951557,2818.92
ACC_000467,ACC_001625,CASE_000411,2025-11-30 23:52:22.422021600,2247.05
ACC_001625,ACC_000093,CASE_000411,2025-12-01 00:07:46.786075015,2247.05
ACC_001720,ACC_000961,CASE_000412,2025-11-07 04:50:44.946157149,42790.61
ACC_000961,ACC_000190,CASE_000412,2025-11-07 04:52:55.590343620,42790.61
ACC_001095,ACC_000139,CASE_000413,2025-08-31 11:57:20.179410363,21948.01
ACC_000139,ACC_001308,CASE_000413,2025-08-31 12:06:59.831965934,19204.67
ACC_001308,ACC_000767,CASE_000413,2025-08-31 12:45:59.204443632,19204.67
ACC_000974,ACC_000467,CASE_000414,2025-01-13 09:36:19.276663144,1390.37
ACC_000467,ACC_001288,CASE_000414,2025-01-13 10:17:20.277721863,965.23
ACC_001288,ACC_001625,CASE_000414,2025-01-13 10:33:32.669222529,876.95
ACC_001625,ACC_000093,CASE_000414,2025-01-13 10:41:17.449288081,876.95
ACC_000872,ACC_001690,CASE_000415,2025-01-02 08:58:54.933399823,6483.63
ACC_000872,ACC_001690,CASE_000415,2025-01-02 09:03:35.586043247,598.4
ACC_000872,ACC_001690,CASE_000415,2025-01-02 09:06:43.543012965,7786.96
ACC_000872,ACC_001690,CASE_000415,2025-01-02 09:08:23.047271317,7649.38
ACC_001690,ACC_000753,CASE_000415,2025-01-02 09:16:07.007102435,14248.99
ACC_000753,ACC_001690,CASE_000415,2025-01-02 10:08:30.293972356,14248.99
ACC_001081,ACC_000139,CASE_000416,2026-01-06 22:45:31.580778893,1592.82
ACC_001081,ACC_000139,CASE_000416,2026-01-06 22:58:24.251397230,577.34
ACC_001081,ACC_000139,CASE_000416,2026-01-06 23:01:14.808617372,4513.75
ACC_001081,ACC_000139,CASE_000416,2026-01-06 23:03:48.256441494,1269.21
ACC_000139,ACC_000767,CASE_000416,2026-01-07 00:04:57.526950170,7953.12
ACC_001052,ACC_001507,CASE_000417,2024-09-24 15:22:00.169088008,5865.54
ACC_001052,ACC_001507,CASE_000417,2024-09-24 15:27:08.331643832,2974.42
ACC_001052,ACC_001507,CASE_000417,2024-09-24 15:33:15.397652324,50.0
ACC_001507,ACC_001647,CASE_000417,2024-09-24 15:55:00.788661474,8871.78
ACC_001127,ACC_000052,CASE_000418,2025-09-15 21:39:21.432600253,3948.43
ACC_001127,ACC_000052,CASE_000418,2025-09-15 21:40:41.043622709,5572.12
ACC_000052,ACC_001350,CASE_000418,2025-09-15 21:49:18.651148639,9520.56
ACC_001717,ACC_001300,CASE_000419,2025-10-23 13:55:04.112754244,2564.83
ACC_001717,ACC_001300,CASE_000419,2025-10-23 13:58:25.575068111,21029.93
ACC_001717,ACC_001300,CASE_000419,2025-10-23 14:16:51.195341074,5403.27
ACC_001717,ACC_001300,CASE_000419,2025-10-23 14:21:46.320986139,838.51
ACC_001300,ACC_000011,CASE_000419,2025-10-23 14:39:46.239677746,29836.54
ACC_000590,ACC_000309,CASE_000420,2026-02-08 10:08:07.589386897,20186.16
ACC_000309,ACC_001046,CASE_000420,2026-02-08 10:23:12.447087175,20186.16
ACC_000049,ACC_001349,CASE_000421,2024-10-18 10:11:15.168360668,4842.17
ACC_001349,ACC_001293,CASE_000421,2024-10-18 11:01:01.270645202,4552.63
ACC_001293,ACC_001238,CASE_000421,2024-10-18 11:10:29.989561218,4552.63
ACC_000043,ACC_000480,CASE_000422,2025-11-06 20:49:09.224483707,16168.4
ACC_000043,ACC_000480,CASE_000422,2025-11-06 21:02:23.263938486,4838.31
ACC_000480,ACC_000775,CASE_000422,2025-11-06 21:06:05.805578034,18119.31
ACC_000775,ACC_000480,CASE_000422,2025-11-06 21:20:15.996099047,18119.31
ACC_001310,ACC_001625,CASE_000423,2024-04-07 00:55:35.687071638,16044.16
ACC_001625,ACC_000467,CASE_000423,2024-04-07 00:58:00.518438998,11832.9
ACC_000467,ACC_001288,CASE_000423,2024-04-07 01:02:35.197769252,10774.28
ACC_001288,ACC_001625,CASE_000423,2024-04-07 01:13:45.719340188,10774.28
ACC_001752,ACC_001768,CASE_000424,2024-05-05 19:03:28.335398042,13020.78
ACC_001768,ACC_000819,CASE_000424,2024-05-05 19:26:54.663117622,13020.78
ACC_000967,ACC_001293,CASE_000425,2025-01-15 05:04:59.622087807,25908.4
ACC_001293,ACC_001238,CASE_000425,2025-01-15 05:11:23.441140139,25908.4
ACC_000327,ACC_001768,CASE_000426,2024-02-20 07:51:53.934983315,9671.8
ACC_001768,ACC_000819,CASE_000426,2024-02-20 08:05:24.672400282,6378.25
ACC_000819,ACC_001296,CASE_000426,2024-02-20 08:12:05.692380818,6378.25
ACC_000416,ACC_001267,CASE_000427,2026-05-13 08:57:26.704632892,1657.41
ACC_001267,ACC_001050,CASE_000427,2026-05-13 09:20:05.073766734,1657.41
ACC_001648,ACC_000366,CASE_000428,2026-04-01 15:31:35.508717308,13695.04
ACC_000366,ACC_001335,CASE_000428,2026-04-01 15:32:35.903771956,13695.04
ACC_000783,ACC_000480,CASE_000429,2024-02-14 14:22:38.007866978,2561.03
ACC_000783,ACC_000480,CASE_000429,2024-02-14 14:24:48.738035158,10268.1
ACC_000783,ACC_000480,CASE_000429,2024-02-14 14:57:41.106827276,7707.56
ACC_000783,ACC_000480,CASE_000429,2024-02-14 14:58:57.859372798,6539.47
ACC_000480,ACC_000775,CASE_000429,2024-02-14 15:04:55.033142184,18033.79
ACC_000775,ACC_000480,CASE_000429,2024-02-14 15:37:25.695572220,18033.79
ACC_000896,ACC_000011,CASE_000430,2026-02-02 17:00:36.591536747,14216.58
ACC_000896,ACC_000011,CASE_000430,2026-02-02 17:01:44.976619524,6919.4
ACC_000011,ACC_001300,CASE_000430,2026-02-02 17:10:55.530241721,21135.97
ACC_001641,ACC_000524,CASE_000431,2025-04-08 14:42:44.763541571,131388.32
ACC_000524,ACC_000068,CASE_000431,2025-04-08 14:48:14.591203600,109078.46
ACC_000068,ACC_000091,CASE_000431,2025-04-08 15:26:53.526403982,109078.46
ACC_001101,ACC_001507,CASE_000432,2025-10-01 12:39:10.513229913,191438.12
ACC_001507,ACC_001647,CASE_000432,2025-10-01 12:40:28.537531139,191438.12
ACC_001562,ACC_000767,CASE_000433,2026-03-19 00:19:25.446935651,3360.52
ACC_001562,ACC_000767,CASE_000433,2026-03-19 00:22:08.313209835,3952.64
ACC_001562,ACC_000767,CASE_000433,2026-03-19 00:27:33.425691805,776.65
ACC_001562,ACC_000767,CASE_000433,2026-03-19 00:31:38.489113652,239.19
ACC_000767,ACC_001308,CASE_000433,2026-03-19 01:02:21.115123396,8329.0
ACC_000681,ACC_001647,CASE_000434,2025-06-09 16:40:53.598404865,15687.09
ACC_001647,ACC_001507,CASE_000434,2025-06-09 16:42:29.584665465,15687.09
ACC_001316,ACC_000775,CASE_000435,2024-04-16 00:27:56.696019344,3629.65
ACC_000775,ACC_000023,CASE_000435,2024-04-16 00:35:12.826224437,2949.21
ACC_000023,ACC_000480,CASE_000435,2024-04-16 00:36:46.441820093,2949.21
ACC_000924,ACC_000011,CASE_000436,2024-01-03 09:06:59.423871285,11379.74
ACC_000011,ACC_001300,CASE_000436,2024-01-03 09:32:54.204186891,11379.74
ACC_001503,ACC_000267,CASE_000437,2025-03-28 16:52:10.084944214,2455.59
ACC_001503,ACC_000267,CASE_000437,2025-03-28 16:59:03.145173709,822.9
ACC_001503,ACC_000267,CASE_000437,2025-03-28 17:04:18.109316451,631.22
ACC_001503,ACC_000267,CASE_000437,2025-03-28 17:05:30.374016422,2399.66
ACC_000267,ACC_001335,CASE_000437,2025-03-28 17:31:34.353022451,6309.37
ACC_000482,ACC_000480,CASE_000438,2026-05-14 18:45:45.440734568,9358.01
ACC_000480,ACC_000775,CASE_000438,2026-05-14 19:23:18.617945144,9358.01
ACC_000877,ACC_000052,CASE_000439,2025-06-05 16:49:51.153392259,202125.27
ACC_000052,ACC_001350,CASE_000439,2025-06-05 16:53:38.834816115,202125.27
ACC_001653,ACC_001768,CASE_000440,2024-12-05 19:07:40.262529232,31020.49
ACC_001768,ACC_001296,CASE_000440,2024-12-05 19:09:09.825876309,31020.49
ACC_001391,ACC_000533,CASE_000441,2024-01-29 04:54:55.280715030,10098.61
ACC_000533,ACC_000267,CASE_000441,2024-01-29 06:03:41.697134358,5736.27
ACC_000267,ACC_000533,CASE_000441,2024-01-29 06:05:46.131430872,5736.27
ACC_001359,ACC_000775,CASE_000442,2026-04-13 13:32:14.146104032,17373.05
ACC_000775,ACC_000023,CASE_000442,2026-04-13 13:40:48.986067552,14441.89
ACC_000023,ACC_000480,CASE_000442,2026-04-13 14:09:51.079871790,14441.89
ACC_000134,ACC_000819,CASE_000443,2024-10-25 01:18:57.472278868,4140.91
ACC_000819,ACC_001768,CASE_000443,2024-10-25 01:20:10.240536297,4140.91
ACC_000493,ACC_000011,CASE_000444,2025-10-04 01:57:07.121556679,1122.37
ACC_000493,ACC_000011,CASE_000444,2025-10-04 01:59:21.200750999,1014.33
ACC_000493,ACC_000011,CASE_000444,2025-10-04 02:04:06.175869192,253.73
ACC_000011,ACC_001300,CASE_000444,2025-10-04 03:00:55.009697950,2390.43
ACC_000840,ACC_000533,CASE_000445,2025-09-24 12:07:05.536900946,59305.91
ACC_000533,ACC_000287,CASE_000445,2025-09-24 12:16:18.249376883,35781.35
ACC_000287,ACC_000366,CASE_000445,2025-09-24 14:46:19.931603436,35781.35
ACC_000727,ACC_000366,CASE_000446,2024-08-19 07:10:17.672671124,19322.62
ACC_000366,ACC_001335,CASE_000446,2024-08-19 08:29:44.624365416,19322.62
ACC_000926,ACC_000659,CASE_000447,2024-02-28 02:59:40.906964552,18406.21
ACC_000659,ACC_000404,CASE_000447,2024-02-28 03:02:31.574321614,18406.21
ACC_001442,ACC_000775,CASE_000448,2024-12-16 18:03:07.061672079,12196.61
ACC_001442,ACC_000775,CASE_000448,2024-12-16 18:05:13.598361124,2389.04
ACC_001442,ACC_000775,CASE_000448,2024-12-16 18:06:24.354809454,5889.8
ACC_000775,ACC_000023,CASE_000448,2024-12-16 18:22:12.964798589,17369.79
ACC_000023,ACC_000775,CASE_000448,2024-12-16 18:37:54.465564318,17369.79
ACC_001229,ACC_001300,CASE_000449,2024-10-15 22:31:35.733696859,8110.75
ACC_001300,ACC_000011,CASE_000449,2024-10-15 23:30:14.844936103,8110.75
ACC_000159,ACC_000267,CASE_000450,2025-09-29 22:53:42.489672863,46962.47
ACC_000267,ACC_000287,CASE_000450,2025-09-29 23:30:11.712861491,46962.47
ACC_000166,ACC_001288,CASE_000451,2026-01-16 19:55:02.937002117,410.01
ACC_000166,ACC_001288,CASE_000451,2026-01-16 20:06:05.089301124,3171.29
ACC_000166,ACC_001288,CASE_000451,2026-01-16 20:11:05.177941055,6508.01
ACC_001288,ACC_000093,CASE_000451,2026-01-16 20:13:56.160288097,7932.75
ACC_000093,ACC_001288,CASE_000451,2026-01-16 21:07:27.288870423,7932.75
ACC_001502,ACC_000445,CASE_000452,2024-07-21 16:02:21.603890922,295.51
ACC_000445,ACC_000420,CASE_000452,2024-07-21 16:07:03.789841768,240.37
ACC_000420,ACC_000445,CASE_000452,2024-07-21 16:14:54.115295398,240.37
ACC_000069,ACC_000467,CASE_000453,2025-04-26 06:00:29.751052714,352344.76
ACC_000467,ACC_000093,CASE_000453,2025-04-26 06:18:22.688102824,250009.65
ACC_000093,ACC_001288,CASE_000453,2025-04-26 06:31:19.228828858,250009.65
ACC_000647,ACC_001308,CASE_000454,2024-02-07 00:31:28.729977354,8159.89
ACC_001308,ACC_000767,CASE_000454,2024-02-07 00:38:12.916769666,5836.93
ACC_000767,ACC_001308,CASE_000454,2024-02-07 01:07:57.033419098,5836.93
ACC_001682,ACC_000052,CASE_000455,2024-07-14 04:53:16.609062967,20282.48
ACC_000052,ACC_001350,CASE_000455,2024-07-14 05:28:00.873444318,20282.48
ACC_000368,ACC_000404,CASE_000456,2025-11-24 23:20:04.647223293,12112.74
ACC_000368,ACC_000404,CASE_000456,2025-11-24 23:21:25.772782307,20760.62
ACC_000404,ACC_000659,CASE_000456,2025-11-25 02:00:53.915627045,32873.36
ACC_001567,ACC_000819,CASE_000457,2025-12-23 19:36:33.073299982,40452.66
ACC_001567,ACC_000819,CASE_000457,2025-12-23 19:40:27.549177316,12335.7
ACC_000819,ACC_001296,CASE_000457,2025-12-23 20:04:40.538716628,29564.81
ACC_001296,ACC_000819,CASE_000457,2025-12-23 20:19:29.523963186,29564.81
ACC_001667,ACC_001117,CASE_000458,2025-12-08 07:56:57.834208859,2912.08
ACC_001667,ACC_001117,CASE_000458,2025-12-08 08:02:28.913227789,12515.13
ACC_001667,ACC_001117,CASE_000458,2025-12-08 08:06:05.843143888,1051.27
ACC_001117,ACC_000880,CASE_000458,2025-12-08 08:09:01.905940692,15074.93
ACC_000880,ACC_000652,CASE_000458,2025-12-08 08:10:16.823653624,15074.93
ACC_000433,ACC_001768,CASE_000459,2024-05-09 18:17:31.640025089,14472.02
ACC_001768,ACC_001296,CASE_000459,2024-05-09 18:43:47.099016732,10229.81
ACC_001296,ACC_000819,CASE_000459,2024-05-09 19:55:19.920206386,10229.81
ACC_001517,ACC_000659,CASE_000460,2025-05-17 00:54:30.495558657,2202.15
ACC_000659,ACC_000404,CASE_000460,2025-05-17 01:04:36.548991396,2202.15
ACC_001159,ACC_001350,CASE_000461,2025-01-20 02:13:58.048329467,1254.96
ACC_001159,ACC_001350,CASE_000461,2025-01-20 02:16:01.185844688,829.98
ACC_001159,ACC_001350,CASE_000461,2025-01-20 02:28:41.932134325,8450.89
ACC_001159,ACC_001350,CASE_000461,2025-01-20 02:30:47.103582935,754.25
ACC_001350,ACC_000052,CASE_000461,2025-01-20 02:37:16.742063881,11290.08
ACC_001766,ACC_001296,CASE_000462,2026-06-22 06:09:46.861900669,20224.13
ACC_001766,ACC_001296,CASE_000462,2026-06-22 06:23:56.509006139,5643.94
ACC_001766,ACC_001296,CASE_000462,2026-06-22 06:26:25.161050052,2770.22
ACC_001766,ACC_001296,CASE_000462,2026-06-22 06:33:18.764837954,6053.96
ACC_001296,ACC_001768,CASE_000462,2026-06-22 06:37:35.263924622,34692.25
ACC_000019,ACC_001114,CASE_000463,2025-08-18 21:18:43.292834776,3827.9
ACC_001114,ACC_001709,CASE_000463,2025-08-18 22:38:35.624991143,3827.9
ACC_000965,ACC_001647,CASE_000464,2026-05-01 23:30:50.678206739,851.48
ACC_000965,ACC_001647,CASE_000464,2026-05-01 23:32:10.769523431,583.09
ACC_000965,ACC_001647,CASE_000464,2026-05-01 23:36:20.957953093,3207.02
ACC_001647,ACC_001507,CASE_000464,2026-05-01 23:45:51.392585017,4641.59
ACC_000263,ACC_000480,CASE_000465,2024-05-12 10:16:10.018893621,12410.8
ACC_000263,ACC_000480,CASE_000465,2024-05-12 10:20:21.147925823,61291.86
ACC_000263,ACC_000480,CASE_000465,2024-05-12 10:23:35.099937531,884.22
ACC_000263,ACC_000480,CASE_000465,2024-05-12 10:27:15.007988104,24308.3
ACC_000480,ACC_000023,CASE_000465,2024-05-12 10:40:44.869770361,98895.18
ACC_000363,ACC_001365,CASE_000466,2025-02-14 18:33:54.227125796,4772.03
ACC_001365,ACC_001238,CASE_000466,2025-02-14 18:45:34.617056770,2979.71
ACC_001238,ACC_001293,CASE_000466,2025-02-14 18:48:48.673929237,2979.71
ACC_001642,ACC_000139,CASE_000467,2025-12-03 22:59:48.514905540,6187.59
ACC_000139,ACC_000767,CASE_000467,2025-12-03 23:02:57.343032723,6187.59
ACC_000717,ACC_000659,CASE_000468,2024-12-01 03:20:57.273998097,6055.1
ACC_000659,ACC_000404,CASE_000468,2024-12-01 03:28:14.531442188,6055.1
ACC_000702,ACC_000659,CASE_000469,2025-07-30 05:14:11.396982069,2477.15
ACC_000702,ACC_000659,CASE_000469,2025-07-30 05:19:28.380510184,927.42
ACC_000702,ACC_000659,CASE_000469,2025-07-30 05:24:15.635244087,1093.28
ACC_000702,ACC_000659,CASE_000469,2025-07-30 05:26:39.755163343,921.79
ACC_000659,ACC_000404,CASE_000469,2025-07-30 05:45:50.187245743,5419.64
ACC_001717,ACC_001288,CASE_000470,2025-04-11 04:17:11.330171939,1637.99
ACC_001288,ACC_000467,CASE_000470,2025-04-11 04:51:20.201812270,1365.78
ACC_000467,ACC_000093,CASE_000470,2025-04-11 05:10:26.970646435,1133.15
ACC_000093,ACC_000467,CASE_000470,2025-04-11 05:14:03.193669405,1133.15
ACC_000361,ACC_001350,CASE_000471,2026-06-22 16:04:06.334061497,16643.18
ACC_001350,ACC_000052,CASE_000471,2026-06-22 16:20:46.378456652,16643.18
ACC_000133,ACC_000533,CASE_000472,2024-06-07 10:34:46.743784134,29373.27
ACC_000533,ACC_000267,CASE_000472,2024-06-07 11:38:34.290360935,29373.27
ACC_000599,ACC_000775,CASE_000473,2026-05-02 03:04:57.789448446,16494.64
ACC_000775,ACC_000023,CASE_000473,2026-05-02 03:57:04.471020550,12956.93
ACC_000023,ACC_000480,CASE_000473,2026-05-02 04:06:55.480138678,12956.93
ACC_001732,ACC_000023,CASE_000474,2024-12-31 20:01:10.094194114,85204.71
ACC_000023,ACC_000775,CASE_000474,2024-12-31 20:27:46.665571924,85204.71
ACC_001063,ACC_000659,CASE_000475,2025-03-02 08:39:01.167806387,55392.9
ACC_000659,ACC_000404,CASE_000475,2025-03-02 08:43:38.732581393,55392.9
ACC_000598,ACC_000366,CASE_000476,2025-04-26 13:42:47.444084170,8394.89
ACC_000598,ACC_000366,CASE_000476,2025-04-26 13:45:11.643446151,13121.75
ACC_000598,ACC_000366,CASE_000476,2025-04-26 13:49:17.157693380,2781.79
ACC_000598,ACC_000366,CASE_000476,2025-04-26 13:54:23.531325636,6013.59
ACC_000366,ACC_000287,CASE_000476,2025-04-26 14:00:18.936789613,20475.93
ACC_000287,ACC_000267,CASE_000476,2025-04-26 14:48:38.513680582,20475.93
ACC_001408,ACC_000287,CASE_000477,2024-08-29 18:33:45.009579616,2547.01
ACC_001408,ACC_000287,CASE_000477,2024-08-29 18:48:28.812221204,16825.96
ACC_000287,ACC_000533,CASE_000477,2024-08-29 18:50:43.000569768,17725.61
ACC_000533,ACC_000287,CASE_000477,2024-08-29 18:56:32.136492293,14122.81
ACC_000287,ACC_000366,CASE_000477,2024-08-29 19:12:37.312992974,14122.81
ACC_001084,ACC_001592,CASE_000478,2026-05-27 22:09:17.205889644,22901.57
ACC_001592,ACC_001788,CASE_000478,2026-05-27 22:34:25.381584570,15545.02
ACC_001788,ACC_001046,CASE_000478,2026-05-27 23:59:41.136148537,13410.21
ACC_001046,ACC_001592,CASE_000478,2026-05-28 01:10:50.969267633,13410.21
ACC_000840,ACC_000480,CASE_000479,2026-04-10 09:37:34.889646824,5079.08
ACC_000480,ACC_000023,CASE_000479,2026-04-10 10:06:29.075452756,4560.72
ACC_000023,ACC_000775,CASE_000479,2026-04-10 10:16:26.429796382,4560.72
ACC_000014,ACC_000404,CASE_000480,2026-06-05 07:45:51.033299725,8235.42
ACC_000404,ACC_000659,CASE_000480,2026-06-05 07:51:54.393690105,8235.42
ACC_000687,ACC_000524,CASE_000481,2026-06-27 05:59:35.931896647,16331.86
ACC_000524,ACC_000068,CASE_000481,2026-06-27 07:23:03.948084344,11928.82
ACC_000068,ACC_000524,CASE_000481,2026-06-27 09:41:44.480612313,11928.82
ACC_000065,ACC_001308,CASE_000482,2025-09-02 05:02:33.876985287,76675.41
ACC_001308,ACC_000139,CASE_000482,2025-09-02 05:13:48.442381987,76675.41
ACC_000901,ACC_001647,CASE_000483,2025-02-15 12:16:44.939356511,15680.39
ACC_000901,ACC_001647,CASE_000483,2025-02-15 12:19:55.828712101,329.68
ACC_001647,ACC_001507,CASE_000483,2025-02-15 13:39:06.414732833,16010.07
ACC_000940,ACC_000011,CASE_000484,2026-02-14 00:57:49.481359832,10374.6
ACC_000011,ACC_001300,CASE_000484,2026-02-14 00:59:41.198234263,10374.6
ACC_001263,ACC_000366,CASE_000485,2024-01-22 17:18:18.921572579,33874.4
ACC_000366,ACC_000533,CASE_000485,2024-01-22 17:27:36.857203592,18693.39
ACC_000533,ACC_000287,CASE_000485,2024-01-22 18:00:44.385363144,15100.08
ACC_000287,ACC_000267,CASE_000485,2024-01-22 18:04:22.357951861,15100.08
ACC_001644,ACC_000533,CASE_000486,2026-01-30 03:36:53.567072752,2016.17
ACC_001644,ACC_000533,CASE_000486,2026-01-30 03:40:54.981191389,32279.92
ACC_000533,ACC_000287,CASE_000486,2026-01-30 04:02:06.978255827,26596.46
ACC_000287,ACC_000533,CASE_000486,2026-01-30 04:29:38.306531378,26596.46
ACC_001632,ACC_000659,CASE_000487,2025-03-29 01:32:52.309057499,23143.1
ACC_000659,ACC_000404,CASE_000487,2025-03-29 01:52:25.220645504,23143.1
ACC_000717,ACC_000052,CASE_000488,2025-09-05 07:28:42.854961014,570.89
ACC_000717,ACC_000052,CASE_000488,2025-09-05 07:32:01.009138431,536.19
ACC_000717,ACC_000052,CASE_000488,2025-09-05 07:35:56.883796534,12419.74
ACC_000052,ACC_001350,CASE_000488,2025-09-05 07:44:08.394407895,13526.82
ACC_000815,ACC_001335,CASE_000489,2024-12-06 18:27:59.891429970,754.0
ACC_000815,ACC_001335,CASE_000489,2024-12-06 18:35:27.515264004,255.88
ACC_000815,ACC_001335,CASE_000489,2024-12-06 18:38:43.758298508,840.07
ACC_000815,ACC_001335,CASE_000489,2024-12-06 18:39:44.180456026,1258.2
ACC_001335,ACC_000366,CASE_000489,2024-12-06 19:04:03.463483682,2049.35
ACC_000366,ACC_000267,CASE_000489,2024-12-06 19:05:52.885563406,2049.35
ACC_000594,ACC_000267,CASE_000490,2024-12-01 20:04:33.798006664,4680.23
ACC_000267,ACC_000533,CASE_000490,2024-12-01 20:38:00.969813635,4680.23
ACC_000844,ACC_001788,CASE_000491,2024-01-29 22:01:50.952352902,1795.83
ACC_000844,ACC_001788,CASE_000491,2024-01-29 22:03:16.411882447,247.37
ACC_000844,ACC_001788,CASE_000491,2024-01-29 22:05:48.478027099,1616.63
ACC_000844,ACC_001788,CASE_000491,2024-01-29 22:07:41.040270896,1004.5
ACC_001788,ACC_001046,CASE_000491,2024-01-29 23:06:41.898627154,4664.33
ACC_000227,ACC_000023,CASE_000492,2025-01-21 02:28:51.093113594,435.85
ACC_000227,ACC_000023,CASE_000492,2025-01-21 02:30:14.215239118,18201.66
ACC_000023,ACC_000775,CASE_000492,2025-01-21 02:41:18.131937383,18637.51
ACC_001767,ACC_000480,CASE_000493,2025-01-07 01:11:41.487468418,13639.04
ACC_000480,ACC_000023,CASE_000493,2025-01-07 01:28:42.263938012,10479.94
ACC_000023,ACC_000775,CASE_000493,2025-01-07 01:40:42.158247398,10479.94
ACC_001695,ACC_000404,CASE_000494,2024-07-23 19:43:38.915757481,1614.91
ACC_000404,ACC_000659,CASE_000494,2024-07-23 20:15:18.861288222,1614.91
ACC_001136,ACC_000287,CASE_000495,2024-08-13 07:41:37.679955324,3366.99
ACC_001136,ACC_000287,CASE_000495,2024-08-13 07:46:31.943555232,1338.97
ACC_000287,ACC_001335,CASE_000495,2024-08-13 07:53:26.856696457,4705.96
ACC_000806,ACC_000342,CASE_000496,2025-06-16 04:33:03.362478323,11923.67
ACC_000342,ACC_001065,CASE_000496,2025-06-16 04:38:30.114015679,10860.69
ACC_001065,ACC_001133,CASE_000496,2025-06-16 04:53:10.813553722,8476.98
ACC_001133,ACC_001150,CASE_000496,2025-06-16 05:01:55.017776305,8476.98
ACC_001303,ACC_000139,CASE_000497,2024-10-16 12:06:24.692133558,7859.07
ACC_000139,ACC_000767,CASE_000497,2024-10-16 12:29:43.546539997,7146.92
ACC_000767,ACC_000139,CASE_000497,2024-10-16 12:35:13.686394804,7146.92
ACC_000134,ACC_001625,CASE_000498,2026-01-26 09:15:59.142788002,24769.38
ACC_000134,ACC_001625,CASE_000498,2026-01-26 09:19:26.203449147,17502.8
ACC_001625,ACC_001288,CASE_000498,2026-01-26 09:57:48.307180521,42272.18
ACC_000350,ACC_000023,CASE_000499,2024-04-11 11:36:44.752696506,2292.07
ACC_000350,ACC_000023,CASE_000499,2024-04-11 11:44:07.261792584,3820.62
ACC_000350,ACC_000023,CASE_000499,2024-04-11 11:45:12.186709784,170.91
ACC_000350,ACC_000023,CASE_000499,2024-04-11 11:49:15.157865034,770.0
ACC_000023,ACC_000480,CASE_000499,2024-04-11 12:44:43.146159294,7053.6
ACC_001474,ACC_000709,CASE_000500,2025-06-10 06:04:05.368649736,9935.8
ACC_000709,ACC_000378,CASE_000500,2025-06-10 06:09:14.702087979,8902.59
ACC_000378,ACC_001178,CASE_000500,2025-06-10 06:17:02.805116824,5444.62
ACC_001178,ACC_000709,CASE_000500,2025-06-10 06:27:42.298699578,5444.62
ACC_001425,ACC_000767,CASE_000501,2024-05-25 19:41:34.962012349,10120.05
ACC_000767,ACC_000139,CASE_000501,2024-05-25 19:43:37.894609885,6259.91
ACC_000139,ACC_001308,CASE_000501,2024-05-25 19:44:50.855684371,6259.91
ACC_000625,ACC_001288,CASE_000502,2025-04-26 06:22:28.601537811,15789.91
ACC_001288,ACC_001625,CASE_000502,2025-04-26 06:52:48.773813327,11655.82
ACC_001625,ACC_000467,CASE_000502,2025-04-26 06:58:29.296631094,11655.82
ACC_000406,ACC_000753,CASE_000503,2025-05-18 09:36:29.529758264,6958.39
ACC_000753,ACC_001690,CASE_000503,2025-05-18 09:56:54.098583298,5515.06
ACC_001690,ACC_000932,CASE_000503,2025-05-18 09:58:11.404460341,5515.06
ACC_000199,ACC_000480,CASE_000504,2025-08-08 03:33:05.480057917,2570.45
ACC_000199,ACC_000480,CASE_000504,2025-08-08 03:37:51.343838721,5494.52
ACC_000480,ACC_000775,CASE_000504,2025-08-08 03:39:08.326640457,4574.0
ACC_000775,ACC_000480,CASE_000504,2025-08-08 04:08:21.540213183,4574.0
ACC_000069,ACC_000767,CASE_000505,2025-01-24 09:25:33.573331029,3596.32
ACC_000069,ACC_000767,CASE_000505,2025-01-24 09:27:06.062701651,14003.62
ACC_000767,ACC_000139,CASE_000505,2025-01-24 09:35:39.842081074,14420.01
ACC_000139,ACC_000767,CASE_000505,2025-01-24 09:38:43.556037290,14420.01
ACC_000042,ACC_000287,CASE_000506,2025-04-09 04:51:41.734738322,3367.64
ACC_000287,ACC_000366,CASE_000506,2025-04-09 05:01:18.551378583,3367.64
ACC_000967,ACC_000366,CASE_000507,2024-06-13 20:46:16.885255575,627.85
ACC_000967,ACC_000366,CASE_000507,2024-06-13 20:53:42.697665155,226.57
ACC_000366,ACC_000287,CASE_000507,2024-06-13 20:58:55.242490213,645.01
ACC_000287,ACC_000533,CASE_000507,2024-06-13 21:55:30.970385491,645.01
ACC_001442,ACC_001288,CASE_000508,2025-02-25 19:39:07.080404004,1111.12
ACC_001288,ACC_000093,CASE_000508,2025-02-25 20:04:47.789317759,916.34
ACC_000093,ACC_000467,CASE_000508,2025-02-25 20:06:52.464749870,869.99
ACC_000467,ACC_000093,CASE_000508,2025-02-25 20:34:57.105932864,869.99
ACC_001633,ACC_000819,CASE_000509,2024-12-05 20:43:17.605575278,9720.68
ACC_000819,ACC_001768,CASE_000509,2024-12-05 20:51:49.545045468,9720.68
ACC_000942,ACC_001178,CASE_000510,2025-08-29 21:36:46.189876472,4323.77
ACC_001178,ACC_001558,CASE_000510,2025-08-29 21:47:49.103263168,4323.77
ACC_001066,ACC_001296,CASE_000511,2025-01-31 03:43:38.243602153,6234.63
ACC_001296,ACC_001768,CASE_000511,2025-01-31 04:46:03.717189177,5079.62
ACC_001768,ACC_000819,CASE_000511,2025-01-31 04:54:58.310097971,5079.62
ACC_000800,ACC_000011,CASE_000512,2025-12-11 00:05:37.466271459,42321.0
ACC_000011,ACC_001300,CASE_000512,2025-12-11 00:08:26.205792820,42321.0
ACC_000791,ACC_000652,CASE_000513,2025-01-23 02:38:55.550307262,1562.43
ACC_000652,ACC_000880,CASE_000513,2025-01-23 02:46:20.560866793,1562.43
ACC_001024,ACC_001308,CASE_000514,2024-08-02 21:15:58.393050292,7928.08
ACC_001308,ACC_000139,CASE_000514,2024-08-02 21:19:08.029507495,7928.08
ACC_001128,ACC_001350,CASE_000515,2024-09-06 08:02:51.036351156,2968.17
ACC_001128,ACC_001350,CASE_000515,2024-09-06 08:13:59.380424626,32187.54
ACC_001128,ACC_001350,CASE_000515,2024-09-06 08:21:27.932727151,27755.6
ACC_001350,ACC_000052,CASE_000515,2024-09-06 08:26:08.030634603,62911.31
ACC_001338,ACC_000023,CASE_000516,2024-02-11 06:46:56.338330888,49557.4
ACC_000023,ACC_000480,CASE_000516,2024-02-11 06:53:43.150192935,37680.27
ACC_000480,ACC_000775,CASE_000516,2024-02-11 07:15:12.702400043,37680.27
ACC_000032,ACC_001335,CASE_000517,2025-05-06 21:07:17.769801792,2763.04
ACC_000032,ACC_001335,CASE_000517,2025-05-06 21:18:34.651319057,1480.4
ACC_000032,ACC_001335,CASE_000517,2025-05-06 21:21:35.542604459,668.56
ACC_000032,ACC_001335,CASE_000517,2025-05-06 21:25:32.279709802,174.5
ACC_001335,ACC_000287,CASE_000517,2025-05-06 21:39:21.681246365,5086.5
ACC_000406,ACC_000052,CASE_000518,2026-01-26 23:01:28.160409382,2790.47
ACC_000406,ACC_000052,CASE_000518,2026-01-26 23:04:06.687229078,3741.82
ACC_000406,ACC_000052,CASE_000518,2026-01-26 23:09:11.900036536,5968.07
ACC_000052,ACC_001350,CASE_000518,2026-01-26 23:35:59.952387119,12500.36
ACC_000268,ACC_000267,CASE_000519,2025-12-01 16:28:15.909337813,13488.44
ACC_000267,ACC_000533,CASE_000519,2025-12-01 17:41:09.323610105,13488.44
ACC_001012,ACC_001238,CASE_000520,2025-02-02 20:36:36.002066685,2481.39
ACC_001012,ACC_001238,CASE_000520,2025-02-02 20:43:19.236065542,14287.6
ACC_001012,ACC_001238,CASE_000520,2025-02-02 20:44:49.854890377,896.48
ACC_001012,ACC_001238,CASE_000520,2025-02-02 20:48:03.512404969,24129.75
ACC_001238,ACC_001293,CASE_000520,2025-02-02 21:02:19.055268650,27273.83
ACC_001293,ACC_001349,CASE_000520,2025-02-02 21:11:30.421514509,27273.83
ACC_000865,ACC_000775,CASE_000521,2024-06-27 16:25:40.168329346,566.5
ACC_000865,ACC_000775,CASE_000521,2024-06-27 16:30:01.776789310,466.37
ACC_000865,ACC_000775,CASE_000521,2024-06-27 16:32:26.269162148,1500.53
ACC_000775,ACC_000023,CASE_000521,2024-06-27 16:33:32.085604958,1417.91
ACC_000023,ACC_000480,CASE_000521,2024-06-27 16:42:05.096685505,1417.91
ACC_001375,ACC_001365,CASE_000522,2026-02-25 15:43:37.440039563,2463.76
ACC_001375,ACC_001365,CASE_000522,2026-02-25 15:48:44.276667615,701.65
ACC_001375,ACC_001365,CASE_000522,2026-02-25 16:07:28.481346387,7114.36
ACC_001375,ACC_001365,CASE_000522,2026-02-25 16:09:24.907467642,59.56
ACC_001365,ACC_001349,CASE_000522,2026-02-25 16:18:03.926651562,8179.19
ACC_001349,ACC_001238,CASE_000522,2026-02-25 16:38:36.410785119,5448.7
ACC_001238,ACC_001365,CASE_000522,2026-02-25 18:03:12.363881573,5448.7
ACC_001502,ACC_000052,CASE_000523,2024-02-21 17:48:17.099300395,433.84
ACC_001502,ACC_000052,CASE_000523,2024-02-21 17:49:58.998768079,181.24
ACC_001502,ACC_000052,CASE_000523,2024-02-21 17:53:57.305561566,377.39
ACC_001502,ACC_000052,CASE_000523,2024-02-21 17:56:58.525899258,448.28
ACC_000052,ACC_001350,CASE_000523,2024-02-21 19:01:07.015221984,1440.76
ACC_000216,ACC_000775,CASE_000524,2024-12-29 17:23:10.063878912,542.52
ACC_000216,ACC_000775,CASE_000524,2024-12-29 17:33:30.992999333,6160.0
ACC_000775,ACC_000023,CASE_000524,2024-12-29 17:45:50.443595435,6702.51
ACC_000903,ACC_000467,CASE_000525,2026-02-19 09:12:10.692992792,1919.35
ACC_000467,ACC_001288,CASE_000525,2026-02-19 09:52:16.881184178,1708.41
ACC_001288,ACC_000467,CASE_000525,2026-02-19 10:35:29.215128122,1708.41
ACC_001401,ACC_001690,CASE_000526,2024-12-24 04:32:03.663839048,8457.45
ACC_001690,ACC_000932,CASE_000526,2024-12-24 05:04:17.453098669,8457.45
ACC_001312,ACC_001288,CASE_000527,2024-04-17 09:38:17.516912904,269.47
ACC_001312,ACC_001288,CASE_000527,2024-04-17 09:43:11.758965787,1245.24
ACC_001312,ACC_001288,CASE_000527,2024-04-17 09:47:03.388106204,591.37
ACC_001312,ACC_001288,CASE_000527,2024-04-17 09:48:46.937830087,205.0
ACC_001288,ACC_000093,CASE_000527,2024-04-17 10:15:10.462923600,2311.09
ACC_001110,ACC_000404,CASE_000528,2024-08-30 08:07:43.352488497,19628.87
ACC_000404,ACC_000659,CASE_000528,2024-08-30 08:44:01.155396675,19628.87
ACC_001139,ACC_001308,CASE_000529,2025-06-30 15:37:11.540885732,7059.27
ACC_001139,ACC_001308,CASE_000529,2025-06-30 15:38:49.591356468,7229.47
ACC_001308,ACC_000767,CASE_000529,2025-06-30 15:46:44.585307441,9639.71
ACC_000767,ACC_000139,CASE_000529,2025-06-30 15:48:50.861818881,9639.71
ACC_000901,ACC_001625,CASE_000530,2024-05-18 13:15:40.733454224,9339.0
ACC_001625,ACC_000093,CASE_000530,2024-05-18 13:23:25.479105639,6545.49
ACC_000093,ACC_001288,CASE_000530,2024-05-18 14:01:20.923998596,6545.49
ACC_000548,ACC_001267,CASE_000531,2025-08-19 16:00:35.672660962,1417.36
ACC_001267,ACC_001050,CASE_000531,2025-08-19 16:33:32.446992428,1417.36
ACC_000965,ACC_001046,CASE_000532,2025-02-03 04:19:36.401192114,15390.12
ACC_001046,ACC_000782,CASE_000532,2025-02-03 04:23:23.789328014,10557.44
ACC_000782,ACC_001592,CASE_000532,2025-02-03 05:34:47.362272335,10557.44
ACC_000747,ACC_000767,CASE_000533,2024-10-31 16:18:53.364855425,4374.38
ACC_000767,ACC_001308,CASE_000533,2024-10-31 16:45:59.136580407,4374.38
ACC_000223,ACC_000287,CASE_000534,2024-08-07 12:23:28.917605826,2972.24
ACC_000223,ACC_000287,CASE_000534,2024-08-07 12:25:43.442383250,785.52
ACC_000287,ACC_001335,CASE_000534,2024-08-07 12:30:32.977731916,3757.76
ACC_001123,ACC_000366,CASE_000535,2026-01-20 01:59:10.792531482,325919.98
ACC_000366,ACC_000267,CASE_000535,2026-01-20 02:00:36.654988247,325919.98
ACC_000569,ACC_000404,CASE_000536,2024-12-27 09:42:51.709347427,3308.08
ACC_000569,ACC_000404,CASE_000536,2024-12-27 09:50:32.674214001,14903.19
ACC_000404,ACC_000659,CASE_000536,2024-12-27 09:59:58.526062251,18211.28
ACC_000286,ACC_001647,CASE_000537,2025-11-03 18:41:29.651262429,682.45
ACC_000286,ACC_001647,CASE_000537,2025-11-03 18:43:30.496386565,4604.47
ACC_000286,ACC_001647,CASE_000537,2025-11-03 18:44:37.158162437,408.69
ACC_001647,ACC_001507,CASE_000537,2025-11-03 18:52:20.035228754,5695.61
ACC_001549,ACC_000267,CASE_000538,2025-02-05 04:00:18.576795066,334316.0
ACC_001549,ACC_000267,CASE_000538,2025-02-05 04:01:30.560181880,432283.16
ACC_000267,ACC_000366,CASE_000538,2025-02-05 04:22:32.195373701,766599.16
ACC_001163,ACC_000404,CASE_000539,2024-03-24 16:44:47.909341419,2425.74
ACC_001163,ACC_000404,CASE_000539,2024-03-24 16:46:04.768074012,4664.68
ACC_001163,ACC_000404,CASE_000539,2024-03-24 16:50:52.204471806,273.53
ACC_001163,ACC_000404,CASE_000539,2024-03-24 17:05:52.472286119,868.52
ACC_000404,ACC_000659,CASE_000539,2024-03-24 17:53:10.626962944,8232.46
ACC_001404,ACC_001350,CASE_000540,2025-02-05 07:27:52.595746243,10202.23
ACC_001404,ACC_001350,CASE_000540,2025-02-05 07:32:30.788418872,7900.81
ACC_001404,ACC_001350,CASE_000540,2025-02-05 07:36:12.197110636,9374.89
ACC_001350,ACC_000052,CASE_000540,2025-02-05 07:39:14.554986212,27477.93
ACC_001572,ACC_000819,CASE_000541,2025-04-07 12:29:58.666406386,902.71
ACC_001572,ACC_000819,CASE_000541,2025-04-07 12:35:54.884349413,309.91
ACC_001572,ACC_000819,CASE_000541,2025-04-07 12:37:32.659182637,227.92
ACC_000819,ACC_001296,CASE_000541,2025-04-07 12:38:54.265458615,1440.55
ACC_001536,ACC_001300,CASE_000542,2025-02-21 02:50:37.732679498,4861.27
ACC_001300,ACC_000011,CASE_000542,2025-02-21 04:39:25.074438563,4861.27
ACC_000954,ACC_000287,CASE_000543,2026-01-13 15:03:40.647031992,770.65
ACC_000954,ACC_000287,CASE_000543,2026-01-13 15:06:47.797450710,212.5
ACC_000287,ACC_000366,CASE_000543,2026-01-13 15:40:40.420519981,591.34
ACC_000366,ACC_000533,CASE_000543,2026-01-13 16:14:19.932621613,591.34
ACC_000178,ACC_000819,CASE_000544,2026-04-09 18:59:42.014235964,29635.7
ACC_000819,ACC_001768,CASE_000544,2026-04-09 20:13:19.826113036,29635.7
ACC_001480,ACC_001039,CASE_000545,2025-12-17 18:30:27.654109379,9900.8
ACC_001039,ACC_001606,CASE_000545,2025-12-17 18:55:22.108232069,8999.67
ACC_001606,ACC_000491,CASE_000545,2025-12-17 19:32:46.620701887,5877.4
ACC_000491,ACC_001709,CASE_000545,2025-12-17 19:49:54.061255691,5877.4
ACC_000929,ACC_001288,CASE_000546,2025-06-14 22:26:26.109409315,4873.1
ACC_001288,ACC_000467,CASE_000546,2025-06-14 22:47:07.521999560,4536.04
ACC_000467,ACC_000093,CASE_000546,2025-06-14 23:03:38.961393282,4536.04
ACC_000405,ACC_000819,CASE_000547,2025-05-08 06:33:54.650380832,18324.46
ACC_000405,ACC_000819,CASE_000547,2025-05-08 06:47:50.959754380,1728.63
ACC_000819,ACC_001768,CASE_000547,2025-05-08 06:57:05.161007712,20053.09
ACC_001014,ACC_000093,CASE_000548,2025-08-10 06:24:37.211051346,6668.15
ACC_001014,ACC_000093,CASE_000548,2025-08-10 06:30:05.404594486,2039.12
ACC_001014,ACC_000093,CASE_000548,2025-08-10 06:31:18.749907019,1099.28
ACC_000093,ACC_001625,CASE_000548,2025-08-10 06:55:48.986528030,8591.37
ACC_001625,ACC_000467,CASE_000548,2025-08-10 08:05:56.118028268,7729.77
ACC_000467,ACC_000093,CASE_000548,2025-08-10 08:26:59.746059250,7729.77
ACC_000235,ACC_000011,CASE_000549,2024-09-19 05:56:05.795544536,13355.61
ACC_000011,ACC_001300,CASE_000549,2024-09-19 06:16:14.927622625,13355.61
ACC_001236,ACC_000011,CASE_000550,2026-01-09 15:20:43.586467139,24043.71
ACC_000011,ACC_001300,CASE_000550,2026-01-09 16:30:36.328933238,24043.71
ACC_001403,ACC_001350,CASE_000551,2026-02-19 15:32:56.544944442,1464.28
ACC_001350,ACC_000052,CASE_000551,2026-02-19 16:15:25.258806846,1464.28
ACC_000954,ACC_000287,CASE_000552,2024-08-31 10:31:01.542820381,2003.39
ACC_000954,ACC_000287,CASE_000552,2024-08-31 10:38:07.838270045,266.83
ACC_000954,ACC_000287,CASE_000552,2024-08-31 10:55:52.667740508,83.21
ACC_000954,ACC_000287,CASE_000552,2024-08-31 10:59:53.603801027,1839.42
ACC_000287,ACC_000267,CASE_000552,2024-08-31 11:32:19.901618970,3818.2
ACC_000267,ACC_000533,CASE_000552,2024-08-31 11:35:30.005316253,3818.2
ACC_000347,ACC_000287,CASE_000553,2026-04-02 11:44:38.725476716,7757.74
ACC_000287,ACC_000267,CASE_000553,2026-04-02 12:50:35.205706138,7757.74
ACC_000482,ACC_001350,CASE_000554,2026-02-12 05:26:49.277863803,12223.79
ACC_001350,ACC_000052,CASE_000554,2026-02-12 05:38:21.947004673,12223.79
ACC_000159,ACC_000093,CASE_000555,2025-01-21 17:21:26.290852911,44077.82
ACC_000093,ACC_001625,CASE_000555,2025-01-21 19:13:12.419632889,44077.82
ACC_000330,ACC_001267,CASE_000556,2026-04-08 03:20:00.962613584,4848.83
ACC_001267,ACC_001050,CASE_000556,2026-04-08 03:27:40.460690570,4848.83
ACC_000021,ACC_000404,CASE_000557,2024-04-19 17:59:49.399345448,4329.97
ACC_000404,ACC_000659,CASE_000557,2024-04-19 18:08:10.073701966,4329.97
ACC_000482,ACC_001625,CASE_000558,2024-01-26 12:44:03.106760904,2484.32
ACC_001625,ACC_000467,CASE_000558,2024-01-26 12:58:47.615605444,2484.32
ACC_001536,ACC_000775,CASE_000559,2024-11-12 22:36:20.176277892,5674.44
ACC_001536,ACC_000775,CASE_000559,2024-11-12 22:42:50.549746947,3800.47
ACC_001536,ACC_000775,CASE_000559,2024-11-12 22:50:49.792452062,1761.0
ACC_001536,ACC_000775,CASE_000559,2024-11-12 23:00:55.502996432,3275.72
ACC_000775,ACC_000023,CASE_000559,2024-11-12 23:56:21.192856998,11975.0
ACC_000023,ACC_000480,CASE_000559,2024-11-13 00:13:25.349529190,11975.0
ACC_000071,ACC_000093,CASE_000560,2025-05-30 02:55:12.755470184,811.18
ACC_000071,ACC_000093,CASE_000560,2025-05-30 03:01:47.779031560,2544.35
ACC_000071,ACC_000093,CASE_000560,2025-05-30 03:17:47.861690413,230.97
ACC_000071,ACC_000093,CASE_000560,2025-05-30 03:24:42.368322909,3060.41
ACC_000093,ACC_001625,CASE_000560,2025-05-30 03:44:12.804919550,6099.63
ACC_001625,ACC_000093,CASE_000560,2025-05-30 03:56:59.582288385,5307.85
ACC_000093,ACC_000467,CASE_000560,2025-05-30 04:06:03.446963406,5307.85
ACC_000363,ACC_000287,CASE_000561,2024-11-16 04:52:34.026189609,22177.57
ACC_000287,ACC_001335,CASE_000561,2024-11-16 05:16:24.746390191,13268.46
ACC_001335,ACC_000533,CASE_000561,2024-11-16 05:35:41.920409430,11363.07
ACC_000533,ACC_000267,CASE_000561,2024-11-16 05:47:04.180874728,11363.07
ACC_000212,ACC_001267,CASE_000562,2026-05-08 06:09:27.378960115,8783.36
ACC_001267,ACC_001050,CASE_000562,2026-05-08 08:08:43.040679211,8783.36
ACC_000758,ACC_001296,CASE_000563,2024-08-20 01:39:52.992469655,16287.8
ACC_001296,ACC_001768,CASE_000563,2024-08-20 01:40:56.108504898,10876.07
ACC_001768,ACC_001296,CASE_000563,2024-08-20 02:08:09.441841997,10876.07
ACC_000589,ACC_000404,CASE_000564,2024-09-13 05:09:04.530061677,2890.63
ACC_000589,ACC_000404,CASE_000564,2024-09-13 05:11:30.093299552,112.29
ACC_000404,ACC_000659,CASE_000564,2024-09-13 05:22:23.865293105,3002.92
ACC_000269,ACC_001288,CASE_000565,2025-08-01 08:22:52.426070229,11081.6
ACC_001288,ACC_001625,CASE_000565,2025-08-01 08:38:50.787409472,8033.24
ACC_001625,ACC_001288,CASE_000565,2025-08-01 09:22:14.870622834,6192.86
ACC_001288,ACC_000093,CASE_000565,2025-08-01 09:40:56.253974273,6192.86
ACC_000854,ACC_000652,CASE_000566,2024-01-04 12:55:34.567105336,22006.78
ACC_000652,ACC_001117,CASE_000566,2024-01-04 13:16:49.235437304,22006.78
ACC_000661,ACC_001350,CASE_000567,2025-10-24 19:50:30.202631024,229.09
ACC_000661,ACC_001350,CASE_000567,2025-10-24 19:51:43.577328772,352.87
ACC_001350,ACC_000052,CASE_000567,2025-10-24 20:04:45.568557721,581.97
ACC_000806,ACC_000659,CASE_000568,2024-12-09 21:12:16.126135662,5755.25
ACC_000806,ACC_000659,CASE_000568,2024-12-09 21:14:14.338305210,8039.01
ACC_000659,ACC_000404,CASE_000568,2024-12-09 21:49:52.747757812,13794.26
ACC_001474,ACC_001288,CASE_000569,2026-06-09 17:36:34.550307548,440.5
ACC_001474,ACC_001288,CASE_000569,2026-06-09 17:39:25.165786103,3358.56
ACC_001474,ACC_001288,CASE_000569,2026-06-09 17:42:11.234408095,2085.39
ACC_001288,ACC_001625,CASE_000569,2026-06-09 18:03:15.905289925,4624.57
ACC_001625,ACC_000467,CASE_000569,2026-06-09 18:58:20.758631371,3480.5
ACC_000467,ACC_001625,CASE_000569,2026-06-09 19:08:44.072880621,3480.5
ACC_001730,ACC_000767,CASE_000570,2025-09-21 21:49:31.979323006,3409.65
ACC_001730,ACC_000767,CASE_000570,2025-09-21 21:53:50.994228162,11000.31
ACC_001730,ACC_000767,CASE_000570,2025-09-21 21:58:31.561510412,11982.83
ACC_000767,ACC_001308,CASE_000570,2025-09-21 22:21:57.388450517,26392.8
ACC_001264,ACC_000775,CASE_000571,2024-02-17 13:49:42.269518556,6882.55
ACC_001264,ACC_000775,CASE_000571,2024-02-17 13:51:25.395927640,528.85
ACC_000775,ACC_000023,CASE_000571,2024-02-17 15:32:59.266456222,4646.95
ACC_000023,ACC_000775,CASE_000571,2024-02-17 15:34:16.805786325,4646.95
ACC_001398,ACC_001335,CASE_000572,2024-03-25 09:44:02.676263498,3310.97
ACC_001398,ACC_001335,CASE_000572,2024-03-25 09:50:35.659175625,8070.44
ACC_001398,ACC_001335,CASE_000572,2024-03-25 10:02:29.150756032,530.8
ACC_001398,ACC_001335,CASE_000572,2024-03-25 10:10:38.350371888,2113.84
ACC_001335,ACC_000366,CASE_000572,2024-03-25 10:18:24.063309056,10721.55
ACC_000366,ACC_000287,CASE_000572,2024-03-25 11:37:29.882947210,10721.55
ACC_001627,ACC_000932,CASE_000573,2024-03-21 07:48:38.184326214,13831.81
ACC_000932,ACC_000753,CASE_000573,2024-03-21 07:53:37.784494267,11462.14
ACC_000753,ACC_001690,CASE_000573,2024-03-21 08:43:11.203603187,11462.14
ACC_000163,ACC_001350,CASE_000574,2026-05-17 20:50:00.972015112,11843.22
ACC_000163,ACC_001350,CASE_000574,2026-05-17 20:51:34.877441486,1668.51
ACC_001350,ACC_000052,CASE_000574,2026-05-17 21:07:30.349677888,13511.73
ACC_000936,ACC_001350,CASE_000575,2025-09-15 04:37:25.239284004,15960.41
ACC_001350,ACC_000052,CASE_000575,2025-09-15 05:24:54.333266231,15960.41
ACC_001051,ACC_000023,CASE_000576,2025-01-24 14:24:40.226439268,18493.21
ACC_000023,ACC_000775,CASE_000576,2025-01-24 14:42:42.511824191,14335.28
ACC_000775,ACC_000480,CASE_000576,2025-01-24 15:11:39.023411444,14335.28
ACC_001538,ACC_000880,CASE_000577,2024-07-01 15:41:15.528490597,18011.7
ACC_000880,ACC_000652,CASE_000577,2024-07-01 16:25:27.876398068,16381.47
ACC_000652,ACC_000694,CASE_000577,2024-07-01 16:44:34.381515503,16381.47
ACC_001245,ACC_001507,CASE_000578,2026-03-06 21:31:30.832805677,2744.19
ACC_001245,ACC_001507,CASE_000578,2026-03-06 21:32:34.055277979,1850.44
ACC_001245,ACC_001507,CASE_000578,2026-03-06 21:36:19.251369004,502.19
ACC_001507,ACC_001647,CASE_000578,2026-03-06 21:53:03.022961789,5096.83
ACC_001258,ACC_000480,CASE_000579,2024-07-02 16:20:19.253843638,2136.68
ACC_000480,ACC_000023,CASE_000579,2024-07-02 16:48:24.340364623,1415.06
ACC_000023,ACC_000480,CASE_000579,2024-07-02 16:57:13.393496662,1415.06
ACC_001170,ACC_001507,CASE_000580,2025-10-05 20:42:22.756620733,1406.22
ACC_001507,ACC_001647,CASE_000580,2025-10-05 20:48:31.349571808,1406.22
ACC_000955,ACC_000366,CASE_000581,2025-11-26 09:41:22.275919148,7671.15
ACC_000366,ACC_000287,CASE_000581,2025-11-26 10:18:25.977473982,4718.23
ACC_000287,ACC_000267,CASE_000581,2025-11-26 10:56:05.261210312,4143.94
ACC_000267,ACC_001335,CASE_000581,2025-11-26 11:12:01.967175485,4143.94
ACC_001266,ACC_001178,CASE_000582,2024-09-25 11:13:39.780082112,25297.78
ACC_001178,ACC_000709,CASE_000582,2024-09-25 11:38:18.264927839,20334.1
ACC_000709,ACC_000378,CASE_000582,2024-09-25 11:42:46.879496799,20334.1
ACC_000126,ACC_000533,CASE_000583,2025-04-05 01:07:25.103954958,2065.02
ACC_000533,ACC_000267,CASE_000583,2025-04-05 01:21:39.354803805,1761.49
ACC_000267,ACC_001335,CASE_000583,2025-04-05 01:24:52.464131958,1025.28
ACC_001335,ACC_000287,CASE_000583,2025-04-05 01:42:31.440461307,1025.28
ACC_001261,ACC_000404,CASE_000584,2024-07-22 04:08:45.732758300,8053.28
ACC_001261,ACC_000404,CASE_000584,2024-07-22 04:16:56.545111569,12382.25
ACC_000404,ACC_000659,CASE_000584,2024-07-22 04:39:24.454902850,20435.53
ACC_000895,ACC_001288,CASE_000585,2024-12-11 05:40:05.836476826,20870.02
ACC_000895,ACC_001288,CASE_000585,2024-12-11 05:42:06.718365666,35351.8
ACC_001288,ACC_000093,CASE_000585,2024-12-11 06:28:38.541389629,44503.82
ACC_000093,ACC_001288,CASE_000585,2024-12-11 06:44:13.379523458,41744.02
ACC_001288,ACC_000093,CASE_000585,2024-12-11 06:51:10.224225568,41744.02
ACC_000902,ACC_000533,CASE_000586,2026-05-29 06:01:27.229013082,77.66
ACC_000902,ACC_000533,CASE_000586,2026-05-29 06:08:43.559739486,7343.39
ACC_000902,ACC_000533,CASE_000586,2026-05-29 06:10:34.326031570,1781.65
ACC_000902,ACC_000533,CASE_000586,2026-05-29 06:12:26.386565326,11152.1
ACC_000533,ACC_001335,CASE_000586,2026-05-29 08:51:43.891198021,15334.04
ACC_001335,ACC_000267,CASE_000586,2026-05-29 08:53:55.648412872,14501.03
ACC_000267,ACC_000366,CASE_000586,2026-05-29 09:34:21.617170480,14501.03
ACC_000830,ACC_000659,CASE_000587,2025-09-23 11:23:43.186091932,8078.38
ACC_000659,ACC_000404,CASE_000587,2025-09-23 12:06:33.054210605,8078.38
ACC_001757,ACC_000533,CASE_000588,2026-02-10 06:49:50.458954579,12884.02
ACC_001757,ACC_000533,CASE_000588,2026-02-10 06:59:06.037448197,285.97
ACC_000533,ACC_001335,CASE_000588,2026-02-10 07:19:56.139294282,10194.27
ACC_001335,ACC_000267,CASE_000588,2026-02-10 07:53:32.097688566,10194.27
ACC_001599,ACC_001647,CASE_000589,2025-05-07 12:04:56.952844800,97184.58
ACC_001647,ACC_001507,CASE_000589,2025-05-07 12:21:18.112841031,97184.58
ACC_001182,ACC_000011,CASE_000590,2024-08-05 18:54:42.133865712,14604.87
ACC_000011,ACC_001300,CASE_000590,2024-08-05 19:10:49.699898509,14604.87
ACC_000811,ACC_000404,CASE_000591,2025-10-11 10:50:50.939998431,3194.67
ACC_000404,ACC_000659,CASE_000591,2025-10-11 11:16:49.467281540,3194.67
ACC_001778,ACC_000267,CASE_000592,2025-04-01 01:11:46.184442210,3044.62
ACC_000267,ACC_001335,CASE_000592,2025-04-01 01:38:34.470638759,1680.25
ACC_001335,ACC_000267,CASE_000592,2025-04-01 01:43:12.098589883,1223.8
ACC_000267,ACC_000287,CASE_000592,2025-04-01 01:55:01.755691291,1223.8
ACC_000124,ACC_000052,CASE_000593,2024-06-10 03:24:25.980347813,144802.23
ACC_000052,ACC_001350,CASE_000593,2024-06-10 03:43:44.563805841,144802.23
ACC_000730,ACC_000011,CASE_000594,2025-01-10 18:34:37.655048585,54656.62
ACC_000011,ACC_001300,CASE_000594,2025-01-10 18:36:00.694871078,54656.62
ACC_000133,ACC_000819,CASE_000595,2025-08-01 08:26:21.948050518,3039.35
ACC_000133,ACC_000819,CASE_000595,2025-08-01 08:30:07.885509256,1506.22
ACC_000133,ACC_000819,CASE_000595,2025-08-01 08:34:54.327569605,1149.11
ACC_000819,ACC_001768,CASE_000595,2025-08-01 09:08:17.219423553,5694.67
ACC_000032,ACC_000467,CASE_000596,2025-10-31 21:43:15.867461511,669.74
ACC_000032,ACC_000467,CASE_000596,2025-10-31 21:45:34.118258709,270.76
ACC_000032,ACC_000467,CASE_000596,2025-10-31 21:48:40.646538709,2949.02
ACC_000032,ACC_000467,CASE_000596,2025-10-31 21:51:10.788788129,346.02
ACC_000467,ACC_001288,CASE_000596,2025-10-31 22:42:16.182171068,3778.57
ACC_001288,ACC_000467,CASE_000596,2025-10-31 23:09:14.457629175,2892.15
ACC_000467,ACC_001288,CASE_000596,2025-10-31 23:18:30.191577387,2892.15
ACC_001144,ACC_001267,CASE_000597,2024-08-09 14:24:46.780795063,1897.07
ACC_001144,ACC_001267,CASE_000597,2024-08-09 14:34:33.525121948,4959.77
ACC_001267,ACC_001050,CASE_000597,2024-08-09 14:38:01.557573396,6856.84
ACC_001586,ACC_001350,CASE_000598,2026-03-09 01:18:11.857158210,34873.35
ACC_001350,ACC_000052,CASE_000598,2026-03-09 01:22:31.034268151,34873.35
ACC_000656,ACC_001288,CASE_000599,2024-12-11 19:02:39.454765925,1540.88
ACC_000656,ACC_001288,CASE_000599,2024-12-11 19:11:19.668695398,122.82
ACC_001288,ACC_001625,CASE_000599,2024-12-11 19:25:35.834861258,1443.09
ACC_001625,ACC_000467,CASE_000599,2024-12-11 19:39:01.459337503,1443.09
ACC_001232,ACC_001050,CASE_000600,2024-09-04 01:37:00.024055477,2794.68
ACC_001050,ACC_001267,CASE_000600,2024-09-04 01:49:43.862837905,2794.68
ACC_000518,ACC_000467,CASE_000601,2024-06-26 18:23:22.829224828,48864.28
ACC_000518,ACC_000467,CASE_000601,2024-06-26 18:27:06.395777938,7187.62
ACC_000518,ACC_000467,CASE_000601,2024-06-26 18:28:25.126289233,23694.08
ACC_000467,ACC_001625,CASE_000601,2024-06-26 18:36:27.709406871,53490.43
ACC_001625,ACC_000467,CASE_000601,2024-06-26 18:41:47.288564507,39217.14
ACC_000467,ACC_001625,CASE_000601,2024-06-26 18:56:08.842688965,39217.14
ACC_000541,ACC_001507,CASE_000602,2026-01-02 14:57:16.434973305,2238.29
ACC_000541,ACC_001507,CASE_000602,2026-01-02 15:02:51.505982935,698.87
ACC_000541,ACC_001507,CASE_000602,2026-01-02 15:09:22.893884988,6439.58
ACC_001507,ACC_001647,CASE_000602,2026-01-02 15:19:50.501942368,9376.74
ACC_001140,ACC_000467,CASE_000603,2024-11-18 16:23:49.676466136,15132.13
ACC_000467,ACC_001625,CASE_000603,2024-11-18 16:38:50.118972438,15132.13
ACC_001332,ACC_001238,CASE_000604,2025-03-16 09:32:35.109603124,7168.05
ACC_001238,ACC_001365,CASE_000604,2025-03-16 09:44:12.561729018,4592.04
ACC_001365,ACC_001349,CASE_000604,2025-03-16 10:36:51.503825550,4592.04
ACC_000791,ACC_001308,CASE_000605,2024-07-22 00:39:22.716540033,7210.66
ACC_000791,ACC_001308,CASE_000605,2024-07-22 00:44:29.020050475,6568.09
ACC_000791,ACC_001308,CASE_000605,2024-07-22 00:46:29.025995437,875.67
ACC_001308,ACC_000139,CASE_000605,2024-07-22 01:48:59.505590990,14654.42
ACC_000902,ACC_001046,CASE_000606,2025-09-17 01:01:27.367906440,124.42
ACC_000902,ACC_001046,CASE_000606,2025-09-17 01:04:14.551328163,917.37
ACC_000902,ACC_001046,CASE_000606,2025-09-17 01:10:00.263077571,197.82
ACC_000902,ACC_001046,CASE_000606,2025-09-17 01:14:02.335145861,58.51
ACC_001046,ACC_000820,CASE_000606,2025-09-17 01:46:02.371291811,1097.47
ACC_000820,ACC_000782,CASE_000606,2025-09-17 02:17:36.193741775,1097.47
ACC_001466,ACC_001050,CASE_000607,2025-12-12 12:44:49.183369555,3706.59
ACC_001050,ACC_001267,CASE_000607,2025-12-12 13:23:32.706944583,3706.59
ACC_001258,ACC_000139,CASE_000608,2024-11-05 05:42:49.291963102,2890.07
ACC_001258,ACC_000139,CASE_000608,2024-11-05 05:44:17.521245670,7316.21
ACC_001258,ACC_000139,CASE_000608,2024-11-05 05:46:55.322319811,213.01
ACC_000139,ACC_001308,CASE_000608,2024-11-05 07:01:04.591372253,6811.47
ACC_001308,ACC_000139,CASE_000608,2024-11-05 07:28:43.506182452,6811.47
ACC_001789,ACC_000267,CASE_000609,2026-05-10 23:25:32.173627105,487.65
ACC_001789,ACC_000267,CASE_000609,2026-05-10 23:27:42.723074729,194.91
ACC_000267,ACC_000533,CASE_000609,2026-05-10 23:48:34.576282590,397.47
ACC_000533,ACC_000267,CASE_000609,2026-05-11 00:06:14.013245861,225.84
ACC_000267,ACC_000533,CASE_000609,2026-05-11 00:25:58.803709993,225.84
ACC_001766,ACC_001788,CASE_000610,2024-01-28 22:04:18.762235161,6453.24
ACC_001788,ACC_000782,CASE_000610,2024-01-28 23:05:00.483684587,4982.56
ACC_000782,ACC_001592,CASE_000610,2024-01-28 23:14:01.653252489,4157.52
ACC_001592,ACC_001788,CASE_000610,2024-01-28 23:20:58.909655745,4157.52
ACC_000643,ACC_001507,CASE_000611,2024-05-01 03:07:35.285487439,5094.55
ACC_001507,ACC_001647,CASE_000611,2024-05-01 03:10:28.059660964,5094.55
ACC_000934,ACC_000404,CASE_000612,2025-06-20 10:14:08.268967417,6242.59
ACC_000404,ACC_000659,CASE_000612,2025-06-20 12:10:06.257329820,6242.59
ACC_001274,ACC_000378,CASE_000613,2025-10-01 00:18:29.842024539,12490.71
ACC_000378,ACC_001558,CASE_000613,2025-10-01 00:36:35.446967657,12490.71
ACC_000450,ACC_000309,CASE_000614,2024-08-16 10:13:51.749955478,2885.79
ACC_000309,ACC_001046,CASE_000614,2024-08-16 10:33:33.527370740,2530.36
ACC_001046,ACC_000309,CASE_000614,2024-08-16 10:49:19.288197464,2052.26
ACC_000309,ACC_000782,CASE_000614,2024-08-16 11:04:01.692438627,2052.26
ACC_000515,ACC_001308,CASE_000615,2025-05-19 18:33:58.333367042,1933.37
ACC_001308,ACC_000139,CASE_000615,2025-05-19 18:36:41.056064852,1653.22
ACC_000139,ACC_001308,CASE_000615,2025-05-19 18:38:00.716062373,1653.22
ACC_001589,ACC_000659,CASE_000616,2024-10-17 01:42:45.537281176,8974.29
ACC_000659,ACC_000404,CASE_000616,2024-10-17 02:06:19.653443390,8974.29
ACC_000865,ACC_000139,CASE_000617,2025-05-19 18:58:59.491738291,13813.42
ACC_000139,ACC_001308,CASE_000617,2025-05-19 19:47:03.732562648,7963.85
ACC_001308,ACC_000139,CASE_000617,2025-05-19 20:09:21.129260076,7963.85
ACC_000336,ACC_000659,CASE_000618,2025-08-23 15:54:48.269691020,1952.62
ACC_000659,ACC_000404,CASE_000618,2025-08-23 16:05:32.859750491,1952.62
ACC_001658,ACC_000659,CASE_000619,2026-06-05 05:51:42.354136665,5647.28
ACC_001658,ACC_000659,CASE_000619,2026-06-05 05:54:59.508380593,1581.54
ACC_001658,ACC_000659,CASE_000619,2026-06-05 05:57:35.201389896,320.67
ACC_001658,ACC_000659,CASE_000619,2026-06-05 06:01:35.098638325,1099.86
ACC_000659,ACC_000404,CASE_000619,2026-06-05 06:23:46.622695245,8649.35
ACC_001204,ACC_000480,CASE_000620,2025-02-19 04:07:21.563583695,6261.77
ACC_000480,ACC_000023,CASE_000620,2025-02-19 04:37:54.571514113,5155.05
ACC_000023,ACC_000775,CASE_000620,2025-02-19 05:18:56.345784197,5155.05
ACC_000730,ACC_000533,CASE_000621,2025-08-13 12:54:04.409743971,743.05
ACC_000730,ACC_000533,CASE_000621,2025-08-13 12:55:58.547838175,236.85
ACC_000730,ACC_000533,CASE_000621,2025-08-13 13:00:26.976955062,1476.83
ACC_000730,ACC_000533,CASE_000621,2025-08-13 13:03:59.328590600,2520.3
ACC_000533,ACC_001335,CASE_000621,2025-08-13 14:13:16.369896086,4258.88
ACC_001335,ACC_000267,CASE_000621,2025-08-13 14:44:16.966459441,3865.95
ACC_000267,ACC_000287,CASE_000621,2025-08-13 14:53:31.113068021,3865.95
ACC_001162,ACC_001061,CASE_000622,2025-06-10 15:02:10.253018395,447.28
ACC_001162,ACC_001061,CASE_000622,2025-06-10 15:08:27.766244959,119.68
ACC_001061,ACC_001327,CASE_000622,2025-06-10 15:09:42.281951597,424.97
ACC_001327,ACC_001505,CASE_000622,2025-06-10 16:13:24.940000632,424.97
ACC_000160,ACC_001507,CASE_000623,2024-10-16 07:34:12.246301417,18268.03
ACC_001507,ACC_001647,CASE_000623,2024-10-16 08:01:02.919843410,18268.03
ACC_000953,ACC_000052,CASE_000624,2024-08-18 13:53:50.416071047,5322.98
ACC_000052,ACC_001350,CASE_000624,2024-08-18 13:56:34.857947155,5322.98
ACC_000576,ACC_001365,CASE_000625,2026-06-18 23:02:33.412640926,3574.42
ACC_000576,ACC_001365,CASE_000625,2026-06-18 23:04:09.931772777,2968.46
ACC_001365,ACC_001293,CASE_000625,2026-06-18 23:11:16.170360965,6542.88
ACC_000774,ACC_000139,CASE_000626,2024-07-07 11:35:19.823707858,2838.9
ACC_000139,ACC_000767,CASE_000626,2024-07-07 11:44:37.504417682,1872.35
ACC_000767,ACC_001308,CASE_000626,2024-07-07 11:55:34.612109599,1872.35
ACC_001473,ACC_001267,CASE_000627,2025-12-20 23:03:18.333830676,8723.41
ACC_001267,ACC_001050,CASE_000627,2025-12-20 23:10:50.636008633,8723.41
ACC_000252,ACC_000767,CASE_000628,2024-05-13 13:56:38.811472183,90190.25
ACC_000767,ACC_001308,CASE_000628,2024-05-13 14:57:48.836969458,72542.33
ACC_001308,ACC_000767,CASE_000628,2024-05-13 15:38:46.311474238,72542.33
ACC_000300,ACC_000267,CASE_000629,2026-01-02 19:07:39.632133060,15626.76
ACC_000267,ACC_000533,CASE_000629,2026-01-02 19:23:35.896625132,13167.05
ACC_000533,ACC_000267,CASE_000629,2026-01-02 19:45:22.046690515,13167.05
ACC_000450,ACC_001308,CASE_000630,2024-06-18 05:20:07.622831023,1132.91
ACC_000450,ACC_001308,CASE_000630,2024-06-18 05:22:31.951292136,22703.05
ACC_000450,ACC_001308,CASE_000630,2024-06-18 05:24:10.874116147,17677.75
ACC_001308,ACC_000767,CASE_000630,2024-06-18 05:54:12.453125224,26303.27
ACC_000767,ACC_001308,CASE_000630,2024-06-18 06:04:59.483053628,26303.27
ACC_000345,ACC_000480,CASE_000631,2026-05-31 03:58:57.914778049,21305.45
ACC_000480,ACC_000775,CASE_000631,2026-05-31 04:30:40.361319306,13419.28
ACC_000775,ACC_000023,CASE_000631,2026-05-31 06:08:46.545778167,13419.28
ACC_001583,ACC_001507,CASE_000632,2025-09-16 22:37:12.108205554,10818.58
ACC_001507,ACC_001647,CASE_000632,2025-09-16 22:44:22.698583475,10818.58
ACC_001648,ACC_001178,CASE_000633,2024-03-23 03:06:28.786187009,1262.27
ACC_001178,ACC_000378,CASE_000633,2024-03-23 03:26:40.413542210,1192.33
ACC_000378,ACC_001085,CASE_000633,2024-03-23 03:31:27.716578177,882.66
ACC_001085,ACC_000709,CASE_000633,2024-03-23 03:33:07.914987577,882.66
ACC_001573,ACC_001365,CASE_000634,2025-09-23 11:58:28.755984207,5499.9
ACC_001573,ACC_001365,CASE_000634,2025-09-23 12:00:47.472195847,5500.71
ACC_001365,ACC_001238,CASE_000634,2025-09-23 12:06:07.807371213,9697.8
ACC_001238,ACC_001349,CASE_000634,2025-09-23 12:11:39.632047169,9100.91
ACC_001349,ACC_001293,CASE_000634,2025-09-23 12:27:32.482099300,9100.91
ACC_000064,ACC_000011,CASE_000635,2025-07-03 22:11:56.339847361,4666.29
ACC_000011,ACC_001300,CASE_000635,2025-07-03 22:17:04.103488937,4666.29
ACC_001596,ACC_001647,CASE_000636,2024-11-03 12:54:56.926418959,8202.46
ACC_001596,ACC_001647,CASE_000636,2024-11-03 12:56:26.685728585,20515.92
ACC_001596,ACC_001647,CASE_000636,2024-11-03 12:58:45.989405733,9650.0
ACC_001647,ACC_001507,CASE_000636,2024-11-03 13:08:58.229354945,38368.38
ACC_001345,ACC_001300,CASE_000637,2024-08-25 13:37:34.208759731,4438.06
ACC_001300,ACC_000011,CASE_000637,2024-08-25 14:00:15.321084723,4438.06
ACC_001646,ACC_001350,CASE_000638,2025-10-16 19:37:26.980480062,13348.62
ACC_001646,ACC_001350,CASE_000638,2025-10-16 19:40:23.797096866,4518.31
ACC_001350,ACC_000052,CASE_000638,2025-10-16 20:08:10.632864255,17866.93
ACC_000245,ACC_001288,CASE_000639,2025-11-06 09:37:13.360817137,1461.09
ACC_000245,ACC_001288,CASE_000639,2025-11-06 09:46:56.374561886,3408.06
ACC_000245,ACC_001288,CASE_000639,2025-11-06 09:54:10.257881700,2708.32
ACC_001288,ACC_000093,CASE_000639,2025-11-06 10:00:00.820769034,6117.16
ACC_000093,ACC_000467,CASE_000639,2025-11-06 11:33:52.570694088,6117.16
ACC_000777,ACC_001629,CASE_000640,2024-10-25 02:47:06.847846880,15028.83
ACC_000777,ACC_001629,CASE_000640,2024-10-25 02:50:27.688600815,8902.08
ACC_000777,ACC_001629,CASE_000640,2024-10-25 02:52:05.565778884,1239.24
ACC_001629,ACC_001293,CASE_000640,2024-10-25 03:02:56.989646883,18583.02
ACC_001293,ACC_001349,CASE_000640,2024-10-25 03:07:42.978993646,16100.7
ACC_001349,ACC_001629,CASE_000640,2024-10-25 04:23:42.095404130,16100.7
ACC_001442,ACC_000767,CASE_000641,2026-03-09 06:10:29.932940968,72.86
ACC_001442,ACC_000767,CASE_000641,2026-03-09 06:14:16.120234337,327.88
ACC_001442,ACC_000767,CASE_000641,2026-03-09 06:25:03.205373026,3948.29
ACC_001442,ACC_000767,CASE_000641,2026-03-09 06:31:42.257817586,2455.62
ACC_000767,ACC_001308,CASE_000641,2026-03-09 08:03:35.942947750,5488.31
ACC_001308,ACC_000767,CASE_000641,2026-03-09 08:08:52.066114384,5488.31
ACC_001536,ACC_001335,CASE_000642,2024-09-01 22:00:15.475444912,20741.52
ACC_001335,ACC_000287,CASE_000642,2024-09-01 22:49:52.220994913,18500.38
ACC_000287,ACC_000366,CASE_000642,2024-09-01 23:03:35.109946865,18500.38
ACC_000873,ACC_000533,CASE_000643,2024-03-04 15:57:26.649891696,1242.42
ACC_000533,ACC_000267,CASE_000643,2024-03-04 16:40:07.374912996,1046.1
ACC_000267,ACC_000287,CASE_000643,2024-03-04 16:46:06.698976611,1046.1
ACC_001692,ACC_000287,CASE_000644,2025-06-30 12:06:16.360415984,1548.41
ACC_000287,ACC_000366,CASE_000644,2025-06-30 12:08:17.141903277,1465.36
ACC_000366,ACC_000287,CASE_000644,2025-06-30 12:16:59.551395991,922.46
ACC_000287,ACC_001335,CASE_000644,2025-06-30 12:29:26.865937307,922.46
ACC_001599,ACC_001507,CASE_000645,2024-04-07 13:16:19.969574690,95.53
ACC_001599,ACC_001507,CASE_000645,2024-04-07 13:28:47.822433285,230.14
ACC_001599,ACC_001507,CASE_000645,2024-04-07 13:31:13.886151804,268.29
ACC_001599,ACC_001507,CASE_000645,2024-04-07 13:33:59.717821103,381.58
ACC_001507,ACC_001647,CASE_000645,2024-04-07 13:39:33.200028320,975.54
ACC_000555,ACC_001288,CASE_000646,2024-09-09 01:17:24.025566974,13223.41
ACC_001288,ACC_000093,CASE_000646,2024-09-09 01:56:49.312504997,10686.17
ACC_000093,ACC_001288,CASE_000646,2024-09-09 02:18:09.683599433,8446.57
ACC_001288,ACC_001625,CASE_000646,2024-09-09 02:27:50.801771389,8446.57
ACC_001052,ACC_001768,CASE_000647,2025-04-07 01:35:33.959268002,3099.78
ACC_001052,ACC_001768,CASE_000647,2025-04-07 01:40:55.907531254,6772.59
ACC_001052,ACC_001768,CASE_000647,2025-04-07 01:42:53.492438719,933.96
ACC_001052,ACC_001768,CASE_000647,2025-04-07 01:54:12.078371021,6959.17
ACC_001768,ACC_001296,CASE_000647,2025-04-07 02:52:20.838545954,12860.8
ACC_001296,ACC_000819,CASE_000647,2025-04-07 03:42:00.928701568,12860.8
ACC_000426,ACC_001288,CASE_000648,2024-09-17 21:47:01.882052896,8638.03
ACC_000426,ACC_001288,CASE_000648,2024-09-17 21:50:04.220101919,999.48
ACC_000426,ACC_001288,CASE_000648,2024-09-17 21:53:44.191019303,8174.19
ACC_001288,ACC_000093,CASE_000648,2024-09-17 22:07:19.718856914,10656.78
ACC_000093,ACC_000467,CASE_000648,2024-09-17 22:58:32.213761071,7702.86
ACC_000467,ACC_001288,CASE_000648,2024-09-17 23:03:05.665489080,7702.86
ACC_000716,ACC_001300,CASE_000649,2024-07-14 21:25:31.411983957,3301.44
ACC_001300,ACC_000011,CASE_000649,2024-07-14 21:31:11.060656670,3301.44
ACC_000900,ACC_001288,CASE_000650,2025-10-02 14:35:26.095722175,4249.92
ACC_001288,ACC_000093,CASE_000650,2025-10-02 14:39:12.873153255,2501.06
ACC_000093,ACC_000467,CASE_000650,2025-10-02 15:05:08.741781024,1928.43
ACC_000467,ACC_001625,CASE_000650,2025-10-02 15:27:42.197315576,1928.43
ACC_000331,ACC_000961,CASE_000651,2025-05-13 08:05:03.054116503,5110.12
ACC_000331,ACC_000961,CASE_000651,2025-05-13 08:21:25.056344897,1671.73
ACC_000331,ACC_000961,CASE_000651,2025-05-13 08:22:38.710475801,1995.8
ACC_000331,ACC_000961,CASE_000651,2025-05-13 08:26:08.969788170,1368.03
ACC_000961,ACC_000190,CASE_000651,2025-05-13 09:31:54.211418852,10145.68
ACC_000250,ACC_001350,CASE_000652,2026-02-04 01:12:39.033027461,1241.62
ACC_000250,ACC_001350,CASE_000652,2026-02-04 01:15:49.003029029,2315.24
ACC_000250,ACC_001350,CASE_000652,2026-02-04 01:20:22.850017331,10455.81
ACC_000250,ACC_001350,CASE_000652,2026-02-04 01:34:29.739872210,47000.12
ACC_001350,ACC_000052,CASE_000652,2026-02-04 02:15:42.246050287,61012.79
ACC_000845,ACC_000091,CASE_000653,2025-06-13 12:47:37.942947110,43591.43
ACC_000845,ACC_000091,CASE_000653,2025-06-13 13:20:53.068385161,34438.97
ACC_000845,ACC_000091,CASE_000653,2025-06-13 13:24:22.360800861,12043.03
ACC_000845,ACC_000091,CASE_000653,2025-06-13 13:31:07.626381432,9100.72
ACC_000091,ACC_000524,CASE_000653,2025-06-13 14:48:46.579904266,88877.41
ACC_000524,ACC_000068,CASE_000653,2025-06-13 15:47:45.297042574,88877.41
ACC_001566,ACC_000767,CASE_000654,2025-03-16 11:11:54.290926199,60920.82
ACC_000767,ACC_000139,CASE_000654,2025-03-16 11:58:14.471254495,34188.42
ACC_000139,ACC_000767,CASE_000654,2025-03-16 12:12:20.276411471,34188.42
ACC_001303,ACC_001768,CASE_000655,2024-08-26 00:16:25.712516058,24560.56
ACC_001768,ACC_000819,CASE_000655,2024-08-26 00:52:39.266638149,24560.56
ACC_000488,ACC_000267,CASE_000656,2025-12-22 14:00:39.460023933,11749.13
ACC_000488,ACC_000267,CASE_000656,2025-12-22 14:03:36.175240038,30901.41
ACC_000267,ACC_000366,CASE_000656,2025-12-22 14:09:39.612190783,34817.05
ACC_000366,ACC_001335,CASE_000656,2025-12-22 14:23:41.544058919,34817.05
ACC_001153,ACC_001065,CASE_000657,2024-06-28 09:03:40.461989998,17364.41
ACC_001065,ACC_001150,CASE_000657,2024-06-28 09:28:16.275629132,17364.41
ACC_000032,ACC_000961,CASE_000658,2024-08-08 16:55:07.636585314,3839.11
ACC_000961,ACC_000190,CASE_000658,2024-08-08 16:59:39.951051805,3839.11
ACC_001770,ACC_000404,CASE_000659,2026-02-05 17:00:05.526662137,2426.55
ACC_001770,ACC_000404,CASE_000659,2026-02-05 17:09:57.912627707,1700.07
ACC_001770,ACC_000404,CASE_000659,2026-02-05 17:24:44.591495096,2138.31
ACC_001770,ACC_000404,CASE_000659,2026-02-05 17:26:57.096433458,1554.72
ACC_000404,ACC_000659,CASE_000659,2026-02-05 17:30:53.494451497,7819.66
ACC_001074,ACC_000287,CASE_000660,2025-11-06 06:28:37.327271940,8319.83
ACC_000287,ACC_000366,CASE_000660,2025-11-06 06:42:14.599370438,4708.77
ACC_000366,ACC_000267,CASE_000660,2025-11-06 06:49:48.792927232,4708.77
ACC_000116,ACC_000287,CASE_000661,2025-07-12 08:10:51.712004672,2677.36
ACC_000116,ACC_000287,CASE_000661,2025-07-12 08:14:46.655185700,4823.31
ACC_000116,ACC_000287,CASE_000661,2025-07-12 08:15:54.582178526,475.87
ACC_000287,ACC_000366,CASE_000661,2025-07-12 08:26:14.928372606,5477.32
ACC_000366,ACC_001335,CASE_000661,2025-07-12 10:17:13.147837237,4049.54
ACC_001335,ACC_000366,CASE_000661,2025-07-12 10:30:45.053418875,4049.54
ACC_000594,ACC_000287,CASE_000662,2024-02-05 11:49:02.534193511,2113.85
ACC_000287,ACC_001335,CASE_000662,2024-02-05 13:17:06.855071103,2113.85
ACC_001018,ACC_000366,CASE_000663,2024-04-25 23:14:24.907777703,25629.52
ACC_000366,ACC_001335,CASE_000663,2024-04-25 23:22:15.181149710,16840.72
ACC_001335,ACC_000267,CASE_000663,2024-04-26 00:04:48.293453286,12492.58
ACC_000267,ACC_000287,CASE_000663,2024-04-26 00:27:36.630917963,12492.58
ACC_000303,ACC_000052,CASE_000664,2025-03-31 11:36:08.221471429,10652.61
ACC_000052,ACC_001350,CASE_000664,2025-03-31 12:29:30.094165392,10652.61
ACC_001677,ACC_001308,CASE_000665,2025-11-10 22:12:26.022242465,3557.79
ACC_001677,ACC_001308,CASE_000665,2025-11-10 22:15:18.342940962,25919.42
ACC_001308,ACC_000767,CASE_000665,2025-11-10 22:38:42.657256418,22005.82
ACC_000767,ACC_001308,CASE_000665,2025-11-11 00:12:52.869384480,22005.82
ACC_000006,ACC_001288,CASE_000666,2025-02-26 19:33:52.322426455,1465.72
ACC_001288,ACC_000093,CASE_000666,2025-02-26 19:43:57.816575987,1465.72
ACC_001744,ACC_000267,CASE_000667,2024-01-16 18:20:34.165346549,23396.16
ACC_001744,ACC_000267,CASE_000667,2024-01-16 18:22:22.954189840,48817.91
ACC_000267,ACC_000533,CASE_000667,2024-01-16 18:31:14.617006043,55661.23
ACC_000533,ACC_000366,CASE_000667,2024-01-16 18:54:53.510938085,55661.23
ACC_001139,ACC_001629,CASE_000668,2024-06-16 22:08:15.304302672,3464.52
ACC_001629,ACC_001293,CASE_000668,2024-06-16 22:25:26.381390323,3464.52
ACC_001672,ACC_001365,CASE_000669,2025-06-20 09:49:58.225565544,1678.93
ACC_001365,ACC_001238,CASE_000669,2025-06-20 09:54:44.303488886,1286.05
ACC_001238,ACC_001349,CASE_000669,2025-06-20 10:17:05.677693030,1286.05
ACC_000433,ACC_000524,CASE_000670,2025-09-24 10:59:03.902873276,812.85
ACC_000433,ACC_000524,CASE_000670,2025-09-24 11:02:53.787071667,2245.3
ACC_000433,ACC_000524,CASE_000670,2025-09-24 11:05:06.250770755,50.0
ACC_000433,ACC_000524,CASE_000670,2025-09-24 11:19:17.269009104,55.53
ACC_000524,ACC_000068,CASE_000670,2025-09-24 11:35:01.681404135,2874.61
ACC_000068,ACC_000524,CASE_000670,2025-09-24 11:52:35.084941664,2874.61
ACC_000848,ACC_000023,CASE_000671,2024-01-31 11:33:29.983389835,34553.41
ACC_000023,ACC_000775,CASE_000671,2024-01-31 11:35:42.100250885,20270.84
ACC_000775,ACC_000480,CASE_000671,2024-01-31 11:46:36.476838156,20270.84
ACC_000774,ACC_000366,CASE_000672,2024-02-09 12:01:56.160939451,8496.7
ACC_000366,ACC_000533,CASE_000672,2024-02-09 12:32:49.333243353,7916.36
ACC_000533,ACC_001335,CASE_000672,2024-02-09 12:50:12.312155088,7128.48
ACC_001335,ACC_000267,CASE_000672,2024-02-09 12:54:53.771240057,7128.48
ACC_001466,ACC_000404,CASE_000673,2024-08-26 01:39:45.363080554,2056.41
ACC_001466,ACC_000404,CASE_000673,2024-08-26 01:42:37.280754791,20579.59
ACC_001466,ACC_000404,CASE_000673,2024-08-26 01:46:36.584566890,584.29
ACC_000404,ACC_000659,CASE_000673,2024-08-26 02:29:19.711543294,23220.3
ACC_001229,ACC_001150,CASE_000674,2024-03-17 01:51:49.839603050,11582.05
ACC_001150,ACC_001065,CASE_000674,2024-03-17 02:00:11.405739089,11582.05
ACC_001536,ACC_001709,CASE_000675,2025-05-08 17:33:57.704872644,2836.32
ACC_001709,ACC_001039,CASE_000675,2025-05-08 17:40:15.796603763,2206.82
ACC_001039,ACC_001709,CASE_000675,2025-05-08 18:04:56.471961152,1353.74
ACC_001709,ACC_000491,CASE_000675,2025-05-08 18:42:03.217662490,1353.74
ACC_001274,ACC_000932,CASE_000676,2024-04-22 17:04:15.188951125,29105.02
ACC_000932,ACC_000753,CASE_000676,2024-04-22 18:38:50.648612760,23750.98
ACC_000753,ACC_000932,CASE_000676,2024-04-22 18:45:59.003832677,23750.98
ACC_001063,ACC_000775,CASE_000677,2025-08-13 13:54:30.515844451,53062.35
ACC_000775,ACC_000023,CASE_000677,2025-08-13 14:18:54.175437403,53062.35
ACC_001425,ACC_000366,CASE_000678,2025-12-09 01:54:59.974576158,433.08
ACC_001425,ACC_000366,CASE_000678,2025-12-09 01:58:28.935396848,37129.66
ACC_001425,ACC_000366,CASE_000678,2025-12-09 02:03:15.455631015,11747.11
ACC_000366,ACC_000533,CASE_000678,2025-12-09 02:42:35.931883706,31867.03
ACC_000533,ACC_001335,CASE_000678,2025-12-09 04:08:49.802644964,20620.25
ACC_001335,ACC_000267,CASE_000678,2025-12-09 04:10:14.502221936,20620.25
ACC_001517,ACC_001350,CASE_000679,2026-06-03 05:50:49.709819156,11922.41
ACC_001350,ACC_000052,CASE_000679,2026-06-03 06:16:47.444835175,11922.41
ACC_000800,ACC_001300,CASE_000680,2026-05-14 00:42:50.068280044,1755.29
ACC_001300,ACC_000011,CASE_000680,2026-05-14 01:00:49.177725164,1755.29
ACC_001258,ACC_001788,CASE_000681,2024-09-06 01:21:36.053981694,4171.06
ACC_001788,ACC_001592,CASE_000681,2024-09-06 01:27:10.153176397,3880.64
ACC_001592,ACC_001046,CASE_000681,2024-09-06 01:29:09.236135029,3880.64
ACC_000361,ACC_000023,CASE_000682,2024-01-27 19:55:02.064351395,16528.26
ACC_000023,ACC_000480,CASE_000682,2024-01-27 20:08:51.471300432,11622.87
ACC_000480,ACC_000775,CASE_000682,2024-01-27 20:49:34.213090930,11622.87
ACC_001051,ACC_001507,CASE_000683,2024-10-27 02:50:14.388735474,6564.17
ACC_001051,ACC_001507,CASE_000683,2024-10-27 02:52:14.313145018,217.6
ACC_001051,ACC_001507,CASE_000683,2024-10-27 02:53:20.798019002,3067.81
ACC_001051,ACC_001507,CASE_000683,2024-10-27 03:05:50.097797199,6172.72
ACC_001507,ACC_001647,CASE_000683,2024-10-27 03:36:29.783447512,16022.3
ACC_001706,ACC_001308,CASE_000684,2025-10-07 11:09:40.742268204,3260.03
ACC_001308,ACC_000139,CASE_000684,2025-10-07 11:41:14.098486807,3260.03
ACC_000912,ACC_000267,CASE_000685,2024-02-24 11:49:06.396892407,170.46
ACC_000912,ACC_000267,CASE_000685,2024-02-24 11:50:57.216165523,154.38
ACC_000912,ACC_000267,CASE_000685,2024-02-24 12:00:47.702222139,1926.72
ACC_000912,ACC_000267,CASE_000685,2024-02-24 12:02:30.277808376,62.02
ACC_000267,ACC_000533,CASE_000685,2024-02-24 12:36:58.706779316,1526.28
ACC_000533,ACC_000366,CASE_000685,2024-02-24 12:49:55.403254629,1235.68
ACC_000366,ACC_000267,CASE_000685,2024-02-24 12:54:14.529501914,1235.68
ACC_000054,ACC_001647,CASE_000686,2024-11-23 18:01:15.984575640,19370.55
ACC_001647,ACC_001507,CASE_000686,2024-11-23 18:32:05.061796328,19370.55
ACC_000962,ACC_000011,CASE_000687,2024-09-28 13:01:03.345319142,9401.61
ACC_000011,ACC_001300,CASE_000687,2024-09-28 13:20:11.764493251,9401.61
ACC_001553,ACC_000533,CASE_000688,2024-07-18 19:56:40.898192286,112.57
ACC_001553,ACC_000533,CASE_000688,2024-07-18 20:04:21.349716883,5071.39
ACC_001553,ACC_000533,CASE_000688,2024-07-18 20:06:23.627404638,11985.86
ACC_001553,ACC_000533,CASE_000688,2024-07-18 20:19:30.489944700,1387.79
ACC_000533,ACC_000267,CASE_000688,2024-07-18 20:25:42.806623792,14137.1
ACC_000267,ACC_000366,CASE_000688,2024-07-18 20:30:46.287668623,9364.73
ACC_000366,ACC_001335,CASE_000688,2024-07-18 20:59:37.398667652,9364.73
ACC_000625,ACC_000533,CASE_000689,2025-10-05 06:55:04.210774117,731.22
ACC_000625,ACC_000533,CASE_000689,2025-10-05 06:57:30.820525150,6889.91
ACC_000533,ACC_000267,CASE_000689,2025-10-05 07:23:07.700003486,7621.14
ACC_000041,ACC_001335,CASE_000690,2025-08-23 11:15:56.809296601,28229.11
ACC_000041,ACC_001335,CASE_000690,2025-08-23 11:19:36.154046264,8325.11
ACC_001335,ACC_000287,CASE_000690,2025-08-23 12:35:51.270321610,33952.57
ACC_000287,ACC_000267,CASE_000690,2025-08-23 12:57:20.265730027,23923.92
ACC_000267,ACC_000287,CASE_000690,2025-08-23 13:15:57.504632569,23923.92
ACC_000114,ACC_000404,CASE_000691,2025-05-02 20:39:51.834180301,6143.19
ACC_000404,ACC_000659,CASE_000691,2025-05-02 20:44:12.616134189,6143.19
ACC_000423,ACC_000287,CASE_000692,2026-04-09 18:12:21.378483152,7333.48
ACC_000287,ACC_001335,CASE_000692,2026-04-09 18:50:25.156622928,7333.48
ACC_000235,ACC_000659,CASE_000693,2024-04-03 23:21:02.096254660,228.05
ACC_000235,ACC_000659,CASE_000693,2024-04-03 23:25:23.591932634,321.55
ACC_000659,ACC_000404,CASE_000693,2024-04-03 23:44:55.049778630,549.6
ACC_001406,ACC_000480,CASE_000694,2024-05-16 09:37:47.508488948,1532.52
ACC_000480,ACC_000023,CASE_000694,2024-05-16 10:00:00.323425796,1084.91
ACC_000023,ACC_000480,CASE_000694,2024-05-16 10:07:38.435989263,1084.91
ACC_001766,ACC_001267,CASE_000695,2024-12-15 09:22:56.828940027,15303.17
ACC_001267,ACC_001050,CASE_000695,2024-12-15 09:49:35.022369136,15303.17
ACC_001535,ACC_001647,CASE_000696,2025-08-20 12:48:28.925207047,137632.31
ACC_001647,ACC_001507,CASE_000696,2025-08-20 12:53:57.664227879,137632.31
ACC_000303,ACC_000093,CASE_000697,2025-06-16 03:04:12.106507922,1207.64
ACC_000093,ACC_001625,CASE_000697,2025-06-16 03:36:46.632031288,1090.77
ACC_001625,ACC_000093,CASE_000697,2025-06-16 03:52:12.719627678,1090.77
ACC_001641,ACC_000480,CASE_000698,2024-03-08 11:18:58.886132922,1696.36
ACC_000480,ACC_000775,CASE_000698,2024-03-08 12:27:25.963487624,1696.36
ACC_001666,ACC_000287,CASE_000699,2026-05-23 03:44:40.809571872,15426.72
ACC_000287,ACC_000366,CASE_000699,2026-05-23 03:54:09.202900203,9397.78
ACC_000366,ACC_000287,CASE_000699,2026-05-23 03:56:22.054800276,7182.58
ACC_000287,ACC_000533,CASE_000699,2026-05-23 04:51:18.403787185,7182.58
ACC_000840,ACC_000932,CASE_000700,2024-10-04 22:03:48.758227200,49110.72
ACC_000840,ACC_000932,CASE_000700,2024-10-04 22:07:01.984756825,44823.26
ACC_000840,ACC_000932,CASE_000700,2024-10-04 22:12:57.608669704,25419.35
ACC_000840,ACC_000932,CASE_000700,2024-10-04 22:16:04.344815548,64082.89
ACC_000932,ACC_001690,CASE_000700,2024-10-04 22:33:49.941075488,121433.13
ACC_001690,ACC_000753,CASE_000700,2024-10-04 23:37:33.348604064,121433.13
ACC_000370,ACC_000404,CASE_000701,2024-11-23 01:03:06.420794688,6464.49
ACC_000370,ACC_000404,CASE_000701,2024-11-23 01:06:46.738286510,4000.56
ACC_000404,ACC_000659,CASE_000701,2024-11-23 01:17:27.073023661,10465.05
ACC_000605,ACC_000694,CASE_000702,2025-07-22 03:42:03.739172929,2022.48
ACC_000605,ACC_000694,CASE_000702,2025-07-22 03:53:24.585576399,3287.8
ACC_000605,ACC_000694,CASE_000702,2025-07-22 04:00:17.173504854,25671.77
ACC_000605,ACC_000694,CASE_000702,2025-07-22 04:03:10.084245856,1895.78
ACC_000694,ACC_001117,CASE_000702,2025-07-22 04:11:27.249795855,21504.99
ACC_001117,ACC_000880,CASE_000702,2025-07-22 04:34:52.825969404,13308.2
ACC_000880,ACC_001117,CASE_000702,2025-07-22 05:05:14.490254256,13308.2
ACC_000424,ACC_001647,CASE_000703,2026-05-11 01:39:21.985767249,9914.4
ACC_001647,ACC_001507,CASE_000703,2026-05-11 01:55:06.508509545,9914.4
ACC_001519,ACC_001308,CASE_000704,2025-08-26 17:58:34.691298266,3751.89
ACC_001308,ACC_000767,CASE_000704,2025-08-26 17:59:35.769204484,3323.29
ACC_000767,ACC_000139,CASE_000704,2025-08-26 18:33:16.165652856,3323.29
ACC_001279,ACC_000767,CASE_000705,2026-05-19 19:34:38.433526439,26227.43
ACC_001279,ACC_000767,CASE_000705,2026-05-19 19:43:40.071923521,3326.87
ACC_001279,ACC_000767,CASE_000705,2026-05-19 19:52:11.860454435,1036.17
ACC_000767,ACC_001308,CASE_000705,2026-05-19 20:43:30.155551463,21162.93
ACC_001308,ACC_000767,CASE_000705,2026-05-19 20:49:54.320527297,21162.93
ACC_001279,ACC_001625,CASE_000706,2024-06-19 21:47:01.399602695,5648.04
ACC_001279,ACC_001625,CASE_000706,2024-06-19 21:52:56.022455734,366.53
ACC_001279,ACC_001625,CASE_000706,2024-06-19 21:58:21.185545135,6053.06
ACC_001279,ACC_001625,CASE_000706,2024-06-19 22:11:26.019209333,2638.38
ACC_001625,ACC_000093,CASE_000706,2024-06-19 22:18:39.082300613,14706.0
ACC_001511,ACC_001647,CASE_000707,2025-07-17 18:10:28.156279324,16389.62
ACC_001647,ACC_001507,CASE_000707,2025-07-17 18:18:27.192654925,16389.62
ACC_001261,ACC_001288,CASE_000708,2026-01-25 03:14:07.315258295,3854.76
ACC_001288,ACC_000467,CASE_000708,2026-01-25 03:33:33.868678129,2925.91
ACC_000467,ACC_000093,CASE_000708,2026-01-25 04:47:07.142788374,2925.91
ACC_001364,ACC_001507,CASE_000709,2025-04-08 19:12:28.840720267,50077.2
ACC_001507,ACC_001647,CASE_000709,2025-04-08 19:38:49.761329179,50077.2
ACC_000158,ACC_000694,CASE_000710,2024-11-25 22:42:18.297071633,7888.09
ACC_000694,ACC_000880,CASE_000710,2024-11-25 22:55:32.101964548,6057.95
ACC_000880,ACC_000652,CASE_000710,2024-11-25 23:16:42.774074662,5633.25
ACC_000652,ACC_000880,CASE_000710,2024-11-25 23:18:21.053075683,5633.25
ACC_001706,ACC_000052,CASE_000711,2026-06-16 03:40:39.643696880,6273.79
ACC_000052,ACC_001350,CASE_000711,2026-06-16 03:45:19.884882514,6273.79
ACC_000045,ACC_000782,CASE_000712,2024-05-08 10:51:52.944678445,504.54
ACC_000045,ACC_000782,CASE_000712,2024-05-08 10:53:46.411990329,80.74
ACC_000045,ACC_000782,CASE_000712,2024-05-08 10:59:26.687103992,884.09
ACC_000782,ACC_001788,CASE_000712,2024-05-08 11:21:35.318776500,1270.24
ACC_001788,ACC_000782,CASE_000712,2024-05-08 11:47:28.710828917,993.69
ACC_000782,ACC_001046,CASE_000712,2024-05-08 12:28:14.953296472,993.69
ACC_001793,ACC_001625,CASE_000713,2025-01-09 09:22:59.442167252,3069.51
ACC_001625,ACC_000467,CASE_000713,2025-01-09 09:33:15.602433271,3069.51
ACC_000009,ACC_001288,CASE_000714,2026-03-06 15:36:47.050659527,61485.57
ACC_001288,ACC_000093,CASE_000714,2026-03-06 16:16:44.428286963,39330.77
ACC_000093,ACC_001288,CASE_000714,2026-03-06 17:19:23.432017327,39330.77
ACC_000286,ACC_000753,CASE_000715,2026-03-31 08:41:55.648599432,7876.84
ACC_000753,ACC_001690,CASE_000715,2026-03-31 08:45:12.407308113,6688.09
ACC_001690,ACC_000932,CASE_000715,2026-03-31 09:19:41.374030022,6688.09
ACC_000800,ACC_000404,CASE_000716,2026-06-12 03:47:46.876527732,9673.41
ACC_000800,ACC_000404,CASE_000716,2026-06-12 03:50:22.943944292,141.19
ACC_000404,ACC_000659,CASE_000716,2026-06-12 04:09:13.179918236,9814.6
ACC_000061,ACC_001350,CASE_000717,2026-03-17 02:41:13.525692978,1672.08
ACC_000061,ACC_001350,CASE_000717,2026-03-17 02:44:08.392084514,483.98
ACC_000061,ACC_001350,CASE_000717,2026-03-17 03:00:58.106380957,1397.73
ACC_000061,ACC_001350,CASE_000717,2026-03-17 03:02:51.647534121,419.49
ACC_001350,ACC_000052,CASE_000717,2026-03-17 03:09:15.800222560,3973.28
ACC_001398,ACC_001238,CASE_000718,2024-02-16 10:25:41.574997833,9027.06
ACC_001238,ACC_001293,CASE_000718,2024-02-16 10:42:04.492051252,9027.06
ACC_000223,ACC_000467,CASE_000719,2026-04-27 00:53:24.302242538,2997.49
ACC_000467,ACC_001288,CASE_000719,2026-04-27 00:59:46.419131924,2997.49
ACC_000495,ACC_001625,CASE_000720,2025-01-25 01:49:32.445811080,16874.65
ACC_000495,ACC_001625,CASE_000720,2025-01-25 01:53:04.573764735,5229.93
ACC_001625,ACC_001288,CASE_000720,2025-01-25 02:07:33.207535562,15811.73
ACC_001288,ACC_001625,CASE_000720,2025-01-25 03:23:20.576189875,9017.42
ACC_001625,ACC_001288,CASE_000720,2025-01-25 04:01:36.555426677,9017.42
ACC_001658,ACC_000093,CASE_000721,2025-08-16 15:31:42.601107753,11488.11
ACC_001658,ACC_000093,CASE_000721,2025-08-16 15:32:49.463107801,33323.4
ACC_001658,ACC_000093,CASE_000721,2025-08-16 15:35:26.242501649,4066.84
ACC_000093,ACC_001288,CASE_000721,2025-08-16 15:54:54.270908543,44787.86
ACC_001288,ACC_000093,CASE_000721,2025-08-16 16:16:41.773277131,44787.86
ACC_000862,ACC_000023,CASE_000722,2024-12-25 05:28:32.258677461,60.85
ACC_000862,ACC_000023,CASE_000722,2024-12-25 05:31:33.659994832,1937.57
ACC_000862,ACC_000023,CASE_000722,2024-12-25 05:34:26.987813299,8078.2
ACC_000023,ACC_000775,CASE_000722,2024-12-25 05:50:46.821635646,7189.83
ACC_000775,ACC_000480,CASE_000722,2024-12-25 07:21:11.979096642,7189.83
ACC_001529,ACC_001300,CASE_000723,2026-01-11 06:07:20.932780527,627.06
ACC_001529,ACC_001300,CASE_000723,2026-01-11 06:12:45.295904597,8092.09
ACC_001529,ACC_001300,CASE_000723,2026-01-11 06:14:43.635699692,348.49
ACC_001529,ACC_001300,CASE_000723,2026-01-11 06:17:00.797140180,1565.58
ACC_001300,ACC_000011,CASE_000723,2026-01-11 06:23:27.822265643,10633.22
ACC_001791,ACC_001117,CASE_000724,2025-06-08 16:18:44.301300108,4504.17
ACC_001117,ACC_000652,CASE_000724,2025-06-08 18:40:36.476425659,3089.46
ACC_000652,ACC_001117,CASE_000724,2025-06-08 19:12:28.765992802,1829.31
ACC_001117,ACC_000880,CASE_000724,2025-06-08 19:24:58.959646316,1829.31
ACC_001261,ACC_001050,CASE_000725,2026-02-09 07:26:40.531431494,15311.69
ACC_001261,ACC_001050,CASE_000725,2026-02-09 07:31:35.225976758,12481.66
ACC_001261,ACC_001050,CASE_000725,2026-02-09 07:33:43.208619811,20280.85
ACC_001050,ACC_001267,CASE_000725,2026-02-09 07:35:15.259031399,48074.2
ACC_000745,ACC_001293,CASE_000726,2024-06-25 13:12:17.082543035,7745.15
ACC_001293,ACC_001238,CASE_000726,2024-06-25 13:35:17.360638082,7745.15
ACC_000791,ACC_000139,CASE_000727,2024-06-17 13:31:25.918109357,6128.36
ACC_000139,ACC_001308,CASE_000727,2024-06-17 14:22:53.982385512,4372.87
ACC_001308,ACC_000767,CASE_000727,2024-06-17 15:25:32.921546033,4372.87
ACC_001561,ACC_000659,CASE_000728,2025-02-05 05:47:25.670802430,56401.78
ACC_000659,ACC_000404,CASE_000728,2025-02-05 07:01:22.171762228,56401.78
ACC_000433,ACC_000775,CASE_000729,2024-01-05 08:34:05.309082744,1568.83
ACC_000433,ACC_000775,CASE_000729,2024-01-05 08:39:14.433348989,58.12
ACC_000433,ACC_000775,CASE_000729,2024-01-05 08:42:26.189512841,2212.03
ACC_000775,ACC_000480,CASE_000729,2024-01-05 09:18:10.054636160,3619.43
ACC_000480,ACC_000023,CASE_000729,2024-01-05 09:24:43.098881793,3619.43
ACC_000163,ACC_000139,CASE_000730,2025-09-23 06:06:31.114424318,53989.32
ACC_000139,ACC_001308,CASE_000730,2025-09-23 06:13:40.584932736,45725.92
ACC_001308,ACC_000767,CASE_000730,2025-09-23 06:16:42.940835114,45725.92
ACC_000187,ACC_000767,CASE_000731,2024-09-26 18:24:04.780153543,2469.26
ACC_000767,ACC_001308,CASE_000731,2024-09-26 19:31:03.344842289,1770.03
ACC_001308,ACC_000767,CASE_000731,2024-09-26 19:59:30.783752064,1770.03
ACC_000898,ACC_000533,CASE_000732,2025-05-22 17:22:41.715522626,9657.31
ACC_000898,ACC_000533,CASE_000732,2025-05-22 17:26:08.205187297,6837.4
ACC_000898,ACC_000533,CASE_000732,2025-05-22 17:31:20.786928805,28775.79
ACC_000533,ACC_000366,CASE_000732,2025-05-22 17:38:43.743297895,45270.5
ACC_000540,ACC_000011,CASE_000733,2024-03-04 20:02:24.549328119,14131.91
ACC_000011,ACC_001300,CASE_000733,2024-03-04 21:14:58.983585984,14131.91
ACC_000984,ACC_000659,CASE_000734,2024-06-04 11:40:57.244637195,4491.03
ACC_000659,ACC_000404,CASE_000734,2024-06-04 11:54:36.507975155,4491.03
ACC_001490,ACC_000775,CASE_000735,2025-07-21 11:08:45.810205516,1491.37
ACC_000775,ACC_000023,CASE_000735,2025-07-21 11:26:34.262214795,865.95
ACC_000023,ACC_000480,CASE_000735,2025-07-21 12:03:28.855193987,865.95
ACC_000552,ACC_000052,CASE_000736,2024-10-05 11:54:06.658190902,1259.63
ACC_000052,ACC_001350,CASE_000736,2024-10-05 12:14:36.190054467,1259.63
ACC_001744,ACC_000767,CASE_000737,2024-07-14 14:54:34.840083491,3421.59
ACC_000767,ACC_001308,CASE_000737,2024-07-14 14:58:36.337369297,2356.69
ACC_001308,ACC_000139,CASE_000737,2024-07-14 15:45:11.808799805,2356.69
ACC_000680,ACC_001300,CASE_000738,2024-07-27 12:06:47.852111344,6757.54
ACC_000680,ACC_001300,CASE_000738,2024-07-27 12:08:13.618880982,23001.46
ACC_000680,ACC_001300,CASE_000738,2024-07-27 12:14:19.405599968,5192.02
ACC_001300,ACC_000011,CASE_000738,2024-07-27 12:21:35.234348317,34951.02
ACC_000303,ACC_000767,CASE_000739,2024-07-14 17:04:43.612027804,2177.6
ACC_000767,ACC_000139,CASE_000739,2024-07-14 17:59:39.831840771,1525.46
ACC_000139,ACC_001308,CASE_000739,2024-07-14 18:06:56.928072479,1525.46
ACC_001553,ACC_001507,CASE_000740,2025-07-21 10:40:01.795568411,5634.65
ACC_001553,ACC_001507,CASE_000740,2025-07-21 10:47:18.147759559,731.95
ACC_001553,ACC_001507,CASE_000740,2025-07-21 10:51:30.676323074,1639.8
ACC_001507,ACC_001647,CASE_000740,2025-07-21 13:14:32.864433579,8006.4
ACC_001045,ACC_000068,CASE_000741,2024-06-01 19:07:55.533336874,3083.15
ACC_000068,ACC_000091,CASE_000741,2024-06-01 19:18:34.686628435,2658.93
ACC_000091,ACC_000068,CASE_000741,2024-06-01 19:55:58.035530566,2658.93
ACC_001431,ACC_000533,CASE_000742,2024-11-26 10:56:42.973770886,437.73
ACC_001431,ACC_000533,CASE_000742,2024-11-26 10:57:59.530683178,1468.62
ACC_001431,ACC_000533,CASE_000742,2024-11-26 11:01:30.916101490,1148.32
ACC_001431,ACC_000533,CASE_000742,2024-11-26 11:04:27.283579931,1837.26
ACC_000533,ACC_000366,CASE_000742,2024-11-26 11:19:15.832668372,4891.94
ACC_000575,ACC_000767,CASE_000743,2025-09-18 16:46:54.452696479,2132.61
ACC_000767,ACC_000139,CASE_000743,2025-09-18 17:36:53.248020343,1712.49
ACC_000139,ACC_000767,CASE_000743,2025-09-18 17:48:35.182294875,1712.49
ACC_000444,ACC_000093,CASE_000744,2025-04-12 23:23:50.911823951,6747.88
ACC_000093,ACC_001625,CASE_000744,2025-04-12 23:49:06.309726682,3812.24
ACC_001625,ACC_000093,CASE_000744,2025-04-13 01:18:55.418397685,3812.24
ACC_000170,ACC_000820,CASE_000745,2025-06-28 03:20:08.322862609,2459.79
ACC_000170,ACC_000820,CASE_000745,2025-06-28 03:23:33.343160437,408.69
ACC_000170,ACC_000820,CASE_000745,2025-06-28 03:26:56.169261055,125.46
ACC_000170,ACC_000820,CASE_000745,2025-06-28 03:27:58.383216446,655.3
ACC_000820,ACC_000309,CASE_000745,2025-06-28 04:04:47.504872631,2362.28
ACC_000309,ACC_001592,CASE_000745,2025-06-28 04:27:06.770588741,1725.74
ACC_001592,ACC_000782,CASE_000745,2025-06-28 04:30:35.474319247,1725.74
ACC_000954,ACC_000366,CASE_000746,2024-08-16 14:03:41.425680224,509.74
ACC_000954,ACC_000366,CASE_000746,2024-08-16 14:13:15.316670268,1042.77
ACC_000954,ACC_000366,CASE_000746,2024-08-16 14:17:44.456385075,148.95
ACC_000954,ACC_000366,CASE_000746,2024-08-16 14:22:51.046301020,495.85
ACC_000366,ACC_000533,CASE_000746,2024-08-16 14:35:26.612425578,2016.6
ACC_000533,ACC_000366,CASE_000746,2024-08-16 15:12:32.727215912,1676.18
ACC_000366,ACC_000267,CASE_000746,2024-08-16 16:06:02.730051912,1676.18
ACC_000552,ACC_000139,CASE_000747,2026-04-29 17:02:42.882191123,7683.19
ACC_000552,ACC_000139,CASE_000747,2026-04-29 17:08:21.675580207,1863.59
ACC_000139,ACC_001308,CASE_000747,2026-04-29 17:17:09.929645367,9546.78
ACC_000089,ACC_000659,CASE_000748,2025-01-12 01:33:16.614871451,8859.63
ACC_000659,ACC_000404,CASE_000748,2025-01-12 01:36:27.411235328,8859.63
ACC_001778,ACC_000287,CASE_000749,2024-09-18 10:23:15.937744070,6942.82
ACC_000287,ACC_000533,CASE_000749,2024-09-18 10:25:15.811440296,5930.26
ACC_000533,ACC_001335,CASE_000749,2024-09-18 10:33:42.150173520,5930.26
ACC_001465,ACC_000961,CASE_000750,2026-04-03 20:19:02.124790419,2449.13
ACC_001465,ACC_000961,CASE_000750,2026-04-03 20:20:56.504294439,7840.11
ACC_001465,ACC_000961,CASE_000750,2026-04-03 20:22:16.615760227,8156.04
ACC_001465,ACC_000961,CASE_000750,2026-04-03 20:23:34.094590988,23979.2
ACC_000961,ACC_000190,CASE_000750,2026-04-03 20:42:49.080094170,42424.48
ACC_000852,ACC_001350,CASE_000751,2025-08-20 00:38:24.340920144,4498.73
ACC_001350,ACC_000052,CASE_000751,2025-08-20 01:11:53.993861280,4498.73
ACC_001789,ACC_000093,CASE_000752,2025-07-13 07:37:54.873902360,471.19
ACC_001789,ACC_000093,CASE_000752,2025-07-13 07:43:49.562022713,370.93
ACC_000093,ACC_001625,CASE_000752,2025-07-13 07:59:06.475660724,842.12
ACC_001742,ACC_000961,CASE_000753,2026-03-18 20:31:16.850812002,4432.27
ACC_000961,ACC_000190,CASE_000753,2026-03-18 21:03:34.558788217,4432.27
ACC_000014,ACC_001507,CASE_000754,2024-02-23 09:05:19.425460925,29351.08
ACC_001507,ACC_001647,CASE_000754,2024-02-23 10:34:34.199719949,29351.08
ACC_000072,ACC_001335,CASE_000755,2026-02-02 03:26:21.458288833,6787.2
ACC_000072,ACC_001335,CASE_000755,2026-02-02 03:29:52.752748198,6451.6
ACC_001335,ACC_000366,CASE_000755,2026-02-02 03:50:45.634126397,13238.8
ACC_001496,ACC_000961,CASE_000756,2025-09-09 13:29:22.053232201,21005.98
ACC_001496,ACC_000961,CASE_000756,2025-09-09 13:30:45.392590731,13518.4
ACC_001496,ACC_000961,CASE_000756,2025-09-09 13:38:53.733358573,5168.49
ACC_001496,ACC_000961,CASE_000756,2025-09-09 13:42:49.080155017,149.93
ACC_000961,ACC_000190,CASE_000756,2025-09-09 13:55:44.064765149,39842.81
ACC_001391,ACC_000366,CASE_000757,2024-11-24 00:12:56.930309289,2933.33
ACC_000366,ACC_001335,CASE_000757,2024-11-24 00:22:59.979290188,1807.49
ACC_001335,ACC_000267,CASE_000757,2024-11-24 00:30:12.495846431,1348.21
ACC_000267,ACC_001335,CASE_000757,2024-11-24 00:33:42.872112882,1348.21
ACC_001315,ACC_001690,CASE_000758,2024-08-21 13:40:00.405478759,5048.67
ACC_001315,ACC_001690,CASE_000758,2024-08-21 13:44:10.907785621,1458.49
ACC_001315,ACC_001690,CASE_000758,2024-08-21 13:45:29.981876786,749.62
ACC_001315,ACC_001690,CASE_000758,2024-08-21 13:53:29.065771718,4181.47
ACC_001690,ACC_000932,CASE_000758,2024-08-21 14:31:53.059645939,11438.25
ACC_000477,ACC_001029,CASE_000759,2024-04-05 12:37:48.456565600,63624.7
ACC_001029,ACC_001630,CASE_000759,2024-04-05 12:50:38.362508495,43534.14
ACC_001630,ACC_001393,CASE_000759,2024-04-05 13:02:31.579355966,43534.14
ACC_000675,ACC_001788,CASE_000760,2026-05-07 07:59:44.761407133,4379.52
ACC_000675,ACC_001788,CASE_000760,2026-05-07 08:01:56.896389807,252.53
ACC_000675,ACC_001788,CASE_000760,2026-05-07 08:04:23.540508465,8204.9
ACC_000675,ACC_001788,CASE_000760,2026-05-07 08:15:22.898306895,1972.99
ACC_001788,ACC_000309,CASE_000760,2026-05-07 08:50:36.003127235,13962.7
ACC_000309,ACC_000782,CASE_000760,2026-05-07 09:04:01.564593017,13962.7
ACC_001584,ACC_000139,CASE_000761,2024-05-09 07:34:14.829438997,1325.68
ACC_000139,ACC_000767,CASE_000761,2024-05-09 08:32:24.300541367,1220.45
ACC_000767,ACC_000139,CASE_000761,2024-05-09 09:25:10.550726848,1220.45
ACC_001596,ACC_000139,CASE_000762,2024-08-24 09:40:13.475341471,5427.23
ACC_000139,ACC_001308,CASE_000762,2024-08-24 09:47:39.933129395,5427.23
ACC_001443,ACC_000366,CASE_000763,2025-09-21 14:40:54.935335831,30796.72
ACC_000366,ACC_000287,CASE_000763,2025-09-21 15:04:46.548962847,19160.63
ACC_000287,ACC_000533,CASE_000763,2025-09-21 15:51:58.677832513,19160.63
ACC_001332,ACC_000023,CASE_000764,2025-10-08 23:19:33.593797605,6571.07
ACC_000023,ACC_000480,CASE_000764,2025-10-08 23:58:23.553384660,6571.07
ACC_000642,ACC_000467,CASE_000765,2024-05-26 11:40:20.235469353,28516.13
ACC_000467,ACC_001625,CASE_000765,2024-05-26 11:58:27.808223562,23623.38
ACC_001625,ACC_000467,CASE_000765,2024-05-26 12:08:14.674588509,23623.38
ACC_000038,ACC_001507,CASE_000766,2026-01-11 16:31:31.715545055,8891.76
ACC_001507,ACC_001647,CASE_000766,2026-01-11 16:48:49.565800111,8891.76
ACC_000365,ACC_000480,CASE_000767,2025-04-09 21:19:26.861969137,8482.09
ACC_000365,ACC_000480,CASE_000767,2025-04-09 21:24:18.416429493,133.65
ACC_000365,ACC_000480,CASE_000767,2025-04-09 21:31:53.575269412,825.21
ACC_000480,ACC_000023,CASE_000767,2025-04-09 22:03:11.802757382,6522.28
ACC_000023,ACC_000480,CASE_000767,2025-04-09 22:14:50.187054094,6522.28
ACC_001164,ACC_000767,CASE_000768,2026-02-12 00:24:14.394493768,6764.72
ACC_000767,ACC_000139,CASE_000768,2026-02-12 00:30:55.980338688,6764.72
ACC_000228,ACC_001690,CASE_000769,2024-03-20 12:59:02.798330414,2941.92
ACC_001690,ACC_000753,CASE_000769,2024-03-20 13:39:54.044822743,2529.22
ACC_000753,ACC_000932,CASE_000769,2024-03-20 13:50:40.724135906,2529.22
ACC_000680,ACC_001350,CASE_000770,2024-02-09 01:10:35.842061677,8412.1
ACC_001350,ACC_000052,CASE_000770,2024-02-09 01:41:08.408777114,8412.1
ACC_001129,ACC_001300,CASE_000771,2025-08-03 08:01:44.529596509,12553.86
ACC_001300,ACC_000011,CASE_000771,2025-08-03 08:08:57.837514493,12553.86
ACC_000021,ACC_001709,CASE_000772,2024-05-16 16:45:33.798000889,1489.51
ACC_000021,ACC_001709,CASE_000772,2024-05-16 16:57:13.498027325,26178.45
ACC_001709,ACC_001114,CASE_000772,2024-05-16 17:08:36.664335147,18430.34
ACC_001114,ACC_001606,CASE_000772,2024-05-16 17:53:24.777645661,18430.34
ACC_001543,ACC_000467,CASE_000773,2025-04-23 06:13:42.444521361,50628.04
ACC_000467,ACC_000093,CASE_000773,2025-04-23 07:11:34.628882487,45240.34
ACC_000093,ACC_001288,CASE_000773,2025-04-23 07:20:18.202804996,31416.22
ACC_001288,ACC_000093,CASE_000773,2025-04-23 07:27:55.097757760,31416.22
ACC_001164,ACC_000023,CASE_000774,2024-01-13 20:38:18.085939764,1453.47
ACC_001164,ACC_000023,CASE_000774,2024-01-13 20:46:48.632038599,3105.1
ACC_001164,ACC_000023,CASE_000774,2024-01-13 20:56:42.803060301,463.52
ACC_001164,ACC_000023,CASE_000774,2024-01-13 21:03:25.020470840,1537.68
ACC_000023,ACC_000775,CASE_000774,2024-01-13 21:25:26.556077841,5493.38
ACC_000775,ACC_000023,CASE_000774,2024-01-13 21:36:41.982228415,5493.38
ACC_001787,ACC_000011,CASE_000775,2025-12-11 12:47:20.082671390,705.96
ACC_001787,ACC_000011,CASE_000775,2025-12-11 12:52:29.120032234,3075.61
ACC_001787,ACC_000011,CASE_000775,2025-12-11 12:54:29.301285886,3819.28
ACC_000011,ACC_001300,CASE_000775,2025-12-11 13:28:22.971329570,7600.85
ACC_000271,ACC_001050,CASE_000776,2026-03-30 12:02:45.550615476,3633.71
ACC_000271,ACC_001050,CASE_000776,2026-03-30 12:04:55.139913327,6609.57
ACC_000271,ACC_001050,CASE_000776,2026-03-30 12:06:00.648000737,1369.51
ACC_001050,ACC_001267,CASE_000776,2026-03-30 12:17:27.040118511,11612.78
ACC_000101,ACC_000775,CASE_000777,2026-02-03 05:51:10.461923357,8394.94
ACC_000775,ACC_000480,CASE_000777,2026-02-03 05:56:52.616533173,6601.82
ACC_000480,ACC_000775,CASE_000777,2026-02-03 06:12:42.269246446,6601.82
ACC_000689,ACC_000775,CASE_000778,2026-05-23 01:42:24.574679920,2074.32
ACC_000689,ACC_000775,CASE_000778,2026-05-23 01:44:51.162523703,22155.36
ACC_000689,ACC_000775,CASE_000778,2026-05-23 01:57:51.495380530,46328.53
ACC_000689,ACC_000775,CASE_000778,2026-05-23 02:02:04.490622867,9441.59
ACC_000775,ACC_000480,CASE_000778,2026-05-23 02:58:55.239932525,46996.56
ACC_000480,ACC_000023,CASE_000778,2026-05-23 03:01:42.858486522,46996.56
ACC_000877,ACC_001288,CASE_000779,2026-04-02 17:23:57.113483963,4765.89
ACC_000877,ACC_001288,CASE_000779,2026-04-02 17:27:09.677412357,2976.69
ACC_001288,ACC_000093,CASE_000779,2026-04-02 18:06:12.962464085,7742.58
ACC_001530,ACC_001629,CASE_000780,2025-02-08 12:39:37.679442135,3429.94
ACC_001530,ACC_001629,CASE_000780,2025-02-08 12:43:44.094879042,1354.94
ACC_001530,ACC_001629,CASE_000780,2025-02-08 12:47:41.108203372,447.26
ACC_001629,ACC_001365,CASE_000780,2025-02-08 12:58:01.010012378,4589.21
ACC_001365,ACC_001349,CASE_000780,2025-02-08 13:55:57.254526905,3452.44
ACC_001349,ACC_001365,CASE_000780,2025-02-08 13:59:32.999598430,3452.44
ACC_001084,ACC_001350,CASE_000781,2024-12-28 23:05:58.156468951,11222.02
ACC_001350,ACC_000052,CASE_000781,2024-12-28 23:25:34.792417350,11222.02
ACC_001049,ACC_001625,CASE_000782,2026-03-27 10:46:30.191549665,288.27
ACC_001049,ACC_001625,CASE_000782,2026-03-27 10:49:26.850171215,1607.68
ACC_001049,ACC_001625,CASE_000782,2026-03-27 10:58:44.463472079,1861.93
ACC_001049,ACC_001625,CASE_000782,2026-03-27 11:03:38.820109377,1991.89
ACC_001625,ACC_000093,CASE_000782,2026-03-27 12:28:38.099436261,4261.34
ACC_000093,ACC_001625,CASE_000782,2026-03-27 12:38:22.602222114,4261.34
ACC_001651,ACC_000023,CASE_000783,2026-04-24 11:10:03.466767548,3510.17
ACC_000023,ACC_000775,CASE_000783,2026-04-24 11:22:24.437656934,3510.17
ACC_001181,ACC_000011,CASE_000784,2026-06-05 06:40:17.587790541,833.78
ACC_001181,ACC_000011,CASE_000784,2026-06-05 06:50:06.105703733,894.55
ACC_001181,ACC_000011,CASE_000784,2026-06-05 06:54:16.153992112,626.36
ACC_000011,ACC_001300,CASE_000784,2026-06-05 07:23:34.180146749,2354.69
ACC_001617,ACC_001350,CASE_000785,2025-11-30 23:50:20.936396758,54097.06
ACC_001350,ACC_000052,CASE_000785,2025-11-30 23:57:16.060630384,54097.06
ACC_001192,ACC_000404,CASE_000786,2024-07-03 01:50:07.943746212,30717.92
ACC_000404,ACC_000659,CASE_000786,2024-07-03 03:14:16.269707662,30717.92
ACC_000649,ACC_000659,CASE_000787,2026-05-10 20:51:08.828042101,2151.41
ACC_000649,ACC_000659,CASE_000787,2026-05-10 21:00:35.732870752,2279.29
ACC_000659,ACC_000404,CASE_000787,2026-05-10 21:08:46.168983484,4430.69
ACC_000538,ACC_001288,CASE_000788,2026-05-12 20:33:42.903592380,1342.04
ACC_000538,ACC_001288,CASE_000788,2026-05-12 20:36:10.657526402,3658.86
ACC_000538,ACC_001288,CASE_000788,2026-05-12 20:39:13.666358111,228.27
ACC_000538,ACC_001288,CASE_000788,2026-05-12 20:49:02.374306990,5407.8
ACC_001288,ACC_000467,CASE_000788,2026-05-12 21:15:10.767446635,8650.6
ACC_000467,ACC_001625,CASE_000788,2026-05-12 22:04:56.361231481,8650.6
ACC_001204,ACC_001300,CASE_000789,2025-08-29 20:51:42.738278171,1486.41
ACC_001204,ACC_001300,CASE_000789,2025-08-29 21:00:01.668876751,2315.5
ACC_001204,ACC_001300,CASE_000789,2025-08-29 21:01:32.636086803,2152.06
ACC_001300,ACC_000011,CASE_000789,2025-08-29 21:04:35.790788318,5953.97
ACC_000216,ACC_000023,CASE_000790,2026-02-20 00:01:34.014854183,2541.94
ACC_000023,ACC_000480,CASE_000790,2026-02-20 00:50:20.777504215,2092.76
ACC_000480,ACC_000023,CASE_000790,2026-02-20 00:53:07.092883663,2092.76
ACC_000171,ACC_000404,CASE_000791,2025-05-26 06:04:01.374143213,1839.66
ACC_000171,ACC_000404,CASE_000791,2025-05-26 06:05:06.160631564,308.99
ACC_000171,ACC_000404,CASE_000791,2025-05-26 06:11:28.456653138,339.56
ACC_000171,ACC_000404,CASE_000791,2025-05-26 06:15:32.228029127,399.47
ACC_000404,ACC_000659,CASE_000791,2025-05-26 06:28:19.416664708,2887.68
ACC_001201,ACC_000366,CASE_000792,2026-05-10 03:32:50.003562917,29875.19
ACC_000366,ACC_000267,CASE_000792,2026-05-10 04:00:40.688231629,20924.82
ACC_000267,ACC_000287,CASE_000792,2026-05-10 04:46:05.206288049,16499.75
ACC_000287,ACC_001335,CASE_000792,2026-05-10 05:18:24.208620030,16499.75
ACC_000796,ACC_001288,CASE_000793,2024-03-26 14:27:58.915901290,845.45
ACC_001288,ACC_000093,CASE_000793,2024-03-26 14:40:17.574524059,522.45
ACC_000093,ACC_001625,CASE_000793,2024-03-26 15:30:45.968206965,416.25
ACC_001625,ACC_000467,CASE_000793,2024-03-26 15:32:46.516114987,416.25
ACC_001443,ACC_000533,CASE_000794,2026-02-26 02:20:09.756576998,3577.97
ACC_001443,ACC_000533,CASE_000794,2026-02-26 02:21:20.309084979,2278.99
ACC_001443,ACC_000533,CASE_000794,2026-02-26 02:23:13.815160216,3825.87
ACC_001443,ACC_000533,CASE_000794,2026-02-26 02:24:53.332503407,452.23
ACC_000533,ACC_000366,CASE_000794,2026-02-26 03:01:05.569520493,7309.3
ACC_000366,ACC_001335,CASE_000794,2026-02-26 03:19:09.376337226,6772.95
ACC_001335,ACC_000267,CASE_000794,2026-02-26 03:24:24.765126605,6772.95
ACC_001443,ACC_000139,CASE_000795,2024-02-20 14:22:24.830369889,5723.52
ACC_001443,ACC_000139,CASE_000795,2024-02-20 14:25:42.210362952,5545.53
ACC_000139,ACC_000767,CASE_000795,2024-02-20 14:29:53.521852384,6514.18
ACC_000767,ACC_000139,CASE_000795,2024-02-20 15:09:37.244813291,6514.18
ACC_000253,ACC_000775,CASE_000796,2024-11-04 22:31:23.693085836,122658.46
ACC_000775,ACC_000480,CASE_000796,2024-11-04 23:00:27.737593159,122658.46
ACC_000442,ACC_000775,CASE_000797,2024-05-03 06:59:39.972371736,21045.88
ACC_000775,ACC_000480,CASE_000797,2024-05-03 07:10:55.914325194,21045.88
ACC_000038,ACC_000694,CASE_000798,2025-03-12 12:58:46.215818906,3572.12
ACC_000694,ACC_001117,CASE_000798,2025-03-12 13:07:13.962229328,3572.12
ACC_001455,ACC_000023,CASE_000799,2024-07-30 14:18:45.108860261,138152.1
ACC_000023,ACC_000775,CASE_000799,2024-07-30 14:22:23.788781458,93972.14
ACC_000775,ACC_000023,CASE_000799,2024-07-30 14:40:22.792151352,93972.14
ACC_000289,ACC_000820,CASE_000800,2026-05-17 08:36:09.875031619,1786.78
ACC_000820,ACC_000309,CASE_000800,2026-05-17 09:05:55.744614416,1786.78
ACC_001557,ACC_000366,CASE_000801,2025-05-24 13:22:08.673295729,10249.81
ACC_001557,ACC_000366,CASE_000801,2025-05-24 13:25:36.569724170,12697.54
ACC_001557,ACC_000366,CASE_000801,2025-05-24 13:36:09.294660545,17608.48
ACC_001557,ACC_000366,CASE_000801,2025-05-24 13:43:31.127850110,3211.57
ACC_000366,ACC_000287,CASE_000801,2025-05-24 15:28:08.121196817,43767.4
ACC_000192,ACC_001050,CASE_000802,2026-03-28 20:35:59.958863980,22335.74
ACC_001050,ACC_001267,CASE_000802,2026-03-28 21:06:16.913339068,22335.74
ACC_000178,ACC_000023,CASE_000803,2024-09-10 08:17:02.516426673,7785.81
ACC_000023,ACC_000775,CASE_000803,2024-09-10 08:38:16.600804070,7019.17
ACC_000775,ACC_000023,CASE_000803,2024-09-10 08:42:06.504113328,7019.17
ACC_000173,ACC_000366,CASE_000804,2024-01-24 16:38:39.773394854,9504.79
ACC_000173,ACC_000366,CASE_000804,2024-01-24 16:40:14.488528511,7666.17
ACC_000366,ACC_000267,CASE_000804,2024-01-24 17:15:28.069529751,11751.53
ACC_000267,ACC_000533,CASE_000804,2024-01-24 17:26:02.438524399,9573.87
ACC_000533,ACC_000287,CASE_000804,2024-01-24 17:43:54.956642649,9573.87
ACC_000955,ACC_001629,CASE_000805,2025-12-07 15:14:58.921412227,2466.3
ACC_000955,ACC_001629,CASE_000805,2025-12-07 15:21:00.412834927,1340.56
ACC_000955,ACC_001629,CASE_000805,2025-12-07 15:24:58.029384942,470.46
ACC_001629,ACC_001365,CASE_000805,2025-12-07 15:30:02.229349866,3805.63
ACC_001365,ACC_001293,CASE_000805,2025-12-07 16:31:01.761596742,3805.63
ACC_001192,ACC_001085,CASE_000806,2025-10-01 20:58:41.060439147,3385.41
ACC_001192,ACC_001085,CASE_000806,2025-10-01 21:04:29.559300666,11504.13
ACC_001192,ACC_001085,CASE_000806,2025-10-01 21:09:14.664045171,4207.04
ACC_001085,ACC_000378,CASE_000806,2025-10-01 21:54:17.273020320,12813.2
ACC_000378,ACC_001085,CASE_000806,2025-10-01 21:58:02.705001965,12813.2
ACC_000806,ACC_000139,CASE_000807,2025-05-11 22:52:20.080750029,2820.21
ACC_000139,ACC_001308,CASE_000807,2025-05-11 23:21:09.850323307,2820.21
ACC_000789,ACC_000961,CASE_000808,2026-01-12 19:27:47.552211470,266.36
ACC_000789,ACC_000961,CASE_000808,2026-01-12 19:34:40.061907183,9034.88
ACC_000961,ACC_000190,CASE_000808,2026-01-12 20:27:36.512924064,9301.23
ACC_000243,ACC_001349,CASE_000809,2026-02-04 08:05:13.538825916,20840.89
ACC_001349,ACC_001238,CASE_000809,2026-02-04 09:12:19.059150233,16699.86
ACC_001238,ACC_001629,CASE_000809,2026-02-04 09:19:37.774559781,16699.86
ACC_001205,ACC_000961,CASE_000810,2025-06-19 14:49:18.680169590,4259.3
ACC_001205,ACC_000961,CASE_000810,2025-06-19 14:59:13.475830829,34199.22
ACC_000961,ACC_000190,CASE_000810,2025-06-19 15:03:02.827719692,38458.52
ACC_000760,ACC_001350,CASE_000811,2026-05-29 23:51:35.396568018,6109.56
ACC_001350,ACC_000052,CASE_000811,2026-05-29 23:58:45.416819783,6109.56
ACC_001192,ACC_001288,CASE_000812,2025-10-17 15:55:19.747384174,27782.95
ACC_001288,ACC_000467,CASE_000812,2025-10-17 16:03:31.877920365,27782.95
ACC_001680,ACC_000819,CASE_000813,2025-09-08 15:51:18.687170185,11797.77
ACC_000819,ACC_001768,CASE_000813,2025-09-08 16:02:51.853610659,10400.8
ACC_001768,ACC_001296,CASE_000813,2025-09-08 16:16:45.640234945,10400.8
ACC_000464,ACC_000782,CASE_000814,2024-11-25 06:38:09.831804998,5609.21
ACC_000782,ACC_000820,CASE_000814,2024-11-25 06:47:01.728271831,3777.73
ACC_000820,ACC_000309,CASE_000814,2024-11-25 06:51:14.247731029,3777.73
ACC_001435,ACC_000480,CASE_000815,2024-01-03 02:04:07.311761908,10876.51
ACC_001435,ACC_000480,CASE_000815,2024-01-03 02:10:46.228493367,2387.32
ACC_001435,ACC_000480,CASE_000815,2024-01-03 02:28:10.229469817,45207.79
ACC_000480,ACC_000775,CASE_000815,2024-01-03 02:37:42.988874006,58471.62
ACC_000522,ACC_001267,CASE_000816,2024-08-07 12:43:16.415565509,16447.53
ACC_001267,ACC_001050,CASE_000816,2024-08-07 12:46:47.012395644,16447.53
ACC_000822,ACC_000819,CASE_000817,2025-11-27 01:18:43.743442663,27309.96
ACC_000819,ACC_001768,CASE_000817,2025-11-27 01:43:30.060734321,27309.96
ACC_000702,ACC_000659,CASE_000818,2025-10-08 17:01:15.339075642,594.68
ACC_000659,ACC_000404,CASE_000818,2025-10-08 17:14:11.525089204,594.68
ACC_001180,ACC_000694,CASE_000819,2024-10-28 14:10:45.115767699,2938.5
ACC_000694,ACC_000880,CASE_000819,2024-10-28 14:40:24.590049569,2005.24
ACC_000880,ACC_000652,CASE_000819,2024-10-28 14:44:59.255789358,2005.24
ACC_001360,ACC_001507,CASE_000820,2025-07-23 23:09:42.025352988,20572.05
ACC_001507,ACC_001647,CASE_000820,2025-07-23 23:12:40.988738855,20572.05
ACC_000110,ACC_000139,CASE_000821,2024-06-26 22:58:32.150597949,3670.35
ACC_000139,ACC_000767,CASE_000821,2024-06-26 23:02:01.976593632,3670.35
ACC_000783,ACC_000467,CASE_000822,2024-08-28 04:10:57.661951871,14269.32
ACC_000467,ACC_001288,CASE_000822,2024-08-28 04:30:19.460182317,14269.32
ACC_000917,ACC_001350,CASE_000823,2026-05-13 03:27:42.522242499,59195.14
ACC_001350,ACC_000052,CASE_000823,2026-05-13 03:39:24.267840718,59195.14
ACC_000989,ACC_001365,CASE_000824,2025-01-11 10:25:35.914960414,333.78
ACC_000989,ACC_001365,CASE_000824,2025-01-11 10:27:09.178442143,3716.2
ACC_001365,ACC_001629,CASE_000824,2025-01-11 10:54:02.368052101,3258.3
ACC_001629,ACC_001349,CASE_000824,2025-01-11 11:16:00.382723235,3258.3
ACC_000076,ACC_001300,CASE_000825,2024-08-11 06:43:35.445351115,2901.48
ACC_001300,ACC_000011,CASE_000825,2024-08-11 07:02:00.151482598,2901.48
ACC_001101,ACC_000404,CASE_000826,2025-03-19 18:49:24.559189124,9086.89
ACC_000404,ACC_000659,CASE_000826,2025-03-19 19:05:55.914073047,9086.89
ACC_000280,ACC_000052,CASE_000827,2024-12-18 14:05:10.258768364,20355.28
ACC_000280,ACC_000052,CASE_000827,2024-12-18 14:10:40.539311242,6795.53
ACC_000280,ACC_000052,CASE_000827,2024-12-18 14:41:17.728789162,41654.7
ACC_000052,ACC_001350,CASE_000827,2024-12-18 15:18:28.192180260,68805.51
ACC_001360,ACC_001300,CASE_000828,2025-10-26 15:10:03.331342935,3792.47
ACC_001300,ACC_000011,CASE_000828,2025-10-26 15:18:18.201280668,3792.47
ACC_001742,ACC_000023,CASE_000829,2026-05-26 12:19:43.617385426,2748.08
ACC_001742,ACC_000023,CASE_000829,2026-05-26 12:24:39.948276175,4529.61
ACC_000023,ACC_000775,CASE_000829,2026-05-26 12:35:59.816593351,5163.51
ACC_000775,ACC_000480,CASE_000829,2026-05-26 12:37:06.430327369,5163.51
ACC_000560,ACC_001238,CASE_000830,2025-06-23 02:41:19.197741287,2781.24
ACC_001238,ACC_001365,CASE_000830,2025-06-23 03:19:37.219834452,2238.05
ACC_001365,ACC_001629,CASE_000830,2025-06-23 03:36:02.696930991,2238.05
ACC_001139,ACC_001267,CASE_000831,2025-06-22 13:26:33.505479917,90483.99
ACC_001267,ACC_001050,CASE_000831,2025-06-22 14:01:44.211329610,90483.99
ACC_000556,ACC_000093,CASE_000832,2024-11-28 09:21:06.204124950,6459.59
ACC_000556,ACC_000093,CASE_000832,2024-11-28 09:22:40.536006037,1243.08
ACC_000556,ACC_000093,CASE_000832,2024-11-28 09:24:49.595002432,1339.19
ACC_000556,ACC_000093,CASE_000832,2024-11-28 09:26:00.201793190,2865.39
ACC_000093,ACC_001288,CASE_000832,2024-11-28 09:54:38.821341911,7542.59
ACC_001288,ACC_000467,CASE_000832,2024-11-28 10:01:40.874841284,6962.39
ACC_000467,ACC_001288,CASE_000832,2024-11-28 10:07:15.150775958,6962.39
ACC_000252,ACC_001350,CASE_000833,2025-05-29 10:17:52.546697864,4112.45
ACC_001350,ACC_000052,CASE_000833,2025-05-29 10:19:18.814462473,4112.45
ACC_000186,ACC_001788,CASE_000834,2024-10-17 22:11:23.058803760,4498.76
ACC_000186,ACC_001788,CASE_000834,2024-10-17 22:15:17.966397266,9701.5
ACC_000186,ACC_001788,CASE_000834,2024-10-17 22:22:37.110195222,35073.36
ACC_000186,ACC_001788,CASE_000834,2024-10-17 22:28:45.330298151,1266.94
ACC_001788,ACC_000820,CASE_000834,2024-10-17 22:55:50.409857639,31625.96
ACC_000820,ACC_001046,CASE_000834,2024-10-17 23:21:00.698770984,28285.36
ACC_001046,ACC_001592,CASE_000834,2024-10-17 23:41:17.372774004,28285.36
ACC_000168,ACC_001625,CASE_000835,2024-01-02 00:06:53.045732690,59305.8
ACC_001625,ACC_001288,CASE_000835,2024-01-02 00:22:43.753445179,59305.8
ACC_000223,ACC_000366,CASE_000836,2026-02-28 00:37:25.827673815,2010.66
ACC_000366,ACC_001335,CASE_000836,2026-02-28 00:40:47.323014544,1883.18
ACC_001335,ACC_000533,CASE_000836,2026-02-28 01:30:12.691449944,1883.18
ACC_001110,ACC_001647,CASE_000837,2025-01-26 06:01:06.433206006,2392.41
ACC_001647,ACC_001507,CASE_000837,2025-01-26 06:08:04.275855700,2392.41
ACC_001646,ACC_000272,CASE_000838,2025-03-24 07:43:50.927788926,55672.74
ACC_000272,ACC_000660,CASE_000838,2025-03-24 07:49:50.182315500,41423.8
ACC_000660,ACC_000823,CASE_000838,2025-03-24 08:06:38.328960254,28006.53
ACC_000823,ACC_000660,CASE_000838,2025-03-24 08:38:08.120191217,28006.53
ACC_000108,ACC_000093,CASE_000839,2024-03-17 02:01:51.693198161,13663.25
ACC_000093,ACC_001625,CASE_000839,2024-03-17 02:16:11.839801212,11254.55
ACC_001625,ACC_000093,CASE_000839,2024-03-17 02:18:20.013336852,11254.55
ACC_001695,ACC_000052,CASE_000840,2026-02-01 15:26:52.082525778,1537.99
ACC_000052,ACC_001350,CASE_000840,2026-02-01 15:35:16.220257476,1537.99
ACC_001757,ACC_000023,CASE_000841,2024-06-04 04:27:03.721800656,67.25
ACC_001757,ACC_000023,CASE_000841,2024-06-04 04:37:42.466487094,50.0
ACC_001757,ACC_000023,CASE_000841,2024-06-04 04:44:17.852078396,1445.28
ACC_001757,ACC_000023,CASE_000841,2024-06-04 04:46:20.819285347,300.83
ACC_000023,ACC_000480,CASE_000841,2024-06-04 05:05:47.544640848,1823.75
ACC_001036,ACC_000093,CASE_000842,2025-01-09 02:00:41.716184845,3353.11
ACC_000093,ACC_001288,CASE_000842,2025-01-09 02:02:52.009517144,3353.11
ACC_001770,ACC_000775,CASE_000843,2026-02-04 11:59:18.432050482,2037.35
ACC_000775,ACC_000023,CASE_000843,2026-02-04 12:15:08.636055403,2037.35
ACC_000693,ACC_001625,CASE_000844,2025-02-21 02:11:21.382148612,859.53
ACC_001625,ACC_000093,CASE_000844,2025-02-21 02:29:59.917938202,680.18
ACC_000093,ACC_001625,CASE_000844,2025-02-21 02:36:16.381699752,680.18
ACC_000078,ACC_000820,CASE_000845,2026-04-28 07:04:59.578120395,6288.27
ACC_000820,ACC_001592,CASE_000845,2026-04-28 07:39:40.220631097,6288.27
ACC_000167,ACC_001768,CASE_000846,2024-07-09 17:35:46.647661610,2690.98
ACC_001768,ACC_000819,CASE_000846,2024-07-09 19:32:35.024119104,1641.13
ACC_000819,ACC_001768,CASE_000846,2024-07-09 19:34:38.578208939,1641.13
ACC_000345,ACC_001350,CASE_000847,2025-10-13 15:20:08.746072280,5192.44
ACC_001350,ACC_000052,CASE_000847,2025-10-13 15:22:14.466871429,5192.44
ACC_001746,ACC_001267,CASE_000848,2026-06-09 23:25:13.930699022,183687.73
ACC_001267,ACC_001050,CASE_000848,2026-06-09 23:33:36.034913545,183687.73
ACC_000072,ACC_000533,CASE_000849,2025-05-15 17:47:17.900102732,5675.88
ACC_000533,ACC_000287,CASE_000849,2025-05-15 17:55:51.330663396,5030.43
ACC_000287,ACC_001335,CASE_000849,2025-05-15 18:21:08.500153102,5030.43
ACC_001473,ACC_000093,CASE_000850,2025-09-22 14:36:38.012422157,5148.61
ACC_000093,ACC_001288,CASE_000850,2025-09-22 14:50:46.063183066,4737.9
ACC_001288,ACC_001625,CASE_000850,2025-09-22 15:21:31.215683208,4737.9
ACC_000222,ACC_001350,CASE_000851,2024-12-24 06:49:01.819306858,31754.52
ACC_001350,ACC_000052,CASE_000851,2024-12-24 07:07:06.237518896,31754.52
ACC_000919,ACC_001300,CASE_000852,2025-11-15 12:10:08.585394760,5896.02
ACC_001300,ACC_000011,CASE_000852,2025-11-15 12:27:39.013802465,5896.02
ACC_001698,ACC_000819,CASE_000853,2026-04-08 01:13:40.063613227,24227.38
ACC_000819,ACC_001296,CASE_000853,2026-04-08 01:32:00.175208932,19336.83
ACC_001296,ACC_001768,CASE_000853,2026-04-08 02:07:14.324238793,19336.83
ACC_000089,ACC_000139,CASE_000854,2025-10-02 12:29:00.536604100,39032.64
ACC_000139,ACC_001308,CASE_000854,2025-10-02 12:47:07.841527292,23577.74
ACC_001308,ACC_000767,CASE_000854,2025-10-02 12:52:34.813836639,23577.74
ACC_001317,ACC_001350,CASE_000855,2026-05-02 15:51:08.046290674,361.25
ACC_001317,ACC_001350,CASE_000855,2026-05-02 15:55:46.667793230,8323.39
ACC_001350,ACC_000052,CASE_000855,2026-05-02 17:24:34.218406847,8684.65
ACC_001692,ACC_000093,CASE_000856,2025-06-20 07:07:41.465811645,173410.88
ACC_000093,ACC_000467,CASE_000856,2025-06-20 07:41:14.602559269,173410.88
ACC_000101,ACC_001625,CASE_000857,2025-06-09 19:05:33.651736746,6190.9
ACC_000101,ACC_001625,CASE_000857,2025-06-09 19:08:34.425665497,18712.49
ACC_001625,ACC_000467,CASE_000857,2025-06-09 19:40:40.997243211,14723.78
ACC_000467,ACC_001625,CASE_000857,2025-06-09 19:42:38.392139691,14723.78
ACC_000920,ACC_001592,CASE_000858,2024-10-04 12:41:57.027345662,2124.18
ACC_001592,ACC_001046,CASE_000858,2024-10-04 12:53:34.815270737,2124.18
ACC_000116,ACC_001625,CASE_000859,2025-10-08 11:56:31.797303791,12346.7
ACC_001625,ACC_001288,CASE_000859,2025-10-08 11:58:46.663597539,12346.7
ACC_001186,ACC_000287,CASE_000860,2026-03-14 11:52:28.127142321,3175.36
ACC_000287,ACC_000267,CASE_000860,2026-03-14 12:19:48.916900733,2000.5
ACC_000267,ACC_000366,CASE_000860,2026-03-14 12:45:01.915800157,2000.5
ACC_000762,ACC_001308,CASE_000861,2025-08-11 19:30:56.117477885,9622.25
ACC_001308,ACC_000139,CASE_000861,2025-08-11 19:58:50.129867059,7685.88
ACC_000139,ACC_000767,CASE_000861,2025-08-11 20:00:59.582368767,7685.88
ACC_001646,ACC_000404,CASE_000862,2024-07-31 07:55:35.379400851,1497.56
ACC_000404,ACC_000659,CASE_000862,2024-07-31 08:18:36.123273058,1497.56
ACC_000475,ACC_001690,CASE_000863,2025-05-10 17:33:20.856483610,1961.26
ACC_001690,ACC_000753,CASE_000863,2025-05-10 17:40:17.269638940,1961.26
ACC_000700,ACC_000052,CASE_000864,2025-11-19 16:37:03.462997417,50.0
ACC_000700,ACC_000052,CASE_000864,2025-11-19 16:38:57.849485001,4154.46
ACC_000700,ACC_000052,CASE_000864,2025-11-19 16:40:24.374762983,252.31
ACC_000700,ACC_000052,CASE_000864,2025-11-19 16:42:13.824082910,8517.82
ACC_000052,ACC_001350,CASE_000864,2025-11-19 17:24:07.451736813,12929.33
ACC_000518,ACC_001507,CASE_000865,2026-05-05 18:46:24.634980210,48845.87
ACC_001507,ACC_001647,CASE_000865,2026-05-05 19:25:35.782415988,48845.87
ACC_001205,ACC_000775,CASE_000866,2024-05-22 16:15:20.965974950,13339.15
ACC_000775,ACC_000480,CASE_000866,2024-05-22 16:46:34.682905455,10276.86
ACC_000480,ACC_000023,CASE_000866,2024-05-22 16:53:16.805432437,10276.86
ACC_000078,ACC_001046,CASE_000867,2024-04-26 03:49:54.858871533,66892.37
ACC_001046,ACC_001592,CASE_000867,2024-04-26 04:05:44.885222905,39428.27
ACC_001592,ACC_000782,CASE_000867,2024-04-26 04:18:02.788106328,39428.27
ACC_000249,ACC_000366,CASE_000868,2025-01-11 05:19:30.604524525,1438.94
ACC_000249,ACC_000366,CASE_000868,2025-01-11 05:22:49.536501148,2292.27
ACC_000249,ACC_000366,CASE_000868,2025-01-11 05:34:05.926308607,2145.33
ACC_000249,ACC_000366,CASE_000868,2025-01-11 05:40:47.690208109,5079.87
ACC_000366,ACC_000287,CASE_000868,2025-01-11 05:54:35.834839489,10956.41
ACC_000242,ACC_000659,CASE_000869,2024-04-24 10:49:24.457198703,20011.6
ACC_000659,ACC_000404,CASE_000869,2024-04-24 11:47:01.767183518,20011.6
ACC_001118,ACC_000404,CASE_000870,2026-06-12 04:13:37.565178992,169.45
ACC_001118,ACC_000404,CASE_000870,2026-06-12 04:14:40.547624456,7795.83
ACC_001118,ACC_000404,CASE_000870,2026-06-12 04:16:05.512378014,823.86
ACC_001118,ACC_000404,CASE_000870,2026-06-12 04:17:12.996296963,2267.97
ACC_000404,ACC_000659,CASE_000870,2026-06-12 04:33:16.496138142,11057.11
ACC_001522,ACC_000775,CASE_000871,2025-01-21 13:06:09.288391743,34309.0
ACC_000775,ACC_000023,CASE_000871,2025-01-21 13:26:00.107231015,27033.51
ACC_000023,ACC_000775,CASE_000871,2025-01-21 14:08:06.527552063,27033.51
ACC_001530,ACC_000404,CASE_000872,2025-05-01 03:29:10.710075309,54675.96
ACC_000404,ACC_000659,CASE_000872,2025-05-01 06:11:10.675870946,54675.96
ACC_000968,ACC_001288,CASE_000873,2024-07-25 21:52:42.845456909,10314.6
ACC_000968,ACC_001288,CASE_000873,2024-07-25 22:03:40.189912148,1400.95
ACC_000968,ACC_001288,CASE_000873,2024-07-25 22:04:47.656600540,5519.16
ACC_000968,ACC_001288,CASE_000873,2024-07-25 22:05:51.568966283,7550.66
ACC_001288,ACC_001625,CASE_000873,2024-07-25 22:27:35.662965679,24785.37
ACC_001404,ACC_000023,CASE_000874,2025-02-13 04:21:09.175760019,8599.27
ACC_000023,ACC_000775,CASE_000874,2025-02-13 04:53:46.655169862,7899.44
ACC_000775,ACC_000480,CASE_000874,2025-02-13 05:01:05.506555235,7899.44
ACC_001055,ACC_000767,CASE_000875,2026-06-16 01:50:27.648401889,6036.92
ACC_001055,ACC_000767,CASE_000875,2026-06-16 01:52:21.938942918,11385.03
ACC_001055,ACC_000767,CASE_000875,2026-06-16 01:54:18.910636301,11093.61
ACC_001055,ACC_000767,CASE_000875,2026-06-16 02:01:47.747029906,6544.97
ACC_000767,ACC_001308,CASE_000875,2026-06-16 02:11:57.780460051,26966.28
ACC_001308,ACC_000767,CASE_000875,2026-06-16 02:35:04.257981123,26966.28
ACC_000605,ACC_000287,CASE_000876,2025-03-21 05:13:09.378607565,1306.15
ACC_000605,ACC_000287,CASE_000876,2025-03-21 05:15:18.783222972,19333.23
ACC_000605,ACC_000287,CASE_000876,2025-03-21 05:17:46.129492351,4862.31
ACC_000287,ACC_000267,CASE_000876,2025-03-21 06:23:08.227852260,24202.81
ACC_000267,ACC_001335,CASE_000876,2025-03-21 06:35:10.480785395,24202.81
ACC_000255,ACC_000011,CASE_000877,2024-01-09 02:45:21.721741743,8756.72
ACC_000011,ACC_001300,CASE_000877,2024-01-09 03:58:21.428068492,8756.72
ACC_000656,ACC_001625,CASE_000878,2024-08-08 22:54:37.419160548,342.33
ACC_000656,ACC_001625,CASE_000878,2024-08-08 23:07:29.043563269,16261.98
ACC_001625,ACC_000467,CASE_000878,2024-08-08 23:58:01.966763909,16604.31
ACC_000738,ACC_001296,CASE_000879,2026-06-10 09:35:29.229284964,6682.48
ACC_000738,ACC_001296,CASE_000879,2026-06-10 09:38:55.501087313,806.9
ACC_000738,ACC_001296,CASE_000879,2026-06-10 09:41:33.438331656,3152.9
ACC_001296,ACC_000819,CASE_000879,2026-06-10 10:08:38.566038525,8209.49
ACC_000819,ACC_001768,CASE_000879,2026-06-10 10:44:51.192278818,8209.49
ACC_000520,ACC_000767,CASE_000880,2026-06-20 01:45:04.387319343,2568.18
ACC_000767,ACC_001308,CASE_000880,2026-06-20 02:10:30.343892199,1718.77
ACC_001308,ACC_000139,CASE_000880,2026-06-20 02:12:23.809125118,1718.77
ACC_001052,ACC_001507,CASE_000881,2024-07-10 18:30:07.010906817,7629.42
ACC_001052,ACC_001507,CASE_000881,2024-07-10 18:31:39.501029718,369.46
ACC_001052,ACC_001507,CASE_000881,2024-07-10 18:32:46.214611685,2442.55
ACC_001507,ACC_001647,CASE_000881,2024-07-10 19:25:34.332254747,10441.44
ACC_001715,ACC_001300,CASE_000882,2025-07-14 13:58:08.526691908,10051.62
ACC_001300,ACC_000011,CASE_000882,2025-07-14 15:02:42.820184354,10051.62
ACC_000903,ACC_000480,CASE_000883,2024-03-11 01:53:44.459866392,43384.61
ACC_000903,ACC_000480,CASE_000883,2024-03-11 01:54:56.421575400,6149.1
ACC_000903,ACC_000480,CASE_000883,2024-03-11 02:01:58.252439660,128046.72
ACC_000480,ACC_000023,CASE_000883,2024-03-11 02:37:25.061651289,110263.17
ACC_000023,ACC_000480,CASE_000883,2024-03-11 02:42:39.101983039,110263.17
ACC_001162,ACC_001647,CASE_000884,2025-06-10 01:44:31.564284954,6451.95
ACC_001162,ACC_001647,CASE_000884,2025-06-10 01:49:58.316395496,2742.83
ACC_001162,ACC_001647,CASE_000884,2025-06-10 01:53:43.142563366,4237.68
ACC_001162,ACC_001647,CASE_000884,2025-06-10 01:55:14.314511741,8354.82
ACC_001647,ACC_001507,CASE_000884,2025-06-10 02:05:31.909934156,21787.28
ACC_000312,ACC_001365,CASE_000885,2024-04-24 17:21:52.223456535,2098.24
ACC_000312,ACC_001365,CASE_000885,2024-04-24 17:49:10.239190359,525.72
ACC_000312,ACC_001365,CASE_000885,2024-04-24 17:51:46.648027603,595.85
ACC_001365,ACC_001238,CASE_000885,2024-04-24 18:05:12.034297170,1883.45
ACC_001238,ACC_001365,CASE_000885,2024-04-24 18:47:12.469334766,1883.45
ACC_001730,ACC_000404,CASE_000886,2026-01-15 19:31:58.229239820,2041.7
ACC_001730,ACC_000404,CASE_000886,2026-01-15 19:33:24.979011722,3195.04
ACC_001730,ACC_000404,CASE_000886,2026-01-15 19:34:57.904715988,2159.2
ACC_001730,ACC_000404,CASE_000886,2026-01-15 19:39:52.453497840,2747.47
ACC_000404,ACC_000659,CASE_000886,2026-01-15 20:23:42.095686764,10143.41
ACC_000869,ACC_000267,CASE_000887,2026-05-05 23:17:54.105499377,43341.96
ACC_000267,ACC_001335,CASE_000887,2026-05-05 23:34:45.892142177,32375.21
ACC_001335,ACC_000267,CASE_000887,2026-05-06 01:01:28.816558700,32375.21
ACC_000458,ACC_001647,CASE_000888,2024-06-06 14:36:23.054911310,33421.8
ACC_001647,ACC_001507,CASE_000888,2024-06-06 14:52:56.043235356,33421.8
ACC_001266,ACC_001703,CASE_000889,2025-02-25 12:54:02.578152142,11101.84
ACC_001703,ACC_000319,CASE_000889,2025-02-25 13:54:21.786611918,10502.93
ACC_000319,ACC_001762,CASE_000889,2025-02-25 14:39:46.736112728,10502.93
ACC_000192,ACC_001267,CASE_000890,2024-04-03 00:40:44.644460882,18515.0
ACC_001267,ACC_001050,CASE_000890,2024-04-03 01:07:19.585362661,18515.0
ACC_000833,ACC_000404,CASE_000891,2024-11-04 23:48:33.151346717,11470.36
ACC_000404,ACC_000659,CASE_000891,2024-11-05 00:03:08.110840739,11470.36
ACC_001671,ACC_001690,CASE_000892,2024-02-29 08:10:25.773140079,2807.99
ACC_001671,ACC_001690,CASE_000892,2024-02-29 08:14:02.004606352,3601.89
ACC_001671,ACC_001690,CASE_000892,2024-02-29 08:15:20.778136749,55.89
ACC_001671,ACC_001690,CASE_000892,2024-02-29 08:19:02.984641341,2406.99
ACC_001690,ACC_000753,CASE_000892,2024-02-29 09:02:15.983712120,7086.71
ACC_000753,ACC_001690,CASE_000892,2024-02-29 09:11:56.026571439,7086.71
ACC_000336,ACC_000139,CASE_000893,2024-08-29 00:31:48.497403679,145.63
ACC_000336,ACC_000139,CASE_000893,2024-08-29 00:34:35.782773002,1724.23
ACC_000336,ACC_000139,CASE_000893,2024-08-29 00:40:41.725631805,714.74
ACC_000139,ACC_001308,CASE_000893,2024-08-29 00:42:25.063094253,2584.6
ACC_000336,ACC_001335,CASE_000894,2026-06-21 02:41:55.378547831,7201.29
ACC_000336,ACC_001335,CASE_000894,2026-06-21 02:47:28.247200176,1691.79
ACC_000336,ACC_001335,CASE_000894,2026-06-21 02:51:16.196468235,1824.72
ACC_000336,ACC_001335,CASE_000894,2026-06-21 02:53:46.850944072,2581.75
ACC_001335,ACC_000267,CASE_000894,2026-06-21 03:27:34.990110294,13299.54
ACC_000199,ACC_000267,CASE_000895,2024-02-10 15:51:54.559588402,2022.05
ACC_000199,ACC_000267,CASE_000895,2024-02-10 15:57:18.571046063,7023.3
ACC_000199,ACC_000267,CASE_000895,2024-02-10 16:05:50.242516370,4713.54
ACC_000267,ACC_000287,CASE_000895,2024-02-10 16:25:28.119443892,11476.27
ACC_000287,ACC_000267,CASE_000895,2024-02-10 16:58:58.596202745,6893.51
ACC_000267,ACC_001335,CASE_000895,2024-02-10 17:01:19.512339231,6893.51
ACC_000703,ACC_001768,CASE_000896,2026-02-21 13:07:13.862272432,19483.56
ACC_000703,ACC_001768,CASE_000896,2026-02-21 13:10:47.555590793,16806.46
ACC_001768,ACC_001296,CASE_000896,2026-02-21 13:24:48.399342530,31355.02
ACC_001296,ACC_001768,CASE_000896,2026-02-21 13:38:47.406297218,31355.02
ACC_001662,ACC_000467,CASE_000897,2024-03-11 14:11:52.477337938,1246.66
ACC_001662,ACC_000467,CASE_000897,2024-03-11 14:13:19.706691754,3790.53
ACC_000467,ACC_001288,CASE_000897,2024-03-11 14:41:51.440433034,4480.23
ACC_001288,ACC_000467,CASE_000897,2024-03-11 14:48:24.515860382,3388.12
ACC_000467,ACC_001288,CASE_000897,2024-03-11 15:00:18.432575307,3388.12
ACC_000119,ACC_001350,CASE_000898,2025-04-26 22:36:34.092040552,855.5
ACC_000119,ACC_001350,CASE_000898,2025-04-26 22:38:27.930092098,1023.72
ACC_000119,ACC_001350,CASE_000898,2025-04-26 22:40:04.437457244,3225.59
ACC_001350,ACC_000052,CASE_000898,2025-04-26 22:46:33.187173885,5104.81
ACC_000541,ACC_000775,CASE_000899,2025-02-15 21:42:25.580983753,56138.15
ACC_000775,ACC_000023,CASE_000899,2025-02-15 22:27:01.262103845,44810.49
ACC_000023,ACC_000480,CASE_000899,2025-02-15 22:32:11.359610755,44810.49
ACC_001695,ACC_000093,CASE_000900,2026-04-28 15:49:16.322222202,130.19
ACC_001695,ACC_000093,CASE_000900,2026-04-28 15:50:57.811667531,2173.28
ACC_001695,ACC_000093,CASE_000900,2026-04-28 16:09:27.864304773,164.71
ACC_000093,ACC_001625,CASE_000900,2026-04-28 17:05:41.979885283,1751.92
ACC_001625,ACC_001288,CASE_000900,2026-04-28 17:07:38.179687178,1146.11
ACC_001288,ACC_001625,CASE_000900,2026-04-28 17:09:43.227092187,1146.11
ACC_000462,ACC_000287,CASE_000901,2024-06-30 08:30:02.418940291,20421.55
ACC_000462,ACC_000287,CASE_000901,2024-06-30 08:33:19.483545313,155.52
ACC_000462,ACC_000287,CASE_000901,2024-06-30 08:37:49.850364942,9300.02
ACC_000287,ACC_000366,CASE_000901,2024-06-30 08:50:15.922226150,29877.1
ACC_000826,ACC_000480,CASE_000902,2024-06-12 17:10:58.908535247,52801.44
ACC_000480,ACC_000775,CASE_000902,2024-06-12 18:20:53.081231125,44725.35
ACC_000775,ACC_000480,CASE_000902,2024-06-12 18:38:20.458013198,44725.35
ACC_001186,ACC_001507,CASE_000903,2025-11-13 02:25:13.692045500,61911.85
ACC_001507,ACC_001647,CASE_000903,2025-11-13 02:47:15.262183206,61911.85
ACC_001466,ACC_001592,CASE_000904,2025-10-23 03:55:16.096815935,13829.32
ACC_001592,ACC_000309,CASE_000904,2025-10-23 03:59:50.125344323,9663.18
ACC_000309,ACC_001592,CASE_000904,2025-10-23 04:48:55.815546094,9663.18
ACC_001683,ACC_000659,CASE_000905,2025-09-28 23:44:23.667518416,12045.23
ACC_000659,ACC_000404,CASE_000905,2025-09-29 00:17:05.399732630,12045.23
ACC_001024,ACC_001768,CASE_000906,2024-01-24 22:16:56.670725978,7229.36
ACC_001768,ACC_001296,CASE_000906,2024-01-24 22:53:18.394008313,4377.45
ACC_001296,ACC_001768,CASE_000906,2024-01-24 23:34:25.891819981,4377.45
ACC_000062,ACC_001296,CASE_000907,2024-08-24 20:24:14.765963691,12800.81
ACC_001296,ACC_000819,CASE_000907,2024-08-24 21:04:39.668520127,9876.65
ACC_000819,ACC_001296,CASE_000907,2024-08-24 21:06:14.796698996,9876.65
ACC_001455,ACC_001267,CASE_000908,2026-02-04 04:49:39.417574019,4485.63
ACC_001267,ACC_001050,CASE_000908,2026-02-04 05:13:27.166415910,4485.63
ACC_001673,ACC_000052,CASE_000909,2025-07-01 10:01:01.355283932,53102.97
ACC_000052,ACC_001350,CASE_000909,2025-07-01 10:24:42.105160735,53102.97
ACC_001666,ACC_000023,CASE_000910,2025-07-02 15:27:56.934809346,12305.0
ACC_000023,ACC_000775,CASE_000910,2025-07-02 15:36:57.533842020,11075.96
ACC_000775,ACC_000480,CASE_000910,2025-07-02 15:47:21.047499469,11075.96
ACC_000921,ACC_001267,CASE_000911,2024-09-26 14:12:41.090956973,308.79
ACC_000921,ACC_001267,CASE_000911,2024-09-26 14:14:39.093407962,1922.45
ACC_000921,ACC_001267,CASE_000911,2024-09-26 14:18:03.171213422,1204.4
ACC_000921,ACC_001267,CASE_000911,2024-09-26 14:22:47.471129114,277.9
ACC_001267,ACC_001050,CASE_000911,2024-09-26 14:43:05.755020216,3713.54
ACC_001706,ACC_001647,CASE_000912,2024-08-25 01:00:17.263991771,123093.97
ACC_001647,ACC_001507,CASE_000912,2024-08-25 01:30:23.493146007,123093.97
ACC_000116,ACC_001288,CASE_000913,2026-05-12 08:21:18.382509726,14018.19
ACC_001288,ACC_000093,CASE_000913,2026-05-12 08:24:02.651995866,14018.19
ACC_001554,ACC_000480,CASE_000914,2025-10-25 01:18:27.763311660,2680.44
ACC_000480,ACC_000775,CASE_000914,2025-10-25 01:53:16.630812868,1874.26
ACC_000775,ACC_000480,CASE_000914,2025-10-25 02:02:25.922778148,1874.26
ACC_001786,ACC_001308,CASE_000915,2024-04-25 14:45:55.176261694,4346.08
ACC_001308,ACC_000767,CASE_000915,2024-04-25 15:29:44.424684466,3021.06
ACC_000767,ACC_000139,CASE_000915,2024-04-25 15:43:43.057966574,3021.06
ACC_001089,ACC_000533,CASE_000916,2026-05-04 06:40:24.342656928,34234.99
ACC_000533,ACC_001335,CASE_000916,2026-05-04 06:57:02.755039493,31006.92
ACC_001335,ACC_000287,CASE_000916,2026-05-04 07:03:29.098635467,28579.24
ACC_000287,ACC_001335,CASE_000916,2026-05-04 07:56:41.924292577,28579.24
ACC_001179,ACC_001625,CASE_000917,2025-06-14 13:22:38.205551178,52281.73
ACC_001179,ACC_001625,CASE_000917,2025-06-14 13:28:39.077788973,11317.04
ACC_001179,ACC_001625,CASE_000917,2025-06-14 13:47:58.336378533,11364.21
ACC_001625,ACC_001288,CASE_000917,2025-06-14 14:13:38.202940138,50261.38
ACC_001288,ACC_001625,CASE_000917,2025-06-14 15:41:08.470407669,38270.78
ACC_001625,ACC_000093,CASE_000917,2025-06-14 16:03:01.332844767,38270.78
ACC_001562,ACC_001308,CASE_000918,2024-10-30 16:49:14.334595799,9866.22
ACC_001562,ACC_001308,CASE_000918,2024-10-30 16:51:41.804645111,29125.65
ACC_001308,ACC_000767,CASE_000918,2024-10-30 17:09:52.831864609,22870.2
ACC_000767,ACC_000139,CASE_000918,2024-10-30 17:13:23.055711897,22870.2
ACC_000166,ACC_000467,CASE_000919,2024-12-27 19:47:10.213065152,13685.56
ACC_000166,ACC_000467,CASE_000919,2024-12-27 19:53:43.984248288,5176.55
ACC_000166,ACC_000467,CASE_000919,2024-12-27 19:56:49.669826915,14451.39
ACC_000467,ACC_000093,CASE_000919,2024-12-27 20:14:38.836220542,20467.46
ACC_000093,ACC_000467,CASE_000919,2024-12-27 20:31:58.073051739,12208.12
ACC_000467,ACC_001625,CASE_000919,2024-12-27 21:19:25.233264500,12208.12
ACC_001480,ACC_000023,CASE_000920,2025-10-22 20:51:59.069216377,11216.21
ACC_001480,ACC_000023,CASE_000920,2025-10-22 20:54:58.351372848,29042.15
ACC_001480,ACC_000023,CASE_000920,2025-10-22 20:57:36.422348856,23877.32
ACC_000023,ACC_000480,CASE_000920,2025-10-22 20:59:59.699594537,48750.24
ACC_000480,ACC_000023,CASE_000920,2025-10-22 21:03:47.298181963,48750.24
ACC_000824,ACC_001308,CASE_000921,2024-12-08 19:31:48.197350222,11279.33
ACC_000824,ACC_001308,CASE_000921,2024-12-08 19:33:38.512180455,7649.46
ACC_001308,ACC_000767,CASE_000921,2024-12-08 19:39:25.709848968,18928.8
ACC_001118,ACC_000366,CASE_000922,2025-06-11 06:03:00.774837751,6597.37
ACC_001118,ACC_000366,CASE_000922,2025-06-11 06:05:30.146945442,606.44
ACC_001118,ACC_000366,CASE_000922,2025-06-11 06:07:34.275380601,488.07
ACC_001118,ACC_000366,CASE_000922,2025-06-11 06:21:20.497841666,1158.12
ACC_000366,ACC_001335,CASE_000922,2025-06-11 06:26:16.077292921,8850.01
ACC_000840,ACC_000659,CASE_000923,2025-10-09 06:50:14.642900486,32111.57
ACC_000840,ACC_000659,CASE_000923,2025-10-09 06:58:01.960848465,9402.77
ACC_000659,ACC_000404,CASE_000923,2025-10-09 08:06:26.735231437,41514.34
ACC_001301,ACC_000467,CASE_000924,2024-06-27 00:10:59.560322292,53641.25
ACC_000467,ACC_000093,CASE_000924,2024-06-27 00:42:50.770020434,32660.29
ACC_000093,ACC_001288,CASE_000924,2024-06-27 01:49:57.252950187,23736.03
ACC_001288,ACC_001625,CASE_000924,2024-06-27 02:17:09.651153158,23736.03
ACC_001519,ACC_001625,CASE_000925,2026-05-10 05:41:13.489109100,3674.89
ACC_001625,ACC_000093,CASE_000925,2026-05-10 05:51:13.035454825,3248.95
ACC_000093,ACC_001625,CASE_000925,2026-05-10 06:01:29.272670679,3248.95
ACC_001163,ACC_000404,CASE_000926,2024-11-20 11:49:34.616071121,2974.09
ACC_001163,ACC_000404,CASE_000926,2024-11-20 11:51:52.432682412,5067.44
ACC_001163,ACC_000404,CASE_000926,2024-11-20 11:54:00.693276645,5174.03
ACC_001163,ACC_000404,CASE_000926,2024-11-20 12:06:01.079235799,3248.12
ACC_000404,ACC_000659,CASE_000926,2024-11-20 12:08:07.604784620,16463.68
ACC_001312,ACC_000659,CASE_000927,2025-01-17 01:52:36.638063631,33915.92
ACC_000659,ACC_000404,CASE_000927,2025-01-17 02:05:58.036631325,33915.92
ACC_000518,ACC_000190,CASE_000928,2025-09-28 08:26:09.411989447,1533.59
ACC_000518,ACC_000190,CASE_000928,2025-09-28 08:27:37.643638850,760.8
ACC_000518,ACC_000190,CASE_000928,2025-09-28 08:35:27.783402222,1686.3
ACC_000518,ACC_000190,CASE_000928,2025-09-28 08:37:01.192623553,4445.67
ACC_000190,ACC_000961,CASE_000928,2025-09-28 09:27:57.386894868,8426.36
ACC_000796,ACC_000533,CASE_000929,2025-07-08 15:47:05.417327604,4447.5
ACC_000533,ACC_000267,CASE_000929,2025-07-08 15:50:01.094050958,3132.57
ACC_000267,ACC_000366,CASE_000929,2025-07-08 16:25:36.491411691,2349.34
ACC_000366,ACC_001335,CASE_000929,2025-07-08 16:49:58.702624948,2349.34
ACC_001147,ACC_001288,CASE_000930,2025-02-04 23:51:09.493230193,19465.76
ACC_001288,ACC_000093,CASE_000930,2025-02-05 00:39:05.202119243,11099.5
ACC_000093,ACC_001625,CASE_000930,2025-02-05 00:40:41.297965206,11099.5
ACC_000687,ACC_000880,CASE_000931,2025-08-14 22:17:00.060945521,4730.27
ACC_000880,ACC_000694,CASE_000931,2025-08-14 22:31:57.134440743,3258.78
ACC_000694,ACC_000652,CASE_000931,2025-08-14 23:04:26.964374598,2994.89
ACC_000652,ACC_000694,CASE_000931,2025-08-14 23:06:11.117769724,2994.89
ACC_001671,ACC_000190,CASE_000932,2026-04-02 12:19:43.433371428,2266.03
ACC_000190,ACC_000961,CASE_000932,2026-04-02 12:52:36.330718707,2266.03
ACC_000450,ACC_000775,CASE_000933,2025-12-30 01:55:17.005543261,63254.46
ACC_000450,ACC_000775,CASE_000933,2025-12-30 02:00:19.920329066,4582.04
ACC_000775,ACC_000480,CASE_000933,2025-12-30 02:10:29.678139373,43614.18
ACC_000480,ACC_000775,CASE_000933,2025-12-30 02:17:27.462329753,43614.18
ACC_000512,ACC_001349,CASE_000934,2026-01-20 22:03:00.946999010,3186.26
ACC_000512,ACC_001349,CASE_000934,2026-01-20 22:04:29.231637687,767.23
ACC_000512,ACC_001349,CASE_000934,2026-01-20 22:06:55.140227020,2220.27
ACC_000512,ACC_001349,CASE_000934,2026-01-20 22:10:13.365229784,1345.46
ACC_001349,ACC_001365,CASE_000934,2026-01-20 22:51:50.361122951,7519.23
ACC_000512,ACC_000267,CASE_000935,2024-08-23 09:53:41.620959095,4908.35
ACC_000512,ACC_000267,CASE_000935,2024-08-23 09:58:15.865344826,2327.62
ACC_000512,ACC_000267,CASE_000935,2024-08-23 10:02:12.950173733,3357.72
ACC_000512,ACC_000267,CASE_000935,2024-08-23 10:04:47.382410090,1201.71
ACC_000267,ACC_000366,CASE_000935,2024-08-23 10:42:16.229399739,6729.63
ACC_000366,ACC_000287,CASE_000935,2024-08-23 11:01:15.375129057,6729.63
ACC_000409,ACC_000011,CASE_000936,2025-01-17 02:32:05.879968770,1553.71
ACC_000409,ACC_000011,CASE_000936,2025-01-17 03:07:35.267110570,734.42
ACC_000409,ACC_000011,CASE_000936,2025-01-17 03:15:06.561423002,1050.44
ACC_000409,ACC_000011,CASE_000936,2025-01-17 03:16:59.104462089,2514.29
ACC_000011,ACC_001300,CASE_000936,2025-01-17 04:38:57.822665905,5852.86
ACC_000159,ACC_001046,CASE_000937,2025-05-19 13:10:19.126006588,37470.36
ACC_001046,ACC_000309,CASE_000937,2025-05-19 13:33:23.155937447,27899.74
ACC_000309,ACC_000782,CASE_000937,2025-05-19 14:08:57.006296213,27899.74
ACC_001771,ACC_001293,CASE_000938,2024-02-10 06:18:40.801153748,1918.3
ACC_001771,ACC_001293,CASE_000938,2024-02-10 06:37:00.473461745,19252.82
ACC_001771,ACC_001293,CASE_000938,2024-02-10 06:38:42.011027149,11108.11
ACC_001771,ACC_001293,CASE_000938,2024-02-10 06:41:27.414353428,22594.11
ACC_001293,ACC_001238,CASE_000938,2024-02-10 08:25:15.416522157,54873.34
ACC_000270,ACC_000659,CASE_000939,2025-12-02 07:45:33.235364415,6187.0
ACC_000659,ACC_000404,CASE_000939,2025-12-02 08:29:06.700243023,6187.0
ACC_001622,ACC_000093,CASE_000940,2024-10-21 16:52:20.528508902,2069.65
ACC_000093,ACC_000467,CASE_000940,2024-10-21 16:56:16.663836348,2069.65
ACC_000312,ACC_001647,CASE_000941,2024-09-14 11:33:09.921365101,9921.53
ACC_001647,ACC_001507,CASE_000941,2024-09-14 11:39:28.171598262,9921.53
ACC_001357,ACC_000480,CASE_000942,2024-08-24 05:42:29.841001055,32199.65
ACC_001357,ACC_000480,CASE_000942,2024-08-24 05:44:42.844340957,4136.48
ACC_001357,ACC_000480,CASE_000942,2024-08-24 05:47:34.019139500,1833.2
ACC_000480,ACC_000023,CASE_000942,2024-08-24 05:56:15.336066690,21704.76
ACC_000023,ACC_000480,CASE_000942,2024-08-24 06:03:58.908665746,21704.76
ACC_001310,ACC_001288,CASE_000943,2024-09-15 04:11:47.369105431,31328.01
ACC_001288,ACC_000467,CASE_000943,2024-09-15 05:20:50.013462962,27795.86
ACC_000467,ACC_001288,CASE_000943,2024-09-15 05:29:52.680452932,17067.12
ACC_001288,ACC_000467,CASE_000943,2024-09-15 05:46:51.106923102,17067.12
ACC_000029,ACC_000659,CASE_000944,2024-11-03 22:30:22.792509183,12012.62
ACC_000029,ACC_000659,CASE_000944,2024-11-03 22:31:30.874004543,105.46
ACC_000029,ACC_000659,CASE_000944,2024-11-03 22:35:32.726668570,7379.69
ACC_000659,ACC_000404,CASE_000944,2024-11-03 22:44:47.055031792,19497.77
ACC_001315,ACC_001267,CASE_000945,2025-07-05 00:26:41.184760849,12512.84
ACC_001267,ACC_001050,CASE_000945,2025-07-05 00:33:34.873229113,12512.84
ACC_000721,ACC_000139,CASE_000946,2025-06-15 15:42:38.685926599,23183.16
ACC_000139,ACC_001308,CASE_000946,2025-06-15 16:19:01.282134368,14649.57
ACC_001308,ACC_000139,CASE_000946,2025-06-15 16:47:49.296566176,14649.57
ACC_000539,ACC_001647,CASE_000947,2024-08-20 23:43:40.507547281,583.91
ACC_000539,ACC_001647,CASE_000947,2024-08-20 23:45:23.401810618,566.22
ACC_000539,ACC_001647,CASE_000947,2024-08-21 00:03:57.125872808,9268.23
ACC_001647,ACC_001507,CASE_000947,2024-08-21 00:15:37.569381942,10418.36
ACC_000370,ACC_000068,CASE_000948,2024-07-07 01:48:18.291175967,19585.3
ACC_000068,ACC_000091,CASE_000948,2024-07-07 01:59:35.016772754,13163.55
ACC_000091,ACC_000068,CASE_000948,2024-07-07 02:06:37.206856503,13163.55
ACC_000919,ACC_000011,CASE_000949,2026-01-22 19:53:31.403210978,1091.1
ACC_000919,ACC_000011,CASE_000949,2026-01-22 19:56:28.172149439,2174.11
ACC_000011,ACC_001300,CASE_000949,2026-01-22 20:17:19.508308045,3265.22
ACC_001084,ACC_000775,CASE_000950,2024-03-25 11:58:46.991362523,121319.39
ACC_000775,ACC_000023,CASE_000950,2024-03-25 13:24:44.522800649,121319.39
ACC_001140,ACC_000467,CASE_000951,2025-04-12 06:35:56.608574406,13175.05
ACC_000467,ACC_000093,CASE_000951,2025-04-12 08:38:26.886866917,13175.05
ACC_001176,ACC_000694,CASE_000952,2025-04-19 05:41:15.280144413,1123.73
ACC_001176,ACC_000694,CASE_000952,2025-04-19 05:43:38.879255867,1195.69
ACC_001176,ACC_000694,CASE_000952,2025-04-19 05:52:33.026532386,571.87
ACC_001176,ACC_000694,CASE_000952,2025-04-19 05:56:28.858831655,5244.34
ACC_000694,ACC_000652,CASE_000952,2025-04-19 06:21:45.151432065,6653.53
ACC_000652,ACC_000694,CASE_000952,2025-04-19 06:40:14.334221372,5144.36
ACC_000694,ACC_000880,CASE_000952,2025-04-19 06:55:23.969563834,5144.36
ACC_001686,ACC_001507,CASE_000953,2025-06-07 01:53:39.792570565,12978.08
ACC_001507,ACC_001647,CASE_000953,2025-06-07 02:10:09.069142776,12978.08
ACC_000444,ACC_001308,CASE_000954,2026-03-17 20:53:40.702248144,6900.54
ACC_001308,ACC_000139,CASE_000954,2026-03-17 21:08:02.800515856,4667.36
ACC_000139,ACC_000767,CASE_000954,2026-03-17 21:22:56.105846120,4667.36
ACC_001663,ACC_000309,CASE_000955,2025-07-22 09:25:56.556624810,156.38
ACC_001663,ACC_000309,CASE_000955,2025-07-22 09:32:30.284114094,2665.83
ACC_001663,ACC_000309,CASE_000955,2025-07-22 09:36:07.757057977,3637.27
ACC_001663,ACC_000309,CASE_000955,2025-07-22 09:38:49.255789671,2507.44
ACC_000309,ACC_001788,CASE_000955,2025-07-22 09:45:23.131199432,6265.26
ACC_001788,ACC_001592,CASE_000955,2025-07-22 09:48:00.222141842,6265.26
ACC_000085,ACC_000011,CASE_000956,2026-06-06 00:06:43.824427449,20116.28
ACC_000011,ACC_001300,CASE_000956,2026-06-06 00:54:51.367435932,20116.28
ACC_000257,ACC_000404,CASE_000957,2026-03-04 20:24:27.565107839,3267.42
ACC_000404,ACC_000659,CASE_000957,2026-03-04 21:18:02.963271993,3267.42
ACC_000565,ACC_001296,CASE_000958,2024-07-14 15:11:09.269714329,6686.52
ACC_000565,ACC_001296,CASE_000958,2024-07-14 15:17:27.605967371,5094.07
ACC_000565,ACC_001296,CASE_000958,2024-07-14 15:24:42.535308650,50.0
ACC_000565,ACC_001296,CASE_000958,2024-07-14 15:31:48.737834777,13076.11
ACC_001296,ACC_000819,CASE_000958,2024-07-14 16:30:08.769493878,15377.21
ACC_000819,ACC_001768,CASE_000958,2024-07-14 16:46:41.791183461,15377.21
ACC_001742,ACC_001085,CASE_000959,2024-08-07 17:58:44.749174541,199.35
ACC_001742,ACC_001085,CASE_000959,2024-08-07 18:02:40.281122103,410.22
ACC_001742,ACC_001085,CASE_000959,2024-08-07 18:04:06.323198171,448.81
ACC_001085,ACC_000378,CASE_000959,2024-08-07 18:16:45.074308709,884.67
ACC_000378,ACC_001085,CASE_000959,2024-08-07 18:20:56.546870603,537.78
ACC_001085,ACC_001178,CASE_000959,2024-08-07 19:22:54.621843760,537.78
ACC_001044,ACC_001133,CASE_000960,2024-11-10 02:19:40.897380285,11872.08
ACC_001044,ACC_001133,CASE_000960,2024-11-10 02:23:08.942128714,7540.02
ACC_001044,ACC_001133,CASE_000960,2024-11-10 02:32:12.429435149,56850.35
ACC_001133,ACC_001065,CASE_000960,2024-11-10 02:44:40.362885840,65277.06
ACC_001065,ACC_001150,CASE_000960,2024-11-10 03:11:57.060976024,46119.11
ACC_001150,ACC_001133,CASE_000960,2024-11-10 03:25:56.259367353,46119.11
ACC_000719,ACC_000659,CASE_000961,2024-12-22 16:22:44.493012485,8510.04
ACC_000719,ACC_000659,CASE_000961,2024-12-22 16:26:39.639194309,7933.53
ACC_000659,ACC_000404,CASE_000961,2024-12-22 16:33:25.555576376,16443.57
ACC_000941,ACC_000694,CASE_000962,2025-05-18 19:20:47.354785276,5907.59
ACC_000941,ACC_000694,CASE_000962,2025-05-18 19:22:17.883403069,6734.98
ACC_000694,ACC_000652,CASE_000962,2025-05-18 20:14:29.171589603,8914.75
ACC_000652,ACC_000880,CASE_000962,2025-05-18 20:25:03.479685862,6340.04
ACC_000880,ACC_000652,CASE_000962,2025-05-18 20:29:16.451237949,6340.04
ACC_000869,ACC_000052,CASE_000963,2024-07-30 20:05:19.103924388,2536.36
ACC_000052,ACC_001350,CASE_000963,2024-07-30 20:13:43.796733415,2536.36
ACC_001128,ACC_001349,CASE_000964,2024-07-21 13:55:59.923434227,10062.8
ACC_001349,ACC_001365,CASE_000964,2024-07-21 14:02:31.453176324,8607.27
ACC_001365,ACC_001238,CASE_000964,2024-07-21 14:16:21.095443713,8607.27
ACC_001538,ACC_000287,CASE_000965,2024-12-13 12:16:31.417446068,27187.87
ACC_000287,ACC_000366,CASE_000965,2024-12-13 12:49:19.716668935,27187.87
ACC_001357,ACC_000011,CASE_000966,2025-09-04 05:24:41.799712263,1821745.55
ACC_000011,ACC_001300,CASE_000966,2025-09-04 05:35:08.107522349,1821745.55
ACC_000244,ACC_001296,CASE_000967,2025-09-18 21:53:08.843467013,76482.15
ACC_001296,ACC_000819,CASE_000967,2025-09-18 22:31:18.580715748,76482.15
ACC_001787,ACC_001647,CASE_000968,2026-06-08 06:00:26.069743168,2520.3
ACC_001787,ACC_001647,CASE_000968,2026-06-08 06:05:53.084084166,2502.27
ACC_001787,ACC_001647,CASE_000968,2026-06-08 06:09:41.268551630,13569.47
ACC_001647,ACC_001507,CASE_000968,2026-06-08 06:19:49.694717757,18592.04
ACC_001756,ACC_001114,CASE_000969,2024-07-03 09:59:50.928700372,33475.34
ACC_001114,ACC_001709,CASE_000969,2024-07-03 10:21:10.924716711,19319.97
ACC_001709,ACC_001114,CASE_000969,2024-07-03 10:23:23.612770414,19319.97
ACC_001116,ACC_000775,CASE_000970,2024-12-23 22:34:29.768930318,7831.32
ACC_000775,ACC_000023,CASE_000970,2024-12-23 22:50:23.449400160,6689.86
ACC_000023,ACC_000775,CASE_000970,2024-12-23 22:56:04.541141062,6689.86
ACC_000585,ACC_000052,CASE_000971,2026-05-28 20:20:50.419947051,24144.03
ACC_000052,ACC_001350,CASE_000971,2026-05-28 20:22:04.533051579,24144.03
ACC_001095,ACC_000023,CASE_000972,2025-09-20 15:42:36.120676794,1938.95
ACC_000023,ACC_000480,CASE_000972,2025-09-20 16:17:09.129565313,1385.37
ACC_000480,ACC_000775,CASE_000972,2025-09-20 16:39:17.632432359,1385.37
ACC_001496,ACC_001238,CASE_000973,2025-06-23 15:30:00.038646011,2022.97
ACC_001238,ACC_001629,CASE_000973,2025-06-23 16:03:03.847543199,1378.28
ACC_001629,ACC_001293,CASE_000973,2025-06-23 17:17:57.464667133,874.96
ACC_001293,ACC_001238,CASE_000973,2025-06-23 17:24:00.818431895,874.96
ACC_000589,ACC_001629,CASE_000974,2025-05-06 15:31:36.872198302,210.28
ACC_000589,ACC_001629,CASE_000974,2025-05-06 15:34:30.622741236,863.37
ACC_000589,ACC_001629,CASE_000974,2025-05-06 15:38:04.367540614,347.5
ACC_000589,ACC_001629,CASE_000974,2025-05-06 15:39:25.136390289,84.36
ACC_001629,ACC_001293,CASE_000974,2025-05-06 15:52:30.724199807,1505.51
ACC_001094,ACC_001335,CASE_000975,2024-03-09 19:18:00.330507232,72392.55
ACC_001335,ACC_000533,CASE_000975,2024-03-09 19:32:45.535745588,66133.96
ACC_000533,ACC_000267,CASE_000975,2024-03-09 19:43:49.923910940,66133.96
ACC_000223,ACC_001350,CASE_000976,2026-03-24 21:22:38.616373766,6466.61
ACC_001350,ACC_000052,CASE_000976,2026-03-24 21:29:41.654871990,6466.61
ACC_000538,ACC_001050,CASE_000977,2025-07-23 20:57:35.880644388,8377.12
ACC_001050,ACC_001267,CASE_000977,2025-07-23 21:42:09.021315857,8377.12
ACC_001018,ACC_000659,CASE_000978,2025-06-04 19:55:53.977534779,5737.84
ACC_000659,ACC_000404,CASE_000978,2025-06-04 21:13:23.050806216,5737.84
ACC_001589,ACC_001350,CASE_000979,2025-05-06 12:17:52.093234110,2054.13
ACC_001350,ACC_000052,CASE_000979,2025-05-06 12:24:09.432767432,2054.13
ACC_000760,ACC_001625,CASE_000980,2024-12-23 01:48:50.422382146,5538.24
ACC_001625,ACC_000093,CASE_000980,2024-12-23 02:24:33.973010065,5538.24
ACC_000598,ACC_000287,CASE_000981,2024-08-20 00:06:23.623932908,3179.1
ACC_000287,ACC_001335,CASE_000981,2024-08-20 00:43:25.005935169,2436.01
ACC_001335,ACC_000287,CASE_000981,2024-08-20 00:57:20.347103511,2436.01
ACC_001176,ACC_000139,CASE_000982,2025-11-19 03:10:19.040448857,889.0
ACC_001176,ACC_000139,CASE_000982,2025-11-19 03:29:27.016748019,50.0
ACC_000139,ACC_001308,CASE_000982,2025-11-19 05:15:04.169728128,548.37
ACC_001308,ACC_000767,CASE_000982,2025-11-19 05:29:57.795566557,548.37
ACC_000365,ACC_000467,CASE_000983,2025-04-09 06:53:17.133536948,3946.16
ACC_000467,ACC_000093,CASE_000983,2025-04-09 07:30:51.595862930,3946.16
ACC_000271,ACC_000267,CASE_000984,2024-01-31 23:07:04.902048921,2800.63
ACC_000267,ACC_000533,CASE_000984,2024-01-31 23:54:28.137447232,1691.86
ACC_000533,ACC_001335,CASE_000984,2024-01-31 23:55:44.509495861,1691.86
ACC_000129,ACC_001625,CASE_000985,2024-12-29 13:58:15.159960514,363.18
ACC_000129,ACC_001625,CASE_000985,2024-12-29 14:12:35.525579898,7019.09
ACC_000129,ACC_001625,CASE_000985,2024-12-29 14:24:36.175933888,7775.23
ACC_001625,ACC_000093,CASE_000985,2024-12-29 14:41:34.421958522,15157.5
ACC_001640,ACC_000404,CASE_000986,2026-04-25 23:23:40.370159999,22596.79
ACC_001640,ACC_000404,CASE_000986,2026-04-25 23:34:17.442620903,10900.0
ACC_000404,ACC_000659,CASE_000986,2026-04-25 23:53:07.311973942,33496.79
ACC_001543,ACC_001629,CASE_000987,2024-12-06 15:22:48.037881260,5219.01
ACC_001629,ACC_001293,CASE_000987,2024-12-06 15:36:46.997416732,4939.36
ACC_001293,ACC_001349,CASE_000987,2024-12-06 15:41:32.425952131,2726.32
ACC_001349,ACC_001293,CASE_000987,2024-12-06 15:51:41.170236095,2726.32
ACC_000993,ACC_001625,CASE_000988,2025-01-11 12:08:43.739406215,5914.91
ACC_001625,ACC_000093,CASE_000988,2025-01-11 12:13:20.771274390,3867.99
ACC_000093,ACC_000467,CASE_000988,2025-01-11 12:23:07.443123806,3664.29
ACC_000467,ACC_000093,CASE_000988,2025-01-11 12:37:48.268604360,3664.29
ACC_000257,ACC_001625,CASE_000989,2025-07-22 10:42:37.943975287,52771.26
ACC_000257,ACC_001625,CASE_000989,2025-07-22 10:52:46.556698219,9953.09
ACC_001625,ACC_000093,CASE_000989,2025-07-22 11:02:00.915255025,37799.3
ACC_000093,ACC_001625,CASE_000989,2025-07-22 11:07:57.803200419,25203.46
ACC_001625,ACC_001288,CASE_000989,2025-07-22 12:40:02.555130905,25203.46
ACC_000426,ACC_001288,CASE_000990,2025-12-31 08:32:13.989895210,2154.72
ACC_001288,ACC_001625,CASE_000990,2025-12-31 08:38:40.019518808,1532.41
ACC_001625,ACC_000467,CASE_000990,2025-12-31 08:56:22.926798886,1532.41
ACC_001706,ACC_000404,CASE_000991,2025-08-31 23:43:48.247006112,10613.96
ACC_000404,ACC_000659,CASE_000991,2025-09-01 00:39:23.982787648,10613.96
ACC_000150,ACC_000467,CASE_000992,2026-02-13 10:06:34.080753147,9870.2
ACC_000467,ACC_001625,CASE_000992,2026-02-13 10:44:31.426831460,9870.2
ACC_001442,ACC_001267,CASE_000993,2024-04-13 20:04:47.908511691,24026.96
ACC_001267,ACC_001050,CASE_000993,2024-04-13 20:15:40.879095703,24026.96
ACC_000806,ACC_001647,CASE_000994,2026-04-22 08:00:32.625958658,44249.5
ACC_001647,ACC_001507,CASE_000994,2026-04-22 08:24:32.537354971,44249.5
ACC_000101,ACC_000775,CASE_000995,2026-04-03 12:16:20.600317844,4498.36
ACC_000775,ACC_000023,CASE_000995,2026-04-03 12:18:45.152848399,4498.36
ACC_001112,ACC_000052,CASE_000996,2025-04-18 00:04:12.607861585,7682.13
ACC_000052,ACC_001350,CASE_000996,2025-04-18 00:25:11.857643996,7682.13
ACC_000603,ACC_001350,CASE_000997,2025-07-23 03:59:14.100678791,9669.82
ACC_001350,ACC_000052,CASE_000997,2025-07-23 04:31:34.368110470,9669.82
ACC_001153,ACC_000023,CASE_000998,2024-07-12 21:37:03.813027968,17381.03
ACC_001153,ACC_000023,CASE_000998,2024-07-12 21:38:13.512345417,6401.67
ACC_000023,ACC_000775,CASE_000998,2024-07-12 21:50:59.707817392,14910.39
ACC_000775,ACC_000023,CASE_000998,2024-07-12 22:05:07.968537505,14910.39
ACC_000738,ACC_000767,CASE_000999,2025-02-12 02:46:12.600228170,2181.82
ACC_000767,ACC_000139,CASE_000999,2025-02-12 02:56:57.207332845,1258.19
ACC_000139,ACC_000767,CASE_000999,2025-02-12 03:02:16.222500342,1258.19
ACC_000167,ACC_001727,CASE_001000,2024-07-03 16:12:35.987241196,32535.19
ACC_000167,ACC_001727,CASE_001000,2024-07-03 16:14:07.370421057,575.26
ACC_001727,ACC_001006,CASE_001000,2024-07-03 16:28:15.926944346,33110.44
ACC_000442,ACC_001308,CASE_001001,2024-01-21 01:13:51.337492749,8968.58
ACC_000442,ACC_001308,CASE_001001,2024-01-21 01:15:47.949447387,186.5
ACC_000442,ACC_001308,CASE_001001,2024-01-21 01:17:28.247530065,544.47
ACC_000442,ACC_001308,CASE_001001,2024-01-21 01:18:50.632690397,20816.21
ACC_001308,ACC_000767,CASE_001001,2024-01-21 01:39:58.808084629,30515.76
ACC_000769,ACC_000775,CASE_001002,2026-06-12 14:45:27.512894610,1729.07
ACC_000769,ACC_000775,CASE_001002,2026-06-12 14:50:17.780596385,1605.89
ACC_000775,ACC_000023,CASE_001002,2026-06-12 15:15:35.678074200,3334.96
ACC_000497,ACC_000480,CASE_001003,2024-08-24 02:35:55.148573360,8525.03
ACC_000497,ACC_000480,CASE_001003,2024-08-24 02:36:55.167422806,165.22
ACC_000497,ACC_000480,CASE_001003,2024-08-24 02:40:34.342899674,4415.32
ACC_000480,ACC_000023,CASE_001003,2024-08-24 02:42:46.821219217,13105.57
ACC_000869,ACC_001300,CASE_001004,2025-06-24 08:12:33.095410393,489.24
ACC_000869,ACC_001300,CASE_001004,2025-06-24 08:14:56.187949896,7611.22
ACC_000869,ACC_001300,CASE_001004,2025-06-24 08:27:40.741877020,4874.47
ACC_001300,ACC_000011,CASE_001004,2025-06-24 09:46:40.584100329,12974.92
ACC_001201,ACC_000267,CASE_001005,2024-09-30 13:15:47.039023918,1486.83
ACC_001201,ACC_000267,CASE_001005,2024-09-30 13:23:44.810822009,626.23
ACC_001201,ACC_000267,CASE_001005,2024-09-30 13:27:54.711950005,70.48
ACC_000267,ACC_000533,CASE_001005,2024-09-30 13:45:49.109907589,2183.54
ACC_001298,ACC_000767,CASE_001006,2024-12-03 16:00:02.558002478,3119.4
ACC_000767,ACC_000139,CASE_001006,2024-12-03 16:11:19.536205416,3119.4
ACC_000689,ACC_000267,CASE_001007,2024-12-28 09:00:58.195990068,1659.92
ACC_000689,ACC_000267,CASE_001007,2024-12-28 09:02:04.684813657,1121.88
ACC_000267,ACC_000366,CASE_001007,2024-12-28 09:12:09.171777720,2781.81
ACC_001180,ACC_000052,CASE_001008,2024-11-01 05:34:11.839279373,2271.01
ACC_001180,ACC_000052,CASE_001008,2024-11-01 05:35:39.190723667,1016.22
ACC_001180,ACC_000052,CASE_001008,2024-11-01 05:43:42.505366280,166.51
ACC_001180,ACC_000052,CASE_001008,2024-11-01 05:47:17.557106813,1157.52
ACC_000052,ACC_001350,CASE_001008,2024-11-01 06:02:19.142986378,4611.26
ACC_001619,ACC_001507,CASE_001009,2025-08-03 17:01:16.534095376,1215.96
ACC_001507,ACC_001647,CASE_001009,2025-08-03 17:40:53.060587734,1215.96
ACC_001511,ACC_001393,CASE_001010,2026-05-25 10:11:54.689938556,21082.41
ACC_001393,ACC_001630,CASE_001010,2026-05-25 10:20:51.115186961,15031.9
ACC_001630,ACC_001393,CASE_001010,2026-05-25 10:30:21.646643973,15031.9
ACC_001287,ACC_001625,CASE_001011,2025-01-25 12:07:08.667040595,23328.44
ACC_001625,ACC_000093,CASE_001011,2025-01-25 12:52:12.741969261,14131.74
ACC_000093,ACC_001625,CASE_001011,2025-01-25 13:35:25.721711422,8557.56
ACC_001625,ACC_001288,CASE_001011,2025-01-25 13:46:20.472420799,8557.56
ACC_001742,ACC_000533,CASE_001012,2026-06-05 17:14:24.023648952,22663.54
ACC_001742,ACC_000533,CASE_001012,2026-06-05 17:23:17.843839025,651.34
ACC_000533,ACC_000267,CASE_001012,2026-06-05 17:40:04.519016601,23314.89
ACC_001789,ACC_000287,CASE_001013,2025-08-31 09:32:08.790473349,8143.35
ACC_000287,ACC_000533,CASE_001013,2025-08-31 09:55:03.744072777,7221.84
ACC_000533,ACC_001335,CASE_001013,2025-08-31 09:58:28.162669895,5716.36
ACC_001335,ACC_000267,CASE_001013,2025-08-31 10:25:28.953067841,5716.36
ACC_001058,ACC_001507,CASE_001014,2025-07-07 02:47:21.728692197,1520.09
ACC_001507,ACC_001647,CASE_001014,2025-07-07 03:33:04.182924025,1520.09
ACC_000488,ACC_000052,CASE_001015,2024-08-04 00:37:41.982672361,22679.11
ACC_000052,ACC_001350,CASE_001015,2024-08-04 00:47:41.300859686,22679.11
ACC_001563,ACC_000659,CASE_001016,2024-02-27 08:13:46.636421434,5902.88
ACC_000659,ACC_000404,CASE_001016,2024-02-27 08:26:28.637786943,5902.88
ACC_000971,ACC_000287,CASE_001017,2026-02-15 03:08:40.422135232,7414.63
ACC_000971,ACC_000287,CASE_001017,2026-02-15 03:14:58.999625358,4778.7
ACC_000971,ACC_000287,CASE_001017,2026-02-15 03:33:28.243974407,3882.34
ACC_000287,ACC_000267,CASE_001017,2026-02-15 03:58:50.714243555,16075.67
ACC_000594,ACC_001768,CASE_001018,2025-06-06 21:54:49.383265708,64457.45
ACC_001768,ACC_000819,CASE_001018,2025-06-06 22:06:45.604915555,48526.27
ACC_000819,ACC_001768,CASE_001018,2025-06-06 22:16:19.802171376,48526.27
ACC_001443,ACC_001288,CASE_001019,2025-01-12 13:17:43.781092312,1367.23
ACC_001443,ACC_001288,CASE_001019,2025-01-12 13:29:02.023684916,885.06
ACC_001443,ACC_001288,CASE_001019,2025-01-12 13:34:15.660654255,321.83
ACC_001443,ACC_001288,CASE_001019,2025-01-12 13:43:45.847347786,470.01
ACC_001288,ACC_001625,CASE_001019,2025-01-12 14:39:21.321393286,1912.02
ACC_001625,ACC_000467,CASE_001019,2025-01-12 17:39:47.624836521,1912.02
ACC_001332,ACC_001238,CASE_001020,2026-01-09 17:44:34.558034806,1036.86
ACC_001238,ACC_001365,CASE_001020,2026-01-09 17:55:37.568154087,930.45
ACC_001365,ACC_001349,CASE_001020,2026-01-09 18:07:39.443581876,672.6
ACC_001349,ACC_001629,CASE_001020,2026-01-09 18:16:51.605833839,672.6
ACC_001229,ACC_000052,CASE_001021,2024-10-09 23:03:05.323001572,4369.77
ACC_000052,ACC_001350,CASE_001021,2024-10-09 23:31:37.318569323,4369.77
ACC_000071,ACC_000190,CASE_001022,2025-12-14 21:40:17.177466851,2267.79
ACC_000071,ACC_000190,CASE_001022,2025-12-14 21:42:44.297928567,4836.73
ACC_000071,ACC_000190,CASE_001022,2025-12-14 21:45:45.863239897,3314.4
ACC_000071,ACC_000190,CASE_001022,2025-12-14 21:48:32.473426933,6329.91
ACC_000190,ACC_000961,CASE_001022,2025-12-14 23:33:11.216944914,16748.83
ACC_000041,ACC_001629,CASE_001023,2024-10-25 19:20:32.591990395,6572.94
ACC_001629,ACC_001365,CASE_001023,2024-10-25 19:27:50.021443725,4181.25
ACC_001365,ACC_001238,CASE_001023,2024-10-25 20:03:38.020095470,4181.25
ACC_000852,ACC_000287,CASE_001024,2026-04-18 22:53:53.456198312,5102.14
ACC_000287,ACC_000533,CASE_001024,2026-04-18 23:32:14.607785742,2954.99
ACC_000533,ACC_001335,CASE_001024,2026-04-18 23:57:54.874848835,2954.99
ACC_001321,ACC_000767,CASE_001025,2024-09-01 03:02:00.180008902,478.46
ACC_001321,ACC_000767,CASE_001025,2024-09-01 03:03:39.155547107,816.83
ACC_001321,ACC_000767,CASE_001025,2024-09-01 03:04:54.404210206,292.98
ACC_000767,ACC_001308,CASE_001025,2024-09-01 03:31:18.741115094,1588.27
ACC_000158,ACC_001625,CASE_001026,2024-05-05 08:46:09.378193261,16853.43
ACC_001625,ACC_001288,CASE_001026,2024-05-05 10:11:39.078695996,14101.68
ACC_001288,ACC_000093,CASE_001026,2024-05-05 10:28:45.900216565,14101.68
ACC_001441,ACC_000404,CASE_001027,2025-09-27 23:40:55.459061845,4482.54
ACC_000404,ACC_000659,CASE_001027,2025-09-27 23:51:26.403290790,4482.54
ACC_000106,ACC_000480,CASE_001028,2024-05-28 12:01:24.493233272,11313.99
ACC_000480,ACC_000023,CASE_001028,2024-05-28 12:14:09.556656893,11313.99
ACC_000846,ACC_000533,CASE_001029,2026-05-14 21:54:05.911030659,11270.83
ACC_000533,ACC_000267,CASE_001029,2026-05-14 22:18:54.738478546,11270.83
ACC_000719,ACC_000190,CASE_001030,2025-08-20 05:28:24.189254539,2886.37
ACC_000719,ACC_000190,CASE_001030,2025-08-20 05:42:03.491827986,1167.69
ACC_000190,ACC_000961,CASE_001030,2025-08-20 05:43:41.457559505,4054.06
ACC_001071,ACC_001768,CASE_001031,2024-07-29 08:25:29.931394672,3798.58
ACC_001768,ACC_001296,CASE_001031,2024-07-29 08:34:23.798141191,3071.61
ACC_001296,ACC_001768,CASE_001031,2024-07-29 08:36:09.664996806,3071.61
ACC_000246,ACC_000819,CASE_001032,2024-07-09 06:05:09.021464870,12329.08
ACC_000819,ACC_001296,CASE_001032,2024-07-09 06:50:57.677005165,11137.98
ACC_001296,ACC_000819,CASE_001032,2024-07-09 07:07:07.579520080,11137.98
ACC_000347,ACC_001050,CASE_001033,2026-04-21 15:46:52.990442515,968.22
ACC_000347,ACC_001050,CASE_001033,2026-04-21 15:53:01.910037585,4892.16
ACC_001050,ACC_001267,CASE_001033,2026-04-21 16:08:26.166944714,5860.37
ACC_001560,ACC_001507,CASE_001034,2025-07-07 18:49:28.698413007,10838.05
ACC_001507,ACC_001647,CASE_001034,2025-07-07 18:52:58.780841016,10838.05
ACC_000414,ACC_001296,CASE_001035,2026-03-25 05:51:09.998787989,11398.35
ACC_001296,ACC_000819,CASE_001035,2026-03-25 05:55:32.011932199,9639.64
ACC_000819,ACC_001296,CASE_001035,2026-03-25 06:12:49.074615807,9639.64
ACC_000326,ACC_001350,CASE_001036,2024-04-10 10:42:19.071775581,9791.21
ACC_000326,ACC_001350,CASE_001036,2024-04-10 10:44:09.166417141,2451.2
ACC_001350,ACC_000052,CASE_001036,2024-04-10 11:29:20.305189321,12242.42
ACC_000865,ACC_000659,CASE_001037,2026-04-23 01:44:46.432563811,1774.9
ACC_000659,ACC_000404,CASE_001037,2026-04-23 01:51:56.493506171,1774.9
ACC_000243,ACC_001288,CASE_001038,2025-04-18 18:37:50.669035297,2441.01
ACC_000243,ACC_001288,CASE_001038,2025-04-18 18:39:20.324186870,2079.33
ACC_001288,ACC_000093,CASE_001038,2025-04-18 19:07:29.683566193,4520.33
ACC_001386,ACC_000287,CASE_001039,2025-08-31 23:15:11.158629855,4332.46
ACC_000287,ACC_000267,CASE_001039,2025-08-31 23:30:27.393598239,4332.46
ACC_001229,ACC_001296,CASE_001040,2024-12-05 17:16:19.470428301,55451.76
ACC_001296,ACC_001768,CASE_001040,2024-12-05 17:21:18.196430963,55451.76
ACC_000840,ACC_000023,CASE_001041,2024-02-23 21:45:09.787416884,465.47
ACC_000840,ACC_000023,CASE_001041,2024-02-23 21:46:50.318811955,1895.52
ACC_000023,ACC_000480,CASE_001041,2024-02-23 22:07:38.575273173,1372.73
ACC_000480,ACC_000023,CASE_001041,2024-02-23 22:57:17.468329565,1372.73
ACC_000468,ACC_000404,CASE_001042,2026-05-22 17:31:52.552185222,2009.95
ACC_000468,ACC_000404,CASE_001042,2026-05-22 17:44:30.805838232,143.42
ACC_000468,ACC_000404,CASE_001042,2026-05-22 17:45:53.912390607,2745.15
ACC_000468,ACC_000404,CASE_001042,2026-05-22 17:49:24.638096376,400.42
ACC_000404,ACC_000659,CASE_001042,2026-05-22 18:36:33.529749918,5298.95
ACC_000257,ACC_001625,CASE_001043,2026-06-25 02:13:43.011567171,7579.35
ACC_001625,ACC_000093,CASE_001043,2026-06-25 02:30:10.663111812,7105.21
ACC_000093,ACC_001288,CASE_001043,2026-06-25 02:50:35.229274935,7105.21
ACC_001014,ACC_001238,CASE_001044,2024-11-28 03:04:20.931374923,5399.57
ACC_001238,ACC_001365,CASE_001044,2024-11-28 03:16:06.845071447,3738.89
ACC_001365,ACC_001349,CASE_001044,2024-11-28 05:20:08.639712377,3738.89
ACC_000989,ACC_000287,CASE_001045,2026-05-09 21:09:16.247125798,18705.73
ACC_000287,ACC_000267,CASE_001045,2026-05-09 21:51:23.970752632,11455.68
ACC_000267,ACC_001335,CASE_001045,2026-05-09 22:49:17.235936084,8402.57
ACC_001335,ACC_000287,CASE_001045,2026-05-09 22:57:31.208582861,8402.57
ACC_000930,ACC_001768,CASE_001046,2024-06-01 20:07:05.219120958,3348.89
ACC_001768,ACC_001296,CASE_001046,2024-06-01 20:18:56.716959116,2269.68
ACC_001296,ACC_001768,CASE_001046,2024-06-01 20:20:26.311429584,2269.68
ACC_000645,ACC_000190,CASE_001047,2024-05-20 22:47:00.640733343,809.98
ACC_000645,ACC_000190,CASE_001047,2024-05-20 22:48:44.835552703,3439.09
ACC_000645,ACC_000190,CASE_001047,2024-05-20 22:56:03.180235543,550.88
ACC_000190,ACC_000961,CASE_001047,2024-05-20 22:57:44.927523812,4799.95
ACC_000869,ACC_000052,CASE_001048,2024-03-07 15:25:16.473156229,16627.59
ACC_000052,ACC_001350,CASE_001048,2024-03-07 15:44:13.070309170,16627.59
ACC_000721,ACC_000524,CASE_001049,2024-12-22 11:14:35.448549521,227094.92
ACC_000524,ACC_000068,CASE_001049,2024-12-22 11:21:32.730206070,132626.04
ACC_000068,ACC_000524,CASE_001049,2024-12-22 11:39:02.870823065,132626.04
ACC_001278,ACC_001050,CASE_001050,2024-02-17 15:52:11.410150332,3763.83
ACC_001278,ACC_001050,CASE_001050,2024-02-17 15:54:57.086744233,40447.12
ACC_001050,ACC_001267,CASE_001050,2024-02-17 15:58:04.389153332,44210.95
ACC_001698,ACC_000309,CASE_001051,2024-12-25 15:00:09.149388591,11133.0
ACC_000309,ACC_001788,CASE_001051,2024-12-25 15:01:33.761041973,9376.77
ACC_001788,ACC_000309,CASE_001051,2024-12-25 15:25:47.419782477,6825.68
ACC_000309,ACC_001788,CASE_001051,2024-12-25 16:35:10.193997411,6825.68
ACC_001317,ACC_000533,CASE_001052,2024-05-06 02:31:59.857237744,2536.68
ACC_001317,ACC_000533,CASE_001052,2024-05-06 02:33:08.591235743,2790.06
ACC_001317,ACC_000533,CASE_001052,2024-05-06 02:39:05.625468443,1638.59
ACC_000533,ACC_000366,CASE_001052,2024-05-06 02:42:42.084038303,6965.34
ACC_000389,ACC_000052,CASE_001053,2025-10-27 12:48:09.993089718,2761.44
ACC_000389,ACC_000052,CASE_001053,2025-10-27 12:51:33.311629255,6683.43
ACC_000389,ACC_000052,CASE_001053,2025-10-27 13:06:03.162065351,1365.72
ACC_000052,ACC_001350,CASE_001053,2025-10-27 13:15:10.636313706,10810.6
ACC_000936,ACC_000378,CASE_001054,2026-01-29 05:23:38.806467537,9608.05
ACC_000936,ACC_000378,CASE_001054,2026-01-29 05:32:48.322044491,12117.06
ACC_000936,ACC_000378,CASE_001054,2026-01-29 05:39:13.132383356,9807.3
ACC_000378,ACC_001085,CASE_001054,2026-01-29 05:42:27.058872838,18293.98
ACC_001085,ACC_000709,CASE_001054,2026-01-29 05:52:15.836751955,12946.89
ACC_000709,ACC_000378,CASE_001054,2026-01-29 06:21:20.379724409,12946.89
ACC_000953,ACC_001300,CASE_001055,2025-09-18 15:41:37.414905146,3297.77
ACC_001300,ACC_000011,CASE_001055,2025-09-18 15:51:15.856407111,3297.77
ACC_001506,ACC_001288,CASE_001056,2024-07-01 15:44:55.195625131,2071.07
ACC_001506,ACC_001288,CASE_001056,2024-07-01 15:51:54.571664926,1378.94
ACC_001506,ACC_001288,CASE_001056,2024-07-01 15:53:51.360771711,9501.46
ACC_001506,ACC_001288,CASE_001056,2024-07-01 15:56:51.342403821,11843.43
ACC_001288,ACC_001625,CASE_001056,2024-07-01 16:25:57.583697087,13738.67
ACC_001625,ACC_000093,CASE_001056,2024-07-01 17:12:51.966857127,13738.67
ACC_000268,ACC_001727,CASE_001057,2025-11-29 15:33:04.456948725,7560.07
ACC_001727,ACC_001006,CASE_001057,2025-11-29 15:38:01.724476352,7560.07
ACC_000606,ACC_001647,CASE_001058,2024-08-15 08:19:37.283642405,5193.48
ACC_001647,ACC_001507,CASE_001058,2024-08-15 09:02:38.606214309,5193.48
ACC_000159,ACC_000287,CASE_001059,2025-11-22 22:00:19.246667357,4641.53
ACC_000287,ACC_000267,CASE_001059,2025-11-22 22:38:32.296191791,3102.83
ACC_000267,ACC_000287,CASE_001059,2025-11-22 22:46:34.893611498,3102.83
ACC_000072,ACC_000659,CASE_001060,2025-05-31 22:26:15.232854784,32889.89
ACC_000659,ACC_000404,CASE_001060,2025-05-31 23:15:07.716966673,32889.89
ACC_000512,ACC_001350,CASE_001061,2024-11-30 01:59:11.964593097,720.22
ACC_001350,ACC_000052,CASE_001061,2024-11-30 02:17:27.523089290,720.22
ACC_000199,ACC_000093,CASE_001062,2024-03-17 01:45:30.245680001,1071.11
ACC_000199,ACC_000093,CASE_001062,2024-03-17 01:49:24.978732263,3879.1
ACC_000093,ACC_000467,CASE_001062,2024-03-17 02:17:37.042189059,3451.59
ACC_000467,ACC_001288,CASE_001062,2024-03-17 02:27:10.303271470,3451.59
ACC_000064,ACC_000659,CASE_001063,2026-01-23 21:28:46.410619293,4895.11
ACC_000659,ACC_000404,CASE_001063,2026-01-23 21:37:40.958607097,4895.11
ACC_001090,ACC_000775,CASE_001064,2026-05-06 01:37:20.355659679,12177.27
ACC_000775,ACC_000023,CASE_001064,2026-05-06 02:13:58.130191205,12177.27
ACC_001713,ACC_001335,CASE_001065,2025-08-29 15:54:07.735805823,53610.84
ACC_001335,ACC_000366,CASE_001065,2025-08-29 16:41:31.519591679,41798.27
ACC_000366,ACC_001335,CASE_001065,2025-08-29 16:55:06.564113955,41798.27
ACC_001113,ACC_000659,CASE_001066,2026-05-28 17:34:46.090572253,10355.91
ACC_000659,ACC_000404,CASE_001066,2026-05-28 17:39:20.041710107,10355.91
ACC_000442,ACC_000091,CASE_001067,2026-05-01 00:16:35.500514264,37832.1
ACC_000091,ACC_000524,CASE_001067,2026-05-01 00:20:52.047301804,37832.1
ACC_001139,ACC_001288,CASE_001068,2024-06-26 07:13:33.397668251,11942.01
ACC_001288,ACC_000093,CASE_001068,2024-06-26 08:01:07.330148863,11942.01
ACC_000072,ACC_000093,CASE_001069,2025-10-28 03:19:57.243125473,6878.46
ACC_000072,ACC_000093,CASE_001069,2025-10-28 03:22:07.110548724,21967.78
ACC_000072,ACC_000093,CASE_001069,2025-10-28 03:24:12.799082671,70730.18
ACC_000093,ACC_001625,CASE_001069,2025-10-28 03:55:35.198410777,99576.42
ACC_001572,ACC_000023,CASE_001070,2024-11-14 05:41:23.652588827,17369.3
ACC_001572,ACC_000023,CASE_001070,2024-11-14 05:48:41.997913817,38296.48
ACC_001572,ACC_000023,CASE_001070,2024-11-14 05:50:23.871819025,31019.63
ACC_000023,ACC_000480,CASE_001070,2024-11-14 06:01:13.236584864,57771.44
ACC_000480,ACC_000023,CASE_001070,2024-11-14 06:25:08.122441932,57771.44
ACC_000043,ACC_000023,CASE_001071,2025-03-20 03:14:24.427938952,3268.21
ACC_000043,ACC_000023,CASE_001071,2025-03-20 03:20:20.951631060,453.33
ACC_000043,ACC_000023,CASE_001071,2025-03-20 03:21:35.307449311,2050.34
ACC_000023,ACC_000480,CASE_001071,2025-03-20 04:12:21.779263217,4063.93
ACC_000480,ACC_000775,CASE_001071,2025-03-20 04:26:33.185997528,4063.93
ACC_000029,ACC_000378,CASE_001072,2024-05-23 00:42:55.602106520,2812.79
ACC_000378,ACC_001085,CASE_001072,2024-05-23 01:00:19.199455849,2812.79
ACC_000344,ACC_000052,CASE_001073,2026-06-07 01:26:10.815159635,20405.91
ACC_000052,ACC_001350,CASE_001073,2026-06-07 01:27:41.768019533,20405.91
ACC_000509,ACC_000467,CASE_001074,2025-10-23 12:34:41.161879550,18801.79
ACC_000467,ACC_000093,CASE_001074,2025-10-23 12:57:21.544679120,18801.79
ACC_001281,ACC_000467,CASE_001075,2024-08-31 04:20:47.047090139,7380.47
ACC_000467,ACC_001625,CASE_001075,2024-08-31 04:51:51.456170256,7380.47
ACC_001059,ACC_001296,CASE_001076,2024-12-04 10:15:22.362719578,9809.43
ACC_001059,ACC_001296,CASE_001076,2024-12-04 10:19:19.543230555,10820.79
ACC_001059,ACC_001296,CASE_001076,2024-12-04 10:20:38.769276704,1968.97
ACC_001296,ACC_000819,CASE_001076,2024-12-04 10:49:33.774907604,22599.19
ACC_000253,ACC_000480,CASE_001077,2025-01-19 21:52:43.291467420,4125.05
ACC_000480,ACC_000775,CASE_001077,2025-01-19 21:56:26.982163412,4125.05
ACC_000049,ACC_000659,CASE_001078,2025-11-12 00:35:53.732883872,12587.14
ACC_000049,ACC_000659,CASE_001078,2025-11-12 00:39:11.478816936,37016.73
ACC_000049,ACC_000659,CASE_001078,2025-11-12 00:48:44.573057710,11518.94
ACC_000049,ACC_000659,CASE_001078,2025-11-12 00:50:06.702687650,46914.68
ACC_000659,ACC_000404,CASE_001078,2025-11-12 00:56:36.096169153,108037.49
ACC_001025,ACC_000366,CASE_001079,2026-04-23 08:16:56.528413152,1942.48
ACC_000366,ACC_000533,CASE_001079,2026-04-23 08:34:31.595785398,1818.45
ACC_000533,ACC_001335,CASE_001079,2026-04-23 08:36:25.745093555,1818.45
ACC_000350,ACC_001625,CASE_001080,2024-10-19 20:03:24.352169382,12747.95
ACC_001625,ACC_001288,CASE_001080,2024-10-19 20:24:53.413655336,12747.95
ACC_000462,ACC_000287,CASE_001081,2025-03-06 11:34:49.760562017,15642.71
ACC_000287,ACC_000366,CASE_001081,2025-03-06 11:41:44.846268817,11583.35
ACC_000366,ACC_000287,CASE_001081,2025-03-06 12:12:38.619151363,9901.26
ACC_000287,ACC_000366,CASE_001081,2025-03-06 13:24:36.652990476,9901.26
ACC_001678,ACC_000093,CASE_001082,2025-06-24 10:14:53.422406231,1599.09
ACC_000093,ACC_000467,CASE_001082,2025-06-24 10:38:47.821202333,1599.09
ACC_000143,ACC_001308,CASE_001083,2024-12-24 09:03:56.567521018,2403.5
ACC_001308,ACC_000139,CASE_001083,2024-12-24 09:07:37.108453085,1830.92
ACC_000139,ACC_000767,CASE_001083,2024-12-24 10:36:01.528544453,1830.92
ACC_000094,ACC_000775,CASE_001084,2025-04-04 07:59:39.174272610,3531.24
ACC_000094,ACC_000775,CASE_001084,2025-04-04 08:07:33.104175674,339.34
ACC_000775,ACC_000023,CASE_001084,2025-04-04 10:07:49.701097636,3608.52
ACC_000023,ACC_000775,CASE_001084,2025-04-04 10:22:46.075700937,3608.52
ACC_001125,ACC_000467,CASE_001085,2024-04-06 07:52:20.100099730,4469.92
ACC_001125,ACC_000467,CASE_001085,2024-04-06 07:56:21.267557574,4100.12
ACC_001125,ACC_000467,CASE_001085,2024-04-06 08:00:01.875428936,2927.0
ACC_001125,ACC_000467,CASE_001085,2024-04-06 08:07:09.339725718,10440.08
ACC_000467,ACC_001288,CASE_001085,2024-04-06 08:10:24.687844152,14818.39
ACC_001288,ACC_000093,CASE_001085,2024-04-06 09:10:35.090594779,13716.92
ACC_000093,ACC_001288,CASE_001085,2024-04-06 09:50:22.664138484,13716.92
ACC_001110,ACC_000287,CASE_001086,2024-06-01 18:17:06.165698788,1976.34
ACC_001110,ACC_000287,CASE_001086,2024-06-01 18:21:52.857208169,6136.16
ACC_000287,ACC_000533,CASE_001086,2024-06-01 18:57:22.935624706,5103.29
ACC_000533,ACC_000267,CASE_001086,2024-06-01 19:25:36.865811954,4601.44
ACC_000267,ACC_000287,CASE_001086,2024-06-01 19:33:34.712378527,4601.44
ACC_001474,ACC_000366,CASE_001087,2024-12-31 10:15:52.072289770,1645.0
ACC_001474,ACC_000366,CASE_001087,2024-12-31 10:19:41.804034553,4932.22
ACC_001474,ACC_000366,CASE_001087,2024-12-31 10:22:23.304268135,4417.88
ACC_000366,ACC_000533,CASE_001087,2024-12-31 10:28:48.451837189,10995.09
ACC_000965,ACC_000473,CASE_001088,2026-04-13 12:18:13.449888665,429.28
ACC_000965,ACC_000473,CASE_001088,2026-04-13 12:23:24.052336869,1449.58
ACC_000473,ACC_000335,CASE_001088,2026-04-13 12:37:18.967547372,1238.75
ACC_000335,ACC_000489,CASE_001088,2026-04-13 12:58:52.531450865,814.58
ACC_000489,ACC_000335,CASE_001088,2026-04-13 13:31:02.790905619,814.58
ACC_001436,ACC_000023,CASE_001089,2024-11-14 06:35:14.313541315,67172.22
ACC_001436,ACC_000023,CASE_001089,2024-11-14 06:40:57.660042858,18267.4
ACC_000023,ACC_000775,CASE_001089,2024-11-14 06:51:24.014396631,73996.57
ACC_000775,ACC_000480,CASE_001089,2024-11-14 07:30:41.089579787,73996.57
ACC_000062,ACC_000052,CASE_001090,2024-08-15 13:49:23.102744406,1585.39
ACC_000062,ACC_000052,CASE_001090,2024-08-15 14:00:15.858439024,5293.89
ACC_000052,ACC_001350,CASE_001090,2024-08-15 15:02:42.809043996,6879.28
ACC_001236,ACC_000659,CASE_001091,2025-11-07 18:21:50.920553158,23770.73
ACC_001236,ACC_000659,CASE_001091,2025-11-07 18:31:49.641684714,22779.59
ACC_001236,ACC_000659,CASE_001091,2025-11-07 18:36:34.541945009,945.17
ACC_000659,ACC_000404,CASE_001091,2025-11-07 19:00:39.711838021,47495.49
ACC_000321,ACC_000023,CASE_001092,2026-05-14 16:05:16.294487806,11410.63
ACC_000023,ACC_000775,CASE_001092,2026-05-14 16:16:24.425970726,11410.63
ACC_000833,ACC_001293,CASE_001093,2025-02-22 06:59:14.171451283,3120.63
ACC_001293,ACC_001238,CASE_001093,2025-02-22 07:34:47.289694228,3120.63
ACC_001682,ACC_000775,CASE_001094,2024-01-08 20:38:38.947936361,2654.11
ACC_001682,ACC_000775,CASE_001094,2024-01-08 20:44:06.738591644,681.84
ACC_001682,ACC_000775,CASE_001094,2024-01-08 20:45:55.580985309,12979.22
ACC_001682,ACC_000775,CASE_001094,2024-01-08 20:52:03.211996703,59526.92
ACC_000775,ACC_000023,CASE_001094,2024-01-08 21:16:28.009240496,66491.87
ACC_000023,ACC_000480,CASE_001094,2024-01-08 21:32:40.420531476,66491.87
ACC_001644,ACC_000023,CASE_001095,2025-09-18 21:47:20.887110736,1962.73
ACC_000023,ACC_000480,CASE_001095,2025-09-18 21:55:40.857434094,1259.54
ACC_000480,ACC_000775,CASE_001095,2025-09-18 22:13:59.427839943,1259.54
ACC_000538,ACC_000775,CASE_001096,2025-01-13 03:33:28.626545357,11699.57
ACC_000775,ACC_000480,CASE_001096,2025-01-13 03:38:35.268677790,11699.57
ACC_001127,ACC_001288,CASE_001097,2025-09-05 17:15:56.403686070,5552.78
ACC_001288,ACC_000093,CASE_001097,2025-09-05 17:46:46.790402327,3323.25
ACC_000093,ACC_000467,CASE_001097,2025-09-05 18:15:54.822533453,2803.17
ACC_000467,ACC_000093,CASE_001097,2025-09-05 18:19:07.401144930,2803.17
ACC_000929,ACC_000023,CASE_001098,2024-09-10 00:44:11.721526470,4792.78
ACC_000023,ACC_000775,CASE_001098,2024-09-10 00:46:36.753808913,4792.78
ACC_001018,ACC_001690,CASE_001099,2024-01-03 04:50:06.712452325,1421.18
ACC_001018,ACC_001690,CASE_001099,2024-01-03 05:09:41.919399061,2450.28
ACC_001018,ACC_001690,CASE_001099,2024-01-03 05:24:53.656506909,50.0
ACC_001690,ACC_000932,CASE_001099,2024-01-03 05:27:39.886627963,3414.99
ACC_000932,ACC_001690,CASE_001099,2024-01-03 05:40:21.362701391,3414.99
ACC_000868,ACC_000139,CASE_001100,2024-11-09 20:49:23.229662272,689.81
ACC_000868,ACC_000139,CASE_001100,2024-11-09 20:54:15.660975083,247.11
ACC_000868,ACC_000139,CASE_001100,2024-11-09 20:58:48.910840320,1664.89
ACC_000868,ACC_000139,CASE_001100,2024-11-09 21:04:37.557112169,551.03
ACC_000139,ACC_000767,CASE_001100,2024-11-09 21:21:55.166391761,3152.85
ACC_001058,ACC_000694,CASE_001101,2025-10-04 02:25:46.546843269,7213.54
ACC_000694,ACC_000652,CASE_001101,2025-10-04 02:47:12.191311691,6418.34
ACC_000652,ACC_001117,CASE_001101,2025-10-04 02:53:55.006419363,6418.34
ACC_000617,ACC_000366,CASE_001102,2024-12-24 03:30:08.009223616,467.84
ACC_000366,ACC_000287,CASE_001102,2024-12-24 03:31:45.712399169,444.01
ACC_000287,ACC_000267,CASE_001102,2024-12-24 03:47:31.528764555,375.74
ACC_000267,ACC_000533,CASE_001102,2024-12-24 03:54:11.414516394,375.74
ACC_001783,ACC_001647,CASE_001103,2024-07-18 16:10:12.269468525,15863.93
ACC_001647,ACC_001507,CASE_001103,2024-07-18 16:17:23.835768031,15863.93
ACC_000954,ACC_000052,CASE_001104,2025-02-26 17:33:21.615921943,7411.45
ACC_000052,ACC_001350,CASE_001104,2025-02-26 17:36:23.243277709,7411.45
ACC_001662,ACC_000480,CASE_001105,2025-11-16 10:39:30.386759686,1663.51
ACC_000480,ACC_000023,CASE_001105,2025-11-16 11:04:38.238074728,1571.8
ACC_000023,ACC_000775,CASE_001105,2025-11-16 11:41:43.087690158,1571.8
ACC_001549,ACC_000404,CASE_001106,2024-04-18 20:09:58.170918737,35364.65
ACC_000404,ACC_000659,CASE_001106,2024-04-18 20:20:55.599816776,35364.65
ACC_000235,ACC_001300,CASE_001107,2025-09-22 05:16:53.151548219,7004.34
ACC_001300,ACC_000011,CASE_001107,2025-09-22 05:31:33.225245229,7004.34
ACC_000695,ACC_000091,CASE_001108,2025-08-30 23:37:34.468408655,19210.34
ACC_000091,ACC_000524,CASE_001108,2025-08-31 00:06:59.721239996,11353.11
ACC_000524,ACC_000068,CASE_001108,2025-08-31 00:18:47.814589106,11353.11
ACC_000171,ACC_000404,CASE_001109,2024-12-03 19:01:45.377305266,4313.38
ACC_000404,ACC_000659,CASE_001109,2024-12-03 19:20:29.754489557,4313.38
ACC_001793,ACC_001350,CASE_001110,2026-06-02 23:59:57.580765708,5176.88
ACC_001350,ACC_000052,CASE_001110,2026-06-03 02:39:29.357669498,5176.88
ACC_000936,ACC_000480,CASE_001111,2026-03-26 02:02:43.040214132,8209.86
ACC_000936,ACC_000480,CASE_001111,2026-03-26 02:03:59.965958763,1991.06
ACC_000936,ACC_000480,CASE_001111,2026-03-26 02:09:05.747599741,10406.4
ACC_000480,ACC_000775,CASE_001111,2026-03-26 02:26:42.652200437,14890.15
ACC_000775,ACC_000023,CASE_001111,2026-03-26 02:31:42.906509315,14890.15
ACC_000596,ACC_000467,CASE_001112,2024-10-15 01:07:21.793321375,2999.92
ACC_000596,ACC_000467,CASE_001112,2024-10-15 01:08:30.456703143,21492.8
ACC_000596,ACC_000467,CASE_001112,2024-10-15 01:12:53.409240314,302466.27
ACC_000596,ACC_000467,CASE_001112,2024-10-15 01:29:44.111869907,37319.32
ACC_000467,ACC_001625,CASE_001112,2024-10-15 01:31:21.783895451,326009.11
ACC_001625,ACC_000467,CASE_001112,2024-10-15 01:48:23.923264133,204276.9
ACC_000467,ACC_001625,CASE_001112,2024-10-15 01:49:48.656765848,204276.9
ACC_000550,ACC_000775,CASE_001113,2024-01-29 08:28:05.291971304,22503.99
ACC_000550,ACC_000775,CASE_001113,2024-01-29 08:34:52.534521160,50.0
ACC_000775,ACC_000480,CASE_001113,2024-01-29 08:36:20.367887909,22521.05
ACC_001291,ACC_000052,CASE_001114,2024-10-07 21:03:44.666788338,56741.11
ACC_000052,ACC_001350,CASE_001114,2024-10-07 22:17:21.950017091,56741.11
ACC_000427,ACC_000775,CASE_001115,2024-07-05 12:48:48.314811655,58143.99
ACC_000775,ACC_000023,CASE_001115,2024-07-05 13:03:26.198682979,45347.2
ACC_000023,ACC_000480,CASE_001115,2024-07-05 13:11:09.592763206,45347.2
ACC_000133,ACC_001647,CASE_001116,2025-05-13 13:39:14.793613089,14750.29
ACC_001647,ACC_001507,CASE_001116,2025-05-13 14:24:28.339889892,14750.29
ACC_001584,ACC_000267,CASE_001117,2026-04-17 00:06:21.940899167,10973.47
ACC_001584,ACC_000267,CASE_001117,2026-04-17 00:07:59.304817285,6991.21
ACC_001584,ACC_000267,CASE_001117,2026-04-17 00:09:27.478641873,21635.76
ACC_001584,ACC_000267,CASE_001117,2026-04-17 00:11:22.285702817,1440.27
ACC_000267,ACC_001335,CASE_001117,2026-04-17 00:16:07.235273452,41040.71
ACC_000844,ACC_000775,CASE_001118,2026-03-03 21:35:06.519780283,1210.25
ACC_000844,ACC_000775,CASE_001118,2026-03-03 21:37:50.440929825,8139.36
ACC_000844,ACC_000775,CASE_001118,2026-03-03 21:41:02.684453383,14990.91
ACC_000775,ACC_000023,CASE_001118,2026-03-03 21:52:37.133612402,19808.79
ACC_000023,ACC_000480,CASE_001118,2026-03-03 22:01:46.538058800,19808.79
ACC_001751,ACC_001267,CASE_001119,2024-10-05 15:18:18.246656943,8309.93
ACC_001267,ACC_001050,CASE_001119,2024-10-05 15:29:03.736748304,8309.93
ACC_000719,ACC_000023,CASE_001120,2025-01-25 11:39:46.244153706,19557.24
ACC_000023,ACC_000775,CASE_001120,2025-01-25 11:49:17.369241932,19557.24
ACC_000158,ACC_001350,CASE_001121,2024-02-03 07:22:19.843623065,238.8
ACC_000158,ACC_001350,CASE_001121,2024-02-03 07:25:36.450331754,812.46
ACC_000158,ACC_001350,CASE_001121,2024-02-03 07:29:28.074188065,2276.83
ACC_000158,ACC_001350,CASE_001121,2024-02-03 07:30:47.723213188,621.15
ACC_001350,ACC_000052,CASE_001121,2024-02-03 08:20:45.415416929,3949.25
ACC_000700,ACC_000011,CASE_001122,2025-05-10 18:06:12.368474992,8973.62
ACC_000011,ACC_001300,CASE_001122,2025-05-10 18:54:03.831380147,8973.62
ACC_000551,ACC_000011,CASE_001123,2024-02-27 17:43:38.596258513,223.83
ACC_000551,ACC_000011,CASE_001123,2024-02-27 17:44:51.200320834,275.2
ACC_000551,ACC_000011,CASE_001123,2024-02-27 17:46:10.342983440,183.87
ACC_000551,ACC_000011,CASE_001123,2024-02-27 17:49:21.170624114,50.0
ACC_000011,ACC_001300,CASE_001123,2024-02-27 17:52:48.398561908,722.48
ACC_001441,ACC_000659,CASE_001124,2026-05-05 01:44:30.030224786,390.72
ACC_001441,ACC_000659,CASE_001124,2026-05-05 01:45:34.553355896,1132.79
ACC_000659,ACC_000404,CASE_001124,2026-05-05 01:47:45.992635600,1523.51
ACC_000846,ACC_000023,CASE_001125,2026-02-28 19:12:53.646968828,7820.99
ACC_000846,ACC_000023,CASE_001125,2026-02-28 19:21:07.932576826,176.63
ACC_000023,ACC_000775,CASE_001125,2026-02-28 19:35:45.587699515,7427.06
ACC_000775,ACC_000023,CASE_001125,2026-02-28 19:49:24.129754774,7427.06
ACC_000289,ACC_001647,CASE_001126,2024-07-14 03:49:58.329316426,3470.73
ACC_001647,ACC_001507,CASE_001126,2024-07-14 04:02:45.739761218,3470.73
ACC_001642,ACC_001625,CASE_001127,2025-09-29 03:28:59.760459988,5877.18
ACC_001642,ACC_001625,CASE_001127,2025-09-29 03:31:01.801575323,2430.11
ACC_001625,ACC_001288,CASE_001127,2025-09-29 04:01:05.590389684,8307.29
ACC_001653,ACC_001308,CASE_001128,2025-06-01 12:00:28.807756210,30442.83
ACC_001308,ACC_000139,CASE_001128,2025-06-01 12:19:21.911400001,20893.5
ACC_000139,ACC_000767,CASE_001128,2025-06-01 12:28:39.052416670,20893.5
ACC_000526,ACC_000093,CASE_001129,2025-12-31 01:32:00.138771510,7608.53
ACC_000526,ACC_000093,CASE_001129,2025-12-31 01:34:01.191523880,2506.36
ACC_000526,ACC_000093,CASE_001129,2025-12-31 01:36:14.745320837,567.92
ACC_000526,ACC_000093,CASE_001129,2025-12-31 01:40:02.783878806,167.48
ACC_000093,ACC_001288,CASE_001129,2025-12-31 02:05:43.278897574,10850.29
ACC_001171,ACC_000011,CASE_001130,2025-03-09 08:07:42.414093066,3179.28
ACC_001171,ACC_000011,CASE_001130,2025-03-09 08:13:26.966106357,177.96
ACC_000011,ACC_001300,CASE_001130,2025-03-09 08:20:15.835665826,3357.24
ACC_001314,ACC_000480,CASE_001131,2024-06-23 17:33:03.450201312,75297.7
ACC_000480,ACC_000023,CASE_001131,2024-06-23 17:52:06.373230188,48350.31
ACC_000023,ACC_000480,CASE_001131,2024-06-23 17:54:07.949364666,48350.31
ACC_001791,ACC_000775,CASE_001132,2025-08-05 22:36:19.521666288,5110.95
ACC_001791,ACC_000775,CASE_001132,2025-08-05 22:37:27.928290334,993.99
ACC_001791,ACC_000775,CASE_001132,2025-08-05 22:39:49.233238685,5280.88
ACC_000775,ACC_000023,CASE_001132,2025-08-05 23:03:08.244375189,11385.83
ACC_000815,ACC_000659,CASE_001133,2024-03-14 04:47:47.370804825,9994.0
ACC_000659,ACC_000404,CASE_001133,2024-03-14 05:01:19.977087598,9994.0
ACC_000306,ACC_000139,CASE_001134,2025-06-16 13:54:37.389043412,6407.09
ACC_000139,ACC_001308,CASE_001134,2025-06-16 14:46:37.088746239,6407.09
ACC_000106,ACC_000404,CASE_001135,2024-07-12 19:03:04.386626086,5558.38
ACC_000404,ACC_000659,CASE_001135,2024-07-12 19:20:13.254202562,5558.38
ACC_000900,ACC_001768,CASE_001136,2025-09-16 00:03:01.105229717,40593.87
ACC_001768,ACC_000819,CASE_001136,2025-09-16 00:09:48.254287543,40593.87
ACC_000229,ACC_001335,CASE_001137,2026-01-24 08:46:26.987403501,947.17
ACC_000229,ACC_001335,CASE_001137,2026-01-24 08:49:14.017120393,4198.97
ACC_000229,ACC_001335,CASE_001137,2026-01-24 08:52:08.182574852,9180.88
ACC_000229,ACC_001335,CASE_001137,2026-01-24 08:53:38.389396414,11701.72
ACC_001335,ACC_000366,CASE_001137,2026-01-24 09:08:54.252486025,19899.79
ACC_000366,ACC_000287,CASE_001137,2026-01-24 09:13:17.528691417,12311.8
ACC_000287,ACC_000533,CASE_001137,2026-01-24 11:10:30.015760942,12311.8
ACC_000872,ACC_000480,CASE_001138,2024-04-09 20:43:28.852539817,2418.27
ACC_000480,ACC_000023,CASE_001138,2024-04-09 20:45:38.593255747,1765.51
ACC_000023,ACC_000480,CASE_001138,2024-04-09 21:08:44.761656914,1765.51
ACC_000462,ACC_001335,CASE_001139,2024-12-30 16:15:57.548693888,5207.78
ACC_001335,ACC_000533,CASE_001139,2024-12-30 16:27:01.132209675,5207.78
ACC_000913,ACC_000093,CASE_001140,2025-10-30 06:07:15.432646730,2976.03
ACC_000093,ACC_000467,CASE_001140,2025-10-30 06:19:59.722335872,2000.64
ACC_000467,ACC_001625,CASE_001140,2025-10-30 06:28:35.505679869,1894.56
ACC_001625,ACC_001288,CASE_001140,2025-10-30 06:43:34.888323484,1894.56
ACC_001522,ACC_001296,CASE_001141,2024-05-29 03:26:54.596278455,15636.36
ACC_001296,ACC_000819,CASE_001141,2024-05-29 03:31:40.474272363,10079.93
ACC_000819,ACC_001768,CASE_001141,2024-05-29 04:02:34.398041443,10079.93
ACC_001480,ACC_000052,CASE_001142,2025-05-31 04:26:07.450805020,2566.16
ACC_000052,ACC_001350,CASE_001142,2025-05-31 05:06:26.693177638,2566.16
ACC_001756,ACC_001647,CASE_001143,2025-09-04 01:52:42.655610546,3613.6
ACC_001756,ACC_001647,CASE_001143,2025-09-04 01:58:17.001625688,3251.87
ACC_001756,ACC_001647,CASE_001143,2025-09-04 02:03:23.133955971,1267.99
ACC_001647,ACC_001507,CASE_001143,2025-09-04 02:45:17.714857466,8133.46
ACC_001309,ACC_001300,CASE_001144,2024-11-19 05:52:45.588544844,1361.57
ACC_001309,ACC_001300,CASE_001144,2024-11-19 05:54:15.667864579,3044.11
ACC_001309,ACC_001300,CASE_001144,2024-11-19 05:58:39.402722213,7394.86
ACC_001309,ACC_001300,CASE_001144,2024-11-19 06:00:34.155206899,2544.47
ACC_001300,ACC_000011,CASE_001144,2024-11-19 06:44:35.829073986,14345.02
ACC_000717,ACC_000023,CASE_001145,2026-01-27 23:36:32.962976908,3775.76
ACC_000023,ACC_000775,CASE_001145,2026-01-28 00:53:51.162792152,3775.76
ACC_001732,ACC_000267,CASE_001146,2025-04-10 05:18:15.889448402,898.07
ACC_001732,ACC_000267,CASE_001146,2025-04-10 05:19:53.655871268,2050.17
ACC_001732,ACC_000267,CASE_001146,2025-04-10 05:24:42.532577425,4046.09
ACC_000267,ACC_000366,CASE_001146,2025-04-10 06:00:26.875563857,5744.13
ACC_000366,ACC_000267,CASE_001146,2025-04-10 06:02:57.309842180,5744.13
ACC_000717,ACC_000404,CASE_001147,2025-07-25 05:17:15.684304976,5917.19
ACC_000404,ACC_000659,CASE_001147,2025-07-25 05:20:06.398894629,5917.19
ACC_001281,ACC_001350,CASE_001148,2024-05-08 08:14:14.841165446,5651.15
ACC_001281,ACC_001350,CASE_001148,2024-05-08 08:15:19.930680093,17410.53
ACC_001281,ACC_001350,CASE_001148,2024-05-08 08:16:20.439734718,429.86
ACC_001281,ACC_001350,CASE_001148,2024-05-08 08:17:55.036763678,402.01
ACC_001350,ACC_000052,CASE_001148,2024-05-08 08:19:31.895227077,23893.55
ACC_000762,ACC_000775,CASE_001149,2024-01-22 03:51:48.350168680,5720.51
ACC_000775,ACC_000480,CASE_001149,2024-01-22 04:13:51.605075028,5720.51
ACC_000102,ACC_001335,CASE_001150,2024-02-16 06:32:42.452827630,11162.16
ACC_001335,ACC_000533,CASE_001150,2024-02-16 06:52:43.979201245,10454.53
ACC_000533,ACC_000267,CASE_001150,2024-02-16 07:02:37.488116025,10454.53
ACC_001241,ACC_000267,CASE_001151,2026-04-03 12:04:14.115447174,9599.94
ACC_000267,ACC_000287,CASE_001151,2026-04-03 12:38:41.233381411,6399.76
ACC_000287,ACC_000267,CASE_001151,2026-04-03 13:08:42.782062988,6399.76
ACC_000242,ACC_000023,CASE_001152,2026-03-15 03:03:04.489192376,2443.57
ACC_000023,ACC_000480,CASE_001152,2026-03-15 03:32:04.209741815,2443.57
ACC_000989,ACC_001350,CASE_001153,2026-01-05 18:24:21.179772685,21067.71
ACC_001350,ACC_000052,CASE_001153,2026-01-05 18:35:57.651539795,21067.71
ACC_001113,ACC_001768,CASE_001154,2024-06-30 21:18:58.398251914,18753.26
ACC_001768,ACC_001296,CASE_001154,2024-06-30 21:20:37.278129958,15535.54
ACC_001296,ACC_001768,CASE_001154,2024-06-30 22:21:44.232572217,15535.54
ACC_001141,ACC_000068,CASE_001155,2025-04-23 17:02:26.280843349,6143.73
ACC_000068,ACC_000524,CASE_001155,2025-04-23 17:47:58.334256613,4034.65
ACC_000524,ACC_000068,CASE_001155,2025-04-23 18:08:48.473219086,4034.65
ACC_000168,ACC_000287,CASE_001156,2025-12-26 08:26:31.737842874,29182.81
ACC_000287,ACC_000366,CASE_001156,2025-12-26 08:48:52.954657475,25879.1
ACC_000366,ACC_000267,CASE_001156,2025-12-26 09:02:34.461455221,25879.1
ACC_000968,ACC_001267,CASE_001157,2025-09-06 16:01:00.850760156,32865.6
ACC_001267,ACC_001050,CASE_001157,2025-09-06 16:10:05.289038555,32865.6
ACC_000345,ACC_000052,CASE_001158,2024-04-15 06:11:59.880457928,1046.91
ACC_000052,ACC_001350,CASE_001158,2024-04-15 06:52:39.000501737,1046.91
ACC_000688,ACC_000961,CASE_001159,2026-03-26 21:13:21.679021810,14813.22
ACC_000961,ACC_000190,CASE_001159,2026-03-26 22:14:15.106766586,14813.22
ACC_000252,ACC_000524,CASE_001160,2024-05-26 10:01:41.293170034,8219.3
ACC_000524,ACC_000068,CASE_001160,2024-05-26 10:42:12.385758762,6348.11
ACC_000068,ACC_000524,CASE_001160,2024-05-26 11:13:21.439455280,6348.11
ACC_000108,ACC_001625,CASE_001161,2024-06-05 12:47:39.564507355,7354.05
ACC_000108,ACC_001625,CASE_001161,2024-06-05 12:54:14.365167415,241.59
ACC_000108,ACC_001625,CASE_001161,2024-06-05 13:00:08.023950546,3886.96
ACC_001625,ACC_001288,CASE_001161,2024-06-05 14:07:49.363715792,8434.0
ACC_001288,ACC_000467,CASE_001161,2024-06-05 14:55:58.610767587,5842.79
ACC_000467,ACC_001288,CASE_001161,2024-06-05 15:14:54.583835660,5842.79
ACC_001500,ACC_000068,CASE_001162,2026-03-31 20:17:49.644351191,44924.13
ACC_000068,ACC_000524,CASE_001162,2026-03-31 20:20:48.638157905,35619.27
ACC_000524,ACC_000068,CASE_001162,2026-03-31 20:30:23.858565088,35619.27
ACC_000038,ACC_000011,CASE_001163,2025-03-17 13:10:41.872928788,2934.14
ACC_000011,ACC_001300,CASE_001163,2025-03-17 13:13:51.101315325,2934.14
ACC_000702,ACC_000404,CASE_001164,2024-12-05 17:09:18.973280474,4209.73
ACC_000702,ACC_000404,CASE_001164,2024-12-05 17:11:03.635522203,11818.14
ACC_000702,ACC_000404,CASE_001164,2024-12-05 17:12:55.784330382,12874.57
ACC_000702,ACC_000404,CASE_001164,2024-12-05 17:14:19.924875491,4032.05
ACC_000404,ACC_000659,CASE_001164,2024-12-05 18:07:41.184105045,32934.48
ACC_000824,ACC_001288,CASE_001165,2025-05-19 09:55:32.212792678,5094.82
ACC_000824,ACC_001288,CASE_001165,2025-05-19 09:58:18.325808249,3783.68
ACC_001288,ACC_000093,CASE_001165,2025-05-19 10:14:20.493699053,4946.42
ACC_000093,ACC_000467,CASE_001165,2025-05-19 10:38:52.394914750,3545.37
ACC_000467,ACC_001288,CASE_001165,2025-05-19 11:01:18.035515431,3545.37
ACC_000168,ACC_001629,CASE_001166,2026-06-13 02:39:47.809660971,8951.33
ACC_001629,ACC_001293,CASE_001166,2026-06-13 02:47:23.085619919,7634.72
ACC_001293,ACC_001238,CASE_001166,2026-06-13 03:24:19.241938945,7634.72
ACC_001172,ACC_000139,CASE_001167,2024-04-19 00:38:17.653288377,5211.32
ACC_000139,ACC_000767,CASE_001167,2024-04-19 01:05:59.703065653,5211.32
ACC_000993,ACC_000524,CASE_001168,2025-11-20 14:17:02.635947122,66.07
ACC_000993,ACC_000524,CASE_001168,2025-11-20 14:20:44.921417048,643.68
ACC_000993,ACC_000524,CASE_001168,2025-11-20 14:22:01.215180567,426.51
ACC_000524,ACC_000091,CASE_001168,2025-11-20 14:23:02.905474129,946.85
ACC_000091,ACC_000068,CASE_001168,2025-11-20 14:24:35.976755613,946.85
ACC_000312,ACC_000287,CASE_001169,2024-10-31 14:36:24.027681427,14025.3
ACC_000287,ACC_001335,CASE_001169,2024-10-31 14:40:35.932764894,8139.08
ACC_001335,ACC_000287,CASE_001169,2024-10-31 15:21:51.573399152,6810.87
ACC_000287,ACC_000533,CASE_001169,2024-10-31 15:28:12.279133381,6810.87
ACC_000540,ACC_000023,CASE_001170,2024-04-16 15:33:16.466524860,3368.1
ACC_000023,ACC_000480,CASE_001170,2024-04-16 16:23:42.575521583,3368.1
ACC_001536,ACC_001296,CASE_001171,2025-01-19 09:17:16.617001268,943.78
ACC_001536,ACC_001296,CASE_001171,2025-01-19 09:24:01.456529547,3856.66
ACC_001536,ACC_001296,CASE_001171,2025-01-19 09:27:18.171655928,1942.53
ACC_001536,ACC_001296,CASE_001171,2025-01-19 09:29:21.871130758,346.37
ACC_001296,ACC_001768,CASE_001171,2025-01-19 09:47:30.613023275,7089.34
ACC_001543,ACC_000287,CASE_001172,2025-05-14 22:35:51.623091347,12422.69
ACC_001543,ACC_000287,CASE_001172,2025-05-14 22:42:58.575907613,5114.44
ACC_001543,ACC_000287,CASE_001172,2025-05-14 22:45:20.317224400,7578.93
ACC_001543,ACC_000287,CASE_001172,2025-05-14 22:47:16.699164191,12707.79
ACC_000287,ACC_000533,CASE_001172,2025-05-14 23:52:07.103491674,37823.85
ACC_000527,ACC_000694,CASE_001173,2024-07-06 16:13:07.096244830,37702.56
ACC_000694,ACC_000880,CASE_001173,2024-07-06 16:19:47.838359459,26282.53
ACC_000880,ACC_000652,CASE_001173,2024-07-06 16:22:33.935186226,26282.53
ACC_000783,ACC_000190,CASE_001174,2025-01-04 04:55:57.604303987,1100.32
ACC_000783,ACC_000190,CASE_001174,2025-01-04 04:59:41.891724127,3545.91
ACC_000783,ACC_000190,CASE_001174,2025-01-04 05:07:11.288827755,9927.47
ACC_000190,ACC_000961,CASE_001174,2025-01-04 05:35:30.134991980,14573.69
ACC_001301,ACC_000404,CASE_001175,2025-08-02 03:18:06.942613689,6919.84
ACC_000404,ACC_000659,CASE_001175,2025-08-02 03:20:08.194222267,6919.84
ACC_000832,ACC_000023,CASE_001176,2025-06-09 04:05:29.319335619,10066.96
ACC_000023,ACC_000775,CASE_001176,2025-06-09 04:56:25.748661485,10066.96
ACC_001163,ACC_000659,CASE_001177,2025-10-20 19:24:45.240610662,6959.5
ACC_001163,ACC_000659,CASE_001177,2025-10-20 19:26:47.944246721,412.73
ACC_000659,ACC_000404,CASE_001177,2025-10-20 19:55:47.970269075,7372.23
ACC_000804,ACC_000480,CASE_001178,2026-02-01 00:02:08.143960676,3879.54
ACC_000480,ACC_000775,CASE_001178,2026-02-01 01:25:46.014099873,3517.25
ACC_000775,ACC_000023,CASE_001178,2026-02-01 01:40:09.617399939,3517.25
ACC_000006,ACC_001365,CASE_001179,2025-01-07 18:11:23.318099939,1080.95
ACC_000006,ACC_001365,CASE_001179,2025-01-07 18:17:11.948170059,1360.09
ACC_001365,ACC_001629,CASE_001179,2025-01-07 18:49:58.626598338,1720.14
ACC_001629,ACC_001349,CASE_001179,2025-01-07 19:20:52.602701434,1720.14
ACC_001648,ACC_000139,CASE_001180,2025-01-20 08:03:11.675338923,2420.26
ACC_001648,ACC_000139,CASE_001180,2025-01-20 08:05:18.011413576,2113.56
ACC_001648,ACC_000139,CASE_001180,2025-01-20 08:07:08.444829230,1736.49
ACC_001648,ACC_000139,CASE_001180,2025-01-20 08:12:58.933909243,436.68
ACC_000139,ACC_000767,CASE_001180,2025-01-20 08:37:52.653801959,5930.83
ACC_000767,ACC_001308,CASE_001180,2025-01-20 09:01:14.092854114,5930.83
ACC_000199,ACC_000093,CASE_001181,2025-03-28 12:33:19.579702174,12829.61
ACC_000093,ACC_001625,CASE_001181,2025-03-28 12:41:53.920257245,9676.14
ACC_001625,ACC_000467,CASE_001181,2025-03-28 13:04:27.279652754,9676.14
ACC_001447,ACC_000404,CASE_001182,2025-05-30 23:24:53.671534849,21664.55
ACC_000404,ACC_000659,CASE_001182,2025-05-30 23:36:00.509048983,21664.55
ACC_000774,ACC_001625,CASE_001183,2024-04-08 16:49:51.418222761,18781.68
ACC_001625,ACC_000467,CASE_001183,2024-04-08 17:20:04.201555872,18781.68
ACC_000062,ACC_000366,CASE_001184,2024-10-11 19:50:36.623407284,1029.95
ACC_000062,ACC_000366,CASE_001184,2024-10-11 19:51:53.790267143,274.17
ACC_000366,ACC_000533,CASE_001184,2024-10-11 20:16:34.554052325,962.35
ACC_000533,ACC_000287,CASE_001184,2024-10-11 20:23:46.952235925,753.51
ACC_000287,ACC_001335,CASE_001184,2024-10-11 20:32:32.057659218,753.51
ACC_000446,ACC_000659,CASE_001185,2024-06-05 16:17:56.516652205,12202.85
ACC_000659,ACC_000404,CASE_001185,2024-06-05 17:13:29.930331673,12202.85
ACC_000824,ACC_001788,CASE_001186,2024-12-17 12:54:16.753663745,26007.3
ACC_001788,ACC_000309,CASE_001186,2024-12-17 13:01:23.838336574,21990.51
ACC_000309,ACC_001788,CASE_001186,2024-12-17 13:03:22.686592642,21990.51
ACC_000006,ACC_000404,CASE_001187,2026-06-05 17:46:43.247887941,6518.9
ACC_000006,ACC_000404,CASE_001187,2026-06-05 17:51:31.460550262,91052.03
ACC_000006,ACC_000404,CASE_001187,2026-06-05 17:55:56.450475787,42634.72
ACC_000404,ACC_000659,CASE_001187,2026-06-05 18:16:05.901028799,140205.65
ACC_000488,ACC_000190,CASE_001188,2025-06-14 21:04:24.433237427,584.44
ACC_000488,ACC_000190,CASE_001188,2025-06-14 21:06:31.419440950,3957.38
ACC_000190,ACC_000961,CASE_001188,2025-06-14 22:31:02.330795600,4541.82
ACC_000223,ACC_000011,CASE_001189,2025-01-26 05:11:52.993289151,11727.56
ACC_000011,ACC_001300,CASE_001189,2025-01-26 05:21:22.022421094,11727.56
ACC_001104,ACC_001050,CASE_001190,2025-05-30 14:45:55.452922656,311039.43
ACC_001050,ACC_001267,CASE_001190,2025-05-30 15:10:24.359119156,311039.43
ACC_001355,ACC_001288,CASE_001191,2025-09-01 12:51:14.240158987,4654.79
ACC_001355,ACC_001288,CASE_001191,2025-09-01 12:53:15.794962393,20201.89
ACC_001288,ACC_000093,CASE_001191,2025-09-01 13:08:23.987799552,16503.1
ACC_000093,ACC_001625,CASE_001191,2025-09-01 13:21:03.434041655,9196.1
ACC_001625,ACC_000467,CASE_001191,2025-09-01 13:49:00.248012220,9196.1
ACC_000444,ACC_000093,CASE_001192,2025-01-31 06:30:46.552132212,5646.03
ACC_000444,ACC_000093,CASE_001192,2025-01-31 06:36:35.217063628,528.88
ACC_000444,ACC_000093,CASE_001192,2025-01-31 06:46:13.697281687,1733.05
ACC_000093,ACC_001288,CASE_001192,2025-01-31 06:52:02.898290114,4440.86
ACC_001288,ACC_000467,CASE_001192,2025-01-31 07:28:34.948483512,3210.42
ACC_000467,ACC_001625,CASE_001192,2025-01-31 07:57:32.939274097,3210.42
ACC_001488,ACC_000533,CASE_001193,2025-02-11 20:54:41.976906135,5690.14
ACC_000533,ACC_000366,CASE_001193,2025-02-11 21:06:46.572249336,3171.06
ACC_000366,ACC_000287,CASE_001193,2025-02-11 21:11:58.424221560,1862.11
ACC_000287,ACC_001335,CASE_001193,2025-02-11 21:35:58.876953255,1862.11
ACC_000126,ACC_000052,CASE_001194,2025-09-30 23:48:24.821763401,156305.49
ACC_000052,ACC_001350,CASE_001194,2025-10-01 00:14:21.119000322,156305.49
ACC_000701,ACC_001267,CASE_001195,2024-02-25 11:35:59.426551911,1951.19
ACC_001267,ACC_001050,CASE_001195,2024-02-25 11:54:41.771232051,1951.19
ACC_001345,ACC_000524,CASE_001196,2025-05-07 00:47:28.650955997,584.48
ACC_001345,ACC_000524,CASE_001196,2025-05-07 00:50:53.741183015,9099.69
ACC_000524,ACC_000068,CASE_001196,2025-05-07 01:14:07.845102166,6643.79
ACC_000068,ACC_000524,CASE_001196,2025-05-07 01:19:14.206729629,6643.79
ACC_000178,ACC_000093,CASE_001197,2025-05-13 16:04:53.655126378,3541.74
ACC_000093,ACC_001288,CASE_001197,2025-05-13 17:17:32.025570123,2002.81
ACC_001288,ACC_001625,CASE_001197,2025-05-13 17:35:32.882999644,2002.81
ACC_001677,ACC_001350,CASE_001198,2025-11-20 10:42:18.318515948,8923.35
ACC_001350,ACC_000052,CASE_001198,2025-11-20 11:15:25.343844556,8923.35
ACC_001144,ACC_000659,CASE_001199,2026-06-14 05:02:43.010342749,3010.09
ACC_000659,ACC_000404,CASE_001199,2026-06-14 05:09:55.450069465,3010.09
ACC_000006,ACC_000480,CASE_001200,2025-12-25 22:44:37.362689544,28462.45
ACC_000006,ACC_000480,CASE_001200,2025-12-25 22:48:49.057614663,24866.6
ACC_000006,ACC_000480,CASE_001200,2025-12-25 22:50:49.726701456,10998.86
ACC_000480,ACC_000775,CASE_001200,2025-12-25 23:25:48.559933012,44265.87
ACC_000775,ACC_000023,CASE_001200,2025-12-25 23:31:46.666955817,44265.87
