transaction_id,complaint_id,timestamp,from_account_id,to_account_id,amount,channel,transaction_type,bank,upi_id,device_type,geo_lat,geo_lon,time_since_previous_transaction,transaction_sequence_number
TXN_0000001,CASE_000001,2024-12-07 00:26:20.747690019,ACC_000815,ACC_000767,1855.41,UPI,fragmentation,SBI,UPI_000849,iOS,17.34924967695852,78.50239610742474,,1
TXN_0000002,CASE_000001,2024-12-07 00:27:34.944070614,ACC_000815,ACC_000767,1839.88,IMPS,fragmentation,SBI,UPI_000849,Android,17.34924967695852,78.50239610742474,1.2366063333333335,2
TXN_0000003,CASE_000001,2024-12-07 00:33:32.731616166,ACC_000815,ACC_000767,1212.8,NEFT,fragmentation,SBI,UPI_000849,iOS,17.34924967695852,78.50239610742474,5.963125750000001,3
TXN_0000004,CASE_000001,2024-12-07 00:37:10.337752166,ACC_000815,ACC_000767,224.65,UPI,fragmentation,SBI,UPI_000849,Android,17.34924967695852,78.50239610742474,3.626768933333333,4
TXN_0000005,CASE_000001,2024-12-07 01:17:52.684993342,ACC_000767,ACC_001308,3460.59,UPI,mule_transfer,IndusInd Bank,UPI_001428,iOS,,,40.70578735,5
TXN_0000006,CASE_000001,2024-12-07 01:48:45.427807811,ACC_001308,ACC_000139,3460.59,IMPS,mule_transfer,Axis Bank,UPI_000155,iOS,,,30.8790469,6
TXN_0000007,CASE_000002,2024-11-09 07:36:49.428065956,ACC_000590,ACC_001625,7963.97,Net Banking,fragmentation,ICICI Bank,UPI_001777,Android,22.577105713365146,88.38229239292487,,1
TXN_0000008,CASE_000002,2024-11-09 07:41:01.654512933,ACC_000590,ACC_001625,16712.41,NEFT,fragmentation,ICICI Bank,UPI_001777,Android,22.577105713365146,88.38229239292487,4.2037741,2
TXN_0000009,CASE_000002,2024-11-09 07:44:14.333039690,ACC_000590,ACC_001625,6077.19,UPI,fragmentation,ICICI Bank,UPI_001777,Android,22.577105713365146,88.38229239292487,3.211308766666667,3
TXN_0000010,CASE_000002,2024-11-09 07:47:54.559643044,ACC_000590,ACC_001625,19426.95,IMPS,fragmentation,ICICI Bank,UPI_001777,Android,22.577105713365146,88.38229239292487,3.6704433833333336,4
TXN_0000011,CASE_000002,2024-11-09 07:50:22.420022056,ACC_001625,ACC_001288,39630.14,UPI,mule_transfer,Kotak Mahindra Bank,UPI_001405,Android,,,2.46433965,5
TXN_0000012,CASE_000002,2024-11-09 07:51:47.777318058,ACC_001288,ACC_000093,39630.14,IMPS,mule_transfer,Yes Bank,UPI_000105,Android,,,1.4226216,6
TXN_0000013,CASE_000003,2024-01-06 03:57:56.230016399,ACC_000493,ACC_001350,73293.46,Net Banking,victim_debit,Bank of Baroda,UPI_001472,iOS,22.6375137273501,88.38483483800562,,1
TXN_0000014,CASE_000003,2024-01-06 03:59:33.213881326,ACC_001350,ACC_000052,73293.46,UPI,mule_transfer,IndusInd Bank,UPI_000058,Android,,,1.6163977333333333,2
TXN_0000015,CASE_000004,2026-06-13 19:37:32.083097996,ACC_000902,ACC_000480,4969.66,UPI,victim_debit,IndusInd Bank,UPI_000531,Desktop,26.883479681299477,75.79505834566629,,1
TXN_0000016,CASE_000004,2026-06-13 19:58:08.975256714,ACC_000480,ACC_000023,3888.4,UPI,mule_transfer,Kotak Mahindra Bank,UPI_000028,Android,,,20.614869300000002,2
TXN_0000017,CASE_000004,2026-06-13 20:29:43.022285528,ACC_000023,ACC_000480,3888.4,IMPS,mule_transfer,IndusInd Bank,UPI_000532,iOS,,,31.567450466666667,3
TXN_0000018,CASE_000005,2025-07-06 13:04:29.705287082,ACC_000661,ACC_000480,2398.77,IMPS,victim_debit,IndusInd Bank,UPI_000532,Desktop,23.072545909994787,72.44525403127831,,1
TXN_0000019,CASE_000005,2025-07-06 13:05:43.177479342,ACC_000480,ACC_000775,1343.35,UPI,mule_transfer,SBI,UPI_000857,Android,,,1.2245365333333333,2
TXN_0000020,CASE_000005,2025-07-06 13:11:54.595483655,ACC_000775,ACC_000480,1343.35,IMPS,mule_transfer,IndusInd Bank,UPI_000532,Android,,,6.1903000666666665,3
TXN_0000021,CASE_000006,2025-01-01 12:35:47.788451252,ACC_001354,ACC_001507,1700.69,UPI,fragmentation,Punjab National Bank,UPI_001646,iOS,18.520331126499176,73.8561341281899,,1
TXN_0000022,CASE_000006,2025-01-01 12:38:02.472120047,ACC_001354,ACC_001507,95437.82,IMPS,fragmentation,Punjab National Bank,UPI_001646,iOS,18.520331126499176,73.8561341281899,2.2447278,2
TXN_0000023,CASE_000006,2025-01-01 13:20:26.044345629,ACC_001507,ACC_001647,97138.51,Net Banking,mule_transfer,Canara Bank,UPI_001801,Android,,,42.39287041666667,3
TXN_0000024,CASE_000007,2025-05-10 09:40:14.641969855,ACC_000526,ACC_000023,8855.32,UPI,fragmentation,Kotak Mahindra Bank,UPI_000028,iOS,12.955353274281766,77.60538725110246,,1
TXN_0000025,CASE_000007,2025-05-10 09:44:16.482681170,ACC_000526,ACC_000023,3436.67,UPI,fragmentation,Kotak Mahindra Bank,UPI_000028,Android,12.955353274281766,77.60538725110246,4.030678516666667,2
TXN_0000026,CASE_000007,2025-05-10 09:59:40.707999449,ACC_000526,ACC_000023,8314.75,NEFT,fragmentation,Kotak Mahindra Bank,UPI_000028,Android,12.955353274281766,77.60538725110246,15.4037553,3
TXN_0000027,CASE_000007,2025-05-10 10:02:28.127427805,ACC_000023,ACC_000480,15393.99,UPI,mule_transfer,IndusInd Bank,UPI_000531,iOS,,,2.7903238000000004,4
TXN_0000028,CASE_000007,2025-05-10 10:08:22.040828705,ACC_000480,ACC_000775,15393.99,NEFT,mule_transfer,SBI,UPI_000857,Desktop,,,5.898556666666667,5
TXN_0000029,CASE_000008,2024-02-06 22:48:42.866839446,ACC_000719,ACC_000480,1205.07,IMPS,victim_debit,IndusInd Bank,UPI_000531,Android,19.969917047282483,73.76993198670681,,1
TXN_0000030,CASE_000008,2024-02-06 23:08:48.218747528,ACC_000480,ACC_000775,985.64,Net Banking,mule_transfer,SBI,UPI_000857,Android,,,20.08919846666667,2
TXN_0000031,CASE_000008,2024-02-06 23:10:25.921421893,ACC_000775,ACC_000023,985.64,UPI,mule_transfer,Kotak Mahindra Bank,UPI_000028,iOS,,,1.6283779,3
TXN_0000032,CASE_000009,2024-06-07 05:16:38.744128289,ACC_001398,ACC_000139,6901.01,UPI,victim_debit,Axis Bank,UPI_000155,Android,21.121042338819567,79.09944106527968,,1
TXN_0000033,CASE_000009,2024-06-07 05:19:27.999048898,ACC_000139,ACC_001308,6901.01,IMPS,mule_transfer,IndusInd Bank,UPI_001428,Android,,,2.820915333333333,2
TXN_0000034,CASE_000010,2025-07-21 21:34:14.247718516,ACC_000312,ACC_001350,69985.94,NEFT,fragmentation,Bank of Baroda,UPI_001472,Android,26.819873003100028,80.92991134832427,,1
TXN_0000035,CASE_000010,2025-07-21 21:43:09.616297458,ACC_000312,ACC_001350,145531.03,UPI,fragmentation,Bank of Baroda,UPI_001473,Desktop,26.819873003100028,80.92991134832427,8.922809633333333,2
TXN_0000036,CASE_000010,2025-07-21 22:17:07.488952634,ACC_001350,ACC_000052,215516.96,NEFT,mule_transfer,IndusInd Bank,UPI_000058,Android,,,33.964544249999996,3
TXN_0000037,CASE_000011,2025-04-13 13:24:18.302084667,ACC_001599,ACC_001296,7427.48,UPI,victim_debit,SBI,UPI_001414,Android,12.994580630839497,80.26070927636566,,1
TXN_0000038,CASE_000011,2025-04-13 13:55:04.134159797,ACC_001296,ACC_000819,4199.52,IMPS,mule_transfer,HDFC Bank,UPI_000907,Android,,,30.763867916666666,2
TXN_0000039,CASE_000011,2025-04-13 13:59:34.342548700,ACC_000819,ACC_001296,4199.52,UPI,mule_transfer,SBI,UPI_001414,Desktop,,,4.503473133333333,3
TXN_0000040,CASE_000012,2025-12-18 01:15:37.869858662,ACC_001320,ACC_001293,4518.77,IMPS,victim_debit,Union Bank of India,UPI_001411,Android,22.700999254165847,75.81416180205571,,1
TXN_0000041,CASE_000012,2025-12-18 01:33:44.059930199,ACC_001293,ACC_001349,3831.39,IMPS,mule_transfer,Kotak Mahindra Bank,UPI_001471,iOS,,,18.10316785,2
TXN_0000042,CASE_000012,2025-12-18 01:58:15.376810731,ACC_001349,ACC_001293,3831.39,UPI,mule_transfer,Union Bank of India,UPI_001411,Android,,,24.521948000000002,3
TXN_0000043,CASE_000013,2025-08-23 03:47:55.400111261,ACC_001113,ACC_001349,2578.63,NEFT,victim_debit,Kotak Mahindra Bank,UPI_001471,Android,28.530886069944728,77.20441614097794,,1
TXN_0000044,CASE_000013,2025-08-23 04:15:15.490085130,ACC_001349,ACC_001629,1756.64,UPI,mule_transfer,SBI,UPI_001781,Android,,,27.334832883333334,2
TXN_0000045,CASE_000013,2025-08-23 04:20:34.399939716,ACC_001629,ACC_001293,1355.83,NEFT,mule_transfer,Union Bank of India,UPI_001411,iOS,,,5.315164233333333,3
TXN_0000046,CASE_000013,2025-08-23 04:34:59.141244508,ACC_001293,ACC_001629,1355.83,UPI,mule_transfer,SBI,UPI_001781,Android,,,14.412355066666667,4
TXN_0000047,CASE_000014,2025-07-01 22:30:36.080530002,ACC_000687,ACC_001267,650.12,UPI,fragmentation,ICICI Bank,UPI_001383,Android,13.083626072235235,77.54959398641307,,1
TXN_0000048,CASE_000014,2025-07-01 22:35:58.690224376,ACC_000687,ACC_001267,51619.67,UPI,fragmentation,ICICI Bank,UPI_001383,Android,13.083626072235235,77.54959398641307,5.376828233333333,2
TXN_0000049,CASE_000014,2025-07-01 22:47:26.214708848,ACC_000687,ACC_001267,52881.43,NEFT,fragmentation,ICICI Bank,UPI_001383,Android,13.083626072235235,77.54959398641307,11.458741400000001,3
TXN_0000050,CASE_000014,2025-07-01 22:49:28.784737550,ACC_001267,ACC_001050,105151.22,UPI,mule_transfer,Punjab National Bank,UPI_001155,iOS,,,2.0428338,4
TXN_0000051,CASE_000015,2026-01-12 17:32:43.406128035,ACC_001081,ACC_000533,21058.69,UPI,victim_debit,Kotak Mahindra Bank,UPI_000588,iOS,12.898358196113794,77.63111160112516,,1
TXN_0000052,CASE_000015,2026-01-12 17:39:34.524583523,ACC_000533,ACC_000287,18440.93,UPI,mule_transfer,Punjab National Bank,UPI_000315,Android,,,6.85197425,2
TXN_0000053,CASE_000015,2026-01-12 18:05:17.424532350,ACC_000287,ACC_000366,18440.93,UPI,mule_transfer,IDFC First Bank,UPI_000405,Desktop,,,25.714999133333333,3
TXN_0000054,CASE_000016,2024-03-03 04:48:32.851948869,ACC_000243,ACC_000287,37514.24,UPI,victim_debit,Punjab National Bank,UPI_000315,iOS,19.169386847014994,72.88761488503413,,1
TXN_0000055,CASE_000016,2024-03-03 05:33:23.550613019,ACC_000287,ACC_001335,37514.24,UPI,mule_transfer,Kotak Mahindra Bank,UPI_001457,Android,,,44.84497773333333,2
TXN_0000056,CASE_000017,2025-09-21 09:50:15.844720950,ACC_001701,ACC_001625,8877.22,UPI,fragmentation,ICICI Bank,UPI_001777,Android,18.52462368888803,73.9085992457867,,1
TXN_0000057,CASE_000017,2025-09-21 09:51:28.994502499,ACC_001701,ACC_001625,583.29,UPI,fragmentation,ICICI Bank,UPI_001777,iOS,18.52462368888803,73.9085992457867,1.2191630166666667,2
TXN_0000058,CASE_000017,2025-09-21 09:59:20.342747599,ACC_001625,ACC_000093,9460.51,UPI,mule_transfer,Yes Bank,UPI_000105,Android,,,7.855804083333334,3
TXN_0000059,CASE_000018,2025-10-13 22:43:12.975106573,ACC_000263,ACC_000404,22998.42,UPI,victim_debit,SBI,UPI_000450,Android,12.95001387751262,77.59451553628237,,1
TXN_0000060,CASE_000018,2025-10-13 22:57:14.921050576,ACC_000404,ACC_000659,22998.42,UPI,mule_transfer,HDFC Bank,UPI_000731,Android,,,14.032432400000001,2
TXN_0000061,CASE_000019,2024-09-07 17:23:46.896036417,ACC_000212,ACC_001308,4626.13,IMPS,victim_debit,IndusInd Bank,UPI_001427,iOS,19.03407785659356,72.8661407497803,,1
TXN_0000062,CASE_000019,2024-09-07 17:57:08.620562149,ACC_001308,ACC_000767,3995.26,UPI,mule_transfer,SBI,UPI_000849,Android,,,33.36207541666667,2
TXN_0000063,CASE_000019,2024-09-07 18:16:19.012671705,ACC_000767,ACC_001308,3995.26,IMPS,mule_transfer,IndusInd Bank,UPI_001428,Android,,,19.173201816666666,3
TXN_0000064,CASE_000020,2024-06-27 05:54:13.462976729,ACC_000450,ACC_000880,4593.77,NEFT,fragmentation,SBI,UPI_000972,Android,26.723386545642104,80.89899188906108,,1
TXN_0000065,CASE_000020,2024-06-27 06:11:34.508448107,ACC_000450,ACC_000880,50.0,UPI,fragmentation,SBI,UPI_000972,Android,26.723386545642104,80.89899188906108,17.350757849999997,2
TXN_0000066,CASE_000020,2024-06-27 06:30:33.856012465,ACC_000880,ACC_000652,4637.08,NEFT,mule_transfer,HDFC Bank,UPI_000723,iOS,,,18.989126066666664,3
TXN_0000067,CASE_000021,2024-07-13 19:50:05.351761622,ACC_000865,ACC_001300,15986.14,UPI,victim_debit,ICICI Bank,UPI_001419,Android,19.19973902703795,72.89131034925637,,1
TXN_0000068,CASE_000021,2024-07-13 20:16:49.192724773,ACC_001300,ACC_000011,15986.14,UPI,mule_transfer,Bank of Baroda,UPI_000013,Android,,,26.730682716666667,2
TXN_0000069,CASE_000022,2024-06-29 12:43:39.737995541,ACC_000846,ACC_000052,33255.71,UPI,victim_debit,IndusInd Bank,UPI_000058,Android,19.027215373800704,73.06889545611725,,1
TXN_0000070,CASE_000022,2024-06-29 13:32:10.806277343,ACC_000052,ACC_001350,33255.71,UPI,mule_transfer,Bank of Baroda,UPI_001473,iOS,,,48.51780468333333,2
TXN_0000071,CASE_000023,2025-04-22 04:34:37.423367835,ACC_001513,ACC_000480,10655.43,IMPS,fragmentation,IndusInd Bank,UPI_000532,Android,22.54155008160287,88.30712022275924,,1
TXN_0000072,CASE_000023,2025-04-22 04:44:38.389351994,ACC_001513,ACC_000480,1816.7,UPI,fragmentation,IndusInd Bank,UPI_000531,iOS,22.54155008160287,88.30712022275924,10.016099733333334,2
TXN_0000073,CASE_000023,2025-04-22 04:46:31.001532664,ACC_001513,ACC_000480,497.91,NEFT,fragmentation,IndusInd Bank,UPI_000532,Android,22.54155008160287,88.30712022275924,1.8768696666666667,3
TXN_0000074,CASE_000023,2025-04-22 05:10:37.260366879,ACC_000480,ACC_000775,12970.04,UPI,mule_transfer,SBI,UPI_000857,Android,,,24.1043139,4
TXN_0000075,CASE_000024,2024-05-03 14:34:07.938553778,ACC_001627,ACC_001238,3949.08,Net Banking,victim_debit,SBI,UPI_001350,Android,19.043841228573683,72.76318077595481,,1
TXN_0000076,CASE_000024,2024-05-03 14:54:04.530459182,ACC_001238,ACC_001349,3949.08,NEFT,mule_transfer,Kotak Mahindra Bank,UPI_001471,iOS,,,19.943198416666668,2
TXN_0000077,CASE_000025,2025-08-23 14:49:47.129754725,ACC_000512,ACC_000404,8132.48,IMPS,victim_debit,SBI,UPI_000449,iOS,26.770044657317325,80.99975870348558,,1
TXN_0000078,CASE_000025,2025-08-23 15:01:47.310080167,ACC_000404,ACC_000659,8132.48,IMPS,mule_transfer,HDFC Bank,UPI_000731,Android,,,12.003005416666667,2
TXN_0000079,CASE_000026,2024-04-05 17:39:13.337791338,ACC_001766,ACC_000659,1337.27,UPI,victim_debit,HDFC Bank,UPI_000731,iOS,13.02080449839993,80.3155577321209,,1
TXN_0000080,CASE_000026,2024-04-05 17:47:34.193113841,ACC_000659,ACC_000404,1337.27,UPI,mule_transfer,SBI,UPI_000449,iOS,,,8.3475887,2
TXN_0000081,CASE_000027,2024-01-25 12:27:59.032893656,ACC_000789,ACC_000011,108.85,UPI,fragmentation,Bank of Baroda,UPI_000013,Android,19.127660298418274,72.99185449140782,,1
TXN_0000082,CASE_000027,2024-01-25 12:35:58.085671582,ACC_000789,ACC_000011,490.51,NEFT,fragmentation,Bank of Baroda,UPI_000013,Android,19.127660298418274,72.99185449140782,7.98421295,2
TXN_0000083,CASE_000027,2024-01-25 13:20:13.169537378,ACC_000011,ACC_001300,599.36,IMPS,mule_transfer,ICICI Bank,UPI_001418,iOS,,,44.25139775,3
TXN_0000084,CASE_000028,2024-10-17 21:31:53.877619190,ACC_001444,ACC_000366,15552.83,UPI,victim_debit,IDFC First Bank,UPI_000405,Desktop,13.004780078670498,80.31869926191884,,1
TXN_0000085,CASE_000028,2024-10-17 22:08:52.112549868,ACC_000366,ACC_001335,12542.43,Net Banking,mule_transfer,Kotak Mahindra Bank,UPI_001457,Android,,,36.97058216666667,2
TXN_0000086,CASE_000028,2024-10-17 22:10:45.722720004,ACC_001335,ACC_000366,8467.7,UPI,mule_transfer,IDFC First Bank,UPI_000405,Android,,,1.8935028333333332,3
TXN_0000087,CASE_000028,2024-10-17 22:11:49.641258689,ACC_000366,ACC_000287,8467.7,NEFT,mule_transfer,Punjab National Bank,UPI_000316,Android,,,1.0653089666666666,4
TXN_0000088,CASE_000029,2024-06-23 20:16:14.252964877,ACC_000065,ACC_001350,3902.05,NEFT,victim_debit,Bank of Baroda,UPI_001472,Android,17.404912987540133,78.39811126979474,,1
TXN_0000089,CASE_000029,2024-06-23 20:20:22.227410136,ACC_001350,ACC_000052,3902.05,IMPS,mule_transfer,IndusInd Bank,UPI_000058,Android,,,4.132907416666667,2
TXN_0000090,CASE_000030,2026-06-19 16:39:39.373428646,ACC_001573,ACC_001507,3704.84,Net Banking,fragmentation,Punjab National Bank,UPI_001646,Android,22.594163117247227,88.34886810881409,,1
TXN_0000091,CASE_000030,2026-06-19 16:44:21.704876279,ACC_001573,ACC_001507,2942.09,IMPS,fragmentation,Punjab National Bank,UPI_001646,iOS,22.594163117247227,88.34886810881409,4.705524116666667,2
TXN_0000092,CASE_000030,2026-06-19 16:56:29.487029978,ACC_001507,ACC_001647,6646.93,IMPS,mule_transfer,Canara Bank,UPI_001801,Android,,,12.12970255,3
TXN_0000093,CASE_000031,2024-10-03 01:30:03.281773262,ACC_001450,ACC_001625,4753.06,Net Banking,fragmentation,ICICI Bank,UPI_001777,Android,23.010539225426726,72.56273258078255,,1
TXN_0000094,CASE_000031,2024-10-03 01:31:32.380138938,ACC_001450,ACC_001625,8831.14,IMPS,fragmentation,ICICI Bank,UPI_001777,Android,23.010539225426726,72.56273258078255,1.48497275,2
TXN_0000095,CASE_000031,2024-10-03 01:32:45.847546195,ACC_001450,ACC_001625,3472.2,IMPS,fragmentation,ICICI Bank,UPI_001777,Android,23.010539225426726,72.56273258078255,1.2244567833333333,3
TXN_0000096,CASE_000031,2024-10-03 01:35:03.344737209,ACC_001450,ACC_001625,2278.43,Net Banking,fragmentation,ICICI Bank,UPI_001777,Android,23.010539225426726,72.56273258078255,2.2916198499999996,4
TXN_0000097,CASE_000031,2024-10-03 02:27:54.049354551,ACC_001625,ACC_001288,19334.83,IMPS,mule_transfer,Kotak Mahindra Bank,UPI_001405,iOS,,,52.84507695,5
TXN_0000098,CASE_000032,2024-07-21 07:49:04.158696481,ACC_000640,ACC_000023,143756.51,UPI,victim_debit,Kotak Mahindra Bank,UPI_000028,Android,13.042887630854507,80.39820923895275,,1
TXN_0000099,CASE_000032,2024-07-21 07:54:10.138744988,ACC_000023,ACC_000480,95351.84,NEFT,mule_transfer,IndusInd Bank,UPI_000532,Android,,,5.099667466666667,2
TXN_0000100,CASE_000032,2024-07-21 08:24:31.432571624,ACC_000480,ACC_000775,95351.84,UPI,mule_transfer,SBI,UPI_000857,iOS,,,30.354897100000002,3
TXN_0000101,CASE_000033,2024-06-28 06:43:13.076432872,ACC_000839,ACC_001288,1781.26,UPI,fragmentation,Kotak Mahindra Bank,UPI_001405,iOS,17.351600035720928,78.40945861211311,,1
TXN_0000102,CASE_000033,2024-06-28 06:44:57.374839093,ACC_000839,ACC_001288,10686.35,IMPS,fragmentation,Kotak Mahindra Bank,UPI_001405,Android,17.351600035720928,78.40945861211311,1.7383067666666667,2
TXN_0000103,CASE_000033,2024-06-28 07:19:47.264640233,ACC_001288,ACC_001625,12467.61,IMPS,mule_transfer,ICICI Bank,UPI_001777,iOS,,,34.83149668333333,3
TXN_0000104,CASE_000034,2024-12-06 14:22:47.684869139,ACC_000344,ACC_001788,49373.53,IMPS,fragmentation,Canara Bank,UPI_001952,Android,21.142324344648888,79.02808647949865,,1
TXN_0000105,CASE_000034,2024-12-06 14:26:31.055901633,ACC_000344,ACC_001788,24757.07,UPI,fragmentation,Canara Bank,UPI_001953,Desktop,21.142324344648888,79.02808647949865,3.7228505333333337,2
TXN_0000106,CASE_000034,2024-12-06 14:38:54.558083047,ACC_001788,ACC_000782,47065.57,Net Banking,mule_transfer,IDFC First Bank,UPI_000866,Android,,,12.391703016666666,3
TXN_0000107,CASE_000034,2024-12-06 15:53:54.212070429,ACC_000782,ACC_000820,47065.57,IMPS,mule_transfer,ICICI Bank,UPI_000908,Android,,,74.99423311666666,4
TXN_0000108,CASE_000035,2025-07-05 22:50:17.806103562,ACC_001162,ACC_000366,63.56,Net Banking,fragmentation,IDFC First Bank,UPI_000405,Android,13.043387614213104,80.34175618443192,,1
TXN_0000109,CASE_000035,2025-07-05 22:52:08.458597174,ACC_001162,ACC_000366,22177.65,UPI,fragmentation,IDFC First Bank,UPI_000405,iOS,13.043387614213104,80.34175618443192,1.8442082166666667,2
TXN_0000110,CASE_000035,2025-07-05 22:55:01.596020498,ACC_001162,ACC_000366,6397.26,UPI,fragmentation,IDFC First Bank,UPI_000405,Android,13.043387614213104,80.34175618443192,2.8856237166666667,3
TXN_0000111,CASE_000035,2025-07-05 23:06:32.863967771,ACC_001162,ACC_000366,1307.24,IMPS,fragmentation,IDFC First Bank,UPI_000405,Desktop,13.043387614213104,80.34175618443192,11.521132450000001,4
TXN_0000112,CASE_000035,2025-07-05 23:44:02.184266030,ACC_000366,ACC_000533,18970.59,UPI,mule_transfer,Kotak Mahindra Bank,UPI_000588,Android,,,37.48867163333333,5
TXN_0000113,CASE_000035,2025-07-06 00:37:26.965866840,ACC_000533,ACC_000287,18970.59,UPI,mule_transfer,Punjab National Bank,UPI_000316,Android,,,53.41302666666666,6
TXN_0000114,CASE_000036,2025-12-13 09:20:25.639461738,ACC_001450,ACC_000445,9641.03,Net Banking,victim_debit,Yes Bank,UPI_000492,Android,21.17406437001652,72.82315874185397,,1
TXN_0000115,CASE_000036,2025-12-13 09:38:13.100907047,ACC_000445,ACC_000664,6868.28,UPI,mule_transfer,IndusInd Bank,UPI_000737,Android,,,17.791024083333333,2
TXN_0000116,CASE_000036,2025-12-13 10:46:23.871818062,ACC_000664,ACC_000445,6868.28,UPI,mule_transfer,Yes Bank,UPI_000492,iOS,,,68.17951518333334,3
TXN_0000117,CASE_000037,2024-11-28 03:46:19.879358267,ACC_001095,ACC_000052,12620.61,UPI,victim_debit,IndusInd Bank,UPI_000058,iOS,17.48439926646936,78.53870017010573,,1
TXN_0000118,CASE_000037,2024-11-28 03:50:26.450852272,ACC_000052,ACC_001350,12620.61,UPI,mule_transfer,Bank of Baroda,UPI_001472,iOS,,,4.1095249,2
TXN_0000119,CASE_000038,2025-07-24 07:08:47.394181350,ACC_000150,ACC_001350,1746.27,UPI,victim_debit,Bank of Baroda,UPI_001472,iOS,13.111909620137183,80.27272930479285,,1
TXN_0000120,CASE_000038,2025-07-24 07:52:27.300098621,ACC_001350,ACC_000052,1746.27,Net Banking,mule_transfer,IndusInd Bank,UPI_000058,Android,,,43.66509861666667,2
TXN_0000121,CASE_000039,2025-03-15 04:35:22.173588466,ACC_000695,ACC_001046,16359.43,UPI,victim_debit,IDFC First Bank,UPI_001151,Android,28.69175229469596,77.29545041137435,,1
TXN_0000122,CASE_000039,2025-03-15 04:42:22.091229407,ACC_001046,ACC_000820,14662.98,NEFT,mule_transfer,ICICI Bank,UPI_000908,iOS,,,6.998627333333333,2
TXN_0000123,CASE_000039,2025-03-15 04:47:04.512087469,ACC_000820,ACC_000782,11234.87,IMPS,mule_transfer,IDFC First Bank,UPI_000866,Desktop,,,4.7070143,3
TXN_0000124,CASE_000039,2025-03-15 04:57:56.413753157,ACC_000782,ACC_001788,11234.87,UPI,mule_transfer,Canara Bank,UPI_001952,Android,,,10.86502775,4
TXN_0000125,CASE_000040,2026-02-10 04:23:35.967248377,ACC_000363,ACC_001117,399.05,UPI,fragmentation,Bank of Baroda,UPI_001224,Android,22.612810681639836,88.42885839242867,,1
TXN_0000126,CASE_000040,2026-02-10 04:26:38.414745986,ACC_000363,ACC_001117,1551.14,IMPS,fragmentation,Bank of Baroda,UPI_001224,Android,22.612810681639836,88.42885839242867,3.0407916166666666,2
TXN_0000127,CASE_000040,2026-02-10 04:30:50.665446412,ACC_000363,ACC_001117,50.0,IMPS,fragmentation,Bank of Baroda,UPI_001224,Android,22.612810681639836,88.42885839242867,4.204178333333333,3
TXN_0000128,CASE_000040,2026-02-10 04:33:20.505675265,ACC_001117,ACC_000694,1515.94,UPI,mule_transfer,ICICI Bank,UPI_000770,Android,,,2.497337133333333,4
TXN_0000129,CASE_000040,2026-02-10 05:16:47.973981293,ACC_000694,ACC_000652,1515.94,Net Banking,mule_transfer,HDFC Bank,UPI_000724,Android,,,43.4578051,5
TXN_0000130,CASE_000041,2025-06-02 10:17:45.642986446,ACC_001377,ACC_000404,5919.53,UPI,fragmentation,SBI,UPI_000450,Android,22.74667213131909,75.82976498673163,,1
TXN_0000131,CASE_000041,2025-06-02 10:20:53.992068795,ACC_001377,ACC_000404,1487.13,UPI,fragmentation,SBI,UPI_000450,iOS,22.74667213131909,75.82976498673163,3.139151366666667,2
TXN_0000132,CASE_000041,2025-06-02 10:24:08.108214863,ACC_001377,ACC_000404,6144.9,UPI,fragmentation,SBI,UPI_000450,Desktop,22.74667213131909,75.82976498673163,3.2352690999999996,3
TXN_0000133,CASE_000041,2025-06-02 10:55:48.529668331,ACC_000404,ACC_000659,13551.55,UPI,mule_transfer,HDFC Bank,UPI_000731,Android,,,31.673690883333332,4
TXN_0000134,CASE_000042,2024-09-21 02:59:41.102425604,ACC_001621,ACC_001625,6239.78,UPI,victim_debit,ICICI Bank,UPI_001777,Android,19.214662745404446,72.98006320758483,,1
TXN_0000135,CASE_000042,2024-09-21 03:10:34.683167569,ACC_001625,ACC_001288,4530.31,UPI,mule_transfer,Kotak Mahindra Bank,UPI_001405,iOS,,,10.89301235,2
TXN_0000136,CASE_000042,2024-09-21 03:12:22.942746164,ACC_001288,ACC_001625,3173.51,UPI,mule_transfer,ICICI Bank,UPI_001777,iOS,,,1.8043263,3
TXN_0000137,CASE_000042,2024-09-21 03:42:07.711519103,ACC_001625,ACC_001288,3173.51,UPI,mule_transfer,Kotak Mahindra Bank,UPI_001405,Android,,,29.7461462,4
TXN_0000138,CASE_000043,2025-10-02 23:58:39.567945233,ACC_001670,ACC_001350,3967.08,IMPS,victim_debit,Bank of Baroda,UPI_001473,Android,19.015800188578424,73.14489544049559,,1
TXN_0000139,CASE_000043,2025-10-03 00:43:28.393675962,ACC_001350,ACC_000052,3967.08,UPI,mule_transfer,IndusInd Bank,UPI_000058,Android,,,44.81376216666667,2
TXN_0000140,CASE_000044,2026-01-17 02:18:33.640712297,ACC_000363,ACC_000533,7160.58,IMPS,victim_debit,Kotak Mahindra Bank,UPI_000588,Android,12.950082891685915,77.60514748819007,,1
TXN_0000141,CASE_000044,2026-01-17 02:29:30.563908889,ACC_000533,ACC_000267,5680.83,Net Banking,mule_transfer,IDFC First Bank,UPI_000294,Desktop,,,10.948719933333333,2
TXN_0000142,CASE_000044,2026-01-17 02:31:57.725343483,ACC_000267,ACC_000366,5680.83,NEFT,mule_transfer,IDFC First Bank,UPI_000405,Android,,,2.452690566666667,3
TXN_0000143,CASE_000045,2025-02-28 00:48:42.233433966,ACC_000216,ACC_001647,42489.93,UPI,fragmentation,Canara Bank,UPI_001801,Android,12.966072660929152,77.59900880729118,,1
TXN_0000144,CASE_000045,2025-02-28 00:51:48.524368437,ACC_000216,ACC_001647,72023.15,UPI,fragmentation,Canara Bank,UPI_001801,Android,12.966072660929152,77.59900880729118,3.1048489,2
TXN_0000145,CASE_000045,2025-02-28 00:53:22.112007755,ACC_000216,ACC_001647,56563.97,UPI,fragmentation,Canara Bank,UPI_001801,iOS,12.966072660929152,77.59900880729118,1.5597939833333332,3
TXN_0000146,CASE_000045,2025-02-28 00:57:40.503308367,ACC_000216,ACC_001647,806.57,UPI,fragmentation,Canara Bank,UPI_001801,Android,12.966072660929152,77.59900880729118,4.306521666666667,4
TXN_0000147,CASE_000045,2025-02-28 02:21:12.132744895,ACC_001647,ACC_001507,171883.62,UPI,mule_transfer,Punjab National Bank,UPI_001646,Desktop,,,83.52715726666666,5
TXN_0000148,CASE_000046,2026-06-18 08:19:55.316006846,ACC_000256,ACC_001350,21312.85,UPI,victim_debit,Bank of Baroda,UPI_001472,iOS,17.352544420566964,78.58818842984766,,1
TXN_0000149,CASE_000046,2026-06-18 09:59:24.147898615,ACC_001350,ACC_000052,21312.85,UPI,mule_transfer,IndusInd Bank,UPI_000058,Android,,,99.48053151666666,2
TXN_0000150,CASE_000047,2026-03-11 20:51:33.259176570,ACC_000129,ACC_001288,10165.28,UPI,fragmentation,Kotak Mahindra Bank,UPI_001405,iOS,19.10663052696978,72.9158410882831,,1
TXN_0000151,CASE_000047,2026-03-11 20:58:55.352018461,ACC_000129,ACC_001288,811.45,NEFT,fragmentation,Kotak Mahindra Bank,UPI_001405,Desktop,19.10663052696978,72.9158410882831,7.368214016666667,2
TXN_0000152,CASE_000047,2026-03-11 21:17:34.734427226,ACC_001288,ACC_000093,8748.16,IMPS,mule_transfer,Yes Bank,UPI_000105,Android,,,18.656373466666665,3
TXN_0000153,CASE_000047,2026-03-11 22:10:38.554120746,ACC_000093,ACC_001625,8748.16,UPI,mule_transfer,ICICI Bank,UPI_001777,iOS,,,53.06366155,4
TXN_0000154,CASE_000048,2024-06-28 10:53:24.443729863,ACC_000877,ACC_000052,641.81,UPI,fragmentation,IndusInd Bank,UPI_000058,Android,28.584578060470918,77.15923809295633,,1
TXN_0000155,CASE_000048,2024-06-28 10:54:45.194906345,ACC_000877,ACC_000052,2974.84,NEFT,fragmentation,IndusInd Bank,UPI_000058,Android,28.584578060470918,77.15923809295633,1.3458529333333333,2
TXN_0000156,CASE_000048,2024-06-28 10:57:50.936595275,ACC_000877,ACC_000052,1976.58,Net Banking,fragmentation,IndusInd Bank,UPI_000058,Android,28.584578060470918,77.15923809295633,3.0956948,3
TXN_0000157,CASE_000048,2024-06-28 11:19:11.451193400,ACC_000052,ACC_001350,5593.23,Net Banking,mule_transfer,Bank of Baroda,UPI_001472,iOS,,,21.341909966666666,4
TXN_0000158,CASE_000049,2025-12-17 17:59:49.401352923,ACC_000865,ACC_000378,485.41,NEFT,fragmentation,Canara Bank,UPI_000421,Android,17.4068259741054,78.51317506297436,,1
TXN_0000159,CASE_000049,2025-12-17 18:04:05.492247227,ACC_000865,ACC_000378,294.87,Net Banking,fragmentation,Canara Bank,UPI_000421,Android,17.4068259741054,78.51317506297436,4.268181566666667,2
TXN_0000160,CASE_000049,2025-12-17 18:06:41.341072698,ACC_000865,ACC_000378,1093.21,UPI,fragmentation,Canara Bank,UPI_000421,Android,17.4068259741054,78.51317506297436,2.597480416666667,3
TXN_0000161,CASE_000049,2025-12-17 19:31:34.748483708,ACC_000378,ACC_001558,1057.98,UPI,mule_transfer,Yes Bank,UPI_001700,Android,,,84.89012351666666,4
TXN_0000162,CASE_000049,2025-12-17 20:32:57.397944630,ACC_001558,ACC_000709,622.22,UPI,mule_transfer,SBI,UPI_000786,Android,,,61.377491,5
TXN_0000163,CASE_000049,2025-12-17 20:55:47.635144081,ACC_000709,ACC_001085,622.22,UPI,mule_transfer,Axis Bank,UPI_001191,Android,,,22.83728665,6
TXN_0000164,CASE_000050,2025-07-01 11:29:32.992836133,ACC_000796,ACC_001625,55194.83,Net Banking,victim_debit,ICICI Bank,UPI_001777,Android,17.403468620329498,78.36658612244533,,1
TXN_0000165,CASE_000050,2025-07-01 11:34:29.952877208,ACC_001625,ACC_000093,45949.67,IMPS,mule_transfer,Yes Bank,UPI_000105,Android,,,4.949334016666667,2
TXN_0000166,CASE_000050,2025-07-01 12:55:07.061158738,ACC_000093,ACC_001625,45949.67,UPI,mule_transfer,ICICI Bank,UPI_001777,iOS,,,80.61847135,3
TXN_0000167,CASE_000051,2025-05-02 05:50:37.685302518,ACC_001321,ACC_001046,19629.36,IMPS,victim_debit,IDFC First Bank,UPI_001151,iOS,13.094710216468512,80.31006439677336,,1
TXN_0000168,CASE_000051,2025-05-02 05:53:49.307087124,ACC_001046,ACC_000782,17372.14,UPI,mule_transfer,IDFC First Bank,UPI_000866,Desktop,,,3.1936964,2
TXN_0000169,CASE_000051,2025-05-02 08:02:25.686520943,ACC_000782,ACC_001788,17372.14,UPI,mule_transfer,Canara Bank,UPI_001952,Android,,,128.60632388333335,3
TXN_0000170,CASE_000052,2025-04-13 04:49:43.719641758,ACC_001263,ACC_001625,2195.46,Net Banking,victim_debit,ICICI Bank,UPI_001777,Android,13.07938292119291,80.2417382271619,,1
TXN_0000171,CASE_000052,2025-04-13 05:49:51.123139469,ACC_001625,ACC_000093,2027.21,UPI,mule_transfer,Yes Bank,UPI_000105,Android,,,60.123391616666666,2
TXN_0000172,CASE_000052,2025-04-13 06:26:16.714601027,ACC_000093,ACC_001625,2027.21,IMPS,mule_transfer,ICICI Bank,UPI_001777,iOS,,,36.42652435,3
TXN_0000173,CASE_000053,2026-02-16 11:25:29.836297494,ACC_000488,ACC_000480,10130.92,UPI,victim_debit,IndusInd Bank,UPI_000531,iOS,17.399300731759755,78.44555285677417,,1
TXN_0000174,CASE_000053,2026-02-16 11:32:44.658282811,ACC_000480,ACC_000023,10130.92,IMPS,mule_transfer,Kotak Mahindra Bank,UPI_000028,iOS,,,7.247033083333333,2
TXN_0000175,CASE_000054,2025-07-10 12:37:35.681043128,ACC_001617,ACC_000659,14542.27,IMPS,victim_debit,HDFC Bank,UPI_000731,Android,22.591972147900904,88.38496541333039,,1
TXN_0000176,CASE_000054,2025-07-10 12:43:16.055688779,ACC_000659,ACC_000404,14542.27,IMPS,mule_transfer,SBI,UPI_000449,Android,,,5.67291075,2
TXN_0000177,CASE_000055,2025-05-04 21:16:06.736376461,ACC_000603,ACC_001625,8565.16,UPI,fragmentation,ICICI Bank,UPI_001777,Android,17.421706635726377,78.5100205886908,,1
TXN_0000178,CASE_000055,2025-05-04 21:20:55.970268972,ACC_000603,ACC_001625,7537.36,UPI,fragmentation,ICICI Bank,UPI_001777,iOS,17.421706635726377,78.5100205886908,4.820564866666667,2
TXN_0000179,CASE_000055,2025-05-04 21:22:38.063666463,ACC_000603,ACC_001625,8156.59,UPI,fragmentation,ICICI Bank,UPI_001777,iOS,17.421706635726377,78.5100205886908,1.7015566166666667,3
TXN_0000180,CASE_000055,2025-05-04 21:36:17.205267299,ACC_001625,ACC_001288,21509.19,NEFT,mule_transfer,Kotak Mahindra Bank,UPI_001405,iOS,,,13.65236,4
TXN_0000181,CASE_000055,2025-05-04 22:10:13.248122770,ACC_001288,ACC_000093,12610.43,IMPS,mule_transfer,Yes Bank,UPI_000105,Android,,,33.93404758333333,5
TXN_0000182,CASE_000055,2025-05-04 22:40:34.646792646,ACC_000093,ACC_001625,12610.43,UPI,mule_transfer,ICICI Bank,UPI_001777,iOS,,,30.356644483333334,6
TXN_0000183,CASE_000056,2024-02-14 12:36:42.224443821,ACC_001398,ACC_000404,187.36,UPI,fragmentation,SBI,UPI_000450,Android,12.982249723567534,77.59101661889902,,1
TXN_0000184,CASE_000056,2024-02-14 12:38:54.967740502,ACC_001398,ACC_000404,950.9,UPI,fragmentation,SBI,UPI_000450,iOS,12.982249723567534,77.59101661889902,2.2123882666666663,2
TXN_0000185,CASE_000056,2024-02-14 12:44:05.308774401,ACC_001398,ACC_000404,957.75,UPI,fragmentation,SBI,UPI_000450,Android,12.982249723567534,77.59101661889902,5.17235055,3
TXN_0000186,CASE_000056,2024-02-14 12:47:57.502283221,ACC_001398,ACC_000404,3358.82,IMPS,fragmentation,SBI,UPI_000450,Android,12.982249723567534,77.59101661889902,3.8698918,4
TXN_0000187,CASE_000056,2024-02-14 13:30:24.802919167,ACC_000404,ACC_000659,5454.82,UPI,mule_transfer,HDFC Bank,UPI_000731,iOS,,,42.45501058333333,5
TXN_0000188,CASE_000057,2025-02-12 10:29:42.919175580,ACC_001045,ACC_001238,5308.78,NEFT,victim_debit,SBI,UPI_001349,Android,17.364151882425748,78.49186546185233,,1
TXN_0000189,CASE_000057,2025-02-12 12:00:20.634369613,ACC_001238,ACC_001293,3479.57,IMPS,mule_transfer,Union Bank of India,UPI_001411,iOS,,,90.62858656666667,2
TXN_0000190,CASE_000057,2025-02-12 12:21:31.697191627,ACC_001293,ACC_001629,3267.59,UPI,mule_transfer,SBI,UPI_001781,Android,,,21.18438036666667,3
TXN_0000191,CASE_000057,2025-02-12 12:31:12.917864907,ACC_001629,ACC_001365,3267.59,NEFT,mule_transfer,IndusInd Bank,UPI_001488,Android,,,9.687011216666667,4
TXN_0000192,CASE_000058,2026-04-07 05:48:55.558544566,ACC_001746,ACC_000467,193842.35,UPI,victim_debit,Axis Bank,UPI_000515,Android,19.037480785343444,72.83416891217335,,1
TXN_0000193,CASE_000058,2026-04-07 05:56:03.422503418,ACC_000467,ACC_000093,151881.41,UPI,mule_transfer,Yes Bank,UPI_000105,Android,,,7.131065966666667,2
TXN_0000194,CASE_000058,2026-04-07 08:20:11.426441348,ACC_000093,ACC_001288,137276.89,UPI,mule_transfer,Kotak Mahindra Bank,UPI_001405,Android,,,144.13339895,3
TXN_0000195,CASE_000058,2026-04-07 08:35:04.603505109,ACC_001288,ACC_000467,137276.89,UPI,mule_transfer,Axis Bank,UPI_000515,Desktop,,,14.886284383333333,4
TXN_0000196,CASE_000059,2025-10-10 10:29:43.473619805,ACC_001148,ACC_000767,6597.74,NEFT,victim_debit,SBI,UPI_000849,Android,18.637979861969292,73.87495297117572,,1
TXN_0000197,CASE_000059,2025-10-10 11:28:18.481763160,ACC_000767,ACC_001308,4808.84,UPI,mule_transfer,IndusInd Bank,UPI_001428,Desktop,,,58.58346905,2
TXN_0000198,CASE_000059,2025-10-10 11:35:13.120982662,ACC_001308,ACC_000767,4808.84,UPI,mule_transfer,SBI,UPI_000849,Android,,,6.91065365,3
TXN_0000199,CASE_000060,2024-02-16 10:54:21.788464832,ACC_000158,ACC_000267,21618.42,IMPS,victim_debit,IDFC First Bank,UPI_000294,Android,12.970210973295858,77.60241581603884,,1
TXN_0000200,CASE_000060,2024-02-16 11:45:53.280301105,ACC_000267,ACC_000366,15376.76,UPI,mule_transfer,IDFC First Bank,UPI_000405,Android,,,51.524863933333336,2
TXN_0000201,CASE_000060,2024-02-16 12:06:23.550737354,ACC_000366,ACC_001335,9610.83,IMPS,mule_transfer,Kotak Mahindra Bank,UPI_001457,Android,,,20.504507266666668,3
TXN_0000202,CASE_000060,2024-02-16 12:39:34.518208373,ACC_001335,ACC_000267,9610.83,UPI,mule_transfer,IDFC First Bank,UPI_000294,Android,,,33.18279118333333,4
TXN_0000203,CASE_000061,2026-03-16 08:17:22.915452988,ACC_000044,ACC_001267,4908.88,Net Banking,fragmentation,ICICI Bank,UPI_001383,Android,26.88367670132011,75.78620713314824,,1
TXN_0000204,CASE_000061,2026-03-16 08:18:42.668569272,ACC_000044,ACC_001267,491.34,UPI,fragmentation,ICICI Bank,UPI_001383,Android,26.88367670132011,75.78620713314824,1.3292186000000001,2
TXN_0000205,CASE_000061,2026-03-16 08:28:35.286051956,ACC_000044,ACC_001267,1561.87,IMPS,fragmentation,ICICI Bank,UPI_001383,Android,26.88367670132011,75.78620713314824,9.876958033333333,3
TXN_0000206,CASE_000061,2026-03-16 08:33:19.677390271,ACC_000044,ACC_001267,1963.35,IMPS,fragmentation,ICICI Bank,UPI_001383,Android,26.88367670132011,75.78620713314824,4.739855633333334,4
TXN_0000207,CASE_000061,2026-03-16 08:36:56.279747235,ACC_001267,ACC_001050,8925.43,UPI,mule_transfer,Punjab National Bank,UPI_001155,iOS,,,3.6100392666666665,5
TXN_0000208,CASE_000062,2026-01-23 02:41:16.315438524,ACC_000303,ACC_001507,14525.26,NEFT,fragmentation,Punjab National Bank,UPI_001646,iOS,13.175394382227289,80.1880872897471,,1
TXN_0000209,CASE_000062,2026-01-23 02:50:15.405556346,ACC_000303,ACC_001507,53371.01,NEFT,fragmentation,Punjab National Bank,UPI_001646,iOS,13.175394382227289,80.1880872897471,8.984835283333332,2
TXN_0000210,CASE_000062,2026-01-23 03:08:41.209448879,ACC_001507,ACC_001647,67896.27,IMPS,mule_transfer,Canara Bank,UPI_001801,Android,,,18.430064866666665,3
TXN_0000211,CASE_000063,2025-05-13 00:50:07.884820429,ACC_001627,ACC_001300,88.97,UPI,fragmentation,ICICI Bank,UPI_001418,iOS,19.059847340526076,73.00380775484194,,1
TXN_0000212,CASE_000063,2025-05-13 01:01:51.614602337,ACC_001627,ACC_001300,1723.31,UPI,fragmentation,ICICI Bank,UPI_001419,Desktop,19.059847340526076,73.00380775484194,11.728829683333334,2
TXN_0000213,CASE_000063,2025-05-13 01:03:04.403736467,ACC_001627,ACC_001300,50.0,NEFT,fragmentation,ICICI Bank,UPI_001419,iOS,19.059847340526076,73.00380775484194,1.2131522333333333,3
TXN_0000214,CASE_000063,2025-05-13 01:19:03.607842219,ACC_001300,ACC_000011,1830.99,UPI,mule_transfer,Bank of Baroda,UPI_000013,Desktop,,,15.986735083333334,4
TXN_0000215,CASE_000064,2024-01-21 10:12:38.382727327,ACC_001266,ACC_001788,5402.09,IMPS,fragmentation,Canara Bank,UPI_001952,Android,17.399472454251118,78.39168988299502,,1
TXN_0000216,CASE_000064,2024-01-21 10:19:11.200074194,ACC_001266,ACC_001788,2409.43,UPI,fragmentation,Canara Bank,UPI_001953,Android,17.399472454251118,78.39168988299502,6.546955766666667,2
TXN_0000217,CASE_000064,2024-01-21 10:30:08.907205410,ACC_001266,ACC_001788,7311.45,UPI,fragmentation,Canara Bank,UPI_001952,Android,17.399472454251118,78.39168988299502,10.961785516666668,3
TXN_0000218,CASE_000064,2024-01-21 10:34:14.365807282,ACC_001266,ACC_001788,689.69,UPI,fragmentation,Canara Bank,UPI_001953,Android,17.399472454251118,78.39168988299502,4.090976683333333,4
TXN_0000219,CASE_000064,2024-01-21 10:40:01.809690644,ACC_001788,ACC_000309,9270.63,IMPS,mule_transfer,Canara Bank,UPI_000342,Desktop,,,5.790731383333334,5
TXN_0000220,CASE_000064,2024-01-21 10:46:45.865341190,ACC_000309,ACC_000782,9270.63,IMPS,mule_transfer,IDFC First Bank,UPI_000866,Desktop,,,6.734260833333334,6
TXN_0000221,CASE_000065,2025-05-27 09:40:11.410585872,ACC_000498,ACC_000480,2167.22,UPI,fragmentation,IndusInd Bank,UPI_000531,iOS,18.50337071440979,73.82751124539355,,1
TXN_0000222,CASE_000065,2025-05-27 09:55:45.814546655,ACC_000498,ACC_000480,50.0,IMPS,fragmentation,IndusInd Bank,UPI_000531,iOS,18.50337071440979,73.82751124539355,15.573399333333333,2
TXN_0000223,CASE_000065,2025-05-27 10:37:32.504404484,ACC_000480,ACC_000023,1238.08,UPI,mule_transfer,Kotak Mahindra Bank,UPI_000028,iOS,,,41.77816428333333,3
TXN_0000224,CASE_000065,2025-05-27 11:13:16.662851930,ACC_000023,ACC_000775,1238.08,IMPS,mule_transfer,SBI,UPI_000857,Android,,,35.73597411666666,4
TXN_0000225,CASE_000066,2024-02-19 17:39:30.405143370,ACC_000540,ACC_000524,5523.05,UPI,victim_debit,Bank of Baroda,UPI_000578,iOS,22.615090780168327,88.40460779640885,,1
TXN_0000226,CASE_000066,2024-02-19 17:41:55.962268663,ACC_000524,ACC_000091,5523.05,UPI,mule_transfer,Bank of Baroda,UPI_000102,iOS,,,2.4259520833333337,2
TXN_0000227,CASE_000067,2024-10-18 23:00:29.715551318,ACC_000912,ACC_001350,91174.56,UPI,victim_debit,Bank of Baroda,UPI_001473,Android,23.01481689306069,72.60126891283765,,1
TXN_0000228,CASE_000067,2024-10-18 23:49:16.605091051,ACC_001350,ACC_000052,91174.56,UPI,mule_transfer,IndusInd Bank,UPI_000058,Android,,,48.781492316666665,2
TXN_0000229,CASE_000068,2025-07-26 22:47:49.856592738,ACC_000131,ACC_000694,209.59,IMPS,fragmentation,ICICI Bank,UPI_000770,Android,17.386323742853026,78.50485571027744,,1
TXN_0000230,CASE_000068,2025-07-26 22:50:38.616528386,ACC_000131,ACC_000694,1425.32,UPI,fragmentation,ICICI Bank,UPI_000770,iOS,17.386323742853026,78.50485571027744,2.8126655833333336,2
TXN_0000231,CASE_000068,2025-07-26 22:52:10.527026120,ACC_000131,ACC_000694,1323.35,UPI,fragmentation,ICICI Bank,UPI_000770,Android,17.386323742853026,78.50485571027744,1.5318416166666668,3
TXN_0000232,CASE_000068,2025-07-26 22:53:17.553553514,ACC_000131,ACC_000694,814.69,UPI,fragmentation,ICICI Bank,UPI_000770,Android,17.386323742853026,78.50485571027744,1.1171087833333333,4
TXN_0000233,CASE_000068,2025-07-26 23:06:40.419926890,ACC_000694,ACC_000652,3772.95,UPI,mule_transfer,HDFC Bank,UPI_000723,Desktop,,,13.381106216666666,5
TXN_0000234,CASE_000069,2026-04-11 16:37:35.463452505,ACC_000758,ACC_000093,1793.04,NEFT,fragmentation,Yes Bank,UPI_000105,Android,17.336960742263695,78.50571147871777,,1
TXN_0000235,CASE_000069,2026-04-11 16:44:55.592565440,ACC_000758,ACC_000093,10546.57,IMPS,fragmentation,Yes Bank,UPI_000105,Android,17.336960742263695,78.50571147871777,7.3354852,2
TXN_0000236,CASE_000069,2026-04-11 16:46:20.064853753,ACC_000758,ACC_000093,2124.45,Net Banking,fragmentation,Yes Bank,UPI_000105,Desktop,17.336960742263695,78.50571147871777,1.4078714666666667,3
TXN_0000237,CASE_000069,2026-04-11 16:52:49.011283130,ACC_000093,ACC_001625,14464.06,UPI,mule_transfer,ICICI Bank,UPI_001777,Android,,,6.482440483333334,4
TXN_0000238,CASE_000070,2024-11-21 23:09:10.093387744,ACC_000804,ACC_000404,6494.34,UPI,fragmentation,SBI,UPI_000449,Android,21.094463551435226,79.02550133302321,,1
TXN_0000239,CASE_000070,2024-11-21 23:11:22.312138126,ACC_000804,ACC_000404,21629.64,UPI,fragmentation,SBI,UPI_000450,Android,21.094463551435226,79.02550133302321,2.2036458333333333,2
TXN_0000240,CASE_000070,2024-11-21 23:20:02.175313055,ACC_000804,ACC_000404,13379.11,IMPS,fragmentation,SBI,UPI_000450,Android,21.094463551435226,79.02550133302321,8.664386233333333,3
TXN_0000241,CASE_000070,2024-11-21 23:22:31.461959089,ACC_000804,ACC_000404,911.86,UPI,fragmentation,SBI,UPI_000449,iOS,21.094463551435226,79.02550133302321,2.4881107666666664,4
TXN_0000242,CASE_000070,2024-11-21 23:49:05.169540906,ACC_000404,ACC_000659,42414.95,Net Banking,mule_transfer,HDFC Bank,UPI_000731,iOS,,,26.561793016666666,5
TXN_0000243,CASE_000071,2026-02-22 12:14:04.257293848,ACC_001018,ACC_001117,8017.17,UPI,victim_debit,Bank of Baroda,UPI_001224,iOS,28.56945482334932,77.23150837605715,,1
TXN_0000244,CASE_000071,2026-02-22 12:22:10.341958737,ACC_001117,ACC_000652,8017.17,UPI,mule_transfer,HDFC Bank,UPI_000724,Android,,,8.101411066666666,2
TXN_0000245,CASE_000072,2026-04-16 15:51:50.806285370,ACC_001576,ACC_000753,26863.79,UPI,victim_debit,HDFC Bank,UPI_000832,Android,26.915232984904197,75.87981459702168,,1
TXN_0000246,CASE_000072,2026-04-16 15:59:49.275211227,ACC_000753,ACC_001690,22807.56,UPI,mule_transfer,Punjab National Bank,UPI_001846,Android,,,7.974482083333333,2
TXN_0000247,CASE_000072,2026-04-16 16:31:48.420061624,ACC_001690,ACC_000753,22807.56,UPI,mule_transfer,HDFC Bank,UPI_000832,Desktop,,,31.9857475,3
TXN_0000248,CASE_000073,2024-01-20 05:23:37.725728009,ACC_001664,ACC_000023,10291.49,Net Banking,victim_debit,Kotak Mahindra Bank,UPI_000028,Android,13.069347008627147,80.2319523577393,,1
TXN_0000249,CASE_000073,2024-01-20 05:27:02.119764753,ACC_000023,ACC_000775,9574.68,UPI,mule_transfer,SBI,UPI_000857,iOS,,,3.406567266666667,2
TXN_0000250,CASE_000073,2024-01-20 05:31:39.951036252,ACC_000775,ACC_000023,9574.68,IMPS,mule_transfer,Kotak Mahindra Bank,UPI_000028,Android,,,4.630521183333333,3
TXN_0000251,CASE_000074,2024-08-06 03:43:30.977665061,ACC_001722,ACC_001768,6757.22,UPI,victim_debit,Canara Bank,UPI_001932,Android,12.931293040811026,77.57032347220503,,1
TXN_0000252,CASE_000074,2024-08-06 03:49:33.822666955,ACC_001768,ACC_000819,6757.22,UPI,mule_transfer,HDFC Bank,UPI_000907,Android,,,6.047416683333334,2
TXN_0000253,CASE_000075,2025-10-08 16:46:52.771470638,ACC_000924,ACC_000782,11254.04,UPI,fragmentation,IDFC First Bank,UPI_000866,iOS,28.50783800012958,77.19426600802394,,1
TXN_0000254,CASE_000075,2025-10-08 16:50:19.975945915,ACC_000924,ACC_000782,768.3,UPI,fragmentation,IDFC First Bank,UPI_000866,Android,28.50783800012958,77.19426600802394,3.453407916666667,2
TXN_0000255,CASE_000075,2025-10-08 16:52:46.030009270,ACC_000924,ACC_000782,5385.31,IMPS,fragmentation,IDFC First Bank,UPI_000866,iOS,28.50783800012958,77.19426600802394,2.4342343833333335,3
TXN_0000256,CASE_000075,2025-10-08 16:56:20.944015536,ACC_000924,ACC_000782,1819.95,UPI,fragmentation,IDFC First Bank,UPI_000866,Android,28.50783800012958,77.19426600802394,3.5819001,4
TXN_0000257,CASE_000075,2025-10-08 17:02:40.803321164,ACC_000782,ACC_001592,12894.49,IMPS,mule_transfer,Union Bank of India,UPI_001737,iOS,,,6.330988416666667,5
TXN_0000258,CASE_000075,2025-10-08 17:27:00.521485740,ACC_001592,ACC_000820,10364.5,UPI,mule_transfer,ICICI Bank,UPI_000908,Android,,,24.328636066666665,6
TXN_0000259,CASE_000075,2025-10-08 17:55:32.715654448,ACC_000820,ACC_000309,10364.5,IMPS,mule_transfer,Canara Bank,UPI_000342,Android,,,28.536569466666666,7
TXN_0000260,CASE_000076,2025-11-20 11:56:34.096446795,ACC_001646,ACC_001300,188545.67,UPI,victim_debit,ICICI Bank,UPI_001418,Android,18.964179874932135,72.83558987417106,,1
TXN_0000261,CASE_000076,2025-11-20 12:04:57.620342174,ACC_001300,ACC_000011,188545.67,UPI,mule_transfer,Bank of Baroda,UPI_000013,Android,,,8.392064916666666,2
TXN_0000262,CASE_000077,2024-12-23 12:41:34.893820381,ACC_000965,ACC_000775,7198.12,UPI,victim_debit,SBI,UPI_000857,Android,19.225943420034046,73.02347003891131,,1
TXN_0000263,CASE_000077,2024-12-23 12:44:54.759098974,ACC_000775,ACC_000480,5099.05,UPI,mule_transfer,IndusInd Bank,UPI_000532,iOS,,,3.3310879666666664,2
TXN_0000264,CASE_000077,2024-12-23 13:46:12.540227091,ACC_000480,ACC_000775,5099.05,UPI,mule_transfer,SBI,UPI_000857,iOS,,,61.296352133333336,3
TXN_0000265,CASE_000078,2025-08-21 08:08:21.155536227,ACC_000936,ACC_000023,2831.13,UPI,victim_debit,Kotak Mahindra Bank,UPI_000028,iOS,19.000305661162983,72.9556832853077,,1
TXN_0000266,CASE_000078,2025-08-21 08:15:58.098771919,ACC_000023,ACC_000480,2831.13,IMPS,mule_transfer,IndusInd Bank,UPI_000532,iOS,,,7.615720583333333,2
TXN_0000267,CASE_000079,2025-07-11 16:21:38.817359160,ACC_000078,ACC_000775,1164.14,IMPS,fragmentation,SBI,UPI_000857,Android,28.58531663946632,77.236808694101,,1
TXN_0000268,CASE_000079,2025-07-11 16:23:59.012137832,ACC_000078,ACC_000775,712.28,UPI,fragmentation,SBI,UPI_000857,Android,28.58531663946632,77.236808694101,2.3365796333333337,2
TXN_0000269,CASE_000079,2025-07-11 17:11:01.378019761,ACC_000775,ACC_000480,1131.19,IMPS,mule_transfer,IndusInd Bank,UPI_000532,iOS,,,47.03943135,3
TXN_0000270,CASE_000079,2025-07-11 18:48:45.090746477,ACC_000480,ACC_000775,1131.19,IMPS,mule_transfer,SBI,UPI_000857,Android,,,97.72854543333332,4
TXN_0000271,CASE_000080,2025-11-04 22:59:52.669108399,ACC_000032,ACC_001300,25831.81,UPI,victim_debit,ICICI Bank,UPI_001418,Android,21.165485938168654,72.83694654569922,,1
TXN_0000272,CASE_000080,2025-11-04 23:11:06.166511065,ACC_001300,ACC_000011,25831.81,IMPS,mule_transfer,Bank of Baroda,UPI_000013,Android,,,11.2249567,2
TXN_0000273,CASE_000081,2025-10-16 18:04:29.206050330,ACC_000298,ACC_000533,26711.53,IMPS,victim_debit,Kotak Mahindra Bank,UPI_000588,iOS,13.030342954533632,77.67727929892304,,1
TXN_0000274,CASE_000081,2025-10-16 18:10:05.781454225,ACC_000533,ACC_000366,16574.33,UPI,mule_transfer,IDFC First Bank,UPI_000405,Android,,,5.6095900499999996,2
TXN_0000275,CASE_000081,2025-10-16 18:29:02.123818052,ACC_000366,ACC_000533,16574.33,NEFT,mule_transfer,Kotak Mahindra Bank,UPI_000588,Android,,,18.939039383333334,3
TXN_0000276,CASE_000082,2024-03-19 06:15:32.082175125,ACC_000741,ACC_001365,870.14,UPI,fragmentation,IndusInd Bank,UPI_001488,Android,18.50143856208833,73.84276984582779,,1
TXN_0000277,CASE_000082,2024-03-19 06:24:31.676446067,ACC_000741,ACC_001365,119.1,NEFT,fragmentation,IndusInd Bank,UPI_001488,Android,18.50143856208833,73.84276984582779,8.993237833333334,2
TXN_0000278,CASE_000082,2024-03-19 06:29:53.694120011,ACC_000741,ACC_001365,3308.72,UPI,fragmentation,IndusInd Bank,UPI_001488,Android,18.50143856208833,73.84276984582779,5.366961216666667,3
TXN_0000279,CASE_000082,2024-03-19 06:31:26.753311518,ACC_000741,ACC_001365,221.31,NEFT,fragmentation,IndusInd Bank,UPI_001488,Android,18.50143856208833,73.84276984582779,1.5509865166666665,4
TXN_0000280,CASE_000082,2024-03-19 06:33:53.303782215,ACC_001365,ACC_001238,4519.27,UPI,mule_transfer,SBI,UPI_001349,Android,,,2.442507833333333,5
TXN_0000281,CASE_000083,2024-05-24 04:10:36.914850316,ACC_000736,ACC_000267,1057.32,UPI,fragmentation,IDFC First Bank,UPI_000294,iOS,19.03003087222413,72.8411013030297,,1
TXN_0000282,CASE_000083,2024-05-24 04:14:10.465361912,ACC_000736,ACC_000267,426.82,IMPS,fragmentation,IDFC First Bank,UPI_000294,Desktop,19.03003087222413,72.8411013030297,3.559175183333333,2
TXN_0000283,CASE_000083,2024-05-24 04:16:43.714160094,ACC_000736,ACC_000267,297.13,NEFT,fragmentation,IDFC First Bank,UPI_000294,Android,19.03003087222413,72.8411013030297,2.554146633333333,3
TXN_0000284,CASE_000083,2024-05-24 04:22:42.269505074,ACC_000736,ACC_000267,160.94,UPI,fragmentation,IDFC First Bank,UPI_000294,Android,19.03003087222413,72.8411013030297,5.9759224,4
TXN_0000285,CASE_000083,2024-05-24 06:07:50.954019252,ACC_000267,ACC_000533,1532.94,UPI,mule_transfer,Kotak Mahindra Bank,UPI_000588,Android,,,105.1447419,5
TXN_0000286,CASE_000083,2024-05-24 07:04:32.346797551,ACC_000533,ACC_000267,1532.94,UPI,mule_transfer,IDFC First Bank,UPI_000294,Android,,,56.689879633333334,6
TXN_0000287,CASE_000084,2024-04-30 22:42:12.482503992,ACC_000806,ACC_001300,4182.27,UPI,victim_debit,ICICI Bank,UPI_001418,iOS,21.11042859922728,79.14771156165075,,1
TXN_0000288,CASE_000084,2024-04-30 23:01:52.406391841,ACC_001300,ACC_000011,4182.27,UPI,mule_transfer,Bank of Baroda,UPI_000013,iOS,,,19.665398116666665,2
TXN_0000289,CASE_000085,2026-04-29 12:24:30.627999985,ACC_000433,ACC_000139,15869.92,NEFT,victim_debit,Axis Bank,UPI_000156,Android,23.038371979741132,72.55051365848509,,1
TXN_0000290,CASE_000085,2026-04-29 12:43:20.499642620,ACC_000139,ACC_001308,10357.28,Net Banking,mule_transfer,IndusInd Bank,UPI_001428,iOS,,,18.831194033333336,2
TXN_0000291,CASE_000085,2026-04-29 13:14:58.448606512,ACC_001308,ACC_000139,10357.28,UPI,mule_transfer,Axis Bank,UPI_000155,Android,,,31.63248271666667,3
TXN_0000292,CASE_000086,2026-04-12 06:33:33.037288989,ACC_001641,ACC_001288,6211.41,IMPS,victim_debit,Kotak Mahindra Bank,UPI_001405,Android,28.621112536619496,77.19698505488256,,1
TXN_0000293,CASE_000086,2026-04-12 06:52:14.498704834,ACC_001288,ACC_000467,6211.41,UPI,mule_transfer,Axis Bank,UPI_000514,iOS,,,18.691023583333333,2
TXN_0000294,CASE_000087,2025-12-27 11:51:54.074436313,ACC_000219,ACC_000961,34311.81,UPI,victim_debit,ICICI Bank,UPI_001058,iOS,22.60901378548587,88.39613048552826,,1
TXN_0000295,CASE_000087,2025-12-27 12:24:03.407176231,ACC_000961,ACC_000190,34311.81,UPI,mule_transfer,HDFC Bank,UPI_000212,Desktop,,,32.15554565,2
TXN_0000296,CASE_000088,2024-04-16 09:36:37.916525012,ACC_000379,ACC_001507,4894.26,UPI,victim_debit,Punjab National Bank,UPI_001646,iOS,22.978937942124713,72.43983078675363,,1
TXN_0000297,CASE_000088,2024-04-16 09:58:06.420419922,ACC_001507,ACC_001647,4894.26,UPI,mule_transfer,Canara Bank,UPI_001801,iOS,,,21.4750649,2
TXN_0000298,CASE_000089,2025-06-07 04:30:22.280055271,ACC_000897,ACC_001308,27753.87,IMPS,victim_debit,IndusInd Bank,UPI_001427,Android,19.01069200944491,72.93211653408595,,1
TXN_0000299,CASE_000089,2025-06-07 05:09:30.603104710,ACC_001308,ACC_000139,19912.79,UPI,mule_transfer,Axis Bank,UPI_000156,Android,,,39.13871748333334,2
TXN_0000300,CASE_000089,2025-06-07 05:41:36.025945187,ACC_000139,ACC_001308,19912.79,UPI,mule_transfer,IndusInd Bank,UPI_001427,Android,,,32.09038066666667,3
TXN_0000301,CASE_000090,2024-06-19 13:59:38.763240440,ACC_001786,ACC_000023,5313.01,UPI,fragmentation,Kotak Mahindra Bank,UPI_000028,Desktop,17.436541840032724,78.48660323492726,,1
TXN_0000302,CASE_000090,2024-06-19 14:01:47.905664992,ACC_001786,ACC_000023,2021.16,UPI,fragmentation,Kotak Mahindra Bank,UPI_000028,Android,17.436541840032724,78.48660323492726,2.1523737333333335,2
TXN_0000303,CASE_000090,2024-06-19 14:08:39.332119879,ACC_001786,ACC_000023,6084.04,Net Banking,fragmentation,Kotak Mahindra Bank,UPI_000028,Android,17.436541840032724,78.48660323492726,6.8571075666666665,3
TXN_0000304,CASE_000090,2024-06-19 14:17:33.722305665,ACC_000023,ACC_000480,13418.22,Net Banking,mule_transfer,IndusInd Bank,UPI_000531,Desktop,,,8.906503083333332,4
TXN_0000305,CASE_000091,2024-12-01 14:43:39.617314892,ACC_000230,ACC_000068,11005.39,UPI,victim_debit,IndusInd Bank,UPI_000075,Desktop,21.171021795596356,72.83666947796189,,1
TXN_0000306,CASE_000091,2024-12-01 14:47:10.926624999,ACC_000068,ACC_000524,6445.25,Net Banking,mule_transfer,Bank of Baroda,UPI_000578,Android,,,3.5218218333333335,2
TXN_0000307,CASE_000091,2024-12-01 16:28:01.900550053,ACC_000524,ACC_000068,6445.25,UPI,mule_transfer,IndusInd Bank,UPI_000075,iOS,,,100.84956541666666,3
TXN_0000308,CASE_000092,2024-08-31 08:39:46.279544850,ACC_000900,ACC_001350,833.36,IMPS,fragmentation,Bank of Baroda,UPI_001473,Android,28.598437639068127,77.29970930838195,,1
TXN_0000309,CASE_000092,2024-08-31 08:45:23.908996559,ACC_000900,ACC_001350,3914.57,NEFT,fragmentation,Bank of Baroda,UPI_001473,iOS,28.598437639068127,77.29970930838195,5.627157516666667,2
TXN_0000310,CASE_000092,2024-08-31 08:48:17.883125747,ACC_000900,ACC_001350,5324.77,UPI,fragmentation,Bank of Baroda,UPI_001473,iOS,28.598437639068127,77.29970930838195,2.8995688166666667,3
TXN_0000311,CASE_000092,2024-08-31 08:53:40.598205394,ACC_000900,ACC_001350,1082.9,UPI,fragmentation,Bank of Baroda,UPI_001473,Android,28.598437639068127,77.29970930838195,5.37858465,4
TXN_0000312,CASE_000092,2024-08-31 09:02:24.954171243,ACC_001350,ACC_000052,11155.59,IMPS,mule_transfer,IndusInd Bank,UPI_000058,Android,,,8.739266083333332,5
TXN_0000313,CASE_000093,2026-01-25 04:29:25.321885543,ACC_001586,ACC_001308,30685.37,UPI,victim_debit,IndusInd Bank,UPI_001428,Android,19.064348523577912,72.88239343043173,,1
TXN_0000314,CASE_000093,2026-01-25 04:33:29.923704063,ACC_001308,ACC_000767,30685.37,UPI,mule_transfer,SBI,UPI_000849,Android,,,4.076696966666667,2
TXN_0000315,CASE_000094,2024-05-11 14:43:23.858070842,ACC_000312,ACC_000480,12591.24,NEFT,fragmentation,IndusInd Bank,UPI_000531,Android,26.83809848172223,81.02780612228494,,1
TXN_0000316,CASE_000094,2024-05-11 14:48:45.391212810,ACC_000312,ACC_000480,13962.03,IMPS,fragmentation,IndusInd Bank,UPI_000531,iOS,26.83809848172223,81.02780612228494,5.358885683333333,2
TXN_0000317,CASE_000094,2024-05-11 14:59:13.230266733,ACC_000312,ACC_000480,868.05,UPI,fragmentation,IndusInd Bank,UPI_000531,iOS,26.83809848172223,81.02780612228494,10.463984216666667,3
TXN_0000318,CASE_000094,2024-05-11 15:26:05.411255254,ACC_000480,ACC_000775,19909.61,UPI,mule_transfer,SBI,UPI_000857,Desktop,,,26.869683133333336,4
TXN_0000319,CASE_000094,2024-05-11 16:22:14.056132014,ACC_000775,ACC_000480,19909.61,IMPS,mule_transfer,IndusInd Bank,UPI_000531,Desktop,,,56.14408126666667,5
TXN_0000320,CASE_000095,2025-08-11 16:25:53.832278926,ACC_000377,ACC_000267,1834.4,UPI,fragmentation,IDFC First Bank,UPI_000294,iOS,26.876179273465233,75.6808288693607,,1
TXN_0000321,CASE_000095,2025-08-11 16:30:00.707649835,ACC_000377,ACC_000267,339.93,IMPS,fragmentation,IDFC First Bank,UPI_000294,Android,26.876179273465233,75.6808288693607,4.1145895,2
TXN_0000322,CASE_000095,2025-08-11 16:31:11.220992430,ACC_000377,ACC_000267,1137.33,IMPS,fragmentation,IDFC First Bank,UPI_000294,Android,26.876179273465233,75.6808288693607,1.1752223666666666,3
TXN_0000323,CASE_000095,2025-08-11 16:41:28.864821226,ACC_000267,ACC_000287,2761.82,UPI,mule_transfer,Punjab National Bank,UPI_000316,Android,,,10.2940638,4
TXN_0000324,CASE_000095,2025-08-11 17:16:08.138819899,ACC_000287,ACC_000533,2317.0,UPI,mule_transfer,Kotak Mahindra Bank,UPI_000588,Android,,,34.65456663333334,5
TXN_0000325,CASE_000095,2025-08-11 17:20:10.178905201,ACC_000533,ACC_001335,2317.0,IMPS,mule_transfer,Kotak Mahindra Bank,UPI_001457,Android,,,4.0340014166666665,6
TXN_0000326,CASE_000096,2026-06-15 09:31:52.826071120,ACC_001094,ACC_001117,10830.42,Net Banking,victim_debit,Bank of Baroda,UPI_001224,Android,12.914770090834251,77.60162946546691,,1
TXN_0000327,CASE_000096,2026-06-15 10:21:01.904950503,ACC_001117,ACC_000652,7460.85,UPI,mule_transfer,HDFC Bank,UPI_000723,iOS,,,49.15131465,2
TXN_0000328,CASE_000096,2026-06-15 10:50:15.653434007,ACC_000652,ACC_000694,7460.85,IMPS,mule_transfer,ICICI Bank,UPI_000770,Android,,,29.229141383333335,3
TXN_0000329,CASE_000097,2025-09-17 22:15:34.586134658,ACC_001095,ACC_001350,8675.68,IMPS,fragmentation,Bank of Baroda,UPI_001473,iOS,12.978962059751602,77.6354274533283,,1
TXN_0000330,CASE_000097,2025-09-17 22:18:57.763795726,ACC_001095,ACC_001350,4139.23,UPI,fragmentation,Bank of Baroda,UPI_001473,Android,12.978962059751602,77.6354274533283,3.38629435,2
TXN_0000331,CASE_000097,2025-09-17 22:24:20.314507242,ACC_001095,ACC_001350,4205.9,UPI,fragmentation,Bank of Baroda,UPI_001472,Desktop,12.978962059751602,77.6354274533283,5.375845183333333,3
TXN_0000332,CASE_000097,2025-09-17 22:28:17.047575999,ACC_001350,ACC_000052,17020.8,NEFT,mule_transfer,IndusInd Bank,UPI_000058,iOS,,,3.9455511333333333,4
TXN_0000333,CASE_000098,2024-03-13 05:40:45.728539644,ACC_000839,ACC_001335,78210.52,IMPS,victim_debit,Kotak Mahindra Bank,UPI_001457,Android,18.514001859769298,73.85642961793208,,1
TXN_0000334,CASE_000098,2024-03-13 05:43:06.082376586,ACC_001335,ACC_000533,78210.52,IMPS,mule_transfer,Kotak Mahindra Bank,UPI_000588,iOS,,,2.3392306,2
TXN_0000335,CASE_000099,2026-04-07 02:42:26.787637428,ACC_001529,ACC_000961,19300.39,UPI,victim_debit,ICICI Bank,UPI_001059,Android,23.025063625708505,72.56905968225412,,1
TXN_0000336,CASE_000099,2026-04-07 02:45:03.630012102,ACC_000961,ACC_000190,19300.39,UPI,mule_transfer,HDFC Bank,UPI_000211,Android,,,2.614039566666667,2
TXN_0000337,CASE_000100,2025-08-08 21:16:36.432807438,ACC_000463,ACC_000023,1978.62,Net Banking,victim_debit,Kotak Mahindra Bank,UPI_000028,Android,12.986897356184256,77.53706980052156,,1
TXN_0000338,CASE_000100,2025-08-08 21:40:02.622874706,ACC_000023,ACC_000775,1978.62,UPI,mule_transfer,SBI,UPI_000857,iOS,,,23.436501116666665,2
TXN_0000339,CASE_000101,2025-02-19 17:51:23.044700216,ACC_000791,ACC_000139,6859.54,UPI,victim_debit,Axis Bank,UPI_000155,Android,18.956632248914794,72.87862936937915,,1
TXN_0000340,CASE_000101,2025-02-19 18:50:42.103444110,ACC_000139,ACC_001308,6859.54,Net Banking,mule_transfer,IndusInd Bank,UPI_001427,iOS,,,59.31764571666667,2
TXN_0000341,CASE_000102,2025-08-23 23:42:12.962611302,ACC_000598,ACC_001690,4289.09,IMPS,fragmentation,Punjab National Bank,UPI_001846,Android,13.074800770527935,80.30357482128238,,1
TXN_0000342,CASE_000102,2025-08-23 23:49:33.349083149,ACC_000598,ACC_001690,676.98,UPI,fragmentation,Punjab National Bank,UPI_001846,iOS,13.074800770527935,80.30357482128238,7.339774516666666,2
TXN_0000343,CASE_000102,2025-08-24 00:00:47.069952848,ACC_001690,ACC_000932,3507.96,UPI,mule_transfer,Kotak Mahindra Bank,UPI_001027,Desktop,,,11.22868115,3
TXN_0000344,CASE_000102,2025-08-24 00:15:02.748648279,ACC_000932,ACC_000753,3507.96,Net Banking,mule_transfer,HDFC Bank,UPI_000833,Android,,,14.261311583333333,4
TXN_0000345,CASE_000103,2026-03-11 19:59:58.081440286,ACC_001275,ACC_000775,11079.14,UPI,victim_debit,SBI,UPI_000857,iOS,21.203279921648463,72.90634670827663,,1
TXN_0000346,CASE_000103,2026-03-11 20:42:54.881949863,ACC_000775,ACC_000023,8920.94,UPI,mule_transfer,Kotak Mahindra Bank,UPI_000028,Desktop,,,42.946675150000004,2
TXN_0000347,CASE_000103,2026-03-11 20:57:05.322195939,ACC_000023,ACC_000480,8920.94,UPI,mule_transfer,IndusInd Bank,UPI_000532,Android,,,14.1740041,3
TXN_0000348,CASE_000104,2025-03-10 16:19:00.397163513,ACC_000794,ACC_001293,8033.17,UPI,victim_debit,Union Bank of India,UPI_001410,Android,23.089263802802563,72.5018783962889,,1
TXN_0000349,CASE_000104,2025-03-10 16:36:39.674516630,ACC_001293,ACC_001349,6645.89,UPI,mule_transfer,Kotak Mahindra Bank,UPI_001471,Android,,,17.65462255,2
TXN_0000350,CASE_000104,2025-03-10 18:23:51.046071470,ACC_001349,ACC_001629,6645.89,IMPS,mule_transfer,SBI,UPI_001781,Android,,,107.1895259,3
TXN_0000351,CASE_000105,2025-04-29 01:22:08.850843368,ACC_000617,ACC_001308,689.0,IMPS,fragmentation,IndusInd Bank,UPI_001427,Desktop,18.518364058973678,73.84830087667031,,1
TXN_0000352,CASE_000105,2025-04-29 01:25:06.999655201,ACC_000617,ACC_001308,2657.42,UPI,fragmentation,IndusInd Bank,UPI_001427,iOS,18.518364058973678,73.84830087667031,2.96914685,2
TXN_0000353,CASE_000105,2025-04-29 01:27:31.882539712,ACC_000617,ACC_001308,2641.69,UPI,fragmentation,IndusInd Bank,UPI_001428,iOS,18.518364058973678,73.84830087667031,2.414714733333333,3
TXN_0000354,CASE_000105,2025-04-29 01:29:21.937604811,ACC_001308,ACC_000767,5988.1,UPI,mule_transfer,SBI,UPI_000849,Android,,,1.8342510833333334,4
TXN_0000355,CASE_000106,2025-02-16 04:32:32.944902487,ACC_000312,ACC_001625,381.63,Net Banking,fragmentation,ICICI Bank,UPI_001777,iOS,19.057401278015305,72.86811073272234,,1
TXN_0000356,CASE_000106,2025-02-16 04:33:52.804629105,ACC_000312,ACC_001625,200.64,UPI,fragmentation,ICICI Bank,UPI_001777,Android,19.057401278015305,72.86811073272234,1.3309954333333331,2
TXN_0000357,CASE_000106,2025-02-16 04:36:54.498519293,ACC_000312,ACC_001625,243.34,UPI,fragmentation,ICICI Bank,UPI_001777,Android,19.057401278015305,72.86811073272234,3.0282315,3
TXN_0000358,CASE_000106,2025-02-16 04:44:18.041716608,ACC_000312,ACC_001625,286.37,UPI,fragmentation,ICICI Bank,UPI_001777,Desktop,19.057401278015305,72.86811073272234,7.392386616666667,4
TXN_0000359,CASE_000106,2025-02-16 04:55:20.024061603,ACC_001625,ACC_001288,699.25,UPI,mule_transfer,Kotak Mahindra Bank,UPI_001405,iOS,,,11.033039066666667,5
TXN_0000360,CASE_000106,2025-02-16 05:18:37.951709554,ACC_001288,ACC_000467,699.25,Net Banking,mule_transfer,Axis Bank,UPI_000514,Android,,,23.298794116666667,6
TXN_0000361,CASE_000107,2024-03-07 04:19:50.523726991,ACC_001030,ACC_000267,1319.34,UPI,victim_debit,IDFC First Bank,UPI_000294,Android,21.202724772076753,72.79811281135771,,1
TXN_0000362,CASE_000107,2024-03-07 05:00:12.737568193,ACC_000267,ACC_001335,741.57,Net Banking,mule_transfer,Kotak Mahindra Bank,UPI_001457,Android,,,40.37023068333333,2
TXN_0000363,CASE_000107,2024-03-07 05:06:46.597652534,ACC_001335,ACC_000287,607.07,IMPS,mule_transfer,Punjab National Bank,UPI_000315,Android,,,6.564334733333333,3
TXN_0000364,CASE_000107,2024-03-07 06:56:11.573223070,ACC_000287,ACC_001335,607.07,UPI,mule_transfer,Kotak Mahindra Bank,UPI_001457,Android,,,109.4162595,4
TXN_0000365,CASE_000108,2025-12-18 00:58:02.605798846,ACC_000471,ACC_000480,458.86,UPI,victim_debit,IndusInd Bank,UPI_000531,iOS,26.9120483463179,81.01645797437197,,1
TXN_0000366,CASE_000108,2025-12-18 01:15:48.666523151,ACC_000480,ACC_000775,286.58,UPI,mule_transfer,SBI,UPI_000857,Android,,,17.767678733333334,2
TXN_0000367,CASE_000108,2025-12-18 01:20:19.400333499,ACC_000775,ACC_000480,286.58,UPI,mule_transfer,IndusInd Bank,UPI_000531,iOS,,,4.512230166666667,3
TXN_0000368,CASE_000109,2024-04-25 04:36:12.634263946,ACC_001493,ACC_000533,7007.0,UPI,victim_debit,Kotak Mahindra Bank,UPI_000588,Android,12.94718159612019,77.53911298733615,,1
TXN_0000369,CASE_000109,2024-04-25 05:21:12.008851477,ACC_000533,ACC_000267,7007.0,IMPS,mule_transfer,IDFC First Bank,UPI_000294,Desktop,,,44.989576449999994,2
TXN_0000370,CASE_000110,2024-12-25 11:35:17.800955223,ACC_000755,ACC_001300,222089.32,Net Banking,victim_debit,ICICI Bank,UPI_001418,iOS,17.405600238582245,78.58839912404697,,1
TXN_0000371,CASE_000110,2024-12-25 12:57:24.251694770,ACC_001300,ACC_000011,222089.32,UPI,mule_transfer,Bank of Baroda,UPI_000013,Android,,,82.10751231666667,2
TXN_0000372,CASE_000111,2024-12-18 10:04:37.601605926,ACC_001441,ACC_000659,54394.48,IMPS,victim_debit,HDFC Bank,UPI_000731,Android,28.699074683195906,77.30077688624206,,1
TXN_0000373,CASE_000111,2024-12-18 11:44:21.217037469,ACC_000659,ACC_000404,54394.48,UPI,mule_transfer,SBI,UPI_000449,Android,,,99.72692385,2
TXN_0000374,CASE_000112,2024-09-12 03:43:40.339203209,ACC_000791,ACC_000052,2251.97,IMPS,victim_debit,IndusInd Bank,UPI_000058,iOS,28.51380063218034,77.23403040341319,,1
TXN_0000375,CASE_000112,2024-09-12 04:43:25.537674057,ACC_000052,ACC_001350,2251.97,UPI,mule_transfer,Bank of Baroda,UPI_001473,Android,,,59.75330783333333,2
TXN_0000376,CASE_000113,2025-01-01 16:57:25.167387781,ACC_000363,ACC_000267,3498.89,UPI,fragmentation,IDFC First Bank,UPI_000294,Android,18.97409770252685,72.96991533591279,,1
TXN_0000377,CASE_000113,2025-01-01 16:59:35.673041228,ACC_000363,ACC_000267,2572.58,NEFT,fragmentation,IDFC First Bank,UPI_000294,Android,18.97409770252685,72.96991533591279,2.1750942166666665,2
TXN_0000378,CASE_000113,2025-01-01 17:04:03.758202842,ACC_000363,ACC_000267,1466.66,UPI,fragmentation,IDFC First Bank,UPI_000294,Android,18.97409770252685,72.96991533591279,4.468086016666667,3
TXN_0000379,CASE_000113,2025-01-01 17:37:37.157710126,ACC_000267,ACC_000287,5209.59,UPI,mule_transfer,Punjab National Bank,UPI_000315,iOS,,,33.55665845,4
TXN_0000380,CASE_000113,2025-01-01 18:01:04.411735775,ACC_000287,ACC_000366,5209.59,UPI,mule_transfer,IDFC First Bank,UPI_000405,Android,,,23.45423375,5
TXN_0000381,CASE_000114,2025-07-17 00:22:19.362932731,ACC_001403,ACC_000011,808.85,UPI,victim_debit,Bank of Baroda,UPI_000013,Android,19.171056195721597,72.83873324360752,,1
TXN_0000382,CASE_000114,2025-07-17 00:30:23.116940192,ACC_000011,ACC_001300,808.85,UPI,mule_transfer,ICICI Bank,UPI_001419,Android,,,8.062566783333333,2
TXN_0000383,CASE_000115,2024-10-10 16:37:13.300786061,ACC_001176,ACC_001117,6855.74,Net Banking,victim_debit,Bank of Baroda,UPI_001224,Android,18.468777708640275,73.96526325671513,,1
TXN_0000384,CASE_000115,2024-10-10 16:53:46.380420304,ACC_001117,ACC_000880,6855.74,NEFT,mule_transfer,SBI,UPI_000972,Desktop,,,16.551327233333335,2
TXN_0000385,CASE_000116,2024-06-06 04:33:10.142994677,ACC_000528,ACC_000819,2143.95,IMPS,victim_debit,HDFC Bank,UPI_000907,Android,23.067108560342636,72.45920563363943,,1
TXN_0000386,CASE_000116,2024-06-06 04:50:43.311244487,ACC_000819,ACC_001296,1718.35,IMPS,mule_transfer,SBI,UPI_001414,Android,,,17.55280415,2
TXN_0000387,CASE_000116,2024-06-06 04:52:14.501131508,ACC_001296,ACC_001768,1718.35,UPI,mule_transfer,Canara Bank,UPI_001932,Desktop,,,1.51983145,3
TXN_0000388,CASE_000117,2026-03-03 00:20:03.224101854,ACC_000490,ACC_001288,4749.16,UPI,victim_debit,Kotak Mahindra Bank,UPI_001405,Android,19.217572684245066,72.87359414035149,,1
TXN_0000389,CASE_000117,2026-03-03 00:27:56.015131799,ACC_001288,ACC_000093,4749.16,IMPS,mule_transfer,Yes Bank,UPI_000105,iOS,,,7.879850483333333,2
TXN_0000390,CASE_000118,2026-06-03 10:25:54.912442932,ACC_001635,ACC_001308,723.36,UPI,fragmentation,IndusInd Bank,UPI_001427,Android,18.466967111312712,73.757291441198,,1
TXN_0000391,CASE_000118,2026-06-03 10:34:17.502661760,ACC_001635,ACC_001308,794.33,IMPS,fragmentation,IndusInd Bank,UPI_001428,Android,18.466967111312712,73.757291441198,8.376503633333334,2
TXN_0000392,CASE_000118,2026-06-03 10:35:36.926038913,ACC_001635,ACC_001308,3585.42,UPI,fragmentation,IndusInd Bank,UPI_001428,Android,18.466967111312712,73.757291441198,1.32372295,3
TXN_0000393,CASE_000118,2026-06-03 10:47:32.632270103,ACC_001308,ACC_000767,3227.53,Net Banking,mule_transfer,SBI,UPI_000849,Desktop,,,11.928437183333333,4
TXN_0000394,CASE_000118,2026-06-03 11:07:39.980584222,ACC_000767,ACC_001308,3227.53,NEFT,mule_transfer,IndusInd Bank,UPI_001428,Android,,,20.1224719,5
TXN_0000395,CASE_000119,2025-02-21 19:25:03.349987350,ACC_001264,ACC_000767,9797.58,IMPS,victim_debit,SBI,UPI_000849,Android,13.082437783125087,77.53244293955306,,1
TXN_0000396,CASE_000119,2025-02-21 19:28:17.503781389,ACC_000767,ACC_001308,6716.64,NEFT,mule_transfer,IndusInd Bank,UPI_001428,Android,,,3.235896566666667,2
TXN_0000397,CASE_000119,2025-02-21 19:48:37.104606525,ACC_001308,ACC_000767,6716.64,UPI,mule_transfer,SBI,UPI_000849,Android,,,20.326680416666665,3
TXN_0000398,CASE_000120,2024-10-24 22:36:24.681821365,ACC_000321,ACC_000533,1822.26,UPI,fragmentation,Kotak Mahindra Bank,UPI_000588,Android,18.466632913449892,73.89373122460525,,1
TXN_0000399,CASE_000120,2024-10-24 22:39:35.355336476,ACC_000321,ACC_000533,1594.96,UPI,fragmentation,Kotak Mahindra Bank,UPI_000588,Android,18.466632913449892,73.89373122460525,3.177891916666667,2
TXN_0000400,CASE_000120,2024-10-24 22:43:26.880659444,ACC_000321,ACC_000533,10338.29,UPI,fragmentation,Kotak Mahindra Bank,UPI_000588,Android,18.466632913449892,73.89373122460525,3.8587553666666663,3
TXN_0000401,CASE_000120,2024-10-24 23:12:54.391268763,ACC_000533,ACC_000287,8503.5,UPI,mule_transfer,Punjab National Bank,UPI_000316,Desktop,,,29.45851015,4
TXN_0000402,CASE_000120,2024-10-24 23:51:31.910738458,ACC_000287,ACC_000533,4994.51,Net Banking,mule_transfer,Kotak Mahindra Bank,UPI_000588,Desktop,,,38.62532448333333,5
TXN_0000403,CASE_000120,2024-10-25 00:20:00.128378555,ACC_000533,ACC_001335,4994.51,UPI,mule_transfer,Kotak Mahindra Bank,UPI_001457,iOS,,,28.470294000000003,6
TXN_0000404,CASE_000121,2024-02-13 06:45:01.436686365,ACC_001644,ACC_000093,392.87,Net Banking,fragmentation,Yes Bank,UPI_000105,Desktop,19.151953110242594,73.03647114759328,,1
TXN_0000405,CASE_000121,2024-02-13 06:46:04.830483375,ACC_001644,ACC_000093,4974.05,UPI,fragmentation,Yes Bank,UPI_000105,Android,19.151953110242594,73.03647114759328,1.0565632833333334,2
TXN_0000406,CASE_000121,2024-02-13 09:00:37.415285924,ACC_000093,ACC_001288,4920.88,UPI,mule_transfer,Kotak Mahindra Bank,UPI_001405,Android,,,134.54308003333333,3
TXN_0000407,CASE_000121,2024-02-13 09:03:03.885395275,ACC_001288,ACC_001625,4920.88,UPI,mule_transfer,ICICI Bank,UPI_001777,Android,,,2.4411684833333336,4
TXN_0000408,CASE_000122,2024-02-03 14:14:38.305078803,ACC_001303,ACC_000775,1202.67,UPI,fragmentation,SBI,UPI_000857,iOS,13.008535873549366,77.65511905765773,,1
TXN_0000409,CASE_000122,2024-02-03 14:22:09.309015047,ACC_001303,ACC_000775,4642.71,UPI,fragmentation,SBI,UPI_000857,iOS,13.008535873549366,77.65511905765773,7.516732266666667,2
TXN_0000410,CASE_000122,2024-02-03 14:24:41.231146796,ACC_001303,ACC_000775,2865.56,IMPS,fragmentation,SBI,UPI_000857,Android,13.008535873549366,77.65511905765773,2.532035516666667,3
TXN_0000411,CASE_000122,2024-02-03 14:28:07.338885265,ACC_001303,ACC_000775,1676.91,UPI,fragmentation,SBI,UPI_000857,Android,13.008535873549366,77.65511905765773,3.435128966666667,4
TXN_0000412,CASE_000122,2024-02-03 15:19:14.470194578,ACC_000775,ACC_000023,10387.85,UPI,mule_transfer,Kotak Mahindra Bank,UPI_000028,Android,,,51.118855149999995,5
TXN_0000413,CASE_000123,2024-12-23 22:31:47.856788979,ACC_000131,ACC_001133,942.77,NEFT,fragmentation,Kotak Mahindra Bank,UPI_001240,iOS,28.5953655686369,77.3382925615611,,1
TXN_0000414,CASE_000123,2024-12-23 22:35:16.327607809,ACC_000131,ACC_001133,1971.11,UPI,fragmentation,Kotak Mahindra Bank,UPI_001240,iOS,28.5953655686369,77.3382925615611,3.4745136333333333,2
TXN_0000415,CASE_000123,2024-12-23 22:38:34.343933594,ACC_000131,ACC_001133,101.27,UPI,fragmentation,Kotak Mahindra Bank,UPI_001240,Android,28.5953655686369,77.3382925615611,3.300272083333333,3
TXN_0000416,CASE_000123,2024-12-23 22:42:12.376040939,ACC_000131,ACC_001133,1203.34,UPI,fragmentation,Kotak Mahindra Bank,UPI_001240,Android,28.5953655686369,77.3382925615611,3.63386845,4
TXN_0000417,CASE_000123,2024-12-23 22:46:39.212286031,ACC_001133,ACC_001065,3807.68,UPI,mule_transfer,Axis Bank,UPI_001170,iOS,,,4.44727075,5
TXN_0000418,CASE_000123,2024-12-23 23:02:22.975638275,ACC_001065,ACC_001150,3329.12,UPI,mule_transfer,ICICI Bank,UPI_001258,Android,,,15.729389200000002,6
TXN_0000419,CASE_000123,2024-12-23 23:07:18.963384476,ACC_001150,ACC_000342,3329.12,UPI,mule_transfer,IndusInd Bank,UPI_000379,iOS,,,4.9331291,7
TXN_0000420,CASE_000124,2026-04-27 11:24:56.975580185,ACC_000689,ACC_001300,401.53,UPI,fragmentation,ICICI Bank,UPI_001419,Desktop,17.427436832212766,78.44482388585742,,1
TXN_0000421,CASE_000124,2026-04-27 11:26:23.001630146,ACC_000689,ACC_001300,1114.99,UPI,fragmentation,ICICI Bank,UPI_001419,Android,17.427436832212766,78.44482388585742,1.4337674833333334,2
TXN_0000422,CASE_000124,2026-04-27 11:31:16.615423373,ACC_000689,ACC_001300,477.12,UPI,fragmentation,ICICI Bank,UPI_001419,Android,17.427436832212766,78.44482388585742,4.893563216666666,3
TXN_0000423,CASE_000124,2026-04-27 11:38:26.507063240,ACC_001300,ACC_000011,1993.64,UPI,mule_transfer,Bank of Baroda,UPI_000013,Android,,,7.16486065,4
TXN_0000424,CASE_000125,2025-10-27 17:04:35.972009852,ACC_000377,ACC_000378,1497.85,UPI,victim_debit,Canara Bank,UPI_000421,Android,26.73735802030772,80.96609813099356,,1
TXN_0000425,CASE_000125,2025-10-27 17:30:00.279269748,ACC_000378,ACC_000709,1039.09,UPI,mule_transfer,SBI,UPI_000785,iOS,,,25.405120983333333,2
TXN_0000426,CASE_000125,2025-10-27 18:11:57.369561891,ACC_000709,ACC_001085,1039.09,NEFT,mule_transfer,Axis Bank,UPI_001191,Android,,,41.95150486666667,3
TXN_0000427,CASE_000126,2024-11-14 04:53:17.991776124,ACC_000368,ACC_000023,4024.24,Net Banking,fragmentation,Kotak Mahindra Bank,UPI_000028,Android,19.159646082897936,73.07416306486536,,1
TXN_0000428,CASE_000126,2024-11-14 04:54:44.131704934,ACC_000368,ACC_000023,5423.71,Net Banking,fragmentation,Kotak Mahindra Bank,UPI_000028,iOS,19.159646082897936,73.07416306486536,1.4356654666666666,2
TXN_0000429,CASE_000126,2024-11-14 04:56:21.459575293,ACC_000368,ACC_000023,3960.47,NEFT,fragmentation,Kotak Mahindra Bank,UPI_000028,iOS,19.159646082897936,73.07416306486536,1.6221311666666667,3
TXN_0000430,CASE_000126,2024-11-14 05:44:15.848239232,ACC_000023,ACC_000480,9953.99,UPI,mule_transfer,IndusInd Bank,UPI_000532,Android,,,47.90647771666667,4
TXN_0000431,CASE_000126,2024-11-14 05:57:03.481357920,ACC_000480,ACC_000775,9953.99,UPI,mule_transfer,SBI,UPI_000857,Android,,,12.7938853,5
TXN_0000432,CASE_000127,2026-05-31 22:11:03.012955983,ACC_000257,ACC_000287,3251.09,UPI,fragmentation,Punjab National Bank,UPI_000315,Android,26.874168217343193,81.08859701665261,,1
TXN_0000433,CASE_000127,2026-05-31 22:23:36.576906094,ACC_000257,ACC_000287,50.0,UPI,fragmentation,Punjab National Bank,UPI_000316,iOS,26.874168217343193,81.08859701665261,12.559399166666667,2
TXN_0000434,CASE_000127,2026-05-31 22:27:21.892553879,ACC_000257,ACC_000287,978.12,IMPS,fragmentation,Punjab National Bank,UPI_000316,Android,26.874168217343193,81.08859701665261,3.7552607833333336,3
TXN_0000435,CASE_000127,2026-05-31 22:38:27.891073030,ACC_000287,ACC_000533,4263.68,UPI,mule_transfer,Kotak Mahindra Bank,UPI_000588,iOS,,,11.099975316666667,4
TXN_0000436,CASE_000128,2025-01-25 14:54:08.884507628,ACC_001077,ACC_001267,117.4,UPI,fragmentation,ICICI Bank,UPI_001383,iOS,26.81321214567371,80.94975739611206,,1
TXN_0000437,CASE_000128,2025-01-25 15:01:03.754338778,ACC_001077,ACC_001267,224.34,UPI,fragmentation,ICICI Bank,UPI_001383,Desktop,26.81321214567371,80.94975739611206,6.914497183333333,2
TXN_0000438,CASE_000128,2025-01-25 15:08:18.619839569,ACC_001077,ACC_001267,171.32,IMPS,fragmentation,ICICI Bank,UPI_001383,iOS,26.81321214567371,80.94975739611206,7.2477583333333335,3
TXN_0000439,CASE_000128,2025-01-25 15:09:29.017290656,ACC_001077,ACC_001267,359.33,NEFT,fragmentation,ICICI Bank,UPI_001383,iOS,26.81321214567371,80.94975739611206,1.17329085,4
TXN_0000440,CASE_000128,2025-01-25 15:52:10.298364028,ACC_001267,ACC_001050,872.39,UPI,mule_transfer,Punjab National Bank,UPI_001155,Desktop,,,42.68801788333334,5
TXN_0000441,CASE_000129,2024-09-09 04:20:44.280928352,ACC_001245,ACC_001046,24416.28,UPI,victim_debit,IDFC First Bank,UPI_001151,iOS,23.00256164254337,72.46948365989486,,1
TXN_0000442,CASE_000129,2024-09-09 06:56:32.804834503,ACC_001046,ACC_000309,20506.22,Net Banking,mule_transfer,Canara Bank,UPI_000342,iOS,,,155.80873176666668,2
TXN_0000443,CASE_000129,2024-09-09 07:52:44.342633909,ACC_000309,ACC_001046,15522.54,NEFT,mule_transfer,IDFC First Bank,UPI_001151,iOS,,,56.19229665,3
TXN_0000444,CASE_000129,2024-09-09 07:54:57.413515144,ACC_001046,ACC_001592,15522.54,UPI,mule_transfer,Union Bank of India,UPI_001738,iOS,,,2.2178480166666668,4
TXN_0000445,CASE_000130,2025-01-23 10:25:16.501976716,ACC_000216,ACC_000404,1669.26,Net Banking,fragmentation,SBI,UPI_000449,iOS,17.36162694050958,78.591046889978,,1
TXN_0000446,CASE_000130,2025-01-23 10:26:51.599793176,ACC_000216,ACC_000404,238.42,UPI,fragmentation,SBI,UPI_000449,iOS,17.36162694050958,78.591046889978,1.5849635999999998,2
TXN_0000447,CASE_000130,2025-01-23 10:31:53.802105378,ACC_000216,ACC_000404,50.0,NEFT,fragmentation,SBI,UPI_000450,iOS,17.36162694050958,78.591046889978,5.0367052,3
TXN_0000448,CASE_000130,2025-01-23 10:45:41.492471885,ACC_000404,ACC_000659,1922.49,UPI,mule_transfer,HDFC Bank,UPI_000731,Android,,,13.794839433333333,4
TXN_0000449,CASE_000131,2024-07-11 17:37:10.412457384,ACC_001517,ACC_000767,62178.69,UPI,victim_debit,SBI,UPI_000849,Android,17.39113203412414,78.35427521042804,,1
TXN_0000450,CASE_000131,2024-07-11 17:43:03.217226471,ACC_000767,ACC_000139,62178.69,UPI,mule_transfer,Axis Bank,UPI_000155,iOS,,,5.880079483333334,2
TXN_0000451,CASE_000132,2026-03-17 21:13:00.359655969,ACC_001646,ACC_000023,7334.01,UPI,victim_debit,Kotak Mahindra Bank,UPI_000028,Android,17.3009866996933,78.39320255377956,,1
TXN_0000452,CASE_000132,2026-03-17 21:54:16.962758108,ACC_000023,ACC_000775,5642.11,IMPS,mule_transfer,SBI,UPI_000857,iOS,,,41.276718366666664,2
TXN_0000453,CASE_000132,2026-03-17 22:26:19.618788472,ACC_000775,ACC_000480,5642.11,NEFT,mule_transfer,IndusInd Bank,UPI_000531,iOS,,,32.04426716666667,3
TXN_0000454,CASE_000133,2024-11-25 01:16:41.066521391,ACC_000114,ACC_000093,19780.1,IMPS,victim_debit,Yes Bank,UPI_000105,Android,13.100822454378967,80.19333704576455,,1
TXN_0000455,CASE_000133,2024-11-25 01:24:21.225469511,ACC_000093,ACC_000467,16090.54,UPI,mule_transfer,Axis Bank,UPI_000515,iOS,,,7.669315800000001,2
TXN_0000456,CASE_000133,2024-11-25 01:40:38.573442443,ACC_000467,ACC_000093,13126.63,UPI,mule_transfer,Yes Bank,UPI_000105,Android,,,16.289132866666666,3
TXN_0000457,CASE_000133,2024-11-25 02:11:53.236002313,ACC_000093,ACC_001288,13126.63,Net Banking,mule_transfer,Kotak Mahindra Bank,UPI_001405,iOS,,,31.244375983333335,4
TXN_0000458,CASE_000134,2025-08-22 10:03:34.834564805,ACC_001187,ACC_000961,5336.67,UPI,fragmentation,ICICI Bank,UPI_001059,Android,19.075552695289286,72.96051010887646,,1
TXN_0000459,CASE_000134,2025-08-22 10:16:38.072263397,ACC_001187,ACC_000961,1451.07,IMPS,fragmentation,ICICI Bank,UPI_001059,iOS,19.075552695289286,72.96051010887646,13.053961633333333,2
TXN_0000460,CASE_000134,2025-08-22 10:21:44.117269661,ACC_001187,ACC_000961,2715.44,UPI,fragmentation,ICICI Bank,UPI_001058,Android,19.075552695289286,72.96051010887646,5.1007501,3
TXN_0000461,CASE_000134,2025-08-22 10:25:34.607486527,ACC_001187,ACC_000961,15874.35,UPI,fragmentation,ICICI Bank,UPI_001059,iOS,19.075552695289286,72.96051010887646,3.8415036000000002,4
TXN_0000462,CASE_000134,2025-08-22 10:51:53.388553873,ACC_000961,ACC_000190,25377.53,IMPS,mule_transfer,HDFC Bank,UPI_000212,Android,,,26.313017783333333,5
TXN_0000463,CASE_000135,2024-12-20 10:39:12.564631966,ACC_000124,ACC_001300,753.64,Net Banking,fragmentation,ICICI Bank,UPI_001419,iOS,21.154831278119573,72.81332074428995,,1
TXN_0000464,CASE_000135,2024-12-20 10:46:05.863936685,ACC_000124,ACC_001300,675.19,UPI,fragmentation,ICICI Bank,UPI_001418,Android,21.154831278119573,72.81332074428995,6.888321733333333,2
TXN_0000465,CASE_000135,2024-12-20 10:48:18.145424066,ACC_000124,ACC_001300,1048.06,Net Banking,fragmentation,ICICI Bank,UPI_001418,Desktop,21.154831278119573,72.81332074428995,2.20469145,3
TXN_0000466,CASE_000135,2024-12-20 11:02:23.280354532,ACC_000124,ACC_001300,366.68,IMPS,fragmentation,ICICI Bank,UPI_001419,Android,21.154831278119573,72.81332074428995,14.085582166666667,4
TXN_0000467,CASE_000135,2024-12-20 11:05:22.856677268,ACC_001300,ACC_000011,2843.56,NEFT,mule_transfer,Bank of Baroda,UPI_000013,Android,,,2.9929387000000003,5
TXN_0000468,CASE_000136,2026-04-01 12:14:51.385485611,ACC_000405,ACC_001350,7227.07,UPI,victim_debit,Bank of Baroda,UPI_001472,Android,17.459919024123238,78.60026519005548,,1
TXN_0000469,CASE_000136,2026-04-01 13:29:57.283052322,ACC_001350,ACC_000052,7227.07,IMPS,mule_transfer,IndusInd Bank,UPI_000058,Android,,,75.09829276666666,2
TXN_0000470,CASE_000137,2025-08-08 05:40:26.481364719,ACC_001312,ACC_000820,5678.11,UPI,fragmentation,ICICI Bank,UPI_000908,iOS,22.550006035217297,88.39208051654116,,1
TXN_0000471,CASE_000137,2025-08-08 05:49:00.377121436,ACC_001312,ACC_000820,1240.61,UPI,fragmentation,ICICI Bank,UPI_000908,iOS,22.550006035217297,88.39208051654116,8.564929266666667,2
TXN_0000472,CASE_000137,2025-08-08 05:51:03.074232611,ACC_001312,ACC_000820,3416.43,IMPS,fragmentation,ICICI Bank,UPI_000908,Android,22.550006035217297,88.39208051654116,2.04495185,3
TXN_0000473,CASE_000137,2025-08-08 05:52:42.975943355,ACC_000820,ACC_001592,10335.15,UPI,mule_transfer,Union Bank of India,UPI_001738,Android,,,1.6650284999999998,4
TXN_0000474,CASE_000138,2025-03-20 19:43:22.847408874,ACC_001464,ACC_001768,6551.17,IMPS,victim_debit,Canara Bank,UPI_001932,Android,28.598190428532043,77.09888173067661,,1
TXN_0000475,CASE_000138,2025-03-20 20:24:27.519924797,ACC_001768,ACC_001296,3853.33,NEFT,mule_transfer,SBI,UPI_001414,Android,,,41.077875250000005,2
TXN_0000476,CASE_000138,2025-03-20 20:27:13.946152834,ACC_001296,ACC_001768,3853.33,Net Banking,mule_transfer,Canara Bank,UPI_001932,Android,,,2.773770466666667,3
TXN_0000477,CASE_000139,2024-04-30 10:19:49.399223123,ACC_001148,ACC_001647,8634.05,IMPS,victim_debit,Canara Bank,UPI_001801,Android,19.003209704200238,72.79393981648896,,1
TXN_0000478,CASE_000139,2024-04-30 11:20:25.377326505,ACC_001647,ACC_001507,8634.05,UPI,mule_transfer,Punjab National Bank,UPI_001646,Android,,,60.599635049999996,2
TXN_0000479,CASE_000140,2026-04-01 15:35:42.127205680,ACC_001163,ACC_000767,7072.37,Net Banking,victim_debit,SBI,UPI_000849,Android,12.99429209943247,77.65118055892438,,1
TXN_0000480,CASE_000140,2026-04-01 15:37:56.373941003,ACC_000767,ACC_000139,4558.75,Net Banking,mule_transfer,Axis Bank,UPI_000156,iOS,,,2.2374455833333333,2
TXN_0000481,CASE_000140,2026-04-01 16:18:27.658671459,ACC_000139,ACC_000767,4558.75,UPI,mule_transfer,SBI,UPI_000849,iOS,,,40.521412166666664,3
TXN_0000482,CASE_000141,2025-05-13 04:21:16.389378494,ACC_000559,ACC_000467,4250.56,IMPS,fragmentation,Axis Bank,UPI_000514,Android,12.989561911463719,77.57184076487813,,1
TXN_0000483,CASE_000141,2025-05-13 04:26:15.235245904,ACC_000559,ACC_000467,7353.83,NEFT,fragmentation,Axis Bank,UPI_000515,Android,12.989561911463719,77.57184076487813,4.98076445,2
TXN_0000484,CASE_000141,2025-05-13 04:31:33.116700916,ACC_000467,ACC_001288,6806.89,NEFT,mule_transfer,Kotak Mahindra Bank,UPI_001405,Android,,,5.29802425,3
TXN_0000485,CASE_000141,2025-05-13 05:18:09.778550029,ACC_001288,ACC_001625,6806.89,UPI,mule_transfer,ICICI Bank,UPI_001777,Android,,,46.61103081666667,4
TXN_0000486,CASE_000142,2024-09-16 16:35:33.420481219,ACC_001147,ACC_000782,184.44,UPI,fragmentation,IDFC First Bank,UPI_000866,Android,28.638013895883017,77.21856904310934,,1
TXN_0000487,CASE_000142,2024-09-16 16:40:03.454316996,ACC_001147,ACC_000782,1405.75,IMPS,fragmentation,IDFC First Bank,UPI_000866,iOS,28.638013895883017,77.21856904310934,4.500563916666667,2
TXN_0000488,CASE_000142,2024-09-16 16:41:29.398638773,ACC_001147,ACC_000782,377.75,Net Banking,fragmentation,IDFC First Bank,UPI_000866,iOS,28.638013895883017,77.21856904310934,1.43240535,3
TXN_0000489,CASE_000142,2024-09-16 16:47:16.853746424,ACC_001147,ACC_000782,1792.66,UPI,fragmentation,IDFC First Bank,UPI_000866,Android,28.638013895883017,77.21856904310934,5.79091845,4
TXN_0000490,CASE_000142,2024-09-16 17:24:06.393115162,ACC_000782,ACC_000820,3471.23,UPI,mule_transfer,ICICI Bank,UPI_000908,iOS,,,36.82565613333334,5
TXN_0000491,CASE_000142,2024-09-16 17:29:28.811218623,ACC_000820,ACC_001592,2551.39,Net Banking,mule_transfer,Union Bank of India,UPI_001737,Android,,,5.37363505,6
TXN_0000492,CASE_000142,2024-09-16 17:44:01.385548197,ACC_001592,ACC_000309,2551.39,NEFT,mule_transfer,Canara Bank,UPI_000342,iOS,,,14.542905483333334,7
TXN_0000493,CASE_000143,2026-03-10 20:00:18.292983374,ACC_000199,ACC_000659,11689.64,IMPS,victim_debit,HDFC Bank,UPI_000731,iOS,21.05015971278379,79.01830707045227,,1
TXN_0000494,CASE_000143,2026-03-10 20:19:19.946255989,ACC_000659,ACC_000404,11689.64,UPI,mule_transfer,SBI,UPI_000449,iOS,,,19.027554533333333,2
TXN_0000495,CASE_000144,2024-02-19 14:38:06.335518891,ACC_000804,ACC_001267,20498.77,UPI,fragmentation,ICICI Bank,UPI_001383,Android,18.589064804013788,73.84931289928652,,1
TXN_0000496,CASE_000144,2024-02-19 14:39:26.138999429,ACC_000804,ACC_001267,12244.25,UPI,fragmentation,ICICI Bank,UPI_001383,Desktop,18.589064804013788,73.84931289928652,1.330058,2
TXN_0000497,CASE_000144,2024-02-19 14:40:36.980076352,ACC_000804,ACC_001267,6441.94,IMPS,fragmentation,ICICI Bank,UPI_001383,Android,18.589064804013788,73.84931289928652,1.1806846,3
TXN_0000498,CASE_000144,2024-02-19 14:57:19.615972417,ACC_001267,ACC_001050,39184.96,IMPS,mule_transfer,Punjab National Bank,UPI_001155,Android,,,16.71059826666667,4
TXN_0000499,CASE_000145,2024-10-13 03:36:09.685867646,ACC_000112,ACC_001267,40396.91,Net Banking,victim_debit,ICICI Bank,UPI_001383,iOS,12.959657193656245,77.59214182152839,,1
TXN_0000500,CASE_000145,2024-10-13 04:30:02.962953183,ACC_001267,ACC_001050,40396.91,IMPS,mule_transfer,Punjab National Bank,UPI_001155,iOS,,,53.88795141666667,2
TXN_0000501,CASE_000146,2025-05-04 01:54:39.534784918,ACC_000064,ACC_000480,21845.81,Net Banking,victim_debit,IndusInd Bank,UPI_000532,Android,28.644230776364843,77.1041720753378,,1
TXN_0000502,CASE_000146,2025-05-04 02:16:21.216853216,ACC_000480,ACC_000775,16541.03,Net Banking,mule_transfer,SBI,UPI_000857,Android,,,21.694701133333336,2
TXN_0000503,CASE_000146,2025-05-04 02:28:40.515742242,ACC_000775,ACC_000023,16541.03,UPI,mule_transfer,Kotak Mahindra Bank,UPI_000028,iOS,,,12.32164815,3
TXN_0000504,CASE_000147,2024-11-05 14:05:14.141346488,ACC_001328,ACC_001300,4257.06,UPI,fragmentation,ICICI Bank,UPI_001419,Android,21.14226059589377,72.81068837764911,,1
TXN_0000505,CASE_000147,2024-11-05 14:11:38.534468571,ACC_001328,ACC_001300,2945.31,IMPS,fragmentation,ICICI Bank,UPI_001418,Android,21.14226059589377,72.81068837764911,6.406552033333333,2
TXN_0000506,CASE_000147,2024-11-05 14:14:40.510515045,ACC_001328,ACC_001300,6778.42,UPI,fragmentation,ICICI Bank,UPI_001419,iOS,21.14226059589377,72.81068837764911,3.0329341,3
TXN_0000507,CASE_000147,2024-11-05 14:22:32.128077307,ACC_001328,ACC_001300,7190.89,Net Banking,fragmentation,ICICI Bank,UPI_001419,Android,21.14226059589377,72.81068837764911,7.8602927000000005,4
TXN_0000508,CASE_000147,2024-11-05 14:24:05.382874439,ACC_001300,ACC_000011,21171.67,Net Banking,mule_transfer,Bank of Baroda,UPI_000013,Android,,,1.5542466166666666,5
TXN_0000509,CASE_000148,2025-03-10 07:37:23.691486844,ACC_000798,ACC_001647,18891.96,UPI,victim_debit,Canara Bank,UPI_001801,iOS,19.057444969751618,72.9071170235975,,1
TXN_0000510,CASE_000148,2025-03-10 08:20:14.948244914,ACC_001647,ACC_001507,18891.96,UPI,mule_transfer,Punjab National Bank,UPI_001646,Android,,,42.8542793,2
TXN_0000511,CASE_000149,2024-08-28 19:47:41.732810862,ACC_001128,ACC_001288,12707.32,UPI,fragmentation,Kotak Mahindra Bank,UPI_001405,Android,21.122415117757182,79.05100804919181,,1
TXN_0000512,CASE_000149,2024-08-28 19:48:53.044059116,ACC_001128,ACC_001288,34116.33,NEFT,fragmentation,Kotak Mahindra Bank,UPI_001405,Android,21.122415117757182,79.05100804919181,1.1885208,2
TXN_0000513,CASE_000149,2024-08-28 19:58:09.181753040,ACC_001288,ACC_000093,44411.37,UPI,mule_transfer,Yes Bank,UPI_000105,iOS,,,9.26896155,3
TXN_0000514,CASE_000149,2024-08-28 20:14:47.660758289,ACC_000093,ACC_000467,44411.37,UPI,mule_transfer,Axis Bank,UPI_000514,Android,,,16.64131675,4
TXN_0000515,CASE_000150,2024-04-28 12:53:51.541111531,ACC_001018,ACC_000052,4958.89,NEFT,fragmentation,IndusInd Bank,UPI_000058,Android,19.987716442061807,73.76294765881569,,1
TXN_0000516,CASE_000150,2024-04-28 13:03:01.428125813,ACC_001018,ACC_000052,2814.77,NEFT,fragmentation,IndusInd Bank,UPI_000058,Android,19.987716442061807,73.76294765881569,9.164783566666667,2
TXN_0000517,CASE_000150,2024-04-28 13:07:06.218896040,ACC_001018,ACC_000052,251.26,NEFT,fragmentation,IndusInd Bank,UPI_000058,iOS,19.987716442061807,73.76294765881569,4.079846166666667,3
TXN_0000518,CASE_000150,2024-04-28 14:04:07.199358634,ACC_000052,ACC_001350,8024.92,UPI,mule_transfer,Bank of Baroda,UPI_001473,Android,,,57.01634103333333,4
TXN_0000519,CASE_000151,2024-02-03 13:59:55.723971848,ACC_000423,ACC_000287,411.32,NEFT,fragmentation,Punjab National Bank,UPI_000316,Android,12.973193566434862,77.6062534718452,,1
TXN_0000520,CASE_000151,2024-02-03 14:01:20.224714501,ACC_000423,ACC_000287,10138.23,IMPS,fragmentation,Punjab National Bank,UPI_000316,Desktop,12.973193566434862,77.6062534718452,1.4083457000000001,2
TXN_0000521,CASE_000151,2024-02-03 14:17:04.092673251,ACC_000287,ACC_001335,9744.17,UPI,mule_transfer,Kotak Mahindra Bank,UPI_001457,Android,,,15.731132633333335,3
TXN_0000522,CASE_000151,2024-02-03 15:09:36.877602868,ACC_001335,ACC_000366,6581.69,NEFT,mule_transfer,IDFC First Bank,UPI_000405,Desktop,,,52.546415483333334,4
TXN_0000523,CASE_000151,2024-02-03 15:56:16.768731324,ACC_000366,ACC_000267,6581.69,IMPS,mule_transfer,IDFC First Bank,UPI_000294,Android,,,46.66485213333333,5
TXN_0000524,CASE_000152,2024-05-23 15:37:43.397041279,ACC_001404,ACC_000533,10540.83,UPI,fragmentation,Kotak Mahindra Bank,UPI_000588,Android,12.968049137618937,77.52375763691869,,1
TXN_0000525,CASE_000152,2024-05-23 15:41:15.786340619,ACC_001404,ACC_000533,3245.82,NEFT,fragmentation,Kotak Mahindra Bank,UPI_000588,Desktop,12.968049137618937,77.52375763691869,3.53982165,2
TXN_0000526,CASE_000152,2024-05-23 15:45:31.525401727,ACC_001404,ACC_000533,11101.22,UPI,fragmentation,Kotak Mahindra Bank,UPI_000588,iOS,12.968049137618937,77.52375763691869,4.262317683333333,3
TXN_0000527,CASE_000152,2024-05-23 15:58:57.036567998,ACC_000533,ACC_000267,23122.91,UPI,mule_transfer,IDFC First Bank,UPI_000294,Android,,,13.4251861,4
TXN_0000528,CASE_000152,2024-05-23 16:53:50.440651419,ACC_000267,ACC_000533,16721.06,Net Banking,mule_transfer,Kotak Mahindra Bank,UPI_000588,Desktop,,,54.890068049999996,5
TXN_0000529,CASE_000152,2024-05-23 16:59:24.980531777,ACC_000533,ACC_000366,16721.06,IMPS,mule_transfer,IDFC First Bank,UPI_000405,Android,,,5.5756646666666665,6
TXN_0000530,CASE_000153,2026-05-18 03:57:39.037457945,ACC_000550,ACC_000052,4829.78,UPI,victim_debit,IndusInd Bank,UPI_000058,Android,17.389622580969245,78.55034208504279,,1
TXN_0000531,CASE_000153,2026-05-18 03:59:15.123083237,ACC_000052,ACC_001350,4829.78,UPI,mule_transfer,Bank of Baroda,UPI_001473,Desktop,,,1.6014270833333333,2
TXN_0000532,CASE_000154,2025-06-08 05:03:49.873139447,ACC_000286,ACC_001350,62.12,Net Banking,fragmentation,Bank of Baroda,UPI_001472,Android,21.27097846099671,72.81788881151874,,1
TXN_0000533,CASE_000154,2025-06-08 05:10:03.016189113,ACC_000286,ACC_001350,394.34,IMPS,fragmentation,Bank of Baroda,UPI_001472,Android,21.27097846099671,72.81788881151874,6.219050816666667,2
TXN_0000534,CASE_000154,2025-06-08 05:20:42.377455375,ACC_000286,ACC_001350,631.13,UPI,fragmentation,Bank of Baroda,UPI_001473,Android,21.27097846099671,72.81788881151874,10.6560211,3
TXN_0000535,CASE_000154,2025-06-08 05:21:57.748204824,ACC_000286,ACC_001350,429.34,UPI,fragmentation,Bank of Baroda,UPI_001473,Android,21.27097846099671,72.81788881151874,1.2561791500000001,4
TXN_0000536,CASE_000154,2025-06-08 06:04:32.524819404,ACC_001350,ACC_000052,1516.94,IMPS,mule_transfer,IndusInd Bank,UPI_000058,iOS,,,42.579610233333334,5
TXN_0000537,CASE_000155,2025-03-21 11:04:05.081858415,ACC_000974,ACC_001288,35361.21,IMPS,victim_debit,Kotak Mahindra Bank,UPI_001405,Android,20.006234185306315,73.85596275421558,,1
TXN_0000538,CASE_000155,2025-03-21 11:35:02.588247605,ACC_001288,ACC_001625,35361.21,UPI,mule_transfer,ICICI Bank,UPI_001777,Android,,,30.958439816666665,2
TXN_0000539,CASE_000156,2024-12-16 03:46:56.359790215,ACC_000555,ACC_000820,5221.1,UPI,victim_debit,ICICI Bank,UPI_000908,iOS,13.086582764553198,80.31823283853953,,1
TXN_0000540,CASE_000156,2024-12-16 04:08:01.801095345,ACC_000820,ACC_001788,3577.98,IMPS,mule_transfer,Canara Bank,UPI_001952,Android,,,21.09068841666667,2
TXN_0000541,CASE_000156,2024-12-16 04:14:24.392562641,ACC_001788,ACC_000782,3577.98,UPI,mule_transfer,IDFC First Bank,UPI_000866,Android,,,6.376524450000001,3
TXN_0000542,CASE_000157,2025-10-07 09:02:33.866106340,ACC_001720,ACC_001296,7234.34,NEFT,victim_debit,SBI,UPI_001414,Android,19.098310611721743,72.84867474637637,,1
TXN_0000543,CASE_000157,2025-10-07 09:08:51.376686084,ACC_001296,ACC_000819,4153.46,UPI,mule_transfer,HDFC Bank,UPI_000907,iOS,,,6.291842983333334,2
TXN_0000544,CASE_000157,2025-10-07 12:02:23.087368853,ACC_000819,ACC_001768,4153.46,IMPS,mule_transfer,Canara Bank,UPI_001932,Android,,,173.5285113666667,3
TXN_0000545,CASE_000158,2024-05-08 17:19:25.226755460,ACC_000124,ACC_000342,1687.2,NEFT,fragmentation,IndusInd Bank,UPI_000379,iOS,18.522055982888876,73.89630185725848,,1
TXN_0000546,CASE_000158,2024-05-08 17:26:50.564058477,ACC_000124,ACC_000342,9245.94,UPI,fragmentation,IndusInd Bank,UPI_000379,Android,18.522055982888876,73.89630185725848,7.422288383333334,2
TXN_0000547,CASE_000158,2024-05-08 17:31:33.484390390,ACC_000124,ACC_000342,860.85,UPI,fragmentation,IndusInd Bank,UPI_000379,Desktop,18.522055982888876,73.89630185725848,4.715338849999999,3
TXN_0000548,CASE_000158,2024-05-08 17:33:01.826098608,ACC_000124,ACC_000342,3658.04,UPI,fragmentation,IndusInd Bank,UPI_000379,Android,18.522055982888876,73.89630185725848,1.4723618,4
TXN_0000549,CASE_000158,2024-05-08 18:07:21.374230333,ACC_000342,ACC_001133,15452.03,Net Banking,mule_transfer,Kotak Mahindra Bank,UPI_001240,Android,,,34.32580218333333,5
TXN_0000550,CASE_000159,2024-09-08 14:10:57.587371615,ACC_000180,ACC_000819,34704.73,UPI,victim_debit,HDFC Bank,UPI_000907,iOS,28.533429960108894,77.31853344654527,,1
TXN_0000551,CASE_000159,2024-09-08 14:27:20.104563641,ACC_000819,ACC_001768,21160.08,IMPS,mule_transfer,Canara Bank,UPI_001932,iOS,,,16.375286533333334,2
TXN_0000552,CASE_000159,2024-09-08 14:31:16.185502438,ACC_001768,ACC_000819,21160.08,UPI,mule_transfer,HDFC Bank,UPI_000907,iOS,,,3.9346823,3
TXN_0000553,CASE_000160,2025-08-20 13:16:25.275227526,ACC_000236,ACC_000052,50.0,UPI,fragmentation,IndusInd Bank,UPI_000058,Android,19.0710844686235,72.85467604594005,,1
TXN_0000554,CASE_000160,2025-08-20 13:22:44.407212788,ACC_000236,ACC_000052,702.74,UPI,fragmentation,IndusInd Bank,UPI_000058,Android,19.0710844686235,72.85467604594005,6.318866416666666,2
TXN_0000555,CASE_000160,2025-08-20 13:24:37.377554474,ACC_000236,ACC_000052,100.83,NEFT,fragmentation,IndusInd Bank,UPI_000058,iOS,19.0710844686235,72.85467604594005,1.8828390166666666,3
TXN_0000556,CASE_000160,2025-08-20 13:28:36.700893134,ACC_000236,ACC_000052,144.14,IMPS,fragmentation,IndusInd Bank,UPI_000058,Android,19.0710844686235,72.85467604594005,3.9887223,4
TXN_0000557,CASE_000160,2025-08-20 13:59:44.566847470,ACC_000052,ACC_001350,958.17,UPI,mule_transfer,Bank of Baroda,UPI_001472,Android,,,31.131099233333334,5
TXN_0000558,CASE_000161,2025-03-12 10:59:16.910269133,ACC_000134,ACC_000093,22347.03,NEFT,fragmentation,Yes Bank,UPI_000105,Android,17.457437208647207,78.60425322225004,,1
TXN_0000559,CASE_000161,2025-03-12 11:02:41.864247232,ACC_000134,ACC_000093,7331.74,NEFT,fragmentation,Yes Bank,UPI_000105,iOS,17.457437208647207,78.60425322225004,3.4158996333333334,2
TXN_0000560,CASE_000161,2025-03-12 11:03:48.259019656,ACC_000134,ACC_000093,9984.6,NEFT,fragmentation,Yes Bank,UPI_000105,Android,17.457437208647207,78.60425322225004,1.1065795333333335,3
TXN_0000561,CASE_000161,2025-03-12 11:06:58.377406415,ACC_000134,ACC_000093,1604.43,UPI,fragmentation,Yes Bank,UPI_000105,Android,17.457437208647207,78.60425322225004,3.1686397666666664,4
TXN_0000562,CASE_000161,2025-03-12 11:17:32.794031700,ACC_000093,ACC_001625,41267.79,UPI,mule_transfer,ICICI Bank,UPI_001777,Android,,,10.573610416666666,5
TXN_0000563,CASE_000162,2025-12-02 13:23:15.388500258,ACC_000108,ACC_001300,543.0,UPI,fragmentation,ICICI Bank,UPI_001419,Desktop,13.106589067442405,80.30885255419732,,1
TXN_0000564,CASE_000162,2025-12-02 13:28:19.334731513,ACC_000108,ACC_001300,485.4,UPI,fragmentation,ICICI Bank,UPI_001419,Android,13.106589067442405,80.30885255419732,5.0657705166666664,2
TXN_0000565,CASE_000162,2025-12-02 13:30:00.645202154,ACC_000108,ACC_001300,151.5,NEFT,fragmentation,ICICI Bank,UPI_001418,Desktop,13.106589067442405,80.30885255419732,1.6885078333333332,3
TXN_0000566,CASE_000162,2025-12-02 13:41:41.316740786,ACC_001300,ACC_000011,1179.9,NEFT,mule_transfer,Bank of Baroda,UPI_000013,Android,,,11.677858966666667,4
TXN_0000567,CASE_000163,2026-03-28 06:48:18.470113061,ACC_000312,ACC_000287,765.76,NEFT,fragmentation,Punjab National Bank,UPI_000316,Android,22.560699223183775,88.36500738367093,,1
TXN_0000568,CASE_000163,2026-03-28 06:55:28.485526544,ACC_000312,ACC_000287,3852.28,Net Banking,fragmentation,Punjab National Bank,UPI_000316,Android,22.560699223183775,88.36500738367093,7.166923550000001,2
TXN_0000569,CASE_000163,2026-03-28 07:49:22.323920876,ACC_000287,ACC_000533,3061.7,Net Banking,mule_transfer,Kotak Mahindra Bank,UPI_000588,Android,,,53.897306566666664,3
TXN_0000570,CASE_000163,2026-03-28 08:04:16.001335155,ACC_000533,ACC_000287,3061.7,IMPS,mule_transfer,Punjab National Bank,UPI_000316,Android,,,14.894623566666667,4
TXN_0000571,CASE_000164,2026-01-20 03:06:19.440853813,ACC_001682,ACC_001050,100849.53,UPI,fragmentation,Punjab National Bank,UPI_001155,Android,12.972930631615831,77.6290598200271,,1
TXN_0000572,CASE_000164,2026-01-20 03:09:32.056977561,ACC_001682,ACC_001050,89689.48,UPI,fragmentation,Punjab National Bank,UPI_001155,Android,12.972930631615831,77.6290598200271,3.2102687166666666,2
TXN_0000573,CASE_000164,2026-01-20 03:15:29.532636960,ACC_001050,ACC_001267,190539.0,NEFT,mule_transfer,ICICI Bank,UPI_001383,Android,,,5.95792765,3
TXN_0000574,CASE_000165,2024-06-16 20:01:52.289933313,ACC_000796,ACC_000023,5927.0,IMPS,fragmentation,Kotak Mahindra Bank,UPI_000028,iOS,17.385710380515658,78.49493813557525,,1
TXN_0000575,CASE_000165,2024-06-16 20:04:12.904164643,ACC_000796,ACC_000023,710.95,NEFT,fragmentation,Kotak Mahindra Bank,UPI_000028,Android,17.385710380515658,78.49493813557525,2.3435705166666665,2
TXN_0000576,CASE_000165,2024-06-16 20:26:08.256769964,ACC_000023,ACC_000480,5060.84,UPI,mule_transfer,IndusInd Bank,UPI_000532,iOS,,,21.922543416666667,3
TXN_0000577,CASE_000165,2024-06-16 20:28:03.285245484,ACC_000480,ACC_000775,5060.84,UPI,mule_transfer,SBI,UPI_000857,iOS,,,1.91714125,4
TXN_0000578,CASE_000166,2024-03-24 08:00:08.970537276,ACC_001651,ACC_000659,17215.44,Net Banking,victim_debit,HDFC Bank,UPI_000731,Android,28.72048094964997,77.21605570319603,,1
TXN_0000579,CASE_000166,2024-03-24 08:08:39.381868617,ACC_000659,ACC_000404,17215.44,UPI,mule_transfer,SBI,UPI_000450,Android,,,8.506855516666667,2
TXN_0000580,CASE_000167,2024-06-03 09:16:47.784784222,ACC_001767,ACC_000659,30886.5,Net Banking,fragmentation,HDFC Bank,UPI_000731,iOS,19.028443151361802,72.93098306669452,,1
TXN_0000581,CASE_000167,2024-06-03 09:22:44.286190006,ACC_001767,ACC_000659,27651.76,UPI,fragmentation,HDFC Bank,UPI_000731,Android,19.028443151361802,72.93098306669452,5.941690083333333,2
TXN_0000582,CASE_000167,2024-06-03 09:26:37.214942921,ACC_000659,ACC_000404,58538.26,UPI,mule_transfer,SBI,UPI_000449,iOS,,,3.882145866666667,3
TXN_0000583,CASE_000168,2025-12-14 19:30:26.438070700,ACC_000862,ACC_000467,2176.35,IMPS,fragmentation,Axis Bank,UPI_000514,iOS,19.057064638570882,72.9215217458974,,1
TXN_0000584,CASE_000168,2025-12-14 19:35:07.251082527,ACC_000862,ACC_000467,1241.02,UPI,fragmentation,Axis Bank,UPI_000515,Android,19.057064638570882,72.9215217458974,4.68021685,2
TXN_0000585,CASE_000168,2025-12-14 19:53:19.412651318,ACC_000467,ACC_001288,3417.36,UPI,mule_transfer,Kotak Mahindra Bank,UPI_001405,Android,,,18.2026928,3
TXN_0000586,CASE_000169,2026-04-12 12:43:38.282283656,ACC_000199,ACC_000011,4081.12,UPI,fragmentation,Bank of Baroda,UPI_000013,Android,13.17045740959695,80.28856576747579,,1
TXN_0000587,CASE_000169,2026-04-12 12:47:56.694385560,ACC_000199,ACC_000011,1448.51,IMPS,fragmentation,Bank of Baroda,UPI_000013,Android,13.17045740959695,80.28856576747579,4.30686835,2
TXN_0000588,CASE_000169,2026-04-12 12:49:58.465838768,ACC_000199,ACC_000011,781.1,NEFT,fragmentation,Bank of Baroda,UPI_000013,Android,13.17045740959695,80.28856576747579,2.0295242166666667,3
TXN_0000589,CASE_000169,2026-04-12 12:53:22.484409484,ACC_000199,ACC_000011,2434.76,UPI,fragmentation,Bank of Baroda,UPI_000013,iOS,13.17045740959695,80.28856576747579,3.4003095,4
TXN_0000590,CASE_000169,2026-04-12 13:11:02.309966954,ACC_000011,ACC_001300,8745.49,UPI,mule_transfer,ICICI Bank,UPI_001419,iOS,,,17.66375928333333,5
TXN_0000591,CASE_000170,2026-04-23 02:35:42.768426184,ACC_001212,ACC_000023,15970.66,UPI,victim_debit,Kotak Mahindra Bank,UPI_000028,Android,22.657929354833495,75.79393369821747,,1
TXN_0000592,CASE_000170,2026-04-23 03:10:44.780193888,ACC_000023,ACC_000480,14712.47,Net Banking,mule_transfer,IndusInd Bank,UPI_000531,Android,,,35.033529449999996,2
TXN_0000593,CASE_000170,2026-04-23 03:12:33.213986124,ACC_000480,ACC_000023,14712.47,NEFT,mule_transfer,Kotak Mahindra Bank,UPI_000028,Desktop,,,1.8072298666666666,3
TXN_0000594,CASE_000171,2024-09-28 16:44:39.714059070,ACC_000984,ACC_000467,103026.56,NEFT,victim_debit,Axis Bank,UPI_000515,Android,18.987129391831758,72.78168906761486,,1
TXN_0000595,CASE_000171,2024-09-28 16:53:38.298914312,ACC_000467,ACC_000093,103026.56,UPI,mule_transfer,Yes Bank,UPI_000105,Android,,,8.97641425,2
TXN_0000596,CASE_000172,2026-02-04 13:28:39.521799112,ACC_000857,ACC_000011,1265.03,NEFT,fragmentation,Bank of Baroda,UPI_000013,Android,13.08885743576956,77.65196303356095,,1
TXN_0000597,CASE_000172,2026-02-04 13:32:37.373437817,ACC_000857,ACC_000011,2323.38,NEFT,fragmentation,Bank of Baroda,UPI_000013,Desktop,13.08885743576956,77.65196303356095,3.964193966666667,2
TXN_0000598,CASE_000172,2026-02-04 13:35:00.256586591,ACC_000857,ACC_000011,1106.56,UPI,fragmentation,Bank of Baroda,UPI_000013,Android,13.08885743576956,77.65196303356095,2.3813858,3
TXN_0000599,CASE_000172,2026-02-04 13:37:51.165227163,ACC_000857,ACC_000011,1432.28,IMPS,fragmentation,Bank of Baroda,UPI_000013,Android,13.08885743576956,77.65196303356095,2.8484773333333333,4
TXN_0000600,CASE_000172,2026-02-04 13:45:44.194384892,ACC_000011,ACC_001300,6127.25,UPI,mule_transfer,ICICI Bank,UPI_001419,Desktop,,,7.883819283333334,5
TXN_0000601,CASE_000173,2025-05-03 12:43:21.047697147,ACC_000435,ACC_000052,20780.29,IMPS,victim_debit,IndusInd Bank,UPI_000058,Android,22.534988780456068,88.45480754560211,,1
TXN_0000602,CASE_000173,2025-05-03 12:54:18.645521033,ACC_000052,ACC_001350,20780.29,UPI,mule_transfer,Bank of Baroda,UPI_001472,Android,,,10.959963716666666,2
TXN_0000603,CASE_000174,2026-01-19 13:40:41.627247217,ACC_000243,ACC_000139,9703.62,UPI,fragmentation,Axis Bank,UPI_000155,Android,23.09956148086287,72.48532807037472,,1
TXN_0000604,CASE_000174,2026-01-19 13:42:28.892982941,ACC_000243,ACC_000139,2073.71,UPI,fragmentation,Axis Bank,UPI_000156,Android,23.09956148086287,72.48532807037472,1.78776225,2
TXN_0000605,CASE_000174,2026-01-19 14:37:17.915252774,ACC_000139,ACC_001308,11777.33,NEFT,mule_transfer,IndusInd Bank,UPI_001428,Android,,,54.81703781666667,3
TXN_0000606,CASE_000175,2025-05-14 14:41:38.073360170,ACC_000350,ACC_001300,6155.37,UPI,victim_debit,ICICI Bank,UPI_001419,iOS,12.878472269417239,77.54035449838366,,1
TXN_0000607,CASE_000175,2025-05-14 15:31:14.458140614,ACC_001300,ACC_000011,6155.37,UPI,mule_transfer,Bank of Baroda,UPI_000013,Android,,,49.606412999999996,2
TXN_0000608,CASE_000176,2024-05-12 22:29:24.708553227,ACC_000038,ACC_001350,54281.04,NEFT,fragmentation,Bank of Baroda,UPI_001473,Desktop,17.328505998269957,78.52324603504438,,1
TXN_0000609,CASE_000176,2024-05-12 22:37:05.281066690,ACC_000038,ACC_001350,2724.15,IMPS,fragmentation,Bank of Baroda,UPI_001473,Desktop,17.328505998269957,78.52324603504438,7.67620855,2
TXN_0000610,CASE_000176,2024-05-12 22:38:25.265062320,ACC_001350,ACC_000052,57005.19,NEFT,mule_transfer,IndusInd Bank,UPI_000058,iOS,,,1.3330665833333333,3
TXN_0000611,CASE_000177,2024-03-13 07:08:59.697491828,ACC_001101,ACC_000052,15519.45,NEFT,victim_debit,IndusInd Bank,UPI_000058,Android,12.989782307041047,80.29195888089909,,1
TXN_0000612,CASE_000177,2024-03-13 07:18:22.663314070,ACC_000052,ACC_001350,15519.45,UPI,mule_transfer,Bank of Baroda,UPI_001472,iOS,,,9.3827637,2
TXN_0000613,CASE_000178,2026-05-22 00:53:34.682063146,ACC_001553,ACC_001046,296.01,UPI,fragmentation,IDFC First Bank,UPI_001151,Android,26.91514057491884,75.79875483403505,,1
TXN_0000614,CASE_000178,2026-05-22 00:55:07.361643439,ACC_001553,ACC_001046,450.83,NEFT,fragmentation,IDFC First Bank,UPI_001151,iOS,26.91514057491884,75.79875483403505,1.5446596666666668,2
TXN_0000615,CASE_000178,2026-05-22 01:00:30.361790359,ACC_001553,ACC_001046,295.81,IMPS,fragmentation,IDFC First Bank,UPI_001151,iOS,26.91514057491884,75.79875483403505,5.383335766666666,3
TXN_0000616,CASE_000178,2026-05-22 01:04:54.379654188,ACC_001553,ACC_001046,2470.5,UPI,fragmentation,IDFC First Bank,UPI_001151,Android,26.91514057491884,75.79875483403505,4.400297716666667,4
TXN_0000617,CASE_000178,2026-05-22 01:36:19.070408507,ACC_001046,ACC_001788,2282.34,UPI,mule_transfer,Canara Bank,UPI_001953,Android,,,31.411512566666666,5
TXN_0000618,CASE_000178,2026-05-22 02:04:09.968433138,ACC_001788,ACC_000782,1340.04,IMPS,mule_transfer,IDFC First Bank,UPI_000866,iOS,,,27.848300400000003,6
TXN_0000619,CASE_000178,2026-05-22 02:48:30.086115595,ACC_000782,ACC_001592,1340.04,UPI,mule_transfer,Union Bank of India,UPI_001738,iOS,,,44.3352947,7
TXN_0000620,CASE_000179,2025-01-22 22:30:06.517104689,ACC_000522,ACC_000190,4608.63,UPI,victim_debit,HDFC Bank,UPI_000212,Android,19.25713221353522,72.87771626001548,,1
TXN_0000621,CASE_000179,2025-01-22 22:38:11.854305293,ACC_000190,ACC_000961,4608.63,UPI,mule_transfer,ICICI Bank,UPI_001059,Android,,,8.088953333333333,2
TXN_0000622,CASE_000180,2024-11-15 07:52:56.751741302,ACC_000974,ACC_000467,783.37,UPI,fragmentation,Axis Bank,UPI_000515,iOS,26.95816109069331,80.87126065449664,,1
TXN_0000623,CASE_000180,2024-11-15 08:00:29.719084426,ACC_000974,ACC_000467,2186.06,NEFT,fragmentation,Axis Bank,UPI_000515,iOS,26.95816109069331,80.87126065449664,7.549455716666667,2
TXN_0000624,CASE_000180,2024-11-15 08:02:46.340477663,ACC_000974,ACC_000467,9422.5,IMPS,fragmentation,Axis Bank,UPI_000515,Android,26.95816109069331,80.87126065449664,2.277023216666667,3
TXN_0000625,CASE_000180,2024-11-15 08:29:13.472747606,ACC_000467,ACC_001288,10007.78,Net Banking,mule_transfer,Kotak Mahindra Bank,UPI_001405,Android,,,26.452204483333333,4
TXN_0000626,CASE_000180,2024-11-15 10:06:35.371036730,ACC_001288,ACC_001625,10007.78,UPI,mule_transfer,ICICI Bank,UPI_001777,Android,,,97.36497148333333,5
TXN_0000627,CASE_000181,2024-11-20 14:40:46.879925637,ACC_001377,ACC_000404,1565.63,UPI,fragmentation,SBI,UPI_000449,Android,19.085721068126112,72.87123240453586,,1
TXN_0000628,CASE_000181,2024-11-20 14:51:55.987561723,ACC_001377,ACC_000404,2107.88,Net Banking,fragmentation,SBI,UPI_000449,Android,19.085721068126112,72.87123240453586,11.151793933333332,2
TXN_0000629,CASE_000181,2024-11-20 14:57:01.846459228,ACC_001377,ACC_000404,1334.09,NEFT,fragmentation,SBI,UPI_000449,Android,19.085721068126112,72.87123240453586,5.097648283333333,3
TXN_0000630,CASE_000181,2024-11-20 15:42:42.179472567,ACC_000404,ACC_000659,5007.6,NEFT,mule_transfer,HDFC Bank,UPI_000731,Android,,,45.672216883333334,4
TXN_0000631,CASE_000182,2024-12-11 05:18:22.603453733,ACC_000512,ACC_001300,5281.41,NEFT,fragmentation,ICICI Bank,UPI_001419,Android,23.040922104290193,72.69252406743335,,1
TXN_0000632,CASE_000182,2024-12-11 05:24:49.139077415,ACC_000512,ACC_001300,396.93,UPI,fragmentation,ICICI Bank,UPI_001418,iOS,23.040922104290193,72.69252406743335,6.442260383333333,2
TXN_0000633,CASE_000182,2024-12-11 06:10:04.848762295,ACC_001300,ACC_000011,5678.35,IMPS,mule_transfer,Bank of Baroda,UPI_000013,Android,,,45.261828066666666,3
TXN_0000634,CASE_000183,2026-05-10 22:12:45.203405749,ACC_001599,ACC_000287,1918.43,UPI,fragmentation,Punjab National Bank,UPI_000315,iOS,19.02904271580265,73.0015062831832,,1
TXN_0000635,CASE_000183,2026-05-10 22:15:57.406193529,ACC_001599,ACC_000287,2527.9,UPI,fragmentation,Punjab National Bank,UPI_000315,Android,19.02904271580265,73.0015062831832,3.2033797833333333,2
TXN_0000636,CASE_000183,2026-05-10 22:17:16.760819862,ACC_001599,ACC_000287,465.11,IMPS,fragmentation,Punjab National Bank,UPI_000315,Android,19.02904271580265,73.0015062831832,1.3225771,3
TXN_0000637,CASE_000183,2026-05-10 22:21:57.205061946,ACC_000287,ACC_000366,3427.93,IMPS,mule_transfer,IDFC First Bank,UPI_000405,Android,,,4.6740707,4
TXN_0000638,CASE_000183,2026-05-10 22:42:38.640202641,ACC_000366,ACC_000287,3427.93,UPI,mule_transfer,Punjab National Bank,UPI_000316,Android,,,20.690585666666667,5
TXN_0000639,CASE_000184,2024-02-27 03:27:08.362095719,ACC_000916,ACC_000404,8891.9,UPI,victim_debit,SBI,UPI_000449,iOS,19.049277006049437,73.05706784876705,,1
TXN_0000640,CASE_000184,2024-02-27 03:46:46.009207784,ACC_000404,ACC_000659,8891.9,UPI,mule_transfer,HDFC Bank,UPI_000731,Desktop,,,19.627451866666668,2
TXN_0000641,CASE_000185,2024-04-18 11:13:49.152228670,ACC_001258,ACC_001350,3759.63,IMPS,victim_debit,Bank of Baroda,UPI_001473,iOS,19.051056035300398,72.94794657934212,,1
TXN_0000642,CASE_000185,2024-04-18 11:45:41.662874185,ACC_001350,ACC_000052,3759.63,NEFT,mule_transfer,IndusInd Bank,UPI_000058,Desktop,,,31.875177416666666,2
TXN_0000643,CASE_000186,2025-12-20 09:10:02.880517927,ACC_001447,ACC_000659,10493.61,Net Banking,victim_debit,HDFC Bank,UPI_000731,Android,28.551567436463287,77.33293115366591,,1
TXN_0000644,CASE_000186,2025-12-20 10:57:58.021653506,ACC_000659,ACC_000404,10493.61,UPI,mule_transfer,SBI,UPI_000450,Android,,,107.91901891666666,2
TXN_0000645,CASE_000187,2025-05-15 12:59:33.867377758,ACC_001635,ACC_000093,12956.04,UPI,victim_debit,Yes Bank,UPI_000105,iOS,21.058835621378908,78.98494067080023,,1
TXN_0000646,CASE_000187,2025-05-15 13:05:46.517082454,ACC_000093,ACC_001625,12222.76,UPI,mule_transfer,ICICI Bank,UPI_001777,Android,,,6.2108284,2
TXN_0000647,CASE_000187,2025-05-15 13:48:26.336028461,ACC_001625,ACC_000093,11185.17,UPI,mule_transfer,Yes Bank,UPI_000105,iOS,,,42.6636491,3
TXN_0000648,CASE_000187,2025-05-15 13:50:49.753665862,ACC_000093,ACC_001625,11185.17,IMPS,mule_transfer,ICICI Bank,UPI_001777,iOS,,,2.3902939500000002,4
TXN_0000649,CASE_000188,2024-04-27 02:52:05.222573408,ACC_001700,ACC_001647,3305.91,IMPS,victim_debit,Canara Bank,UPI_001801,Android,19.224697393464062,72.99510111852193,,1
TXN_0000650,CASE_000188,2024-04-27 03:10:04.995572883,ACC_001647,ACC_001507,3305.91,UPI,mule_transfer,Punjab National Bank,UPI_001646,iOS,,,17.99621665,2
TXN_0000651,CASE_000189,2024-02-01 09:41:59.020050362,ACC_001722,ACC_001117,9018.52,UPI,victim_debit,Bank of Baroda,UPI_001224,Android,28.655142627088548,77.18293994007065,,1
TXN_0000652,CASE_000189,2024-02-01 09:47:57.129038329,ACC_001117,ACC_000880,9018.52,UPI,mule_transfer,SBI,UPI_000972,Desktop,,,5.9684831166666665,2
TXN_0000653,CASE_000190,2024-07-23 07:11:04.869340665,ACC_000076,ACC_001768,201097.56,UPI,victim_debit,Canara Bank,UPI_001932,Android,28.689131449467823,77.27385008351429,,1
TXN_0000654,CASE_000190,2024-07-23 07:13:29.592122538,ACC_001768,ACC_001296,160811.94,IMPS,mule_transfer,SBI,UPI_001414,iOS,,,2.41204635,2
TXN_0000655,CASE_000190,2024-07-23 07:18:25.036970016,ACC_001296,ACC_000819,160811.94,UPI,mule_transfer,HDFC Bank,UPI_000907,Desktop,,,4.924080783333333,3
TXN_0000656,CASE_000191,2024-08-25 14:43:08.690823619,ACC_000331,ACC_000480,92187.86,UPI,victim_debit,IndusInd Bank,UPI_000532,Android,22.602512383714952,88.3653008035875,,1
TXN_0000657,CASE_000191,2024-08-25 14:48:53.783160224,ACC_000480,ACC_000775,54050.88,UPI,mule_transfer,SBI,UPI_000857,Android,,,5.751538933333333,2
TXN_0000658,CASE_000191,2024-08-25 15:25:40.697233318,ACC_000775,ACC_000480,54050.88,UPI,mule_transfer,IndusInd Bank,UPI_000532,Android,,,36.78190121666667,3
TXN_0000659,CASE_000192,2024-01-13 23:12:17.902715688,ACC_000116,ACC_001592,2624.75,UPI,fragmentation,Union Bank of India,UPI_001738,Android,26.93928725992897,75.74839952906844,,1
TXN_0000660,CASE_000192,2024-01-13 23:24:28.920886951,ACC_000116,ACC_001592,52.61,UPI,fragmentation,Union Bank of India,UPI_001737,Android,26.93928725992897,75.74839952906844,12.183636183333334,2
TXN_0000661,CASE_000192,2024-01-14 00:11:57.320261195,ACC_001592,ACC_001788,2371.36,NEFT,mule_transfer,Canara Bank,UPI_001953,Android,,,47.4733229,3
TXN_0000662,CASE_000192,2024-01-14 00:55:58.728163422,ACC_001788,ACC_000782,2371.36,UPI,mule_transfer,IDFC First Bank,UPI_000866,Android,,,44.02346503333333,4
TXN_0000663,CASE_000193,2024-07-15 21:11:14.471908646,ACC_001671,ACC_000139,1579.21,UPI,fragmentation,Axis Bank,UPI_000155,Android,13.081798556307545,80.26760405301114,,1
TXN_0000664,CASE_000193,2024-07-15 21:20:19.708895258,ACC_001671,ACC_000139,729.07,UPI,fragmentation,Axis Bank,UPI_000156,iOS,13.081798556307545,80.26760405301114,9.0872831,2
TXN_0000665,CASE_000193,2024-07-15 22:04:14.076342738,ACC_000139,ACC_000767,1483.58,IMPS,mule_transfer,SBI,UPI_000849,iOS,,,43.90612411666667,3
TXN_0000666,CASE_000193,2024-07-15 22:17:01.968301823,ACC_000767,ACC_000139,1483.58,IMPS,mule_transfer,Axis Bank,UPI_000156,iOS,,,12.798199316666667,4
TXN_0000667,CASE_000194,2025-11-03 14:55:16.879012266,ACC_000085,ACC_001267,120.23,NEFT,fragmentation,ICICI Bank,UPI_001383,Android,19.2055474906642,72.99542965906446,,1
TXN_0000668,CASE_000194,2025-11-03 15:02:21.469630464,ACC_000085,ACC_001267,2874.59,UPI,fragmentation,ICICI Bank,UPI_001383,iOS,19.2055474906642,72.99542965906446,7.0765103,2
TXN_0000669,CASE_000194,2025-11-03 15:03:29.988905261,ACC_000085,ACC_001267,194.52,IMPS,fragmentation,ICICI Bank,UPI_001383,Android,19.2055474906642,72.99542965906446,1.1419879,3
TXN_0000670,CASE_000194,2025-11-03 15:06:51.002752846,ACC_000085,ACC_001267,5000.51,UPI,fragmentation,ICICI Bank,UPI_001383,Android,19.2055474906642,72.99542965906446,3.350230783333333,4
TXN_0000671,CASE_000194,2025-11-03 15:15:45.236744460,ACC_001267,ACC_001050,8189.85,UPI,mule_transfer,Punjab National Bank,UPI_001155,Android,,,8.903899849999998,5
TXN_0000672,CASE_000195,2026-02-18 07:27:32.692265528,ACC_000269,ACC_001238,4004.34,Net Banking,fragmentation,SBI,UPI_001350,Android,19.934784174028554,73.74413674606083,,1
TXN_0000673,CASE_000195,2026-02-18 07:35:24.675380937,ACC_000269,ACC_001238,1982.95,Net Banking,fragmentation,SBI,UPI_001349,Desktop,19.934784174028554,73.74413674606083,7.8663852499999996,2
TXN_0000674,CASE_000195,2026-02-18 07:38:27.390494506,ACC_000269,ACC_001238,1633.86,IMPS,fragmentation,SBI,UPI_001349,Android,19.934784174028554,73.74413674606083,3.0452518833333335,3
TXN_0000675,CASE_000195,2026-02-18 07:42:45.872806363,ACC_000269,ACC_001238,18806.5,NEFT,fragmentation,SBI,UPI_001349,Android,19.934784174028554,73.74413674606083,4.308038516666667,4
TXN_0000676,CASE_000195,2026-02-18 07:52:34.542819301,ACC_001238,ACC_001365,23434.29,UPI,mule_transfer,IndusInd Bank,UPI_001488,iOS,,,9.811166866666667,5
TXN_0000677,CASE_000195,2026-02-18 07:58:34.878248735,ACC_001365,ACC_001629,23434.29,Net Banking,mule_transfer,SBI,UPI_001781,iOS,,,6.005590483333333,6
TXN_0000678,CASE_000196,2026-03-29 07:46:55.407433376,ACC_000577,ACC_000267,3770.47,UPI,fragmentation,IDFC First Bank,UPI_000294,iOS,26.86130299282063,81.04375340200451,,1
TXN_0000679,CASE_000196,2026-03-29 07:54:00.672421226,ACC_000577,ACC_000267,9907.06,Net Banking,fragmentation,IDFC First Bank,UPI_000294,Android,26.86130299282063,81.04375340200451,7.087749783333334,2
TXN_0000680,CASE_000196,2026-03-29 07:55:43.291546871,ACC_000577,ACC_000267,2636.91,UPI,fragmentation,IDFC First Bank,UPI_000294,Desktop,26.86130299282063,81.04375340200451,1.7103187499999999,3
TXN_0000681,CASE_000196,2026-03-29 08:07:54.059846583,ACC_000267,ACC_000287,15294.27,IMPS,mule_transfer,Punjab National Bank,UPI_000316,Android,,,12.17947165,4
TXN_0000682,CASE_000196,2026-03-29 08:17:18.210618053,ACC_000287,ACC_000533,15294.27,UPI,mule_transfer,Kotak Mahindra Bank,UPI_000588,iOS,,,9.402512849999999,5
TXN_0000683,CASE_000197,2024-12-21 05:37:55.018180830,ACC_000025,ACC_001625,12529.13,UPI,victim_debit,ICICI Bank,UPI_001777,iOS,19.11902070185546,72.95855260112103,,1
TXN_0000684,CASE_000197,2024-12-21 06:40:57.604283144,ACC_001625,ACC_001288,10454.6,IMPS,mule_transfer,Kotak Mahindra Bank,UPI_001405,iOS,,,63.0431017,2
TXN_0000685,CASE_000197,2024-12-21 06:43:47.112884022,ACC_001288,ACC_000467,10454.6,UPI,mule_transfer,Axis Bank,UPI_000514,Android,,,2.8251433333333336,3
TXN_0000686,CASE_000198,2024-10-17 23:51:19.605183402,ACC_001313,ACC_000533,8611.19,UPI,fragmentation,Kotak Mahindra Bank,UPI_000588,Desktop,28.51043963506799,77.2306012046969,,1
TXN_0000687,CASE_000198,2024-10-18 00:04:53.725554620,ACC_001313,ACC_000533,36548.49,UPI,fragmentation,Kotak Mahindra Bank,UPI_000588,Android,28.51043963506799,77.2306012046969,13.56867285,2
TXN_0000688,CASE_000198,2024-10-18 00:10:21.852067151,ACC_001313,ACC_000533,25211.71,IMPS,fragmentation,Kotak Mahindra Bank,UPI_000588,Android,28.51043963506799,77.2306012046969,5.4687752,3
TXN_0000689,CASE_000198,2024-10-18 00:17:44.407392651,ACC_001313,ACC_000533,10682.85,UPI,fragmentation,Kotak Mahindra Bank,UPI_000588,Android,28.51043963506799,77.2306012046969,7.375922083333333,4
TXN_0000690,CASE_000198,2024-10-18 00:35:24.263999795,ACC_000533,ACC_001335,81054.24,UPI,mule_transfer,Kotak Mahindra Bank,UPI_001457,Android,,,17.66427678333333,5
TXN_0000691,CASE_000199,2026-06-29 21:17:17.278293203,ACC_001320,ACC_000467,6328.57,IMPS,fragmentation,Axis Bank,UPI_000515,Android,21.136311316374314,72.87906888643963,,1
TXN_0000692,CASE_000199,2026-06-29 21:18:51.711958029,ACC_001320,ACC_000467,13899.56,NEFT,fragmentation,Axis Bank,UPI_000515,Android,21.136311316374314,72.87906888643963,1.5738944,2
TXN_0000693,CASE_000199,2026-06-29 21:23:52.909286670,ACC_001320,ACC_000467,1805.83,UPI,fragmentation,Axis Bank,UPI_000515,iOS,21.136311316374314,72.87906888643963,5.0199554666666675,3
TXN_0000694,CASE_000199,2026-06-29 21:30:55.999877630,ACC_001320,ACC_000467,1923.26,UPI,fragmentation,Axis Bank,UPI_000515,iOS,21.136311316374314,72.87906888643963,7.051509833333333,4
TXN_0000695,CASE_000199,2026-06-29 21:39:21.974009620,ACC_000467,ACC_001625,20690.81,UPI,mule_transfer,ICICI Bank,UPI_001777,Android,,,8.432902183333333,5
TXN_0000696,CASE_000199,2026-06-29 21:49:35.297185069,ACC_001625,ACC_000093,20690.81,IMPS,mule_transfer,Yes Bank,UPI_000105,Android,,,10.222052916666666,6
TXN_0000697,CASE_000200,2025-12-01 21:36:46.791335344,ACC_000901,ACC_001046,23230.64,IMPS,victim_debit,IDFC First Bank,UPI_001151,Android,21.142512598442952,72.80484730612994,,1
TXN_0000698,CASE_000200,2025-12-01 21:54:26.374673072,ACC_001046,ACC_000820,23230.64,IMPS,mule_transfer,ICICI Bank,UPI_000908,Android,,,17.659722283333334,2
TXN_0000699,CASE_000201,2025-05-04 13:14:44.943091854,ACC_000110,ACC_001288,3319.27,UPI,fragmentation,Kotak Mahindra Bank,UPI_001405,iOS,28.61431855533937,77.21135055935119,,1
TXN_0000700,CASE_000201,2025-05-04 13:17:39.485134503,ACC_000110,ACC_001288,13724.3,UPI,fragmentation,Kotak Mahindra Bank,UPI_001405,iOS,28.61431855533937,77.21135055935119,2.9090340333333335,2
TXN_0000701,CASE_000201,2025-05-04 13:32:16.872620684,ACC_000110,ACC_001288,9889.68,UPI,fragmentation,Kotak Mahindra Bank,UPI_001405,Android,28.61431855533937,77.21135055935119,14.623124766666667,3
TXN_0000702,CASE_000201,2025-05-04 13:33:37.331991679,ACC_000110,ACC_001288,22375.76,IMPS,fragmentation,Kotak Mahindra Bank,UPI_001405,Android,28.61431855533937,77.21135055935119,1.3409895,4
TXN_0000703,CASE_000201,2025-05-04 14:59:07.493065521,ACC_001288,ACC_001625,44079.85,NEFT,mule_transfer,ICICI Bank,UPI_001777,Desktop,,,85.50268455,5
TXN_0000704,CASE_000201,2025-05-04 15:06:28.417833202,ACC_001625,ACC_000467,38296.35,IMPS,mule_transfer,Axis Bank,UPI_000515,Desktop,,,7.348746116666666,6
TXN_0000705,CASE_000201,2025-05-04 15:08:35.207143010,ACC_000467,ACC_001625,38296.35,UPI,mule_transfer,ICICI Bank,UPI_001777,iOS,,,2.11315515,7
TXN_0000706,CASE_000202,2024-08-20 02:58:37.867197612,ACC_000280,ACC_001178,3804.78,UPI,fragmentation,Canara Bank,UPI_001289,Android,13.06817433195786,80.24621718335625,,1
TXN_0000707,CASE_000202,2024-08-20 03:06:51.994529576,ACC_000280,ACC_001178,13194.55,UPI,fragmentation,Canara Bank,UPI_001289,Android,13.06817433195786,80.24621718335625,8.235455516666667,2
TXN_0000708,CASE_000202,2024-08-20 03:08:34.637833627,ACC_001178,ACC_001558,14733.72,IMPS,mule_transfer,Yes Bank,UPI_001700,Android,,,1.7107217333333333,3
TXN_0000709,CASE_000202,2024-08-20 04:16:04.032265432,ACC_001558,ACC_000709,14733.72,NEFT,mule_transfer,SBI,UPI_000785,iOS,,,67.48990718333333,4
TXN_0000710,CASE_000203,2024-10-19 17:33:30.610657719,ACC_001701,ACC_000023,47464.43,IMPS,fragmentation,Kotak Mahindra Bank,UPI_000028,Android,28.618364020961508,77.16118194986387,,1
TXN_0000711,CASE_000203,2024-10-19 17:39:02.721922739,ACC_001701,ACC_000023,21266.17,NEFT,fragmentation,Kotak Mahindra Bank,UPI_000028,Android,28.618364020961508,77.16118194986387,5.53518775,2
TXN_0000712,CASE_000203,2024-10-19 17:41:16.106254009,ACC_001701,ACC_000023,6056.09,UPI,fragmentation,Kotak Mahindra Bank,UPI_000028,iOS,28.618364020961508,77.16118194986387,2.2230721833333336,3
TXN_0000713,CASE_000203,2024-10-19 18:13:57.254591404,ACC_000023,ACC_000775,74786.69,UPI,mule_transfer,SBI,UPI_000857,iOS,,,32.68580561666667,4
TXN_0000714,CASE_000204,2025-04-14 12:18:34.349846944,ACC_001583,ACC_000366,2777.4,IMPS,victim_debit,IDFC First Bank,UPI_000405,Android,22.58464500340593,88.38648334276328,,1
TXN_0000715,CASE_000204,2025-04-14 12:34:05.735327898,ACC_000366,ACC_000267,2216.28,UPI,mule_transfer,IDFC First Bank,UPI_000294,Android,,,15.523091333333333,2
TXN_0000716,CASE_000204,2025-04-14 13:33:18.884900071,ACC_000267,ACC_001335,1674.28,IMPS,mule_transfer,Kotak Mahindra Bank,UPI_001457,iOS,,,59.21915953333333,3
TXN_0000717,CASE_000204,2025-04-14 13:34:30.873396513,ACC_001335,ACC_000533,1674.28,Net Banking,mule_transfer,Kotak Mahindra Bank,UPI_000588,Android,,,1.1998082666666667,4
TXN_0000718,CASE_000205,2025-05-08 20:46:28.817978170,ACC_000798,ACC_000366,25799.91,IMPS,fragmentation,IDFC First Bank,UPI_000405,Android,19.078619517208,72.87848374317109,,1
TXN_0000719,CASE_000205,2025-05-08 20:52:29.653029083,ACC_000798,ACC_000366,3466.77,Net Banking,fragmentation,IDFC First Bank,UPI_000405,iOS,19.078619517208,72.87848374317109,6.013917500000001,2
TXN_0000720,CASE_000205,2025-05-08 20:55:23.688124413,ACC_000798,ACC_000366,10558.5,NEFT,fragmentation,IDFC First Bank,UPI_000405,Desktop,19.078619517208,72.87848374317109,2.900584916666667,3
TXN_0000721,CASE_000205,2025-05-08 21:16:03.131761947,ACC_000366,ACC_001335,25676.22,UPI,mule_transfer,Kotak Mahindra Bank,UPI_001457,Desktop,,,20.657393950000003,4
TXN_0000722,CASE_000205,2025-05-08 21:50:22.628267214,ACC_001335,ACC_000287,25676.22,UPI,mule_transfer,Punjab National Bank,UPI_000316,Android,,,34.32494175,5
TXN_0000723,CASE_000206,2024-01-13 11:37:39.693159025,ACC_001274,ACC_001046,5752.06,UPI,victim_debit,IDFC First Bank,UPI_001151,iOS,19.198537793963272,72.9864490190963,,1
TXN_0000724,CASE_000206,2024-01-13 11:55:55.185635615,ACC_001046,ACC_001788,4430.54,NEFT,mule_transfer,Canara Bank,UPI_001952,iOS,,,18.25820793333333,2
TXN_0000725,CASE_000206,2024-01-13 11:59:48.091501741,ACC_001788,ACC_001592,2506.87,UPI,mule_transfer,Union Bank of India,UPI_001738,Android,,,3.881764433333333,3
TXN_0000726,CASE_000206,2024-01-13 12:01:42.693463643,ACC_001592,ACC_000309,2506.87,IMPS,mule_transfer,Canara Bank,UPI_000342,Android,,,1.9100326833333334,4
TXN_0000727,CASE_000207,2026-05-24 00:29:46.705042515,ACC_001749,ACC_000767,2546.39,UPI,fragmentation,SBI,UPI_000849,Android,17.39853579163255,78.39345031216855,,1
TXN_0000728,CASE_000207,2026-05-24 00:34:08.317765814,ACC_001749,ACC_000767,15124.59,NEFT,fragmentation,SBI,UPI_000849,Android,17.39853579163255,78.39345031216855,4.36021205,2
TXN_0000729,CASE_000207,2026-05-24 00:36:17.631070195,ACC_000767,ACC_001308,17670.98,UPI,mule_transfer,IndusInd Bank,UPI_001427,iOS,,,2.1552217333333332,3
TXN_0000730,CASE_000208,2025-06-08 10:01:18.126024372,ACC_000110,ACC_001625,1995.88,IMPS,victim_debit,ICICI Bank,UPI_001777,iOS,18.4707296115886,73.78385262787404,,1
TXN_0000731,CASE_000208,2025-06-08 11:38:10.178046391,ACC_001625,ACC_001288,1274.08,Net Banking,mule_transfer,Kotak Mahindra Bank,UPI_001405,Android,,,96.8675337,2
TXN_0000732,CASE_000208,2025-06-08 11:59:47.446092026,ACC_001288,ACC_000467,934.64,UPI,mule_transfer,Axis Bank,UPI_000514,iOS,,,21.621134083333335,3
TXN_0000733,CASE_000208,2025-06-08 12:40:02.179979269,ACC_000467,ACC_001625,934.64,NEFT,mule_transfer,ICICI Bank,UPI_001777,Android,,,40.24556478333333,4
TXN_0000734,CASE_000209,2025-06-20 17:47:01.849712303,ACC_001004,ACC_000139,2843.49,UPI,victim_debit,Axis Bank,UPI_000155,Android,13.045051235182763,80.14677474724053,,1
TXN_0000735,CASE_000209,2025-06-20 18:56:35.485844416,ACC_000139,ACC_000767,2843.49,NEFT,mule_transfer,SBI,UPI_000849,Android,,,69.56060219999999,2
TXN_0000736,CASE_000210,2024-07-11 16:17:18.905483027,ACC_001066,ACC_001507,771.3,IMPS,fragmentation,Punjab National Bank,UPI_001646,Android,21.057421861770827,79.15449612485779,,1
TXN_0000737,CASE_000210,2024-07-11 16:24:28.164832380,ACC_001066,ACC_001507,4700.39,UPI,fragmentation,Punjab National Bank,UPI_001646,Desktop,21.057421861770827,79.15449612485779,7.154322483333333,2
TXN_0000738,CASE_000210,2024-07-11 16:25:37.605971155,ACC_001507,ACC_001647,5471.69,NEFT,mule_transfer,Canara Bank,UPI_001801,Android,,,1.1573523,3
TXN_0000739,CASE_000211,2025-11-27 23:47:34.701634122,ACC_001142,ACC_000287,494.73,UPI,victim_debit,Punjab National Bank,UPI_000316,Android,26.919646481434942,75.87295757164867,,1
TXN_0000740,CASE_000211,2025-11-28 00:11:56.743388867,ACC_000287,ACC_000366,494.73,UPI,mule_transfer,IDFC First Bank,UPI_000405,Desktop,,,24.367362566666667,2
TXN_0000741,CASE_000212,2025-11-02 16:17:11.867173390,ACC_000054,ACC_001050,702.5,UPI,fragmentation,Punjab National Bank,UPI_001155,Android,23.0042806317163,72.56739388367072,,1
TXN_0000742,CASE_000212,2025-11-02 16:18:15.454526626,ACC_000054,ACC_001050,428.4,Net Banking,fragmentation,Punjab National Bank,UPI_001155,iOS,23.0042806317163,72.56739388367072,1.0597892166666667,2
TXN_0000743,CASE_000212,2025-11-02 16:20:34.624370752,ACC_000054,ACC_001050,1168.02,UPI,fragmentation,Punjab National Bank,UPI_001155,Android,23.0042806317163,72.56739388367072,2.3194974000000004,3
TXN_0000744,CASE_000212,2025-11-02 16:24:13.042224662,ACC_000054,ACC_001050,3311.56,Net Banking,fragmentation,Punjab National Bank,UPI_001155,Android,23.0042806317163,72.56739388367072,3.64029755,4
TXN_0000745,CASE_000212,2025-11-02 16:53:06.235012519,ACC_001050,ACC_001267,5610.49,NEFT,mule_transfer,ICICI Bank,UPI_001383,iOS,,,28.88654645,5
TXN_0000746,CASE_000213,2024-03-27 16:44:43.987573218,ACC_001160,ACC_000093,4301.61,NEFT,victim_debit,Yes Bank,UPI_000105,iOS,12.993157917511793,77.6696285537742,,1
TXN_0000747,CASE_000213,2024-03-27 17:01:41.461130506,ACC_000093,ACC_001625,3361.39,IMPS,mule_transfer,ICICI Bank,UPI_001777,Android,,,16.957892616666665,2
TXN_0000748,CASE_000213,2024-03-27 17:11:28.919456069,ACC_001625,ACC_001288,3361.39,NEFT,mule_transfer,Kotak Mahindra Bank,UPI_001405,Android,,,9.790972083333333,3
TXN_0000749,CASE_000214,2025-06-26 01:15:40.803512310,ACC_000584,ACC_000480,6854.5,UPI,fragmentation,IndusInd Bank,UPI_000532,Android,22.571361399937583,88.35498615912414,,1
TXN_0000750,CASE_000214,2025-06-26 01:28:34.539435778,ACC_000584,ACC_000480,46438.7,UPI,fragmentation,IndusInd Bank,UPI_000531,Android,22.571361399937583,88.35498615912414,12.895598716666665,2
TXN_0000751,CASE_000214,2025-06-26 01:30:09.190765639,ACC_000584,ACC_000480,368.73,UPI,fragmentation,IndusInd Bank,UPI_000532,iOS,22.571361399937583,88.35498615912414,1.57752215,3
TXN_0000752,CASE_000214,2025-06-26 01:35:21.071836951,ACC_000584,ACC_000480,6728.24,NEFT,fragmentation,IndusInd Bank,UPI_000531,Android,22.571361399937583,88.35498615912414,5.19801785,4
TXN_0000753,CASE_000214,2025-06-26 02:01:31.871795019,ACC_000480,ACC_000775,54079.81,Net Banking,mule_transfer,SBI,UPI_000857,iOS,,,26.179999300000002,5
TXN_0000754,CASE_000214,2025-06-26 02:21:04.587363399,ACC_000775,ACC_000023,54079.81,UPI,mule_transfer,Kotak Mahindra Bank,UPI_000028,Android,,,19.545259466666668,6
TXN_0000755,CASE_000215,2025-08-22 15:00:27.027812963,ACC_000150,ACC_000880,12359.33,UPI,fragmentation,SBI,UPI_000972,Android,18.539445532119576,73.91473017246798,,1
TXN_0000756,CASE_000215,2025-08-22 15:03:23.822792415,ACC_000150,ACC_000880,80.13,UPI,fragmentation,SBI,UPI_000972,Android,18.539445532119576,73.91473017246798,2.9465829833333337,2
TXN_0000757,CASE_000215,2025-08-22 15:05:49.005561127,ACC_000150,ACC_000880,149.16,UPI,fragmentation,SBI,UPI_000972,Android,18.539445532119576,73.91473017246798,2.4197128,3
TXN_0000758,CASE_000215,2025-08-22 15:12:13.318816140,ACC_000150,ACC_000880,1165.11,IMPS,fragmentation,SBI,UPI_000972,iOS,18.539445532119576,73.91473017246798,6.405220916666667,4
TXN_0000759,CASE_000215,2025-08-22 15:18:55.511698284,ACC_000880,ACC_001117,13753.72,UPI,mule_transfer,Bank of Baroda,UPI_001224,Android,,,6.7032147,5
TXN_0000760,CASE_000216,2026-01-31 05:28:22.059023360,ACC_001129,ACC_000267,3872.55,UPI,victim_debit,IDFC First Bank,UPI_000294,Android,12.958079650895495,77.6469099681799,,1
TXN_0000761,CASE_000216,2026-01-31 05:31:27.402678896,ACC_000267,ACC_000366,3473.27,IMPS,mule_transfer,IDFC First Bank,UPI_000405,iOS,,,3.089060916666667,2
TXN_0000762,CASE_000216,2026-01-31 05:32:52.083635176,ACC_000366,ACC_000533,3473.27,UPI,mule_transfer,Kotak Mahindra Bank,UPI_000588,Android,,,1.4113492666666665,3
TXN_0000763,CASE_000217,2024-07-06 18:25:01.529280014,ACC_001148,ACC_000659,11719.42,UPI,victim_debit,HDFC Bank,UPI_000731,Android,18.97523619746614,73.02718584745115,,1
TXN_0000764,CASE_000217,2024-07-06 20:29:17.942098311,ACC_000659,ACC_000404,11719.42,NEFT,mule_transfer,SBI,UPI_000449,Android,,,124.27354696666666,2
TXN_0000765,CASE_000218,2026-03-10 12:50:04.538810426,ACC_001444,ACC_000775,850.45,UPI,fragmentation,SBI,UPI_000857,Android,26.87471744799777,75.79083703875163,,1
TXN_0000766,CASE_000218,2026-03-10 12:57:36.307395898,ACC_001444,ACC_000775,3407.58,IMPS,fragmentation,SBI,UPI_000857,Android,26.87471744799777,75.79083703875163,7.529476416666666,2
TXN_0000767,CASE_000218,2026-03-10 13:02:02.377855027,ACC_001444,ACC_000775,2345.12,UPI,fragmentation,SBI,UPI_000857,iOS,26.87471744799777,75.79083703875163,4.4345076500000005,3
TXN_0000768,CASE_000218,2026-03-10 13:03:46.104523374,ACC_001444,ACC_000775,2901.72,UPI,fragmentation,SBI,UPI_000857,Android,26.87471744799777,75.79083703875163,1.7287778,4
TXN_0000769,CASE_000218,2026-03-10 13:13:26.920220500,ACC_000775,ACC_000023,7143.98,UPI,mule_transfer,Kotak Mahindra Bank,UPI_000028,Android,,,9.680261616666666,5
TXN_0000770,CASE_000218,2026-03-10 13:22:07.426823733,ACC_000023,ACC_000775,7143.98,UPI,mule_transfer,SBI,UPI_000857,Android,,,8.67511005,6
TXN_0000771,CASE_000219,2025-02-24 09:58:49.952721509,ACC_000143,ACC_001065,27229.86,UPI,fragmentation,Axis Bank,UPI_001170,Android,22.947812266996674,72.51177582867217,,1
TXN_0000772,CASE_000219,2025-02-24 10:04:09.310572238,ACC_000143,ACC_001065,14826.27,NEFT,fragmentation,Axis Bank,UPI_001171,iOS,22.947812266996674,72.51177582867217,5.322630833333333,2
TXN_0000773,CASE_000219,2025-02-24 10:08:11.023540883,ACC_001065,ACC_001133,42056.13,NEFT,mule_transfer,Kotak Mahindra Bank,UPI_001240,Android,,,4.028549466666666,3
TXN_0000774,CASE_000220,2024-03-28 22:59:12.417774378,ACC_000661,ACC_000309,2286.98,UPI,fragmentation,Canara Bank,UPI_000342,iOS,26.741724416892943,80.99498306083136,,1
TXN_0000775,CASE_000220,2024-03-28 23:01:43.800844642,ACC_000661,ACC_000309,2752.36,IMPS,fragmentation,Canara Bank,UPI_000342,Android,26.741724416892943,80.99498306083136,2.523051166666667,2
TXN_0000776,CASE_000220,2024-03-28 23:09:12.486184011,ACC_000661,ACC_000309,6192.74,NEFT,fragmentation,Canara Bank,UPI_000342,iOS,26.741724416892943,80.99498306083136,7.4780889833333335,3
TXN_0000777,CASE_000220,2024-03-28 23:26:26.361922321,ACC_000309,ACC_000820,6406.0,UPI,mule_transfer,ICICI Bank,UPI_000908,iOS,,,17.2312623,4
TXN_0000778,CASE_000220,2024-03-28 23:37:21.432715767,ACC_000820,ACC_000309,6406.0,UPI,mule_transfer,Canara Bank,UPI_000342,Android,,,10.91784655,5
TXN_0000779,CASE_000221,2024-04-06 06:18:37.500802428,ACC_000897,ACC_000267,13261.71,UPI,victim_debit,IDFC First Bank,UPI_000294,Android,27.003241576650453,75.73085411411927,,1
TXN_0000780,CASE_000221,2024-04-06 06:38:55.159904583,ACC_000267,ACC_000366,7484.6,IMPS,mule_transfer,IDFC First Bank,UPI_000405,Android,,,20.29431836666667,2
TXN_0000781,CASE_000221,2024-04-06 07:02:17.056304005,ACC_000366,ACC_001335,5908.39,Net Banking,mule_transfer,Kotak Mahindra Bank,UPI_001457,iOS,,,23.364939983333333,3
TXN_0000782,CASE_000221,2024-04-06 07:50:34.288329283,ACC_001335,ACC_000267,5908.39,NEFT,mule_transfer,IDFC First Bank,UPI_000294,iOS,,,48.287200416666664,4
TXN_0000783,CASE_000222,2024-06-29 06:10:47.041744780,ACC_001196,ACC_000366,2707.12,UPI,victim_debit,IDFC First Bank,UPI_000405,Desktop,21.215625254149334,72.75427061333575,,1
TXN_0000784,CASE_000222,2024-06-29 06:13:06.148005406,ACC_000366,ACC_001335,1722.48,UPI,mule_transfer,Kotak Mahindra Bank,UPI_001457,Android,,,2.3184376666666666,2
TXN_0000785,CASE_000222,2024-06-29 06:34:51.089650238,ACC_001335,ACC_000267,1722.48,IMPS,mule_transfer,IDFC First Bank,UPI_000294,iOS,,,21.7490274,3
TXN_0000786,CASE_000223,2024-09-14 14:22:09.780048148,ACC_000389,ACC_001350,1068.95,UPI,fragmentation,Bank of Baroda,UPI_001473,iOS,18.573153728783222,73.80386895989633,,1
TXN_0000787,CASE_000223,2024-09-14 14:33:19.155307129,ACC_000389,ACC_001350,1081.29,UPI,fragmentation,Bank of Baroda,UPI_001473,Android,18.573153728783222,73.80386895989633,11.1562543,2
TXN_0000788,CASE_000223,2024-09-14 14:36:58.366640532,ACC_000389,ACC_001350,863.58,UPI,fragmentation,Bank of Baroda,UPI_001473,iOS,18.573153728783222,73.80386895989633,3.6535222166666665,3
TXN_0000789,CASE_000223,2024-09-14 14:38:09.976951580,ACC_000389,ACC_001350,634.6,UPI,fragmentation,Bank of Baroda,UPI_001472,Android,18.573153728783222,73.80386895989633,1.1935051833333332,4
TXN_0000790,CASE_000223,2024-09-14 14:42:21.475227702,ACC_001350,ACC_000052,3648.42,UPI,mule_transfer,IndusInd Bank,UPI_000058,iOS,,,4.191637933333333,5
TXN_0000791,CASE_000224,2025-03-28 06:14:52.583226920,ACC_000454,ACC_000023,11290.43,IMPS,victim_debit,Kotak Mahindra Bank,UPI_000028,Android,26.843815227776375,80.94277781887166,,1
TXN_0000792,CASE_000224,2025-03-28 07:19:35.507758945,ACC_000023,ACC_000775,6407.04,IMPS,mule_transfer,SBI,UPI_000857,Android,,,64.71540886666666,2
TXN_0000793,CASE_000224,2025-03-28 07:31:21.756978459,ACC_000775,ACC_000023,6407.04,UPI,mule_transfer,Kotak Mahindra Bank,UPI_000028,Android,,,11.770820316666667,3
TXN_0000794,CASE_000225,2025-11-13 03:12:35.329739567,ACC_000462,ACC_000011,40154.64,UPI,victim_debit,Bank of Baroda,UPI_000013,Android,17.320397586585536,78.40990761335213,,1
TXN_0000795,CASE_000225,2025-11-13 03:24:54.416645888,ACC_000011,ACC_001300,40154.64,NEFT,mule_transfer,ICICI Bank,UPI_001418,iOS,,,12.3181151,2
TXN_0000796,CASE_000226,2024-06-19 03:21:33.040553815,ACC_000289,ACC_001335,23770.41,UPI,victim_debit,Kotak Mahindra Bank,UPI_001457,Android,28.556918883265162,77.1558511078139,,1
TXN_0000797,CASE_000226,2024-06-19 03:25:40.181925027,ACC_001335,ACC_000533,15755.52,Net Banking,mule_transfer,Kotak Mahindra Bank,UPI_000588,Android,,,4.1190228499999995,2
TXN_0000798,CASE_000226,2024-06-19 04:26:29.829622795,ACC_000533,ACC_001335,12210.63,UPI,mule_transfer,Kotak Mahindra Bank,UPI_001457,Android,,,60.82746161666667,3
TXN_0000799,CASE_000226,2024-06-19 05:08:46.266804185,ACC_001335,ACC_000366,12210.63,IMPS,mule_transfer,IDFC First Bank,UPI_000405,Android,,,42.27395301666666,4
TXN_0000800,CASE_000227,2026-06-23 08:05:03.904385768,ACC_001258,ACC_000093,82997.5,NEFT,victim_debit,Yes Bank,UPI_000105,Android,12.93803303768449,77.60953588093372,,1
TXN_0000801,CASE_000227,2026-06-23 08:08:04.879371448,ACC_000093,ACC_001625,82997.5,NEFT,mule_transfer,ICICI Bank,UPI_001777,iOS,,,3.01624975,2
TXN_0000802,CASE_000228,2024-05-27 03:36:14.749764102,ACC_001784,ACC_000819,35855.9,UPI,fragmentation,HDFC Bank,UPI_000907,Android,21.126407935379245,79.13090923050915,,1
TXN_0000803,CASE_000228,2024-05-27 03:39:29.149671319,ACC_001784,ACC_000819,63261.04,UPI,fragmentation,HDFC Bank,UPI_000907,Android,21.126407935379245,79.13090923050915,3.2399984500000003,2
TXN_0000804,CASE_000228,2024-05-27 04:58:35.707169366,ACC_000819,ACC_001296,75469.15,NEFT,mule_transfer,SBI,UPI_001414,Android,,,79.10929163333334,3
TXN_0000805,CASE_000228,2024-05-27 06:27:25.387104093,ACC_001296,ACC_000819,75469.15,NEFT,mule_transfer,HDFC Bank,UPI_000907,iOS,,,88.8279989,4
TXN_0000806,CASE_000229,2025-06-30 01:07:31.003215749,ACC_001502,ACC_000287,1889.22,IMPS,fragmentation,Punjab National Bank,UPI_000315,iOS,19.891609777915637,73.71628309676814,,1
TXN_0000807,CASE_000229,2025-06-30 01:08:53.977605632,ACC_001502,ACC_000287,7700.37,UPI,fragmentation,Punjab National Bank,UPI_000316,Desktop,19.891609777915637,73.71628309676814,1.3829064833333333,2
TXN_0000808,CASE_000229,2025-06-30 01:10:16.747281465,ACC_001502,ACC_000287,8143.58,IMPS,fragmentation,Punjab National Bank,UPI_000316,iOS,19.891609777915637,73.71628309676814,1.3794945833333334,3
TXN_0000809,CASE_000229,2025-06-30 01:20:48.351086911,ACC_001502,ACC_000287,4784.08,UPI,fragmentation,Punjab National Bank,UPI_000316,iOS,19.891609777915637,73.71628309676814,10.526730083333332,4
TXN_0000810,CASE_000229,2025-06-30 01:28:54.499251373,ACC_000287,ACC_000366,22517.24,NEFT,mule_transfer,IDFC First Bank,UPI_000405,iOS,,,8.1024694,5
TXN_0000811,CASE_000230,2026-04-26 06:40:56.789498680,ACC_000065,ACC_001029,8360.29,IMPS,fragmentation,HDFC Bank,UPI_001132,iOS,18.603689930312495,73.8709133899781,,1
TXN_0000812,CASE_000230,2026-04-26 06:49:11.447304983,ACC_000065,ACC_001029,2892.83,UPI,fragmentation,HDFC Bank,UPI_001132,iOS,18.603689930312495,73.8709133899781,8.244296766666666,2
TXN_0000813,CASE_000230,2026-04-26 06:56:45.991415407,ACC_000065,ACC_001029,6694.23,IMPS,fragmentation,HDFC Bank,UPI_001132,iOS,18.603689930312495,73.8709133899781,7.575735166666666,3
TXN_0000814,CASE_000230,2026-04-26 08:03:16.975690149,ACC_001029,ACC_001393,16306.99,UPI,mule_transfer,Axis Bank,UPI_001521,Android,,,66.51640456666667,4
TXN_0000815,CASE_000230,2026-04-26 08:28:34.939110998,ACC_001393,ACC_001029,16306.99,NEFT,mule_transfer,HDFC Bank,UPI_001132,Android,,,25.299390333333335,5
TXN_0000816,CASE_000231,2026-01-28 10:13:46.858978376,ACC_000423,ACC_000480,1797.1,NEFT,victim_debit,IndusInd Bank,UPI_000531,Desktop,19.140241923189155,72.88088695595529,,1
TXN_0000817,CASE_000231,2026-01-28 10:18:43.521609546,ACC_000480,ACC_000023,1106.42,UPI,mule_transfer,Kotak Mahindra Bank,UPI_000028,Android,,,4.944377183333333,2
TXN_0000818,CASE_000231,2026-01-28 10:23:07.679583907,ACC_000023,ACC_000775,1106.42,IMPS,mule_transfer,SBI,UPI_000857,Android,,,4.4026329,3
TXN_0000819,CASE_000232,2025-08-13 06:23:38.369661716,ACC_001186,ACC_000267,61605.56,IMPS,victim_debit,IDFC First Bank,UPI_000294,Android,13.021617727021642,77.52546488014679,,1
TXN_0000820,CASE_000232,2025-08-13 06:31:06.604506229,ACC_000267,ACC_000287,37547.48,IMPS,mule_transfer,Punjab National Bank,UPI_000315,Android,,,7.470580733333334,2
TXN_0000821,CASE_000232,2025-08-13 06:56:03.498201250,ACC_000287,ACC_001335,37547.48,UPI,mule_transfer,Kotak Mahindra Bank,UPI_001457,iOS,,,24.94822825,3
TXN_0000822,CASE_000233,2025-10-13 19:52:08.465654479,ACC_000257,ACC_001647,5926.83,IMPS,fragmentation,Canara Bank,UPI_001801,Android,26.965949382950996,75.80533127314214,,1
TXN_0000823,CASE_000233,2025-10-13 19:55:20.883245874,ACC_000257,ACC_001647,4451.44,NEFT,fragmentation,Canara Bank,UPI_001801,Android,26.965949382950996,75.80533127314214,3.2069598499999996,2
TXN_0000824,CASE_000233,2025-10-13 20:01:06.278469950,ACC_001647,ACC_001507,10378.27,Net Banking,mule_transfer,Punjab National Bank,UPI_001646,iOS,,,5.7565870666666665,3
TXN_0000825,CASE_000234,2024-05-02 06:26:21.677679974,ACC_001314,ACC_000823,3386.25,UPI,fragmentation,Bank of Baroda,UPI_000912,Android,17.322231373673276,78.47636930535731,,1
TXN_0000826,CASE_000234,2024-05-02 06:30:59.803196902,ACC_001314,ACC_000823,567.94,NEFT,fragmentation,Bank of Baroda,UPI_000912,iOS,17.322231373673276,78.47636930535731,4.635425266666667,2
TXN_0000827,CASE_000234,2024-05-02 06:36:13.595391248,ACC_001314,ACC_000823,13646.23,Net Banking,fragmentation,Bank of Baroda,UPI_000911,Android,17.322231373673276,78.47636930535731,5.2298699,3
TXN_0000828,CASE_000234,2024-05-02 07:00:45.331037647,ACC_000823,ACC_001426,17600.41,IMPS,mule_transfer,IDFC First Bank,UPI_001558,Desktop,,,24.528927433333333,4
TXN_0000829,CASE_000235,2024-01-09 20:02:07.236065197,ACC_001370,ACC_000404,243.64,IMPS,fragmentation,SBI,UPI_000449,iOS,12.942170412472706,77.5679790208547,,1
TXN_0000830,CASE_000235,2024-01-09 20:07:50.752390208,ACC_001370,ACC_000404,1552.56,UPI,fragmentation,SBI,UPI_000449,Android,12.942170412472706,77.5679790208547,5.7252720833333335,2
TXN_0000831,CASE_000235,2024-01-09 20:09:11.413728625,ACC_000404,ACC_000659,1796.2,NEFT,mule_transfer,HDFC Bank,UPI_000731,iOS,,,1.3443556333333333,3
TXN_0000832,CASE_000236,2025-01-30 12:45:31.770347612,ACC_000540,ACC_001335,2851.67,NEFT,fragmentation,Kotak Mahindra Bank,UPI_001457,Android,28.632916193913424,77.27315058419141,,1
TXN_0000833,CASE_000236,2025-01-30 12:47:08.760985306,ACC_000540,ACC_001335,4540.22,UPI,fragmentation,Kotak Mahindra Bank,UPI_001457,Android,28.632916193913424,77.27315058419141,1.6165106166666667,2
TXN_0000834,CASE_000236,2025-01-30 12:50:03.341560334,ACC_000540,ACC_001335,632.49,Net Banking,fragmentation,Kotak Mahindra Bank,UPI_001457,Android,28.632916193913424,77.27315058419141,2.90967625,3
TXN_0000835,CASE_000236,2025-01-30 13:05:48.098760064,ACC_001335,ACC_000267,6843.24,UPI,mule_transfer,IDFC First Bank,UPI_000294,iOS,,,15.745953316666666,4
TXN_0000836,CASE_000236,2025-01-30 13:24:38.286252724,ACC_000267,ACC_001335,6376.26,UPI,mule_transfer,Kotak Mahindra Bank,UPI_001457,Android,,,18.8364582,5
TXN_0000837,CASE_000236,2025-01-30 13:47:32.346289928,ACC_001335,ACC_000533,6376.26,NEFT,mule_transfer,Kotak Mahindra Bank,UPI_000588,iOS,,,22.901000616666668,6
TXN_0000838,CASE_000237,2024-03-22 14:04:27.863803482,ACC_000443,ACC_000404,37730.88,UPI,victim_debit,SBI,UPI_000449,iOS,28.687365945349995,77.14469912087569,,1
TXN_0000839,CASE_000237,2024-03-22 14:57:29.368290967,ACC_000404,ACC_000659,37730.88,IMPS,mule_transfer,HDFC Bank,UPI_000731,Android,,,53.02507478333334,2
TXN_0000840,CASE_000238,2024-11-21 22:53:50.654785842,ACC_000858,ACC_000052,11700.68,UPI,victim_debit,IndusInd Bank,UPI_000058,Desktop,18.52238395315629,73.86199388370521,,1
TXN_0000841,CASE_000238,2024-11-21 23:20:03.771935038,ACC_000052,ACC_001350,11700.68,NEFT,mule_transfer,Bank of Baroda,UPI_001473,Android,,,26.21861915,2
TXN_0000842,CASE_000239,2024-07-22 20:43:22.744717348,ACC_000625,ACC_000775,3193.33,UPI,victim_debit,SBI,UPI_000857,Android,23.102872145300765,72.49393605013238,,1
TXN_0000843,CASE_000239,2024-07-22 20:52:11.547177928,ACC_000775,ACC_000023,3193.33,UPI,mule_transfer,Kotak Mahindra Bank,UPI_000028,Android,,,8.813374333333334,2
TXN_0000844,CASE_000240,2026-04-14 19:18:14.191278523,ACC_000852,ACC_001762,79324.96,IMPS,victim_debit,HDFC Bank,UPI_001926,Android,19.036117733809366,72.98938271800425,,1
TXN_0000845,CASE_000240,2026-04-14 19:20:44.871093363,ACC_001762,ACC_000319,79324.96,UPI,mule_transfer,HDFC Bank,UPI_000353,Android,,,2.511330233333333,2
TXN_0000846,CASE_000241,2026-03-12 17:52:56.683977205,ACC_001317,ACC_000093,116288.01,NEFT,fragmentation,Yes Bank,UPI_000105,Desktop,13.08806187143362,80.3652355639179,,1
TXN_0000847,CASE_000241,2026-03-12 17:57:11.514741181,ACC_001317,ACC_000093,33689.28,Net Banking,fragmentation,Yes Bank,UPI_000105,Android,13.08806187143362,80.3652355639179,4.247179383333333,2
TXN_0000848,CASE_000241,2026-03-12 18:03:15.070311055,ACC_001317,ACC_000093,4878.46,NEFT,fragmentation,Yes Bank,UPI_000105,iOS,13.08806187143362,80.3652355639179,6.059259483333333,3
TXN_0000849,CASE_000241,2026-03-12 18:19:51.884340686,ACC_000093,ACC_001625,99420.65,UPI,mule_transfer,ICICI Bank,UPI_001777,Android,,,16.61356715,4
TXN_0000850,CASE_000241,2026-03-12 19:40:31.184330491,ACC_001625,ACC_000093,91260.91,Net Banking,mule_transfer,Yes Bank,UPI_000105,Android,,,80.65499981666667,5
TXN_0000851,CASE_000241,2026-03-12 19:42:20.951730642,ACC_000093,ACC_000467,91260.91,UPI,mule_transfer,Axis Bank,UPI_000514,Android,,,1.8294566666666665,6
TXN_0000852,CASE_000242,2026-01-16 02:00:47.928433382,ACC_001535,ACC_000267,1863.04,NEFT,victim_debit,IDFC First Bank,UPI_000294,iOS,22.623322847576556,88.44025411499459,,1
TXN_0000853,CASE_000242,2026-01-16 02:04:57.555172312,ACC_000267,ACC_001335,1226.08,Net Banking,mule_transfer,Kotak Mahindra Bank,UPI_001457,Desktop,,,4.1604456333333335,2
TXN_0000854,CASE_000242,2026-01-16 02:53:02.682444470,ACC_001335,ACC_000533,851.83,UPI,mule_transfer,Kotak Mahindra Bank,UPI_000588,Android,,,48.08545453333333,3
TXN_0000855,CASE_000242,2026-01-16 03:17:45.003887587,ACC_000533,ACC_000287,851.83,UPI,mule_transfer,Punjab National Bank,UPI_000316,Android,,,24.705357383333332,4
TXN_0000856,CASE_000243,2025-10-12 10:37:33.882517273,ACC_000399,ACC_000480,19023.59,UPI,victim_debit,IndusInd Bank,UPI_000531,iOS,17.34934849645022,78.57122712269123,,1
TXN_0000857,CASE_000243,2025-10-12 10:56:50.151323817,ACC_000480,ACC_000775,16922.39,UPI,mule_transfer,SBI,UPI_000857,iOS,,,19.271146766666668,2
TXN_0000858,CASE_000243,2025-10-12 11:12:18.579671039,ACC_000775,ACC_000480,16922.39,Net Banking,mule_transfer,IndusInd Bank,UPI_000532,iOS,,,15.473805783333335,3
TXN_0000859,CASE_000244,2024-05-20 08:52:44.237396095,ACC_001719,ACC_001050,50.0,Net Banking,fragmentation,Punjab National Bank,UPI_001155,iOS,26.84654282396626,75.84242623360952,,1
TXN_0000860,CASE_000244,2024-05-20 08:56:37.109499451,ACC_001719,ACC_001050,249.68,NEFT,fragmentation,Punjab National Bank,UPI_001155,Desktop,26.84654282396626,75.84242623360952,3.881201716666667,2
TXN_0000861,CASE_000244,2024-05-20 09:01:21.530186736,ACC_001719,ACC_001050,137.06,Net Banking,fragmentation,Punjab National Bank,UPI_001155,Android,26.84654282396626,75.84242623360952,4.740344783333333,3
TXN_0000862,CASE_000244,2024-05-20 09:03:11.066329374,ACC_001719,ACC_001050,50.0,UPI,fragmentation,Punjab National Bank,UPI_001155,Desktop,26.84654282396626,75.84242623360952,1.8256023666666665,4
TXN_0000863,CASE_000244,2024-05-20 09:29:15.182008201,ACC_001050,ACC_001267,424.87,NEFT,mule_transfer,ICICI Bank,UPI_001383,iOS,,,26.06859463333333,5
TXN_0000864,CASE_000245,2024-02-14 01:48:07.607010631,ACC_000235,ACC_000011,18985.68,IMPS,victim_debit,Bank of Baroda,UPI_000013,iOS,20.000932361365688,73.92767576845758,,1
TXN_0000865,CASE_000245,2024-02-14 01:53:13.762325486,ACC_000011,ACC_001300,18985.68,UPI,mule_transfer,ICICI Bank,UPI_001418,Android,,,5.102588566666666,2
TXN_0000866,CASE_000246,2025-08-18 17:13:30.518409161,ACC_000538,ACC_000052,927.25,IMPS,victim_debit,IndusInd Bank,UPI_000058,iOS,26.98109349107381,75.78676346197511,,1
TXN_0000867,CASE_000246,2025-08-18 17:22:43.813493477,ACC_000052,ACC_001350,927.25,IMPS,mule_transfer,Bank of Baroda,UPI_001472,iOS,,,9.221584733333334,2
TXN_0000868,CASE_000247,2025-08-08 02:52:41.367119851,ACC_000984,ACC_000267,3283.2,UPI,victim_debit,IDFC First Bank,UPI_000294,Android,22.585217674658388,88.47019739942216,,1
TXN_0000869,CASE_000247,2025-08-08 03:07:30.070206377,ACC_000267,ACC_000366,3283.2,UPI,mule_transfer,IDFC First Bank,UPI_000405,Android,,,14.8117181,2
TXN_0000870,CASE_000248,2024-12-02 13:49:16.338142901,ACC_000143,ACC_000775,199.46,UPI,fragmentation,SBI,UPI_000857,iOS,22.618858904518618,88.27362938636723,,1
TXN_0000871,CASE_000248,2024-12-02 13:52:57.506049647,ACC_000143,ACC_000775,55.06,UPI,fragmentation,SBI,UPI_000857,Android,22.618858904518618,88.27362938636723,3.6861317666666666,2
TXN_0000872,CASE_000248,2024-12-02 13:57:44.045370221,ACC_000143,ACC_000775,683.74,NEFT,fragmentation,SBI,UPI_000857,Android,22.618858904518618,88.27362938636723,4.775655333333333,3
TXN_0000873,CASE_000248,2024-12-02 14:00:08.145662859,ACC_000143,ACC_000775,371.44,UPI,fragmentation,SBI,UPI_000857,Android,22.618858904518618,88.27362938636723,2.4016715333333334,4
TXN_0000874,CASE_000248,2024-12-02 14:39:52.245276360,ACC_000775,ACC_000480,815.64,IMPS,mule_transfer,IndusInd Bank,UPI_000531,Desktop,,,39.73499355,5
TXN_0000875,CASE_000248,2024-12-02 14:50:25.932151923,ACC_000480,ACC_000023,815.64,Net Banking,mule_transfer,Kotak Mahindra Bank,UPI_000028,Android,,,10.561447916666667,6
TXN_0000876,CASE_000249,2025-03-06 15:30:42.920415487,ACC_000322,ACC_001647,13636.1,NEFT,fragmentation,Canara Bank,UPI_001801,iOS,13.099957078056557,80.29827830879543,,1
TXN_0000877,CASE_000249,2025-03-06 15:31:50.094542881,ACC_000322,ACC_001647,874.42,UPI,fragmentation,Canara Bank,UPI_001801,Android,13.099957078056557,80.29827830879543,1.1195687833333332,2
TXN_0000878,CASE_000249,2025-03-06 15:36:40.702219640,ACC_001647,ACC_001507,14510.52,NEFT,mule_transfer,Punjab National Bank,UPI_001646,iOS,,,4.843461266666667,3
TXN_0000879,CASE_000250,2025-03-21 15:23:50.021045799,ACC_000901,ACC_000819,13960.18,IMPS,fragmentation,HDFC Bank,UPI_000907,iOS,23.060490017858662,72.56624985453755,,1
TXN_0000880,CASE_000250,2025-03-21 15:28:00.942633917,ACC_000901,ACC_000819,5295.21,UPI,fragmentation,HDFC Bank,UPI_000907,iOS,23.060490017858662,72.56624985453755,4.182026466666667,2
TXN_0000881,CASE_000250,2025-03-21 15:33:23.100469574,ACC_000901,ACC_000819,1240.03,IMPS,fragmentation,HDFC Bank,UPI_000907,iOS,23.060490017858662,72.56624985453755,5.36929725,3
TXN_0000882,CASE_000250,2025-03-21 15:49:25.429772848,ACC_000819,ACC_001768,20495.42,Net Banking,mule_transfer,Canara Bank,UPI_001932,Android,,,16.038821716666668,4
TXN_0000883,CASE_000251,2024-08-06 14:06:49.120220083,ACC_000222,ACC_000533,76.5,NEFT,fragmentation,Kotak Mahindra Bank,UPI_000588,iOS,22.72837744800853,75.91908655678404,,1
TXN_0000884,CASE_000251,2024-08-06 14:10:39.905415914,ACC_000222,ACC_000533,670.98,UPI,fragmentation,Kotak Mahindra Bank,UPI_000588,iOS,22.72837744800853,75.91908655678404,3.8464199166666666,2
TXN_0000885,CASE_000251,2024-08-06 14:20:15.190854411,ACC_000533,ACC_000366,619.33,Net Banking,mule_transfer,IDFC First Bank,UPI_000405,Android,,,9.588090633333334,3
TXN_0000886,CASE_000251,2024-08-06 14:53:24.800473809,ACC_000366,ACC_000267,619.33,UPI,mule_transfer,IDFC First Bank,UPI_000294,Desktop,,,33.16016031666667,4
TXN_0000887,CASE_000252,2024-10-13 05:24:46.323449543,ACC_000993,ACC_000052,292.42,IMPS,fragmentation,IndusInd Bank,UPI_000058,Android,28.580825109511437,77.2291952554383,,1
TXN_0000888,CASE_000252,2024-10-13 05:27:08.668358380,ACC_000993,ACC_000052,3085.38,UPI,fragmentation,IndusInd Bank,UPI_000058,Android,28.580825109511437,77.2291952554383,2.3724151333333334,2
TXN_0000889,CASE_000252,2024-10-13 05:31:44.914205510,ACC_000993,ACC_000052,2578.92,NEFT,fragmentation,IndusInd Bank,UPI_000058,Android,28.580825109511437,77.2291952554383,4.60409745,3
TXN_0000890,CASE_000252,2024-10-13 05:36:09.504606569,ACC_000052,ACC_001350,5956.72,UPI,mule_transfer,Bank of Baroda,UPI_001472,Android,,,4.409840016666666,4
TXN_0000891,CASE_000253,2025-01-16 04:03:56.752630070,ACC_000145,ACC_001335,7598.47,IMPS,fragmentation,Kotak Mahindra Bank,UPI_001457,iOS,22.976257664727314,72.55202943005357,,1
TXN_0000892,CASE_000253,2025-01-16 04:11:01.629643062,ACC_000145,ACC_001335,7227.68,UPI,fragmentation,Kotak Mahindra Bank,UPI_001457,iOS,22.976257664727314,72.55202943005357,7.081283533333333,2
TXN_0000893,CASE_000253,2025-01-16 04:13:45.474902222,ACC_001335,ACC_000267,12806.89,UPI,mule_transfer,IDFC First Bank,UPI_000294,iOS,,,2.730754316666667,3
TXN_0000894,CASE_000253,2025-01-16 04:36:40.716604507,ACC_000267,ACC_001335,12806.89,UPI,mule_transfer,Kotak Mahindra Bank,UPI_001457,Android,,,22.920695033333335,4
TXN_0000895,CASE_000254,2025-07-03 12:27:35.237430074,ACC_001767,ACC_001690,41735.26,IMPS,victim_debit,Punjab National Bank,UPI_001846,iOS,22.611048258337465,88.4031415703046,,1
TXN_0000896,CASE_000254,2025-07-03 13:07:44.693501797,ACC_001690,ACC_000753,28022.91,UPI,mule_transfer,HDFC Bank,UPI_000832,iOS,,,40.157601183333334,2
TXN_0000897,CASE_000254,2025-07-03 14:54:12.549168226,ACC_000753,ACC_001690,28022.91,UPI,mule_transfer,Punjab National Bank,UPI_001846,Android,,,106.4642611,3
TXN_0000898,CASE_000255,2026-05-20 18:51:24.080936334,ACC_001619,ACC_001150,12437.19,UPI,victim_debit,ICICI Bank,UPI_001258,Desktop,28.64716289772479,77.12411660518276,,1
TXN_0000899,CASE_000255,2026-05-20 19:14:57.675493837,ACC_001150,ACC_001133,9170.25,IMPS,mule_transfer,Kotak Mahindra Bank,UPI_001240,Android,,,23.559909283333333,2
TXN_0000900,CASE_000255,2026-05-20 19:26:46.088352276,ACC_001133,ACC_000342,9170.25,UPI,mule_transfer,IndusInd Bank,UPI_000379,iOS,,,11.806880966666666,3
TXN_0000901,CASE_000256,2025-05-05 13:56:59.585583700,ACC_001186,ACC_001625,2129.36,NEFT,victim_debit,ICICI Bank,UPI_001777,Android,26.842109568616163,80.97910469118412,,1
TXN_0000902,CASE_000256,2025-05-05 14:23:22.655871465,ACC_001625,ACC_000467,1667.81,NEFT,mule_transfer,Axis Bank,UPI_000514,iOS,,,26.384504783333334,2
TXN_0000903,CASE_000256,2025-05-05 14:59:59.144574341,ACC_000467,ACC_000093,1667.81,UPI,mule_transfer,Yes Bank,UPI_000105,Android,,,36.60814503333334,3
TXN_0000904,CASE_000257,2025-10-28 02:58:00.621269235,ACC_000048,ACC_001350,1844.31,UPI,fragmentation,Bank of Baroda,UPI_001472,Desktop,28.51037849928367,77.17128137620907,,1
TXN_0000905,CASE_000257,2025-10-28 03:08:46.065857722,ACC_000048,ACC_001350,50.0,UPI,fragmentation,Bank of Baroda,UPI_001472,Android,28.51037849928367,77.17128137620907,10.7574098,2
TXN_0000906,CASE_000257,2025-10-28 03:11:58.302674923,ACC_000048,ACC_001350,6771.49,UPI,fragmentation,Bank of Baroda,UPI_001472,Android,28.51037849928367,77.17128137620907,3.20394695,3
TXN_0000907,CASE_000257,2025-10-28 03:17:13.169160730,ACC_000048,ACC_001350,701.91,UPI,fragmentation,Bank of Baroda,UPI_001472,Android,28.51037849928367,77.17128137620907,5.2477747500000005,4
TXN_0000908,CASE_000257,2025-10-28 03:21:19.255471914,ACC_001350,ACC_000052,9364.89,IMPS,mule_transfer,IndusInd Bank,UPI_000058,Android,,,4.101438516666667,5
TXN_0000909,CASE_000258,2026-01-05 04:27:32.006143901,ACC_001667,ACC_000309,8204.31,IMPS,fragmentation,Canara Bank,UPI_000342,Android,12.915325433968578,77.57598325391731,,1
TXN_0000910,CASE_000258,2026-01-05 04:34:31.506972046,ACC_001667,ACC_000309,28267.23,UPI,fragmentation,Canara Bank,UPI_000342,iOS,12.915325433968578,77.57598325391731,6.991680466666667,2
TXN_0000911,CASE_000258,2026-01-05 05:00:02.204618490,ACC_000309,ACC_001788,28052.23,IMPS,mule_transfer,Canara Bank,UPI_001952,Android,,,25.511627433333334,3
TXN_0000912,CASE_000258,2026-01-05 05:09:49.130431745,ACC_001788,ACC_000309,22628.55,IMPS,mule_transfer,Canara Bank,UPI_000342,iOS,,,9.782096883333333,4
TXN_0000913,CASE_000258,2026-01-05 05:56:31.791017148,ACC_000309,ACC_001788,22628.55,Net Banking,mule_transfer,Canara Bank,UPI_001952,Desktop,,,46.71100975,5
TXN_0000914,CASE_000259,2024-04-13 09:56:40.774248507,ACC_000760,ACC_000480,44240.71,UPI,fragmentation,IndusInd Bank,UPI_000532,Android,18.999730052051188,72.81699592259292,,1
TXN_0000915,CASE_000259,2024-04-13 09:58:14.310522559,ACC_000760,ACC_000480,17276.2,IMPS,fragmentation,IndusInd Bank,UPI_000531,Android,18.999730052051188,72.81699592259292,1.5589379,2
TXN_0000916,CASE_000259,2024-04-13 10:08:45.955018522,ACC_000760,ACC_000480,7451.05,IMPS,fragmentation,IndusInd Bank,UPI_000532,iOS,18.999730052051188,72.81699592259292,10.52740825,3
TXN_0000917,CASE_000259,2024-04-13 10:10:46.271106999,ACC_000760,ACC_000480,942.33,UPI,fragmentation,IndusInd Bank,UPI_000531,Android,18.999730052051188,72.81699592259292,2.0052681333333333,4
TXN_0000918,CASE_000259,2024-04-13 10:11:56.247746681,ACC_000480,ACC_000775,55909.64,UPI,mule_transfer,SBI,UPI_000857,Android,,,1.1662773166666667,5
TXN_0000919,CASE_000259,2024-04-13 10:21:05.554954857,ACC_000775,ACC_000480,55909.64,IMPS,mule_transfer,IndusInd Bank,UPI_000532,Android,,,9.155120133333332,6
TXN_0000920,CASE_000260,2025-08-18 00:10:27.090544770,ACC_000550,ACC_001350,2230.53,NEFT,victim_debit,Bank of Baroda,UPI_001472,iOS,18.530743657723885,73.86066500938358,,1
TXN_0000921,CASE_000260,2025-08-18 01:04:15.063247577,ACC_001350,ACC_000052,2230.53,UPI,mule_transfer,IndusInd Bank,UPI_000058,Android,,,53.79954503333333,2
TXN_0000922,CASE_000261,2025-03-15 05:40:13.422391480,ACC_001548,ACC_001592,6471.82,UPI,victim_debit,Union Bank of India,UPI_001738,Android,23.053577447980846,72.63157875644598,,1
TXN_0000923,CASE_000261,2025-03-15 05:46:19.879621950,ACC_001592,ACC_001788,4601.58,UPI,mule_transfer,Canara Bank,UPI_001952,Android,,,6.1076204999999995,2
TXN_0000924,CASE_000261,2025-03-15 06:02:11.922449740,ACC_001788,ACC_000820,4106.49,IMPS,mule_transfer,ICICI Bank,UPI_000908,Desktop,,,15.86738045,3
TXN_0000925,CASE_000261,2025-03-15 06:39:45.821061900,ACC_000820,ACC_001592,4106.49,IMPS,mule_transfer,Union Bank of India,UPI_001737,Android,,,37.56497686666667,4
TXN_0000926,CASE_000262,2025-06-05 12:06:07.645317132,ACC_000345,ACC_000404,7047.27,IMPS,victim_debit,SBI,UPI_000449,Android,28.615919171933164,77.21268509085803,,1
TXN_0000927,CASE_000262,2025-06-05 12:15:02.198575854,ACC_000404,ACC_000659,7047.27,UPI,mule_transfer,HDFC Bank,UPI_000731,Android,,,8.909220966666668,2
TXN_0000928,CASE_000263,2024-02-05 00:25:17.617992477,ACC_001663,ACC_001507,5139.25,UPI,victim_debit,Punjab National Bank,UPI_001646,iOS,28.584557411201516,77.30753173901842,,1
TXN_0000929,CASE_000263,2024-02-05 00:57:47.259581047,ACC_001507,ACC_001647,5139.25,NEFT,mule_transfer,Canara Bank,UPI_001801,Desktop,,,32.49402646666667,2
TXN_0000930,CASE_000264,2026-04-05 13:45:06.089190907,ACC_000596,ACC_001365,1978.79,IMPS,victim_debit,IndusInd Bank,UPI_001488,Android,18.54888767350016,73.8953888864332,,1
TXN_0000931,CASE_000264,2026-04-05 14:22:23.706621592,ACC_001365,ACC_001629,1792.93,UPI,mule_transfer,SBI,UPI_001781,Android,,,37.29362383333333,2
TXN_0000932,CASE_000264,2026-04-05 14:52:31.711749269,ACC_001629,ACC_001349,1514.06,UPI,mule_transfer,Kotak Mahindra Bank,UPI_001471,Android,,,30.133418783333333,3
TXN_0000933,CASE_000264,2026-04-05 14:54:54.981381982,ACC_001349,ACC_001238,1514.06,UPI,mule_transfer,SBI,UPI_001350,Android,,,2.3878272,4
TXN_0000934,CASE_000265,2026-05-18 00:13:10.276373225,ACC_001603,ACC_001178,5791.33,UPI,fragmentation,Canara Bank,UPI_001289,iOS,13.084748167631572,77.53258073522179,,1
TXN_0000935,CASE_000265,2026-05-18 00:18:00.402306850,ACC_001603,ACC_001178,4313.83,UPI,fragmentation,Canara Bank,UPI_001289,Desktop,13.084748167631572,77.53258073522179,4.835432216666666,2
TXN_0000936,CASE_000265,2026-05-18 01:03:01.653457542,ACC_001178,ACC_001558,8135.95,UPI,mule_transfer,Yes Bank,UPI_001700,iOS,,,45.020852500000004,3
TXN_0000937,CASE_000265,2026-05-18 01:11:17.221094473,ACC_001558,ACC_001178,6152.73,IMPS,mule_transfer,Canara Bank,UPI_001289,iOS,,,8.2594606,4
TXN_0000938,CASE_000265,2026-05-18 01:45:32.669360955,ACC_001178,ACC_000378,6152.73,UPI,mule_transfer,Canara Bank,UPI_000421,iOS,,,34.2574711,5
TXN_0000939,CASE_000266,2024-01-04 04:16:35.722884689,ACC_000244,ACC_001625,28309.03,IMPS,victim_debit,ICICI Bank,UPI_001777,Android,22.978844443715534,72.56753058492306,,1
TXN_0000940,CASE_000266,2024-01-04 04:27:52.189785986,ACC_001625,ACC_000093,28309.03,UPI,mule_transfer,Yes Bank,UPI_000105,Android,,,11.27444835,2
TXN_0000941,CASE_000267,2024-07-12 21:06:20.908315365,ACC_001332,ACC_000659,957.37,UPI,fragmentation,HDFC Bank,UPI_000731,Android,26.858045392465538,75.72742559075022,,1
TXN_0000942,CASE_000267,2024-07-12 21:08:19.193505189,ACC_001332,ACC_000659,2298.72,UPI,fragmentation,HDFC Bank,UPI_000731,Android,26.858045392465538,75.72742559075022,1.9714198166666668,2
TXN_0000943,CASE_000267,2024-07-12 21:09:29.135287563,ACC_001332,ACC_000659,2771.62,UPI,fragmentation,HDFC Bank,UPI_000731,Android,26.858045392465538,75.72742559075022,1.1656963666666667,3
TXN_0000944,CASE_000267,2024-07-12 21:17:06.393905830,ACC_000659,ACC_000404,6027.72,UPI,mule_transfer,SBI,UPI_000450,Android,,,7.6209769666666665,4
TXN_0000945,CASE_000268,2024-06-13 03:52:13.530585083,ACC_001274,ACC_000023,2745.99,NEFT,fragmentation,Kotak Mahindra Bank,UPI_000028,Android,19.05425476121747,72.90642397955746,,1
TXN_0000946,CASE_000268,2024-06-13 03:53:22.348951433,ACC_001274,ACC_000023,1132.18,UPI,fragmentation,Kotak Mahindra Bank,UPI_000028,Android,19.05425476121747,72.90642397955746,1.1469727666666667,2
TXN_0000947,CASE_000268,2024-06-13 03:57:00.600396904,ACC_001274,ACC_000023,1589.09,IMPS,fragmentation,Kotak Mahindra Bank,UPI_000028,Android,19.05425476121747,72.90642397955746,3.637524083333333,3
TXN_0000948,CASE_000268,2024-06-13 04:05:45.317033114,ACC_001274,ACC_000023,123.55,NEFT,fragmentation,Kotak Mahindra Bank,UPI_000028,Android,19.05425476121747,72.90642397955746,8.745277266666667,4
TXN_0000949,CASE_000268,2024-06-13 04:25:37.176546799,ACC_000023,ACC_000480,3803.76,UPI,mule_transfer,IndusInd Bank,UPI_000532,iOS,,,19.864325216666668,5
TXN_0000950,CASE_000268,2024-06-13 04:42:29.475317872,ACC_000480,ACC_000023,3803.76,UPI,mule_transfer,Kotak Mahindra Bank,UPI_000028,iOS,,,16.871646183333333,6
TXN_0000951,CASE_000269,2025-12-12 18:49:27.943949860,ACC_001205,ACC_000287,6970.1,NEFT,victim_debit,Punjab National Bank,UPI_000315,Android,17.371243310073414,78.57331900134795,,1
TXN_0000952,CASE_000269,2025-12-12 20:05:55.679832131,ACC_000287,ACC_000267,6970.1,UPI,mule_transfer,IDFC First Bank,UPI_000294,Android,,,76.4622647,2
TXN_0000953,CASE_000270,2025-06-28 21:02:47.324305065,ACC_001171,ACC_000480,38672.57,Net Banking,fragmentation,IndusInd Bank,UPI_000532,iOS,12.908498744272634,77.59330716686132,,1
TXN_0000954,CASE_000270,2025-06-28 21:10:42.529938551,ACC_001171,ACC_000480,9727.82,UPI,fragmentation,IndusInd Bank,UPI_000532,Android,12.908498744272634,77.59330716686132,7.920093883333333,2
TXN_0000955,CASE_000270,2025-06-28 21:23:33.436972947,ACC_001171,ACC_000480,22503.74,NEFT,fragmentation,IndusInd Bank,UPI_000531,Desktop,12.908498744272634,77.59330716686132,12.848450566666665,3
TXN_0000956,CASE_000270,2025-06-28 21:26:27.707321313,ACC_001171,ACC_000480,12345.79,UPI,fragmentation,IndusInd Bank,UPI_000532,iOS,12.908498744272634,77.59330716686132,2.9045058000000004,4
TXN_0000957,CASE_000270,2025-06-28 22:00:43.314978470,ACC_000480,ACC_000775,56170.19,UPI,mule_transfer,SBI,UPI_000857,iOS,,,34.260127616666665,5
TXN_0000958,CASE_000270,2025-06-28 22:09:35.030328606,ACC_000775,ACC_000023,56170.19,UPI,mule_transfer,Kotak Mahindra Bank,UPI_000028,Android,,,8.861922499999999,6
TXN_0000959,CASE_000271,2024-06-10 13:45:05.640724588,ACC_001163,ACC_001085,341.24,IMPS,fragmentation,Axis Bank,UPI_001191,Android,17.37123147936435,78.53716031720685,,1
TXN_0000960,CASE_000271,2024-06-10 13:59:50.673222296,ACC_001163,ACC_001085,14706.48,NEFT,fragmentation,Axis Bank,UPI_001191,Android,17.37123147936435,78.53716031720685,14.750541616666668,2
TXN_0000961,CASE_000271,2024-06-10 14:01:25.227469213,ACC_001163,ACC_001085,9197.46,UPI,fragmentation,Axis Bank,UPI_001191,Android,17.37123147936435,78.53716031720685,1.5759041,3
TXN_0000962,CASE_000271,2024-06-10 14:03:19.376938634,ACC_001085,ACC_001558,24245.18,UPI,mule_transfer,Yes Bank,UPI_001700,Android,,,1.90249115,4
TXN_0000963,CASE_000272,2026-01-11 13:16:04.146361640,ACC_001320,ACC_000052,24792.96,UPI,victim_debit,IndusInd Bank,UPI_000058,Desktop,28.598622572105185,77.23508218506339,,1
TXN_0000964,CASE_000272,2026-01-11 13:19:16.379581975,ACC_000052,ACC_001350,24792.96,IMPS,mule_transfer,Bank of Baroda,UPI_001473,Android,,,3.203887,2
TXN_0000965,CASE_000273,2024-11-18 01:07:45.462966606,ACC_001599,ACC_000052,10858.07,IMPS,victim_debit,IndusInd Bank,UPI_000058,iOS,28.599488800209233,77.21402195748179,,1
TXN_0000966,CASE_000273,2024-11-18 01:56:54.200493977,ACC_000052,ACC_001350,10858.07,Net Banking,mule_transfer,Bank of Baroda,UPI_001473,Desktop,,,49.145625450000004,2
TXN_0000967,CASE_000274,2025-02-23 21:20:40.321462772,ACC_001787,ACC_000404,5207.0,Net Banking,victim_debit,SBI,UPI_000450,Android,12.95541062848308,77.5940012325006,,1
TXN_0000968,CASE_000274,2025-02-23 22:35:50.400307666,ACC_000404,ACC_000659,5207.0,IMPS,mule_transfer,HDFC Bank,UPI_000731,Android,,,75.16798073333332,2
TXN_0000969,CASE_000275,2024-12-18 20:19:22.996856986,ACC_001317,ACC_001350,3752.67,UPI,fragmentation,Bank of Baroda,UPI_001473,iOS,17.51935023913799,78.47277977646333,,1
TXN_0000970,CASE_000275,2024-12-18 20:24:41.281896072,ACC_001317,ACC_001350,3612.13,IMPS,fragmentation,Bank of Baroda,UPI_001473,Desktop,17.51935023913799,78.47277977646333,5.30475065,2
TXN_0000971,CASE_000275,2024-12-18 20:28:27.947115391,ACC_001317,ACC_001350,485.88,IMPS,fragmentation,Bank of Baroda,UPI_001473,Desktop,17.51935023913799,78.47277977646333,3.77775365,3
TXN_0000972,CASE_000275,2024-12-18 20:36:15.124555117,ACC_001350,ACC_000052,7850.68,IMPS,mule_transfer,IndusInd Bank,UPI_000058,iOS,,,7.78629065,4
TXN_0000973,CASE_000276,2025-04-19 23:43:30.239698744,ACC_000212,ACC_001117,1581.64,NEFT,fragmentation,Bank of Baroda,UPI_001224,Android,12.980895674310958,77.65097538852275,,1
TXN_0000974,CASE_000276,2025-04-19 23:44:33.417729374,ACC_000212,ACC_001117,1809.4,NEFT,fragmentation,Bank of Baroda,UPI_001224,Android,12.980895674310958,77.65097538852275,1.0529671666666667,2
TXN_0000975,CASE_000276,2025-04-19 23:50:21.834447859,ACC_000212,ACC_001117,611.71,NEFT,fragmentation,Bank of Baroda,UPI_001224,iOS,12.980895674310958,77.65097538852275,5.8069453,3
TXN_0000976,CASE_000276,2025-04-20 00:49:25.947942344,ACC_001117,ACC_000694,4002.75,UPI,mule_transfer,ICICI Bank,UPI_000770,Android,,,59.068558233333334,4
TXN_0000977,CASE_000277,2025-03-13 10:31:01.467008847,ACC_000794,ACC_001350,6751.42,UPI,victim_debit,Bank of Baroda,UPI_001473,Android,12.971339972487806,77.59462019742263,,1
TXN_0000978,CASE_000277,2025-03-13 11:06:57.083646862,ACC_001350,ACC_000052,6751.42,Net Banking,mule_transfer,IndusInd Bank,UPI_000058,Android,,,35.92694396666666,2
TXN_0000979,CASE_000278,2024-09-07 03:54:37.703431268,ACC_001632,ACC_000659,38352.13,UPI,victim_debit,HDFC Bank,UPI_000731,iOS,23.098510804108756,72.68434359118758,,1
TXN_0000980,CASE_000278,2024-09-07 04:12:55.986916156,ACC_000659,ACC_000404,38352.13,IMPS,mule_transfer,SBI,UPI_000450,Desktop,,,18.304724733333334,2
TXN_0000981,CASE_000279,2025-01-21 18:49:42.417923919,ACC_001516,ACC_000287,1155.63,UPI,fragmentation,Punjab National Bank,UPI_000315,Android,22.571012996368065,88.36626556173631,,1
TXN_0000982,CASE_000279,2025-01-21 19:08:08.718107258,ACC_001516,ACC_000287,1575.13,IMPS,fragmentation,Punjab National Bank,UPI_000316,iOS,22.571012996368065,88.36626556173631,18.438336383333333,2
TXN_0000983,CASE_000279,2025-01-21 19:15:23.664631541,ACC_001516,ACC_000287,50.0,IMPS,fragmentation,Punjab National Bank,UPI_000315,Desktop,22.571012996368065,88.36626556173631,7.249108733333333,3
TXN_0000984,CASE_000279,2025-01-21 19:29:55.033049414,ACC_001516,ACC_000287,2018.94,UPI,fragmentation,Punjab National Bank,UPI_000316,Android,22.571012996368065,88.36626556173631,14.52280695,4
TXN_0000985,CASE_000279,2025-01-21 20:42:47.004848484,ACC_000287,ACC_000267,2963.85,NEFT,mule_transfer,IDFC First Bank,UPI_000294,Desktop,,,72.86619664999999,5
TXN_0000986,CASE_000279,2025-01-21 20:47:14.516241454,ACC_000267,ACC_001335,2963.85,IMPS,mule_transfer,Kotak Mahindra Bank,UPI_001457,Android,,,4.4585232,6
TXN_0000987,CASE_000280,2026-04-07 12:19:43.329404885,ACC_000560,ACC_001308,4031.11,UPI,fragmentation,IndusInd Bank,UPI_001427,iOS,21.134263329069174,79.02882529698708,,1
TXN_0000988,CASE_000280,2026-04-07 12:25:39.115791851,ACC_000560,ACC_001308,273.63,UPI,fragmentation,IndusInd Bank,UPI_001428,Android,21.134263329069174,79.02882529698708,5.9297731,2
TXN_0000989,CASE_000280,2026-04-07 12:28:43.541428042,ACC_000560,ACC_001308,2108.79,UPI,fragmentation,IndusInd Bank,UPI_001428,Android,21.134263329069174,79.02882529698708,3.0737606,3
TXN_0000990,CASE_000280,2026-04-07 12:58:44.999966373,ACC_001308,ACC_000767,4038.44,IMPS,mule_transfer,SBI,UPI_000849,Android,,,30.02430896666667,4
TXN_0000991,CASE_000280,2026-04-07 13:01:05.271466806,ACC_000767,ACC_001308,4038.44,UPI,mule_transfer,IndusInd Bank,UPI_001427,Android,,,2.3378583333333336,5
TXN_0000992,CASE_000281,2025-04-03 03:22:22.404301591,ACC_000242,ACC_000659,516.73,UPI,fragmentation,HDFC Bank,UPI_000731,iOS,23.066808993150598,72.66510287287383,,1
TXN_0000993,CASE_000281,2025-04-03 03:23:34.056043745,ACC_000242,ACC_000659,21954.23,IMPS,fragmentation,HDFC Bank,UPI_000731,Android,23.066808993150598,72.66510287287383,1.1941957,2
TXN_0000994,CASE_000281,2025-04-03 03:27:30.113363976,ACC_000659,ACC_000404,22470.96,IMPS,mule_transfer,SBI,UPI_000449,Android,,,3.9342886666666668,3
TXN_0000995,CASE_000282,2026-04-14 20:46:48.747529550,ACC_000962,ACC_001365,2877.01,UPI,victim_debit,IndusInd Bank,UPI_001488,Android,22.914702761520477,72.50570821424883,,1
TXN_0000996,CASE_000282,2026-04-14 21:15:31.449333803,ACC_001365,ACC_001238,2877.01,UPI,mule_transfer,SBI,UPI_001349,Android,,,28.711696733333333,2
TXN_0000997,CASE_000283,2025-05-16 04:45:32.286801735,ACC_000085,ACC_001349,28911.24,NEFT,victim_debit,Kotak Mahindra Bank,UPI_001471,Android,19.13486019328873,73.02909168258682,,1
TXN_0000998,CASE_000283,2025-05-16 04:54:25.188709771,ACC_001349,ACC_001293,19463.8,UPI,mule_transfer,Union Bank of India,UPI_001410,iOS,,,8.881698466666668,2
TXN_0000999,CASE_000283,2025-05-16 05:50:59.535048142,ACC_001293,ACC_001365,12368.67,UPI,mule_transfer,IndusInd Bank,UPI_001488,Android,,,56.57243896666667,3
TXN_0001000,CASE_000283,2025-05-16 06:14:59.654302842,ACC_001365,ACC_001349,12368.67,Net Banking,mule_transfer,Kotak Mahindra Bank,UPI_001471,Android,,,24.001987566666667,4
TXN_0001001,CASE_000284,2025-12-01 09:45:54.092880522,ACC_001185,ACC_001350,6221.85,UPI,victim_debit,Bank of Baroda,UPI_001472,Android,17.444390638890397,78.5076059871283,,1
TXN_0001002,CASE_000284,2025-12-01 10:15:17.308699264,ACC_001350,ACC_000052,6221.85,Net Banking,mule_transfer,IndusInd Bank,UPI_000058,Android,,,29.3869303,2
TXN_0001003,CASE_000285,2024-09-24 11:47:49.630796260,ACC_000717,ACC_001647,4929.39,Net Banking,victim_debit,Canara Bank,UPI_001801,iOS,20.11770989267391,73.7325964147285,,1
TXN_0001004,CASE_000285,2024-09-24 12:10:59.352723241,ACC_001647,ACC_001507,4929.39,IMPS,mule_transfer,Punjab National Bank,UPI_001646,Android,,,23.162032099999998,2
TXN_0001005,CASE_000286,2025-12-21 03:19:31.183803417,ACC_001576,ACC_001300,2661.42,UPI,victim_debit,ICICI Bank,UPI_001418,Android,22.56805042212441,88.36687250354959,,1
TXN_0001006,CASE_000286,2025-12-21 03:40:14.717956849,ACC_001300,ACC_000011,2661.42,UPI,mule_transfer,Bank of Baroda,UPI_000013,Android,,,20.725569216666667,2
TXN_0001007,CASE_000287,2024-08-28 19:23:39.089764279,ACC_000344,ACC_000820,1418.23,UPI,fragmentation,ICICI Bank,UPI_000908,iOS,18.54861391318667,73.71923556340245,,1
TXN_0001008,CASE_000287,2024-08-28 19:32:20.387349324,ACC_000344,ACC_000820,2745.88,IMPS,fragmentation,ICICI Bank,UPI_000908,Desktop,18.54861391318667,73.71923556340245,8.688293083333333,2
TXN_0001009,CASE_000287,2024-08-28 19:41:50.335665045,ACC_000344,ACC_000820,15441.03,UPI,fragmentation,ICICI Bank,UPI_000908,Android,18.54861391318667,73.71923556340245,9.499138583333332,3
TXN_0001010,CASE_000287,2024-08-28 19:44:42.798990881,ACC_000344,ACC_000820,474.65,UPI,fragmentation,ICICI Bank,UPI_000908,Android,18.54861391318667,73.71923556340245,2.87438875,4
TXN_0001011,CASE_000287,2024-08-28 19:51:55.389347852,ACC_000820,ACC_001046,20079.78,UPI,mule_transfer,IDFC First Bank,UPI_001151,Android,,,7.209839266666666,5
TXN_0001012,CASE_000288,2024-01-18 20:20:44.412907479,ACC_000929,ACC_001350,5935.0,NEFT,victim_debit,Bank of Baroda,UPI_001473,Android,12.98342291672526,80.32984696416176,,1
TXN_0001013,CASE_000288,2024-01-18 21:04:23.458777946,ACC_001350,ACC_000052,5935.0,UPI,mule_transfer,IndusInd Bank,UPI_000058,Android,,,43.6507645,2
TXN_0001014,CASE_000289,2024-05-26 10:48:52.251695678,ACC_001258,ACC_001050,62123.42,UPI,victim_debit,Punjab National Bank,UPI_001155,Android,18.63633339403118,73.80593023484278,,1
TXN_0001015,CASE_000289,2024-05-26 11:00:43.162262518,ACC_001050,ACC_001267,62123.42,UPI,mule_transfer,ICICI Bank,UPI_001383,Android,,,11.848509433333334,2
TXN_0001016,CASE_000290,2024-01-20 18:10:04.512980030,ACC_000898,ACC_000524,16058.98,UPI,victim_debit,Bank of Baroda,UPI_000578,iOS,12.962939419338536,77.62879420323196,,1
TXN_0001017,CASE_000290,2024-01-20 18:18:37.590579787,ACC_000524,ACC_000068,13463.39,Net Banking,mule_transfer,IndusInd Bank,UPI_000075,Desktop,,,8.551293316666666,2
TXN_0001018,CASE_000290,2024-01-20 18:31:08.433381527,ACC_000068,ACC_000524,13463.39,UPI,mule_transfer,Bank of Baroda,UPI_000578,Android,,,12.514046683333333,3
TXN_0001019,CASE_000291,2026-05-12 18:39:03.889648680,ACC_000727,ACC_001061,6256.24,IMPS,fragmentation,Kotak Mahindra Bank,UPI_001166,Android,21.15380279329913,72.84191641270763,,1
TXN_0001020,CASE_000291,2026-05-12 18:41:19.197031566,ACC_000727,ACC_001061,3318.32,UPI,fragmentation,Kotak Mahindra Bank,UPI_001166,Android,21.15380279329913,72.84191641270763,2.255123033333333,2
TXN_0001021,CASE_000291,2026-05-12 18:45:52.343797515,ACC_000727,ACC_001061,19730.51,UPI,fragmentation,Kotak Mahindra Bank,UPI_001166,Android,21.15380279329913,72.84191641270763,4.552446083333334,3
TXN_0001022,CASE_000291,2026-05-12 18:55:02.739796089,ACC_001061,ACC_001327,23035.13,UPI,mule_transfer,HDFC Bank,UPI_001447,Android,,,9.173266633333332,4
TXN_0001023,CASE_000291,2026-05-12 19:07:01.112122094,ACC_001327,ACC_001061,21320.32,UPI,mule_transfer,Kotak Mahindra Bank,UPI_001166,Android,,,11.9728721,5
TXN_0001024,CASE_000291,2026-05-12 19:08:24.187319765,ACC_001061,ACC_000092,21320.32,UPI,mule_transfer,Canara Bank,UPI_000104,Android,,,1.3845866166666667,6
TXN_0001025,CASE_000292,2026-06-29 23:59:11.898864585,ACC_000755,ACC_001293,1696.96,IMPS,victim_debit,Union Bank of India,UPI_001410,Android,28.618889822704322,77.10705035758858,,1
TXN_0001026,CASE_000292,2026-06-30 00:25:12.149957774,ACC_001293,ACC_001238,1696.96,UPI,mule_transfer,SBI,UPI_001350,Android,,,26.004184883333334,2
TXN_0001027,CASE_000293,2025-11-25 10:19:09.815515684,ACC_000680,ACC_000287,7009.31,UPI,victim_debit,Punjab National Bank,UPI_000315,Android,26.873700908815305,75.8523246687227,,1
TXN_0001028,CASE_000293,2025-11-25 11:34:35.607719411,ACC_000287,ACC_001335,4561.86,UPI,mule_transfer,Kotak Mahindra Bank,UPI_001457,Android,,,75.42987005,2
TXN_0001029,CASE_000293,2025-11-25 11:48:46.884687779,ACC_001335,ACC_000267,4561.86,UPI,mule_transfer,IDFC First Bank,UPI_000294,iOS,,,14.187949466666668,3
TXN_0001030,CASE_000294,2024-04-08 13:34:33.115494768,ACC_000245,ACC_001300,66294.04,UPI,victim_debit,ICICI Bank,UPI_001418,Android,22.673060936623298,75.91539700729287,,1
TXN_0001031,CASE_000294,2024-04-08 14:34:11.599135810,ACC_001300,ACC_000011,66294.04,IMPS,mule_transfer,Bank of Baroda,UPI_000013,Android,,,59.641394016666666,2
TXN_0001032,CASE_000295,2026-03-29 22:58:04.822293476,ACC_000741,ACC_001507,2256.2,IMPS,victim_debit,Punjab National Bank,UPI_001646,Desktop,27.037282445485552,75.78274299493314,,1
TXN_0001033,CASE_000295,2026-03-29 23:06:46.913458038,ACC_001507,ACC_001647,2256.2,UPI,mule_transfer,Canara Bank,UPI_001801,Android,,,8.7015194,2
TXN_0001034,CASE_000296,2025-11-08 17:08:53.746436713,ACC_001215,ACC_000480,20229.54,UPI,victim_debit,IndusInd Bank,UPI_000531,iOS,19.139569346989784,72.94771820725909,,1
TXN_0001035,CASE_000296,2025-11-08 17:13:54.780488983,ACC_000480,ACC_000023,12809.19,IMPS,mule_transfer,Kotak Mahindra Bank,UPI_000028,Android,,,5.0172342,2
TXN_0001036,CASE_000296,2025-11-08 17:19:12.212129830,ACC_000023,ACC_000775,12809.19,IMPS,mule_transfer,SBI,UPI_000857,Desktop,,,5.290527333333333,3
TXN_0001037,CASE_000297,2024-10-29 16:54:52.161058941,ACC_000937,ACC_000775,13420.51,UPI,victim_debit,SBI,UPI_000857,Android,23.006873619211753,72.52899963949992,,1
TXN_0001038,CASE_000297,2024-10-29 17:25:50.502362336,ACC_000775,ACC_000023,13420.51,UPI,mule_transfer,Kotak Mahindra Bank,UPI_000028,iOS,,,30.972355049999997,2
TXN_0001039,CASE_000298,2025-04-02 14:13:19.244233135,ACC_001658,ACC_001308,18566.77,Net Banking,victim_debit,IndusInd Bank,UPI_001427,Android,19.04245318351285,72.83284054211522,,1
TXN_0001040,CASE_000298,2025-04-02 14:44:51.333415956,ACC_001308,ACC_000139,18566.77,UPI,mule_transfer,Axis Bank,UPI_000156,iOS,,,31.5348197,2
TXN_0001041,CASE_000299,2025-08-25 21:15:13.801326963,ACC_000800,ACC_000775,5995.8,UPI,victim_debit,SBI,UPI_000857,Android,28.62238390171221,77.19086449363361,,1
TXN_0001042,CASE_000299,2025-08-25 22:23:25.235707252,ACC_000775,ACC_000480,5995.8,UPI,mule_transfer,IndusInd Bank,UPI_000532,iOS,,,68.190573,2
TXN_0001043,CASE_000300,2024-01-22 22:36:16.745711270,ACC_001118,ACC_000489,1550.97,UPI,victim_debit,HDFC Bank,UPI_000542,Android,26.929194153569757,75.76505807413027,,1
TXN_0001044,CASE_000300,2024-01-22 22:55:02.255033770,ACC_000489,ACC_000335,1311.75,Net Banking,mule_transfer,Kotak Mahindra Bank,UPI_000371,Android,,,18.7584887,2
TXN_0001045,CASE_000300,2024-01-22 23:25:02.075407180,ACC_000335,ACC_000118,881.87,IMPS,mule_transfer,Canara Bank,UPI_000133,Android,,,29.997006216666666,3
TXN_0001046,CASE_000300,2024-01-22 23:45:51.405224468,ACC_000118,ACC_000332,881.87,UPI,mule_transfer,HDFC Bank,UPI_000368,Android,,,20.822163616666668,4
TXN_0001047,CASE_000301,2025-04-01 22:22:19.972918739,ACC_001384,ACC_000659,25670.54,IMPS,fragmentation,HDFC Bank,UPI_000731,Android,13.06483836788735,80.26300204896383,,1
TXN_0001048,CASE_000301,2025-04-01 22:29:35.163671269,ACC_001384,ACC_000659,17117.13,Net Banking,fragmentation,HDFC Bank,UPI_000731,Android,13.06483836788735,80.26300204896383,7.2531792,2
TXN_0001049,CASE_000301,2025-04-01 22:47:26.590269163,ACC_000659,ACC_000404,42787.67,NEFT,mule_transfer,SBI,UPI_000449,Android,,,17.857109949999998,3
TXN_0001050,CASE_000302,2025-10-29 05:48:56.061800409,ACC_000589,ACC_000819,6038.83,NEFT,fragmentation,HDFC Bank,UPI_000907,iOS,12.941344212711176,77.70259162552897,,1
TXN_0001051,CASE_000302,2025-10-29 05:54:51.456285201,ACC_000589,ACC_000819,35873.29,UPI,fragmentation,HDFC Bank,UPI_000907,iOS,12.941344212711176,77.70259162552897,5.923241399999999,2
TXN_0001052,CASE_000302,2025-10-29 05:58:13.112195326,ACC_000589,ACC_000819,17803.55,UPI,fragmentation,HDFC Bank,UPI_000907,iOS,12.941344212711176,77.70259162552897,3.3609318333333333,3
TXN_0001053,CASE_000302,2025-10-29 06:49:18.567459335,ACC_000819,ACC_001768,59715.67,UPI,mule_transfer,Canara Bank,UPI_001932,Android,,,51.09092106666667,4
TXN_0001054,CASE_000303,2024-06-20 12:13:01.652070184,ACC_000721,ACC_000023,33648.55,NEFT,victim_debit,Kotak Mahindra Bank,UPI_000028,iOS,28.70817740590155,77.22449115238472,,1
TXN_0001055,CASE_000303,2024-06-20 12:32:06.878105252,ACC_000023,ACC_000480,33648.55,UPI,mule_transfer,IndusInd Bank,UPI_000532,Android,,,19.08710058333333,2
TXN_0001056,CASE_000304,2025-02-08 07:40:20.225494178,ACC_000937,ACC_001647,1449.35,IMPS,fragmentation,Canara Bank,UPI_001801,Android,22.96856352689257,72.52012267006627,,1
TXN_0001057,CASE_000304,2025-02-08 07:42:09.272607669,ACC_000937,ACC_001647,3474.01,UPI,fragmentation,Canara Bank,UPI_001801,Android,22.96856352689257,72.52012267006627,1.8174518833333333,2
TXN_0001058,CASE_000304,2025-02-08 07:50:43.900420628,ACC_001647,ACC_001507,4923.36,UPI,mule_transfer,Punjab National Bank,UPI_001646,iOS,,,8.5771302,3
TXN_0001059,CASE_000305,2025-04-30 04:10:44.061587586,ACC_001536,ACC_000961,10538.87,UPI,victim_debit,ICICI Bank,UPI_001059,iOS,13.105800176102944,80.22449225996307,,1
TXN_0001060,CASE_000305,2025-04-30 04:42:14.574581248,ACC_000961,ACC_000190,10538.87,NEFT,mule_transfer,HDFC Bank,UPI_000212,Android,,,31.508549883333334,2
TXN_0001061,CASE_000306,2025-11-01 02:51:16.236353725,ACC_001419,ACC_000753,9694.44,UPI,victim_debit,HDFC Bank,UPI_000833,iOS,12.885590157234612,77.6229475163146,,1
TXN_0001062,CASE_000306,2025-11-01 03:16:09.713662552,ACC_000753,ACC_001690,8367.19,UPI,mule_transfer,Punjab National Bank,UPI_001846,Android,,,24.891288466666666,2
TXN_0001063,CASE_000306,2025-11-01 04:27:53.055641238,ACC_001690,ACC_000753,8367.19,Net Banking,mule_transfer,HDFC Bank,UPI_000833,Android,,,71.7223663,3
TXN_0001064,CASE_000307,2026-05-28 15:21:47.830003088,ACC_000163,ACC_000023,18837.52,UPI,victim_debit,Kotak Mahindra Bank,UPI_000028,Desktop,26.968493742434124,75.89322231812142,,1
TXN_0001065,CASE_000307,2026-05-28 16:08:20.896745855,ACC_000023,ACC_000775,18837.52,UPI,mule_transfer,SBI,UPI_000857,Android,,,46.551112366666665,2
TXN_0001066,CASE_000308,2026-02-11 20:28:35.251428319,ACC_000599,ACC_000287,17157.63,UPI,victim_debit,Punjab National Bank,UPI_000316,Android,18.492176718068887,73.97871168944378,,1
TXN_0001067,CASE_000308,2026-02-11 20:58:08.072542755,ACC_000287,ACC_001335,11314.65,IMPS,mule_transfer,Kotak Mahindra Bank,UPI_001457,Android,,,29.54701856666667,2
TXN_0001068,CASE_000308,2026-02-11 22:01:55.676668395,ACC_001335,ACC_000267,11314.65,UPI,mule_transfer,IDFC First Bank,UPI_000294,iOS,,,63.79340208333333,3
TXN_0001069,CASE_000309,2025-07-20 05:21:39.593930561,ACC_001163,ACC_000052,1198.33,IMPS,fragmentation,IndusInd Bank,UPI_000058,iOS,18.959224431831146,73.02479545987262,,1
TXN_0001070,CASE_000309,2025-07-20 05:23:41.671566845,ACC_001163,ACC_000052,1389.07,UPI,fragmentation,IndusInd Bank,UPI_000058,iOS,18.959224431831146,73.02479545987262,2.0346272666666665,2
TXN_0001071,CASE_000309,2025-07-20 05:24:46.973728960,ACC_001163,ACC_000052,171.8,IMPS,fragmentation,IndusInd Bank,UPI_000058,Android,18.959224431831146,73.02479545987262,1.0883693666666665,3
TXN_0001072,CASE_000309,2025-07-20 05:26:17.986241226,ACC_000052,ACC_001350,2759.2,NEFT,mule_transfer,Bank of Baroda,UPI_001473,iOS,,,1.5168752,4
TXN_0001073,CASE_000310,2025-06-15 17:50:33.564468371,ACC_001583,ACC_000287,2197.06,IMPS,victim_debit,Punjab National Bank,UPI_000316,Android,17.442403616111037,78.38739869568987,,1
TXN_0001074,CASE_000310,2025-06-15 17:59:45.253576674,ACC_000287,ACC_000533,1984.85,UPI,mule_transfer,Kotak Mahindra Bank,UPI_000588,Android,,,9.194818466666668,2
TXN_0001075,CASE_000310,2025-06-15 18:33:07.318495438,ACC_000533,ACC_000366,1984.85,UPI,mule_transfer,IDFC First Bank,UPI_000405,iOS,,,33.367748633333335,3
TXN_0001076,CASE_000311,2025-07-03 12:53:13.078142822,ACC_001310,ACC_001690,9392.66,NEFT,victim_debit,Punjab National Bank,UPI_001846,Desktop,21.202817991136683,72.89642008381962,,1
TXN_0001077,CASE_000311,2025-07-03 12:55:20.733667431,ACC_001690,ACC_000753,9392.66,NEFT,mule_transfer,HDFC Bank,UPI_000832,Android,,,2.127592066666667,2
TXN_0001078,CASE_000312,2025-05-11 16:18:33.781542882,ACC_000064,ACC_000782,377.77,UPI,fragmentation,IDFC First Bank,UPI_000866,iOS,18.471546945042597,73.81289229435745,,1
TXN_0001079,CASE_000312,2025-05-11 16:20:24.978322889,ACC_000064,ACC_000782,86.19,IMPS,fragmentation,IDFC First Bank,UPI_000866,Android,18.471546945042597,73.81289229435745,1.8532796666666667,2
TXN_0001080,CASE_000312,2025-05-11 16:22:32.375440065,ACC_000064,ACC_000782,340.16,IMPS,fragmentation,IDFC First Bank,UPI_000866,iOS,18.471546945042597,73.81289229435745,2.1232852833333333,3
TXN_0001081,CASE_000312,2025-05-11 16:39:06.052725861,ACC_000782,ACC_001046,613.6,UPI,mule_transfer,IDFC First Bank,UPI_001151,Desktop,,,16.561288083333334,4
TXN_0001082,CASE_000312,2025-05-11 17:03:18.289183398,ACC_001046,ACC_000782,613.6,Net Banking,mule_transfer,IDFC First Bank,UPI_000866,iOS,,,24.20394095,5
TXN_0001083,CASE_000313,2024-02-24 02:35:18.582459731,ACC_000896,ACC_001046,253.75,Net Banking,fragmentation,IDFC First Bank,UPI_001151,Android,18.522875140417295,73.73338978451845,,1
TXN_0001084,CASE_000313,2024-02-24 02:37:16.971015598,ACC_000896,ACC_001046,2498.95,UPI,fragmentation,IDFC First Bank,UPI_001151,iOS,18.522875140417295,73.73338978451845,1.9731425833333334,2
TXN_0001085,CASE_000313,2024-02-24 02:42:19.799832170,ACC_000896,ACC_001046,1636.13,UPI,fragmentation,IDFC First Bank,UPI_001151,iOS,18.522875140417295,73.73338978451845,5.047146933333334,3
TXN_0001086,CASE_000313,2024-02-24 02:52:25.039435452,ACC_000896,ACC_001046,182.9,Net Banking,fragmentation,IDFC First Bank,UPI_001151,Android,18.522875140417295,73.73338978451845,10.087326716666666,4
TXN_0001087,CASE_000313,2024-02-24 03:47:09.581309998,ACC_001046,ACC_000820,3966.0,Net Banking,mule_transfer,ICICI Bank,UPI_000908,Desktop,,,54.742364566666666,5
TXN_0001088,CASE_000313,2024-02-24 04:55:55.272028017,ACC_000820,ACC_000782,3571.19,UPI,mule_transfer,IDFC First Bank,UPI_000866,Desktop,,,68.76151196666666,6
TXN_0001089,CASE_000313,2024-02-24 06:21:39.219506683,ACC_000782,ACC_001046,3571.19,UPI,mule_transfer,IDFC First Bank,UPI_001151,Android,,,85.73245796666667,7
TXN_0001090,CASE_000314,2025-09-28 04:23:21.908958743,ACC_001503,ACC_000023,4180.48,UPI,victim_debit,Kotak Mahindra Bank,UPI_000028,Desktop,19.26635388316223,72.9564745127886,,1
TXN_0001091,CASE_000314,2025-09-28 04:44:56.240633520,ACC_000023,ACC_000480,2658.33,Net Banking,mule_transfer,IndusInd Bank,UPI_000531,Android,,,21.572194566666667,2
TXN_0001092,CASE_000314,2025-09-28 04:48:12.573260179,ACC_000480,ACC_000775,2658.33,NEFT,mule_transfer,SBI,UPI_000857,Android,,,3.2722104333333335,3
TXN_0001093,CASE_000315,2025-10-14 14:24:41.375974117,ACC_000064,ACC_000404,21160.23,UPI,victim_debit,SBI,UPI_000450,iOS,26.952151192131318,75.82745801140865,,1
TXN_0001094,CASE_000315,2025-10-14 15:21:27.079402660,ACC_000404,ACC_000659,21160.23,UPI,mule_transfer,HDFC Bank,UPI_000731,Android,,,56.7617238,2
TXN_0001095,CASE_000316,2025-04-11 22:34:54.115376722,ACC_000576,ACC_001625,288490.71,UPI,victim_debit,ICICI Bank,UPI_001777,Android,18.55727540362801,73.83731126559707,,1
TXN_0001096,CASE_000316,2025-04-11 22:48:29.407205435,ACC_001625,ACC_000093,210694.88,UPI,mule_transfer,Yes Bank,UPI_000105,iOS,,,13.588197133333333,2
TXN_0001097,CASE_000316,2025-04-11 23:17:05.485360490,ACC_000093,ACC_001625,210694.88,UPI,mule_transfer,ICICI Bank,UPI_001777,iOS,,,28.601302583333332,3
TXN_0001098,CASE_000317,2026-03-03 22:32:17.744638313,ACC_001465,ACC_000139,2359.03,UPI,victim_debit,Axis Bank,UPI_000156,Android,12.915274401434742,77.55178559909967,,1
TXN_0001099,CASE_000317,2026-03-03 22:48:32.681754073,ACC_000139,ACC_000767,1486.64,Net Banking,mule_transfer,SBI,UPI_000849,Android,,,16.248951916666666,2
TXN_0001100,CASE_000317,2026-03-03 22:59:20.260877840,ACC_000767,ACC_000139,1486.64,NEFT,mule_transfer,Axis Bank,UPI_000155,Android,,,10.792985383333333,3
TXN_0001101,CASE_000318,2025-09-04 14:36:06.557696177,ACC_000700,ACC_000467,63463.31,UPI,fragmentation,Axis Bank,UPI_000515,Android,22.727312328107715,75.77831700954582,,1
TXN_0001102,CASE_000318,2025-09-04 14:37:11.606606941,ACC_000700,ACC_000467,56818.38,NEFT,fragmentation,Axis Bank,UPI_000514,Android,22.727312328107715,75.77831700954582,1.0841485000000002,2
TXN_0001103,CASE_000318,2025-09-04 14:39:29.352146482,ACC_000467,ACC_001625,78425.19,NEFT,mule_transfer,ICICI Bank,UPI_001777,Android,,,2.2957589833333336,3
TXN_0001104,CASE_000318,2025-09-04 15:16:29.226318582,ACC_001625,ACC_000093,68539.05,IMPS,mule_transfer,Yes Bank,UPI_000105,Android,,,36.997902866666664,4
TXN_0001105,CASE_000318,2025-09-04 16:22:33.712573951,ACC_000093,ACC_001625,68539.05,UPI,mule_transfer,ICICI Bank,UPI_001777,Android,,,66.07477091666667,5
TXN_0001106,CASE_000319,2024-11-26 09:59:47.570627921,ACC_000498,ACC_001350,22714.56,UPI,victim_debit,Bank of Baroda,UPI_001472,Android,19.160205289412183,72.90900454004394,,1
TXN_0001107,CASE_000319,2024-11-26 10:10:47.984143429,ACC_001350,ACC_000052,22714.56,UPI,mule_transfer,IndusInd Bank,UPI_000058,iOS,,,11.006891916666666,2
TXN_0001108,CASE_000320,2024-01-18 23:06:37.735087096,ACC_000872,ACC_000659,34051.38,UPI,victim_debit,HDFC Bank,UPI_000731,Android,12.913467414093715,77.59229438444858,,1
TXN_0001109,CASE_000320,2024-01-18 23:21:36.713055634,ACC_000659,ACC_000404,34051.38,UPI,mule_transfer,SBI,UPI_000450,Android,,,14.982966133333333,2
TXN_0001110,CASE_000321,2024-02-23 21:41:04.198485392,ACC_000727,ACC_001350,711.15,NEFT,fragmentation,Bank of Baroda,UPI_001472,Android,12.95047687555241,77.57355995798943,,1
TXN_0001111,CASE_000321,2024-02-23 21:51:11.237459263,ACC_000727,ACC_001350,536.99,UPI,fragmentation,Bank of Baroda,UPI_001472,Android,12.95047687555241,77.57355995798943,10.117316216666667,2
TXN_0001112,CASE_000321,2024-02-23 21:58:12.592986224,ACC_001350,ACC_000052,1248.15,UPI,mule_transfer,IndusInd Bank,UPI_000058,Desktop,,,7.0225921,3
TXN_0001113,CASE_000322,2024-11-16 12:13:25.345460383,ACC_001101,ACC_000404,22139.81,UPI,victim_debit,SBI,UPI_000449,iOS,22.981552681930545,72.6906490577418,,1
TXN_0001114,CASE_000322,2024-11-16 12:34:45.335071804,ACC_000404,ACC_000659,22139.81,IMPS,mule_transfer,HDFC Bank,UPI_000731,Android,,,21.333160183333334,2
TXN_0001115,CASE_000323,2025-02-25 00:02:18.210848269,ACC_001522,ACC_000767,3429.48,UPI,fragmentation,SBI,UPI_000849,iOS,21.103288974899023,79.10907392042812,,1
TXN_0001116,CASE_000323,2025-02-25 00:07:09.324217819,ACC_001522,ACC_000767,4496.39,Net Banking,fragmentation,SBI,UPI_000849,Android,21.103288974899023,79.10907392042812,4.851889483333333,2
TXN_0001117,CASE_000323,2025-02-25 00:10:15.241533827,ACC_001522,ACC_000767,50.0,IMPS,fragmentation,SBI,UPI_000849,Android,21.103288974899023,79.10907392042812,3.0986219333333334,3
TXN_0001118,CASE_000323,2025-02-25 00:14:36.076581431,ACC_001522,ACC_000767,1571.91,IMPS,fragmentation,SBI,UPI_000849,Android,21.103288974899023,79.10907392042812,4.347250783333333,4
TXN_0001119,CASE_000323,2025-02-25 00:51:54.150040571,ACC_000767,ACC_001308,6963.85,UPI,mule_transfer,IndusInd Bank,UPI_001427,Android,,,37.30122431666667,5
TXN_0001120,CASE_000323,2025-02-25 01:41:34.049821301,ACC_001308,ACC_000767,6963.85,IMPS,mule_transfer,SBI,UPI_000849,Android,,,49.664996333333335,6
TXN_0001121,CASE_000324,2024-06-01 01:25:40.945092769,ACC_000049,ACC_001050,8454.09,IMPS,victim_debit,Punjab National Bank,UPI_001155,iOS,28.496366219761633,77.16146410024935,,1
TXN_0001122,CASE_000324,2024-06-01 01:44:23.622014829,ACC_001050,ACC_001267,8454.09,UPI,mule_transfer,ICICI Bank,UPI_001383,Android,,,18.711282033333337,2
TXN_0001123,CASE_000325,2024-06-21 11:47:37.950965098,ACC_000541,ACC_000659,3002.49,UPI,victim_debit,HDFC Bank,UPI_000731,iOS,19.006492741567083,73.0200902599264,,1
TXN_0001124,CASE_000325,2024-06-21 12:36:37.472427100,ACC_000659,ACC_000404,3002.49,Net Banking,mule_transfer,SBI,UPI_000449,iOS,,,48.99202436666667,2
TXN_0001125,CASE_000326,2024-07-28 17:28:55.196935212,ACC_001140,ACC_000023,5244.28,UPI,fragmentation,Kotak Mahindra Bank,UPI_000028,Android,22.645680554540835,88.38521030571955,,1
TXN_0001126,CASE_000326,2024-07-28 17:33:54.397785179,ACC_001140,ACC_000023,3933.44,NEFT,fragmentation,Kotak Mahindra Bank,UPI_000028,Android,22.645680554540835,88.38521030571955,4.9866808166666665,2
TXN_0001127,CASE_000326,2024-07-28 18:15:48.490224062,ACC_000023,ACC_000480,7080.57,UPI,mule_transfer,IndusInd Bank,UPI_000532,Desktop,,,41.90154063333333,3
TXN_0001128,CASE_000326,2024-07-28 18:22:11.337775162,ACC_000480,ACC_000023,7080.57,Net Banking,mule_transfer,Kotak Mahindra Bank,UPI_000028,Android,,,6.380792516666667,4
TXN_0001129,CASE_000327,2025-12-12 02:17:39.217481853,ACC_001473,ACC_001647,23556.01,UPI,victim_debit,Canara Bank,UPI_001801,Android,22.505264023372902,88.39304699205357,,1
TXN_0001130,CASE_000327,2025-12-12 03:24:22.399127439,ACC_001647,ACC_001507,23556.01,UPI,mule_transfer,Punjab National Bank,UPI_001646,iOS,,,66.71969408333334,2
TXN_0001131,CASE_000328,2025-12-03 16:16:10.587882978,ACC_000163,ACC_000659,17277.19,IMPS,fragmentation,HDFC Bank,UPI_000731,Android,19.243538382447735,73.0936369320025,,1
TXN_0001132,CASE_000328,2025-12-03 16:20:21.311582287,ACC_000163,ACC_000659,1318.44,IMPS,fragmentation,HDFC Bank,UPI_000731,iOS,19.243538382447735,73.0936369320025,4.178728316666667,2
TXN_0001133,CASE_000328,2025-12-03 16:24:25.363465856,ACC_000163,ACC_000659,506.23,UPI,fragmentation,HDFC Bank,UPI_000731,Android,19.243538382447735,73.0936369320025,4.067531383333334,3
TXN_0001134,CASE_000328,2025-12-03 16:44:29.133815677,ACC_000659,ACC_000404,19101.85,UPI,mule_transfer,SBI,UPI_000449,iOS,,,20.06283915,4
TXN_0001135,CASE_000329,2024-12-14 21:03:17.923780304,ACC_001136,ACC_000480,12460.88,UPI,fragmentation,IndusInd Bank,UPI_000532,iOS,28.630151516193724,77.198316204599,,1
TXN_0001136,CASE_000329,2024-12-14 21:05:59.835358063,ACC_001136,ACC_000480,20930.11,UPI,fragmentation,IndusInd Bank,UPI_000532,Desktop,28.630151516193724,77.198316204599,2.6985262833333334,2
TXN_0001137,CASE_000329,2024-12-14 21:14:07.639279397,ACC_001136,ACC_000480,40670.3,NEFT,fragmentation,IndusInd Bank,UPI_000531,Android,28.630151516193724,77.198316204599,8.13006535,3
TXN_0001138,CASE_000329,2024-12-14 21:38:19.468627177,ACC_000480,ACC_000023,74061.29,UPI,mule_transfer,Kotak Mahindra Bank,UPI_000028,Desktop,,,24.197155783333336,4
TXN_0001139,CASE_000330,2024-06-06 01:52:13.273079384,ACC_001658,ACC_001335,22626.53,IMPS,victim_debit,Kotak Mahindra Bank,UPI_001457,Android,27.034035560009535,75.76708100451285,,1
TXN_0001140,CASE_000330,2024-06-06 02:53:53.530625492,ACC_001335,ACC_000533,22626.53,IMPS,mule_transfer,Kotak Mahindra Bank,UPI_000588,Android,,,61.6709591,2
TXN_0001141,CASE_000331,2024-04-11 02:20:58.316778617,ACC_001661,ACC_001288,11089.02,UPI,victim_debit,Kotak Mahindra Bank,UPI_001405,Android,19.05395964804647,72.95002022820702,,1
TXN_0001142,CASE_000331,2024-04-11 02:59:12.379342619,ACC_001288,ACC_000467,6736.91,UPI,mule_transfer,Axis Bank,UPI_000514,Desktop,,,38.23437606666666,2
TXN_0001143,CASE_000331,2024-04-11 04:46:48.256742560,ACC_000467,ACC_000093,5388.01,UPI,mule_transfer,Yes Bank,UPI_000105,Android,,,107.59795665,3
TXN_0001144,CASE_000331,2024-04-11 05:06:06.523062377,ACC_000093,ACC_001625,5388.01,NEFT,mule_transfer,ICICI Bank,UPI_001777,Android,,,19.30443865,4
TXN_0001145,CASE_000332,2024-03-20 09:05:14.326614807,ACC_001098,ACC_000052,1677.36,IMPS,fragmentation,IndusInd Bank,UPI_000058,Android,20.033375618490364,73.86494369135868,,1
TXN_0001146,CASE_000332,2024-03-20 09:17:49.350865027,ACC_001098,ACC_000052,15628.15,Net Banking,fragmentation,IndusInd Bank,UPI_000058,iOS,20.033375618490364,73.86494369135868,12.583737500000002,2
TXN_0001147,CASE_000332,2024-03-20 09:22:11.346735543,ACC_001098,ACC_000052,13695.79,UPI,fragmentation,IndusInd Bank,UPI_000058,iOS,20.033375618490364,73.86494369135868,4.3665978333333335,3
TXN_0001148,CASE_000332,2024-03-20 10:31:17.493419157,ACC_000052,ACC_001350,31001.3,UPI,mule_transfer,Bank of Baroda,UPI_001472,Android,,,69.10244471666667,4
TXN_0001149,CASE_000333,2024-12-22 11:31:50.965823072,ACC_001375,ACC_000659,7816.1,Net Banking,fragmentation,HDFC Bank,UPI_000731,iOS,12.98472924864999,77.66405198782486,,1
TXN_0001150,CASE_000333,2024-12-22 11:33:55.976179966,ACC_001375,ACC_000659,18502.91,UPI,fragmentation,HDFC Bank,UPI_000731,Android,12.98472924864999,77.66405198782486,2.0835059333333334,2
TXN_0001151,CASE_000333,2024-12-22 11:35:15.600548157,ACC_001375,ACC_000659,50.0,UPI,fragmentation,HDFC Bank,UPI_000731,iOS,12.98472924864999,77.66405198782486,1.3270728,3
TXN_0001152,CASE_000333,2024-12-22 12:02:46.853491842,ACC_000659,ACC_000404,26331.48,UPI,mule_transfer,SBI,UPI_000450,Android,,,27.520882383333333,4
TXN_0001153,CASE_000334,2024-02-11 12:18:56.496752057,ACC_001640,ACC_001300,30552.8,UPI,victim_debit,ICICI Bank,UPI_001419,iOS,21.14097925534414,79.08892727022929,,1
TXN_0001154,CASE_000334,2024-02-11 12:21:45.779298540,ACC_001300,ACC_000011,30552.8,IMPS,mule_transfer,Bank of Baroda,UPI_000013,iOS,,,2.821375766666667,2
TXN_0001155,CASE_000335,2024-10-31 00:20:26.616775438,ACC_001642,ACC_000139,7899.46,IMPS,victim_debit,Axis Bank,UPI_000156,Android,18.567751701563612,73.80645081899718,,1
TXN_0001156,CASE_000335,2024-10-31 01:08:26.041457616,ACC_000139,ACC_000767,5817.0,UPI,mule_transfer,SBI,UPI_000849,Android,,,47.99041136666666,2
TXN_0001157,CASE_000335,2024-10-31 01:22:02.792836918,ACC_000767,ACC_001308,5817.0,IMPS,mule_transfer,IndusInd Bank,UPI_001427,Android,,,13.612522983333333,3
TXN_0001158,CASE_000336,2026-05-25 23:34:47.261706831,ACC_001562,ACC_000287,9897.15,UPI,victim_debit,Punjab National Bank,UPI_000315,Android,28.578285181641338,77.20899076855434,,1
TXN_0001159,CASE_000336,2026-05-25 23:41:10.315902385,ACC_000287,ACC_000366,5752.91,IMPS,mule_transfer,IDFC First Bank,UPI_000405,iOS,,,6.384236583333333,2
TXN_0001160,CASE_000336,2026-05-26 00:00:47.879613272,ACC_000366,ACC_001335,5249.32,UPI,mule_transfer,Kotak Mahindra Bank,UPI_001457,iOS,,,19.62606183333333,3
TXN_0001161,CASE_000336,2026-05-26 00:07:03.089612160,ACC_001335,ACC_000267,5249.32,NEFT,mule_transfer,IDFC First Bank,UPI_000294,Android,,,6.253499966666666,4
TXN_0001162,CASE_000337,2025-04-07 08:26:02.670613769,ACC_001757,ACC_000480,947.08,UPI,fragmentation,IndusInd Bank,UPI_000531,Desktop,19.076532673777,73.04640734835071,,1
TXN_0001163,CASE_000337,2025-04-07 08:32:24.582580107,ACC_001757,ACC_000480,194.12,IMPS,fragmentation,IndusInd Bank,UPI_000531,Android,19.076532673777,73.04640734835071,6.365199433333333,2
TXN_0001164,CASE_000337,2025-04-07 08:34:01.593396534,ACC_001757,ACC_000480,268.61,NEFT,fragmentation,IndusInd Bank,UPI_000531,Android,19.076532673777,73.04640734835071,1.6168469333333335,3
TXN_0001165,CASE_000337,2025-04-07 08:45:26.959552133,ACC_000480,ACC_000023,1209.48,IMPS,mule_transfer,Kotak Mahindra Bank,UPI_000028,Android,,,11.42276925,4
TXN_0001166,CASE_000337,2025-04-07 09:43:54.819670753,ACC_000023,ACC_000775,1209.48,IMPS,mule_transfer,SBI,UPI_000857,Android,,,58.4643353,5
TXN_0001167,CASE_000338,2026-01-19 10:45:56.290366362,ACC_001070,ACC_000093,3028.65,IMPS,fragmentation,Yes Bank,UPI_000105,Android,13.056576316942495,77.61692276060079,,1
TXN_0001168,CASE_000338,2026-01-19 10:52:13.271419817,ACC_001070,ACC_000093,4000.7,NEFT,fragmentation,Yes Bank,UPI_000105,iOS,13.056576316942495,77.61692276060079,6.283017549999999,2
TXN_0001169,CASE_000338,2026-01-19 10:59:00.426637003,ACC_000093,ACC_001288,7029.35,IMPS,mule_transfer,Kotak Mahindra Bank,UPI_001405,Android,,,6.785920283333334,3
TXN_0001170,CASE_000339,2024-04-27 18:40:06.012219721,ACC_000824,ACC_001308,280.22,UPI,fragmentation,IndusInd Bank,UPI_001427,Android,13.092222127901579,80.33905303413015,,1
TXN_0001171,CASE_000339,2024-04-27 18:44:21.452960630,ACC_000824,ACC_001308,272.29,UPI,fragmentation,IndusInd Bank,UPI_001427,Android,13.092222127901579,80.33905303413015,4.257345666666667,2
TXN_0001172,CASE_000339,2024-04-27 18:48:35.683193475,ACC_000824,ACC_001308,721.21,NEFT,fragmentation,IndusInd Bank,UPI_001428,Android,13.092222127901579,80.33905303413015,4.237170533333333,3
TXN_0001173,CASE_000339,2024-04-27 18:50:58.704523478,ACC_000824,ACC_001308,83.9,NEFT,fragmentation,IndusInd Bank,UPI_001427,Android,13.092222127901579,80.33905303413015,2.3836888333333333,4
TXN_0001174,CASE_000339,2024-04-27 18:59:12.757803374,ACC_001308,ACC_000767,1224.75,UPI,mule_transfer,SBI,UPI_000849,iOS,,,8.234221316666666,5
TXN_0001175,CASE_000339,2024-04-27 19:45:21.592840970,ACC_000767,ACC_000139,1224.75,Net Banking,mule_transfer,Axis Bank,UPI_000156,Android,,,46.14725061666666,6
TXN_0001176,CASE_000340,2024-09-01 05:54:34.153761902,ACC_000194,ACC_001350,44533.22,NEFT,victim_debit,Bank of Baroda,UPI_001473,Desktop,17.391934007057607,78.47567966730807,,1
TXN_0001177,CASE_000340,2024-09-01 06:08:22.160137377,ACC_001350,ACC_000052,44533.22,UPI,mule_transfer,IndusInd Bank,UPI_000058,Android,,,13.80010625,2
TXN_0001178,CASE_000341,2026-05-12 08:00:18.511479187,ACC_001391,ACC_000023,48995.13,UPI,victim_debit,Kotak Mahindra Bank,UPI_000028,Android,19.06886792324316,72.87048010159457,,1
TXN_0001179,CASE_000341,2026-05-12 08:09:08.009571626,ACC_000023,ACC_000775,34285.07,IMPS,mule_transfer,SBI,UPI_000857,Android,,,8.8249682,2
TXN_0001180,CASE_000341,2026-05-12 08:43:24.592480762,ACC_000775,ACC_000480,34285.07,NEFT,mule_transfer,IndusInd Bank,UPI_000532,Android,,,34.27638181666667,3
TXN_0001181,CASE_000342,2024-12-15 10:44:19.102494871,ACC_000806,ACC_001335,21097.63,IMPS,victim_debit,Kotak Mahindra Bank,UPI_001457,Android,22.99934861544317,72.56089559937227,,1
TXN_0001182,CASE_000342,2024-12-15 11:40:04.745466997,ACC_001335,ACC_000533,19777.25,UPI,mule_transfer,Kotak Mahindra Bank,UPI_000588,Android,,,55.760716200000005,2
TXN_0001183,CASE_000342,2024-12-15 11:50:31.979726409,ACC_000533,ACC_001335,19777.25,Net Banking,mule_transfer,Kotak Mahindra Bank,UPI_001457,Android,,,10.453904316666666,3
TXN_0001184,CASE_000343,2025-08-13 17:22:46.326275966,ACC_000036,ACC_000023,8507.21,UPI,victim_debit,Kotak Mahindra Bank,UPI_000028,Android,19.022168239359136,73.05446476093424,,1
TXN_0001185,CASE_000343,2025-08-13 18:09:48.313701632,ACC_000023,ACC_000775,8507.21,Net Banking,mule_transfer,SBI,UPI_000857,iOS,,,47.033123749999994,2
TXN_0001186,CASE_000344,2026-06-08 06:37:40.704873162,ACC_000289,ACC_001768,10281.38,Net Banking,victim_debit,Canara Bank,UPI_001932,Android,22.64685247634772,88.32570551499506,,1
TXN_0001187,CASE_000344,2026-06-08 06:55:41.908604315,ACC_001768,ACC_000819,10281.38,NEFT,mule_transfer,HDFC Bank,UPI_000907,iOS,,,18.020062183333334,2
TXN_0001188,CASE_000345,2025-05-16 19:30:33.747546263,ACC_001717,ACC_000404,2959.73,IMPS,victim_debit,SBI,UPI_000449,Android,28.60216838251842,77.23288799919715,,1
TXN_0001189,CASE_000345,2025-05-16 19:39:04.285759603,ACC_000404,ACC_000659,2959.73,UPI,mule_transfer,HDFC Bank,UPI_000731,Android,,,8.508970216666667,2
TXN_0001190,CASE_000346,2024-10-05 05:06:00.769175721,ACC_001051,ACC_000480,130421.14,UPI,victim_debit,IndusInd Bank,UPI_000532,Desktop,22.633217109049927,88.2528101525229,,1
TXN_0001191,CASE_000346,2024-10-05 05:22:51.274439219,ACC_000480,ACC_000023,72937.3,UPI,mule_transfer,Kotak Mahindra Bank,UPI_000028,iOS,,,16.841754383333335,2
TXN_0001192,CASE_000346,2024-10-05 05:36:49.391230466,ACC_000023,ACC_000775,72937.3,IMPS,mule_transfer,SBI,UPI_000857,iOS,,,13.968613183333334,3
TXN_0001193,CASE_000347,2025-04-29 15:06:18.355009556,ACC_001563,ACC_000404,1841.62,UPI,victim_debit,SBI,UPI_000449,Android,18.542896029130052,73.83851200056569,,1
TXN_0001194,CASE_000347,2025-04-29 15:16:57.506716679,ACC_000404,ACC_000659,1841.62,UPI,mule_transfer,HDFC Bank,UPI_000731,iOS,,,10.65252845,2
TXN_0001195,CASE_000348,2024-02-19 19:31:30.180697964,ACC_001179,ACC_000366,560.49,UPI,victim_debit,IDFC First Bank,UPI_000405,Android,19.02075238940901,73.03106158147013,,1
TXN_0001196,CASE_000348,2024-02-19 20:11:55.874607516,ACC_000366,ACC_000287,560.49,Net Banking,mule_transfer,Punjab National Bank,UPI_000316,Android,,,40.42823181666667,2
TXN_0001197,CASE_000349,2024-04-12 09:01:27.908684057,ACC_000560,ACC_000880,65034.41,UPI,victim_debit,SBI,UPI_000972,Android,13.064785306774942,77.51973888677949,,1
TXN_0001198,CASE_000349,2024-04-12 09:59:36.912165830,ACC_000880,ACC_000694,65034.41,UPI,mule_transfer,ICICI Bank,UPI_000770,Android,,,58.15005801666667,2
TXN_0001199,CASE_000350,2024-01-07 13:32:27.361798029,ACC_000675,ACC_001308,27757.02,UPI,fragmentation,IndusInd Bank,UPI_001428,Android,19.069310627770903,72.91933062680349,,1
TXN_0001200,CASE_000350,2024-01-07 13:40:09.953701992,ACC_000675,ACC_001308,709.72,Net Banking,fragmentation,IndusInd Bank,UPI_001427,Android,19.069310627770903,72.91933062680349,7.70986505,2
TXN_0001201,CASE_000350,2024-01-07 13:41:45.578098452,ACC_000675,ACC_001308,31130.63,NEFT,fragmentation,IndusInd Bank,UPI_001428,Android,19.069310627770903,72.91933062680349,1.5937399333333333,3
TXN_0001202,CASE_000350,2024-01-07 13:45:03.764956935,ACC_000675,ACC_001308,10373.69,UPI,fragmentation,IndusInd Bank,UPI_001428,Android,19.069310627770903,72.91933062680349,3.3031143,4
TXN_0001203,CASE_000350,2024-01-07 14:00:39.683848574,ACC_001308,ACC_000767,44964.07,UPI,mule_transfer,SBI,UPI_000849,Android,,,15.598648183333333,5
TXN_0001204,CASE_000350,2024-01-07 14:02:08.695026283,ACC_000767,ACC_001308,44964.07,UPI,mule_transfer,IndusInd Bank,UPI_001428,Android,,,1.4835196166666667,6
TXN_0001205,CASE_000351,2026-03-16 12:37:50.979237453,ACC_000993,ACC_000659,30394.19,UPI,fragmentation,HDFC Bank,UPI_000731,iOS,18.48911927848439,73.80583105797403,,1
TXN_0001206,CASE_000351,2026-03-16 12:41:55.999574557,ACC_000993,ACC_000659,37484.33,UPI,fragmentation,HDFC Bank,UPI_000731,Desktop,18.48911927848439,73.80583105797403,4.083672283333334,2
TXN_0001207,CASE_000351,2026-03-16 12:47:07.979896028,ACC_000993,ACC_000659,2046.81,UPI,fragmentation,HDFC Bank,UPI_000731,Android,18.48911927848439,73.80583105797403,5.199672016666667,3
TXN_0001208,CASE_000351,2026-03-16 13:05:34.891694078,ACC_000659,ACC_000404,69925.33,UPI,mule_transfer,SBI,UPI_000449,Android,,,18.44852996666667,4
TXN_0001209,CASE_000352,2025-09-03 13:04:44.306763422,ACC_000588,ACC_000404,32862.81,UPI,victim_debit,SBI,UPI_000449,Android,13.19300281887926,80.34054953272793,,1
TXN_0001210,CASE_000352,2025-09-03 13:27:15.400830939,ACC_000404,ACC_000659,32862.81,UPI,mule_transfer,HDFC Bank,UPI_000731,Desktop,,,22.51823445,2
TXN_0001211,CASE_000353,2024-09-28 19:38:19.140826599,ACC_000427,ACC_000139,38341.04,IMPS,victim_debit,Axis Bank,UPI_000155,Android,22.896590233835948,72.59400809241576,,1
TXN_0001212,CASE_000353,2024-09-28 20:09:30.948659599,ACC_000139,ACC_001308,25171.64,UPI,mule_transfer,IndusInd Bank,UPI_001428,Android,,,31.196797216666667,2
TXN_0001213,CASE_000353,2024-09-28 20:30:36.779289893,ACC_001308,ACC_000139,25171.64,NEFT,mule_transfer,Axis Bank,UPI_000155,iOS,,,21.097177166666665,3
TXN_0001214,CASE_000354,2024-07-20 12:31:55.418289030,ACC_000702,ACC_001349,23048.89,UPI,victim_debit,Kotak Mahindra Bank,UPI_001471,Android,19.095691327098358,72.97777803664793,,1
TXN_0001215,CASE_000354,2024-07-20 12:41:44.060707591,ACC_001349,ACC_001238,14653.0,UPI,mule_transfer,SBI,UPI_001349,iOS,,,9.810706966666666,2
TXN_0001216,CASE_000354,2024-07-20 13:07:40.705785296,ACC_001238,ACC_001349,14653.0,UPI,mule_transfer,Kotak Mahindra Bank,UPI_001471,Android,,,25.944084616666665,3
TXN_0001217,CASE_000355,2025-09-14 07:34:26.337582446,ACC_000941,ACC_000366,842.55,UPI,victim_debit,IDFC First Bank,UPI_000405,Android,26.921001021348054,75.79131406519149,,1
TXN_0001218,CASE_000355,2025-09-14 07:38:39.175208135,ACC_000366,ACC_000533,627.42,UPI,mule_transfer,Kotak Mahindra Bank,UPI_000588,Android,,,4.213960416666667,2
TXN_0001219,CASE_000355,2025-09-14 08:08:46.505333176,ACC_000533,ACC_000267,627.42,IMPS,mule_transfer,IDFC First Bank,UPI_000294,Android,,,30.12216875,3
TXN_0001220,CASE_000356,2026-04-17 17:14:14.330445046,ACC_001030,ACC_000961,26991.51,IMPS,victim_debit,ICICI Bank,UPI_001059,iOS,22.652759131929976,88.36593240717345,,1
TXN_0001221,CASE_000356,2026-04-17 17:24:57.906915197,ACC_000961,ACC_000190,26991.51,NEFT,mule_transfer,HDFC Bank,UPI_000211,Android,,,10.726274499999999,2
TXN_0001222,CASE_000357,2024-09-29 12:50:27.876361234,ACC_001370,ACC_000652,19909.44,UPI,victim_debit,HDFC Bank,UPI_000723,Android,26.851905559762876,75.92096112005477,,1
TXN_0001223,CASE_000357,2024-09-29 13:56:20.907467835,ACC_000652,ACC_001117,14358.9,UPI,mule_transfer,Bank of Baroda,UPI_001224,iOS,,,65.88385176666667,2
TXN_0001224,CASE_000357,2024-09-29 14:12:08.714330965,ACC_001117,ACC_000880,14358.9,UPI,mule_transfer,SBI,UPI_000972,iOS,,,15.79678105,3
TXN_0001225,CASE_000358,2024-10-19 22:49:16.246772286,ACC_000098,ACC_000190,3756.96,NEFT,victim_debit,HDFC Bank,UPI_000212,iOS,12.97445664981087,80.2006350896455,,1
TXN_0001226,CASE_000358,2024-10-19 23:03:37.095043500,ACC_000190,ACC_000961,3756.96,IMPS,mule_transfer,ICICI Bank,UPI_001058,iOS,,,14.347471183333333,2
TXN_0001227,CASE_000359,2026-02-17 05:51:39.995279749,ACC_000228,ACC_000139,26550.41,UPI,victim_debit,Axis Bank,UPI_000156,iOS,13.068938348621964,80.27478250376284,,1
TXN_0001228,CASE_000359,2026-02-17 05:58:41.837259471,ACC_000139,ACC_000767,21183.81,IMPS,mule_transfer,SBI,UPI_000849,Android,,,7.03069965,2
TXN_0001229,CASE_000359,2026-02-17 07:04:08.527260363,ACC_000767,ACC_000139,21183.81,IMPS,mule_transfer,Axis Bank,UPI_000156,iOS,,,65.44483333333334,3
TXN_0001230,CASE_000360,2026-03-24 20:57:54.886504294,ACC_001205,ACC_000524,9633.27,NEFT,fragmentation,Bank of Baroda,UPI_000578,Android,12.954500076242432,77.64663096848126,,1
TXN_0001231,CASE_000360,2026-03-24 21:04:02.023565658,ACC_001205,ACC_000524,1734.44,UPI,fragmentation,Bank of Baroda,UPI_000578,Android,12.954500076242432,77.64663096848126,6.118951016666667,2
TXN_0001232,CASE_000360,2026-03-24 21:12:52.419859862,ACC_000524,ACC_000091,7838.3,UPI,mule_transfer,Bank of Baroda,UPI_000102,Android,,,8.839938233333333,3
TXN_0001233,CASE_000360,2026-03-24 21:30:20.565376271,ACC_000091,ACC_000068,7838.3,UPI,mule_transfer,IndusInd Bank,UPI_000075,Android,,,17.469091933333335,4
TXN_0001234,CASE_000361,2026-04-12 17:04:42.163701442,ACC_000246,ACC_001647,2358.39,IMPS,victim_debit,Canara Bank,UPI_001801,Android,13.125274938014666,80.26828075863355,,1
TXN_0001235,CASE_000361,2026-04-12 17:53:14.103823559,ACC_001647,ACC_001507,2358.39,Net Banking,mule_transfer,Punjab National Bank,UPI_001646,iOS,,,48.532335366666665,2
TXN_0001236,CASE_000362,2024-09-24 01:43:36.116981516,ACC_000150,ACC_001647,100494.94,NEFT,victim_debit,Canara Bank,UPI_001801,Android,26.862980417535045,80.93891238539481,,1
TXN_0001237,CASE_000362,2024-09-24 01:45:25.170186457,ACC_001647,ACC_001507,100494.94,UPI,mule_transfer,Punjab National Bank,UPI_001646,Android,,,1.8175534,2
TXN_0001238,CASE_000363,2024-04-19 15:09:59.838030294,ACC_000316,ACC_000467,52444.29,UPI,fragmentation,Axis Bank,UPI_000514,iOS,19.142118346780272,72.94823686774858,,1
TXN_0001239,CASE_000363,2024-04-19 15:32:14.442949735,ACC_000316,ACC_000467,61558.2,UPI,fragmentation,Axis Bank,UPI_000515,Desktop,19.142118346780272,72.94823686774858,22.243415316666667,2
TXN_0001240,CASE_000363,2024-04-19 15:33:34.491613329,ACC_000316,ACC_000467,8783.46,NEFT,fragmentation,Axis Bank,UPI_000515,Android,19.142118346780272,72.94823686774858,1.3341443833333335,3
TXN_0001241,CASE_000363,2024-04-19 15:44:55.781672900,ACC_000467,ACC_001625,77755.59,UPI,mule_transfer,ICICI Bank,UPI_001777,iOS,,,11.354834316666667,4
TXN_0001242,CASE_000363,2024-04-19 16:04:16.568713033,ACC_001625,ACC_000093,63387.7,UPI,mule_transfer,Yes Bank,UPI_000105,Android,,,19.346450666666666,5
TXN_0001243,CASE_000363,2024-04-19 16:17:07.980942012,ACC_000093,ACC_000467,63387.7,NEFT,mule_transfer,Axis Bank,UPI_000515,Android,,,12.856870466666667,6
TXN_0001244,CASE_000364,2025-02-04 20:30:47.874930577,ACC_001732,ACC_000093,9361.04,UPI,victim_debit,Yes Bank,UPI_000105,Android,19.96563421147566,73.80982362855933,,1
TXN_0001245,CASE_000364,2025-02-04 20:36:33.557053418,ACC_000093,ACC_000467,5236.36,Net Banking,mule_transfer,Axis Bank,UPI_000515,iOS,,,5.7613687,2
TXN_0001246,CASE_000364,2025-02-04 20:46:59.584115876,ACC_000467,ACC_001288,4551.13,IMPS,mule_transfer,Kotak Mahindra Bank,UPI_001405,Android,,,10.433784366666666,3
TXN_0001247,CASE_000364,2025-02-04 21:02:04.644898744,ACC_001288,ACC_000467,4551.13,IMPS,mule_transfer,Axis Bank,UPI_000514,iOS,,,15.084346366666667,4
TXN_0001248,CASE_000365,2024-09-26 10:48:14.668585305,ACC_000477,ACC_000404,484.4,UPI,fragmentation,SBI,UPI_000450,Android,19.048334723396252,72.8380172936592,,1
TXN_0001249,CASE_000365,2024-09-26 10:50:20.210422130,ACC_000477,ACC_000404,868.76,UPI,fragmentation,SBI,UPI_000450,Android,19.048334723396252,72.8380172936592,2.0923639333333335,2
TXN_0001250,CASE_000365,2024-09-26 10:52:41.888610149,ACC_000477,ACC_000404,2179.42,UPI,fragmentation,SBI,UPI_000450,Android,19.048334723396252,72.8380172936592,2.3613031333333336,3
TXN_0001251,CASE_000365,2024-09-26 11:02:49.417180580,ACC_000477,ACC_000404,6798.47,UPI,fragmentation,SBI,UPI_000450,Android,19.048334723396252,72.8380172936592,10.125476166666665,4
TXN_0001252,CASE_000365,2024-09-26 11:12:19.111749371,ACC_000404,ACC_000659,10331.05,UPI,mule_transfer,HDFC Bank,UPI_000731,Android,,,9.494909466666666,5
TXN_0001253,CASE_000366,2026-03-16 06:00:35.995788621,ACC_001275,ACC_001050,2921.19,IMPS,victim_debit,Punjab National Bank,UPI_001155,Android,21.168935653961725,72.81807600916281,,1
TXN_0001254,CASE_000366,2026-03-16 07:45:40.491635732,ACC_001050,ACC_001267,2921.19,UPI,mule_transfer,ICICI Bank,UPI_001383,Desktop,,,105.07493078333333,2
TXN_0001255,CASE_000367,2024-02-03 09:33:23.246528112,ACC_001502,ACC_000533,49528.03,UPI,fragmentation,Kotak Mahindra Bank,UPI_000588,Android,28.568964868232573,77.2660606112479,,1
TXN_0001256,CASE_000367,2024-02-03 09:35:14.856225551,ACC_001502,ACC_000533,1578.21,IMPS,fragmentation,Kotak Mahindra Bank,UPI_000588,iOS,28.568964868232573,77.2660606112479,1.8601616166666666,2
TXN_0001257,CASE_000367,2024-02-03 09:37:05.195612234,ACC_001502,ACC_000533,50.0,Net Banking,fragmentation,Kotak Mahindra Bank,UPI_000588,Android,28.568964868232573,77.2660606112479,1.8389897666666668,3
TXN_0001258,CASE_000367,2024-02-03 10:06:23.274034675,ACC_000533,ACC_001335,45907.09,UPI,mule_transfer,Kotak Mahindra Bank,UPI_001457,iOS,,,29.301307033333334,4
TXN_0001259,CASE_000367,2024-02-03 11:32:26.379167705,ACC_001335,ACC_000533,41016.87,IMPS,mule_transfer,Kotak Mahindra Bank,UPI_000588,Desktop,,,86.05175221666667,5
TXN_0001260,CASE_000367,2024-02-03 12:03:24.228767070,ACC_000533,ACC_001335,41016.87,Net Banking,mule_transfer,Kotak Mahindra Bank,UPI_001457,Android,,,30.96415998333333,6
TXN_0001261,CASE_000368,2025-07-31 11:53:42.372363574,ACC_000220,ACC_000775,58256.73,IMPS,victim_debit,SBI,UPI_000857,Android,13.082200703926965,80.24876239224491,,1
TXN_0001262,CASE_000368,2025-07-31 12:09:29.834334457,ACC_000775,ACC_000023,32665.42,UPI,mule_transfer,Kotak Mahindra Bank,UPI_000028,Android,,,15.791032833333333,2
TXN_0001263,CASE_000368,2025-07-31 12:31:12.523315797,ACC_000023,ACC_000480,32665.42,UPI,mule_transfer,IndusInd Bank,UPI_000532,Android,,,21.711483016666666,3
TXN_0001264,CASE_000369,2026-04-05 14:25:28.091374604,ACC_000968,ACC_001349,4283.71,UPI,victim_debit,Kotak Mahindra Bank,UPI_001471,iOS,23.064008303634697,72.61602132244425,,1
TXN_0001265,CASE_000369,2026-04-05 15:11:35.466655144,ACC_001349,ACC_001293,2661.98,UPI,mule_transfer,Union Bank of India,UPI_001410,Android,,,46.12292133333334,2
TXN_0001266,CASE_000369,2026-04-05 16:43:55.156347348,ACC_001293,ACC_001349,1880.57,NEFT,mule_transfer,Kotak Mahindra Bank,UPI_001471,Android,,,92.32816153333333,3
TXN_0001267,CASE_000369,2026-04-05 18:32:12.867581103,ACC_001349,ACC_001293,1880.57,UPI,mule_transfer,Union Bank of India,UPI_001411,iOS,,,108.29518721666666,4
TXN_0001268,CASE_000370,2026-06-08 18:40:31.826604383,ACC_001447,ACC_000820,17966.51,NEFT,victim_debit,ICICI Bank,UPI_000908,Android,22.71007544156556,75.87598606973685,,1
TXN_0001269,CASE_000370,2026-06-08 19:11:28.020765669,ACC_000820,ACC_001788,10606.66,UPI,mule_transfer,Canara Bank,UPI_001953,Android,,,30.93656935,2
TXN_0001270,CASE_000370,2026-06-08 20:23:32.966074996,ACC_001788,ACC_000782,9651.46,UPI,mule_transfer,IDFC First Bank,UPI_000866,Android,,,72.08242181666667,3
TXN_0001271,CASE_000370,2026-06-08 20:28:14.622020676,ACC_000782,ACC_000820,9651.46,UPI,mule_transfer,ICICI Bank,UPI_000908,Desktop,,,4.69426575,4
TXN_0001272,CASE_000371,2025-08-15 06:53:48.586859239,ACC_001287,ACC_000091,3637.2,IMPS,fragmentation,Bank of Baroda,UPI_000103,iOS,19.19131552547747,72.84461882866327,,1
TXN_0001273,CASE_000371,2025-08-15 07:07:56.601862937,ACC_001287,ACC_000091,12886.81,IMPS,fragmentation,Bank of Baroda,UPI_000103,Android,19.19131552547747,72.84461882866327,14.133583383333333,2
TXN_0001274,CASE_000371,2025-08-15 07:50:46.574923300,ACC_000091,ACC_000524,15186.23,UPI,mule_transfer,Bank of Baroda,UPI_000578,Android,,,42.83288433333333,3
TXN_0001275,CASE_000371,2025-08-15 08:33:37.345396804,ACC_000524,ACC_000068,15186.23,UPI,mule_transfer,IndusInd Bank,UPI_000075,Android,,,42.84617455,4
TXN_0001276,CASE_000372,2026-05-15 10:02:55.051083045,ACC_000490,ACC_001050,11390.65,Net Banking,victim_debit,Punjab National Bank,UPI_001155,Android,22.558805759797202,88.34883263998691,,1
TXN_0001277,CASE_000372,2026-05-15 12:18:47.230484034,ACC_001050,ACC_001267,11390.65,UPI,mule_transfer,ICICI Bank,UPI_001383,iOS,,,135.86965666666666,2
TXN_0001278,CASE_000373,2024-03-09 22:49:54.441290804,ACC_001074,ACC_001288,8635.49,UPI,fragmentation,Kotak Mahindra Bank,UPI_001405,Android,26.949139814301827,75.71978882144664,,1
TXN_0001279,CASE_000373,2024-03-09 22:52:44.054207140,ACC_001074,ACC_001288,1855.89,Net Banking,fragmentation,Kotak Mahindra Bank,UPI_001405,Android,26.949139814301827,75.71978882144664,2.8268819333333335,2
TXN_0001280,CASE_000373,2024-03-09 22:58:24.169210489,ACC_001074,ACC_001288,59161.27,IMPS,fragmentation,Kotak Mahindra Bank,UPI_001405,Desktop,26.949139814301827,75.71978882144664,5.668583383333333,3
TXN_0001281,CASE_000373,2024-03-09 23:15:48.643119298,ACC_001288,ACC_000467,69652.64,IMPS,mule_transfer,Axis Bank,UPI_000515,Android,,,17.407898466666666,4
TXN_0001282,CASE_000374,2024-11-23 08:16:21.084579085,ACC_000826,ACC_000491,131291.86,UPI,victim_debit,HDFC Bank,UPI_000544,Android,19.101473567264605,72.88587299270777,,1
TXN_0001283,CASE_000374,2024-11-23 08:25:46.101040752,ACC_000491,ACC_001039,131291.86,IMPS,mule_transfer,SBI,UPI_001142,Desktop,,,9.416941016666668,2
TXN_0001284,CASE_000375,2024-01-08 23:18:19.477218849,ACC_000134,ACC_001300,7295.96,UPI,victim_debit,ICICI Bank,UPI_001419,Android,22.577319908189594,88.37383776236658,,1
TXN_0001285,CASE_000375,2024-01-08 23:42:45.220168700,ACC_001300,ACC_000011,7295.96,Net Banking,mule_transfer,Bank of Baroda,UPI_000013,Desktop,,,24.42904915,2
TXN_0001286,CASE_000376,2026-06-12 21:49:07.081136086,ACC_001160,ACC_001647,17224.7,NEFT,victim_debit,Canara Bank,UPI_001801,Android,21.171879682341533,79.0969940470258,,1
TXN_0001287,CASE_000376,2026-06-12 22:03:16.565959413,ACC_001647,ACC_001507,17224.7,UPI,mule_transfer,Punjab National Bank,UPI_001646,Android,,,14.158080383333333,2
TXN_0001288,CASE_000377,2026-04-02 10:10:11.259283832,ACC_000270,ACC_000775,8082.6,IMPS,victim_debit,SBI,UPI_000857,iOS,17.38763316326232,78.49394884443933,,1
TXN_0001289,CASE_000377,2026-04-02 10:38:00.501298605,ACC_000775,ACC_000023,6976.16,IMPS,mule_transfer,Kotak Mahindra Bank,UPI_000028,Android,,,27.820700233333334,2
TXN_0001290,CASE_000377,2026-04-02 10:44:55.699903532,ACC_000023,ACC_000480,6976.16,UPI,mule_transfer,IndusInd Bank,UPI_000531,Android,,,6.919976733333333,3
TXN_0001291,CASE_000378,2024-01-26 14:53:16.227978126,ACC_000135,ACC_000023,3887.48,Net Banking,victim_debit,Kotak Mahindra Bank,UPI_000028,Android,12.990430664208606,77.59512012251143,,1
TXN_0001292,CASE_000378,2024-01-26 14:56:22.956718818,ACC_000023,ACC_000775,3887.48,IMPS,mule_transfer,SBI,UPI_000857,Android,,,3.1121456666666663,2
TXN_0001293,CASE_000379,2024-01-17 13:06:35.129723980,ACC_000196,ACC_000782,9296.21,IMPS,victim_debit,IDFC First Bank,UPI_000866,Android,18.453736284748093,73.85483971661061,,1
TXN_0001294,CASE_000379,2024-01-17 13:21:46.047909664,ACC_000782,ACC_001788,9296.21,IMPS,mule_transfer,Canara Bank,UPI_001952,Desktop,,,15.18196975,2
TXN_0001295,CASE_000380,2024-11-30 08:10:51.928629995,ACC_001245,ACC_000093,58997.56,UPI,victim_debit,Yes Bank,UPI_000105,iOS,19.131607067156835,72.96159216837572,,1
TXN_0001296,CASE_000380,2024-11-30 08:21:59.676814036,ACC_000093,ACC_000467,41701.54,IMPS,mule_transfer,Axis Bank,UPI_000514,Android,,,11.1291364,2
TXN_0001297,CASE_000380,2024-11-30 08:45:24.275234631,ACC_000467,ACC_001625,29694.91,Net Banking,mule_transfer,ICICI Bank,UPI_001777,iOS,,,23.409973666666666,3
TXN_0001298,CASE_000380,2024-11-30 09:04:48.358480262,ACC_001625,ACC_000467,29694.91,UPI,mule_transfer,Axis Bank,UPI_000515,Android,,,19.40138741666667,4
TXN_0001299,CASE_000381,2024-08-23 13:28:45.437726934,ACC_000246,ACC_000267,17074.47,IMPS,fragmentation,IDFC First Bank,UPI_000294,iOS,19.069544363683253,72.8672451976153,,1
TXN_0001300,CASE_000381,2024-08-23 13:31:36.408908843,ACC_000246,ACC_000267,2209.03,UPI,fragmentation,IDFC First Bank,UPI_000294,iOS,19.069544363683253,72.8672451976153,2.8495196833333334,2
TXN_0001301,CASE_000381,2024-08-23 13:54:49.250643952,ACC_000267,ACC_000366,13529.65,IMPS,mule_transfer,IDFC First Bank,UPI_000405,iOS,,,23.214028916666667,3
TXN_0001302,CASE_000381,2024-08-23 14:20:03.608208180,ACC_000366,ACC_000267,13529.65,IMPS,mule_transfer,IDFC First Bank,UPI_000294,iOS,,,25.239292733333333,4
TXN_0001303,CASE_000382,2026-02-10 14:37:28.579932385,ACC_000649,ACC_000775,3409.28,UPI,victim_debit,SBI,UPI_000857,iOS,19.031317234935987,72.91942833764773,,1
TXN_0001304,CASE_000382,2026-02-10 15:01:43.361269459,ACC_000775,ACC_000480,3409.28,UPI,mule_transfer,IndusInd Bank,UPI_000532,iOS,,,24.246355616666666,2
TXN_0001305,CASE_000383,2024-05-26 05:39:06.279706325,ACC_000357,ACC_001350,8973.99,UPI,victim_debit,Bank of Baroda,UPI_001472,iOS,17.463530942470104,78.4883587410371,,1
TXN_0001306,CASE_000383,2024-05-26 05:43:52.458576435,ACC_001350,ACC_000052,8973.99,UPI,mule_transfer,IndusInd Bank,UPI_000058,Android,,,4.769647833333334,2
TXN_0001307,CASE_000384,2025-12-21 07:02:36.216992113,ACC_000906,ACC_000480,1149.86,UPI,fragmentation,IndusInd Bank,UPI_000532,Android,21.13123410193463,79.05806974863134,,1
TXN_0001308,CASE_000384,2025-12-21 07:12:54.816820248,ACC_000906,ACC_000480,3737.84,NEFT,fragmentation,IndusInd Bank,UPI_000531,Android,21.13123410193463,79.05806974863134,10.309997133333333,2
TXN_0001309,CASE_000384,2025-12-21 07:33:34.658147696,ACC_000480,ACC_000775,4887.71,Net Banking,mule_transfer,SBI,UPI_000857,Android,,,20.66402211666667,3
TXN_0001310,CASE_000385,2025-05-20 02:59:35.844687382,ACC_000263,ACC_000404,2167.43,UPI,victim_debit,SBI,UPI_000449,Desktop,18.56778369526619,73.87443988352179,,1
TXN_0001311,CASE_000385,2025-05-20 03:16:23.883459767,ACC_000404,ACC_000659,2167.43,NEFT,mule_transfer,HDFC Bank,UPI_000731,iOS,,,16.8006462,2
TXN_0001312,CASE_000386,2024-12-09 19:46:54.278056997,ACC_001077,ACC_000467,13980.12,UPI,victim_debit,Axis Bank,UPI_000514,Android,13.089173003954564,80.26327299463094,,1
TXN_0001313,CASE_000386,2024-12-09 20:48:04.752365689,ACC_000467,ACC_001625,13980.12,UPI,mule_transfer,ICICI Bank,UPI_001777,Android,,,61.174571799999995,2
TXN_0001314,CASE_000387,2024-05-12 18:33:30.062811632,ACC_001653,ACC_001308,14141.59,UPI,victim_debit,IndusInd Bank,UPI_001428,Android,13.112146603445693,80.27503239401081,,1
TXN_0001315,CASE_000387,2024-05-12 19:05:57.712032184,ACC_001308,ACC_000139,12753.08,UPI,mule_transfer,Axis Bank,UPI_000155,Android,,,32.46082033333333,2
TXN_0001316,CASE_000387,2024-05-12 19:37:36.382650024,ACC_000139,ACC_001308,12753.08,UPI,mule_transfer,IndusInd Bank,UPI_001428,Desktop,,,31.644510283333332,3
TXN_0001317,CASE_000388,2026-06-27 22:02:12.259742061,ACC_001566,ACC_000533,15959.1,Net Banking,fragmentation,Kotak Mahindra Bank,UPI_000588,iOS,12.909678066189011,77.58228172352801,,1
TXN_0001318,CASE_000388,2026-06-27 22:08:54.176715007,ACC_001566,ACC_000533,61.78,UPI,fragmentation,Kotak Mahindra Bank,UPI_000588,iOS,12.909678066189011,77.58228172352801,6.6986162,2
TXN_0001319,CASE_000388,2026-06-27 22:20:11.003353035,ACC_000533,ACC_000287,15057.0,NEFT,mule_transfer,Punjab National Bank,UPI_000316,Desktop,,,11.280443966666667,3
TXN_0001320,CASE_000388,2026-06-27 22:21:34.920677039,ACC_000287,ACC_000533,12705.75,NEFT,mule_transfer,Kotak Mahindra Bank,UPI_000588,Android,,,1.3986220666666667,4
TXN_0001321,CASE_000388,2026-06-27 22:57:27.419229882,ACC_000533,ACC_001335,12705.75,NEFT,mule_transfer,Kotak Mahindra Bank,UPI_001457,Android,,,35.87497586666667,5
TXN_0001322,CASE_000389,2025-07-17 00:39:54.149330808,ACC_000171,ACC_000775,3437.91,UPI,victim_debit,SBI,UPI_000857,iOS,26.952414802010043,80.85419535369522,,1
TXN_0001323,CASE_000389,2025-07-17 01:16:03.134111226,ACC_000775,ACC_000023,3437.91,NEFT,mule_transfer,Kotak Mahindra Bank,UPI_000028,iOS,,,36.14974633333333,2
TXN_0001324,CASE_000390,2025-02-04 06:47:22.983962048,ACC_000321,ACC_001788,1610.78,UPI,fragmentation,Canara Bank,UPI_001952,Desktop,28.492994296682188,77.14153956931095,,1
TXN_0001325,CASE_000390,2025-02-04 06:50:10.547773589,ACC_000321,ACC_001788,1210.0,IMPS,fragmentation,Canara Bank,UPI_001952,Android,28.492994296682188,77.14153956931095,2.792730183333333,2
TXN_0001326,CASE_000390,2025-02-04 07:02:56.694935621,ACC_000321,ACC_001788,380.05,UPI,fragmentation,Canara Bank,UPI_001953,Android,28.492994296682188,77.14153956931095,12.769119366666667,3
TXN_0001327,CASE_000390,2025-02-04 07:57:31.349899325,ACC_001788,ACC_001592,3200.83,UPI,mule_transfer,Union Bank of India,UPI_001738,Android,,,54.57758271666667,4
TXN_0001328,CASE_000391,2024-12-04 02:53:58.088891604,ACC_001641,ACC_000366,2913.31,IMPS,fragmentation,IDFC First Bank,UPI_000405,Android,22.919664078001333,72.48082136917357,,1
TXN_0001329,CASE_000391,2024-12-04 02:55:33.961785724,ACC_001641,ACC_000366,28064.63,UPI,fragmentation,IDFC First Bank,UPI_000405,Android,22.919664078001333,72.48082136917357,1.5978815666666668,2
TXN_0001330,CASE_000391,2024-12-04 03:00:59.990564753,ACC_000366,ACC_000267,30977.94,UPI,mule_transfer,IDFC First Bank,UPI_000294,Android,,,5.4338129833333335,3
TXN_0001331,CASE_000392,2026-04-05 03:37:57.442698288,ACC_000385,ACC_000480,12410.09,UPI,victim_debit,IndusInd Bank,UPI_000531,iOS,19.0521813998744,72.82270376514502,,1
TXN_0001332,CASE_000392,2026-04-05 03:40:01.807946314,ACC_000480,ACC_000775,12410.09,IMPS,mule_transfer,SBI,UPI_000857,Desktop,,,2.072754133333333,2
TXN_0001333,CASE_000393,2026-01-18 03:17:39.900237811,ACC_000791,ACC_000309,7941.1,UPI,victim_debit,Canara Bank,UPI_000342,Desktop,22.580433898452355,88.37211196735727,,1
TXN_0001334,CASE_000393,2026-01-18 03:27:38.946402976,ACC_000309,ACC_000782,4463.24,UPI,mule_transfer,IDFC First Bank,UPI_000866,iOS,,,9.98410275,2
TXN_0001335,CASE_000393,2026-01-18 03:43:30.827831825,ACC_000782,ACC_001046,4463.24,Net Banking,mule_transfer,IDFC First Bank,UPI_001151,Android,,,15.864690466666667,3
TXN_0001336,CASE_000394,2026-01-09 00:11:22.944657437,ACC_000901,ACC_001039,377.54,NEFT,fragmentation,SBI,UPI_001142,iOS,22.699730904525634,75.81547219742664,,1
TXN_0001337,CASE_000394,2026-01-09 00:24:30.317837692,ACC_000901,ACC_001039,3867.78,NEFT,fragmentation,SBI,UPI_001142,Android,22.699730904525634,75.81547219742664,13.122886333333334,2
TXN_0001338,CASE_000394,2026-01-09 00:29:18.057025206,ACC_000901,ACC_001039,164.5,Net Banking,fragmentation,SBI,UPI_001142,iOS,22.699730904525634,75.81547219742664,4.795653116666667,3
TXN_0001339,CASE_000394,2026-01-09 00:34:50.817733293,ACC_000901,ACC_001039,380.4,Net Banking,fragmentation,SBI,UPI_001142,Android,22.699730904525634,75.81547219742664,5.5460118000000005,4
TXN_0001340,CASE_000394,2026-01-09 01:17:06.840776914,ACC_001039,ACC_001114,4790.21,UPI,mule_transfer,SBI,UPI_001221,iOS,,,42.26705071666667,5
TXN_0001341,CASE_000395,2025-07-15 09:13:33.796687923,ACC_001266,ACC_000480,71514.07,UPI,fragmentation,IndusInd Bank,UPI_000532,Android,23.04596604555363,72.54756364299881,,1
TXN_0001342,CASE_000395,2025-07-15 09:17:24.276751888,ACC_001266,ACC_000480,15110.79,NEFT,fragmentation,IndusInd Bank,UPI_000531,Android,23.04596604555363,72.54756364299881,3.8413343833333333,2
TXN_0001343,CASE_000395,2025-07-15 10:16:55.959866624,ACC_000480,ACC_000775,75925.33,NEFT,mule_transfer,SBI,UPI_000857,iOS,,,59.5280519,3
TXN_0001344,CASE_000395,2025-07-15 10:25:29.625271399,ACC_000775,ACC_000023,75925.33,UPI,mule_transfer,Kotak Mahindra Bank,UPI_000028,Android,,,8.561090066666667,4
TXN_0001345,CASE_000396,2026-03-19 23:13:45.756278415,ACC_000069,ACC_001050,35222.87,Net Banking,victim_debit,Punjab National Bank,UPI_001155,Desktop,17.38688400910159,78.48637740336075,,1
TXN_0001346,CASE_000396,2026-03-19 23:18:41.440771598,ACC_001050,ACC_001267,35222.87,Net Banking,mule_transfer,ICICI Bank,UPI_001383,iOS,,,4.928074883333333,2
TXN_0001347,CASE_000397,2024-09-29 16:12:20.109622203,ACC_001738,ACC_001507,29240.68,UPI,victim_debit,Punjab National Bank,UPI_001646,iOS,17.37294568526998,78.4914229831538,,1
TXN_0001348,CASE_000397,2024-09-29 16:25:07.640601672,ACC_001507,ACC_001647,29240.68,NEFT,mule_transfer,Canara Bank,UPI_001801,Android,,,12.792182983333333,2
TXN_0001349,CASE_000398,2025-10-03 01:56:44.313389743,ACC_001109,ACC_000467,9207.96,IMPS,victim_debit,Axis Bank,UPI_000514,Android,21.11153455437904,79.14262363425571,,1
TXN_0001350,CASE_000398,2025-10-03 02:10:59.876791076,ACC_000467,ACC_000093,6196.92,NEFT,mule_transfer,Yes Bank,UPI_000105,Android,,,14.259390016666666,2
TXN_0001351,CASE_000398,2025-10-03 02:24:05.339801396,ACC_000093,ACC_001288,6196.92,IMPS,mule_transfer,Kotak Mahindra Bank,UPI_001405,Android,,,13.091050166666667,3
TXN_0001352,CASE_000399,2025-01-03 11:47:20.353780964,ACC_000021,ACC_000093,8291.76,Net Banking,victim_debit,Yes Bank,UPI_000105,Android,13.08365442533246,80.22358673602066,,1
TXN_0001353,CASE_000399,2025-01-03 12:11:40.701642584,ACC_000093,ACC_001625,5864.22,UPI,mule_transfer,ICICI Bank,UPI_001777,Android,,,24.339131016666666,2
TXN_0001354,CASE_000399,2025-01-03 12:24:43.675777337,ACC_001625,ACC_001288,3333.41,IMPS,mule_transfer,Kotak Mahindra Bank,UPI_001405,Android,,,13.0495689,3
TXN_0001355,CASE_000399,2025-01-03 13:02:01.993886168,ACC_001288,ACC_001625,3333.41,Net Banking,mule_transfer,ICICI Bank,UPI_001777,iOS,,,37.3053018,4
TXN_0001356,CASE_000400,2025-06-30 14:33:16.792312183,ACC_001229,ACC_001288,65038.31,UPI,victim_debit,Kotak Mahindra Bank,UPI_001405,Android,22.549106875725887,88.35687546357704,,1
TXN_0001357,CASE_000400,2025-06-30 15:15:46.375670667,ACC_001288,ACC_000093,37863.74,UPI,mule_transfer,Yes Bank,UPI_000105,Android,,,42.49305596666667,2
TXN_0001358,CASE_000400,2025-06-30 15:22:57.838873030,ACC_000093,ACC_000467,27658.43,UPI,mule_transfer,Axis Bank,UPI_000515,Desktop,,,7.191053366666667,3
TXN_0001359,CASE_000400,2025-06-30 15:46:12.334697921,ACC_000467,ACC_001288,27658.43,UPI,mule_transfer,Kotak Mahindra Bank,UPI_001405,Android,,,23.241597066666667,4
TXN_0001360,CASE_000401,2026-06-28 08:10:07.764084603,ACC_000700,ACC_000404,12434.43,UPI,fragmentation,SBI,UPI_000450,iOS,22.715160142844496,75.96250022794743,,1
TXN_0001361,CASE_000401,2026-06-28 08:14:44.871680576,ACC_000700,ACC_000404,9982.47,UPI,fragmentation,SBI,UPI_000449,iOS,22.715160142844496,75.96250022794743,4.618459916666667,2
TXN_0001362,CASE_000401,2026-06-28 09:18:31.016466185,ACC_000404,ACC_000659,22416.9,UPI,mule_transfer,HDFC Bank,UPI_000731,iOS,,,63.769079749999996,3
TXN_0001363,CASE_000402,2026-06-15 23:14:05.856609977,ACC_000559,ACC_000342,5310.06,UPI,victim_debit,IndusInd Bank,UPI_000379,Desktop,12.994273387402977,77.63831646696597,,1
TXN_0001364,CASE_000402,2026-06-15 23:15:23.573055102,ACC_000342,ACC_001150,4539.5,UPI,mule_transfer,ICICI Bank,UPI_001258,iOS,,,1.2952740833333332,2
TXN_0001365,CASE_000402,2026-06-15 23:18:20.311363111,ACC_001150,ACC_000342,3883.72,IMPS,mule_transfer,IndusInd Bank,UPI_000379,Android,,,2.9456384666666664,3
TXN_0001366,CASE_000402,2026-06-15 23:54:30.133353301,ACC_000342,ACC_001133,3883.72,UPI,mule_transfer,Kotak Mahindra Bank,UPI_001240,Android,,,36.16369983333333,4
TXN_0001367,CASE_000403,2025-04-12 00:18:15.524219608,ACC_000645,ACC_000404,35677.52,IMPS,fragmentation,SBI,UPI_000450,Android,19.131312140852344,72.98452434653508,,1
TXN_0001368,CASE_000403,2025-04-12 00:19:50.894056394,ACC_000645,ACC_000404,50.0,UPI,fragmentation,SBI,UPI_000450,Android,19.131312140852344,72.98452434653508,1.5894972666666667,2
TXN_0001369,CASE_000403,2025-04-12 00:24:25.831801007,ACC_000645,ACC_000404,1948.5,UPI,fragmentation,SBI,UPI_000450,Android,19.131312140852344,72.98452434653508,4.582295733333334,3
TXN_0001370,CASE_000403,2025-04-12 00:47:45.179635427,ACC_000404,ACC_000659,37652.06,Net Banking,mule_transfer,HDFC Bank,UPI_000731,Android,,,23.3224639,4
TXN_0001371,CASE_000404,2025-06-06 19:36:10.800883432,ACC_000806,ACC_001288,13767.96,IMPS,victim_debit,Kotak Mahindra Bank,UPI_001405,Android,17.353500889178452,78.49535690303246,,1
TXN_0001372,CASE_000404,2025-06-06 19:40:08.229381475,ACC_001288,ACC_000467,8055.47,UPI,mule_transfer,Axis Bank,UPI_000514,Desktop,,,3.9571416333333334,2
TXN_0001373,CASE_000404,2025-06-06 20:18:50.525340914,ACC_000467,ACC_001625,8055.47,UPI,mule_transfer,ICICI Bank,UPI_001777,Android,,,38.70493265,3
TXN_0001374,CASE_000405,2026-03-28 11:33:56.956054777,ACC_000471,ACC_000694,27975.57,NEFT,victim_debit,ICICI Bank,UPI_000770,Android,19.111000564272295,72.94518999177393,,1
TXN_0001375,CASE_000405,2026-03-28 13:53:06.937708879,ACC_000694,ACC_000652,16733.03,UPI,mule_transfer,HDFC Bank,UPI_000723,Android,,,139.1663609,2
TXN_0001376,CASE_000405,2026-03-28 14:08:10.518421891,ACC_000652,ACC_001117,15130.49,UPI,mule_transfer,Bank of Baroda,UPI_001224,Desktop,,,15.05967855,3
TXN_0001377,CASE_000405,2026-03-28 14:15:31.628140670,ACC_001117,ACC_000652,15130.49,IMPS,mule_transfer,HDFC Bank,UPI_000724,iOS,,,7.351828633333333,4
TXN_0001378,CASE_000406,2026-06-16 22:31:05.201291372,ACC_001373,ACC_000775,49429.51,UPI,victim_debit,SBI,UPI_000857,Android,18.545092931750624,73.85994310935594,,1
TXN_0001379,CASE_000406,2026-06-16 23:07:40.467570355,ACC_000775,ACC_000480,30191.52,UPI,mule_transfer,IndusInd Bank,UPI_000532,Desktop,,,36.5877713,2
TXN_0001380,CASE_000406,2026-06-16 23:27:13.137235439,ACC_000480,ACC_000023,30191.52,UPI,mule_transfer,Kotak Mahindra Bank,UPI_000028,Android,,,19.544494416666666,3
TXN_0001381,CASE_000407,2025-12-10 07:49:03.551878467,ACC_000065,ACC_000011,1724.77,NEFT,fragmentation,Bank of Baroda,UPI_000013,Android,21.209179680141737,79.11127035028834,,1
TXN_0001382,CASE_000407,2025-12-10 07:57:06.116706710,ACC_000065,ACC_000011,115.98,UPI,fragmentation,Bank of Baroda,UPI_000013,Android,21.209179680141737,79.11127035028834,8.042747133333332,2
TXN_0001383,CASE_000407,2025-12-10 08:08:29.975984783,ACC_000011,ACC_001300,1840.75,IMPS,mule_transfer,ICICI Bank,UPI_001418,iOS,,,11.397654633333334,3
TXN_0001384,CASE_000408,2024-02-29 09:22:18.700177469,ACC_001182,ACC_000335,11471.73,IMPS,victim_debit,Kotak Mahindra Bank,UPI_000372,iOS,22.59123630982586,88.3543849918807,,1
TXN_0001385,CASE_000408,2024-02-29 10:05:55.686600970,ACC_000335,ACC_000473,6492.91,Net Banking,mule_transfer,SBI,UPI_000523,iOS,,,43.616440383333334,2
TXN_0001386,CASE_000408,2024-02-29 10:17:35.871522871,ACC_000473,ACC_000836,6492.91,IMPS,mule_transfer,IndusInd Bank,UPI_000927,iOS,,,11.669748683333333,3
TXN_0001387,CASE_000409,2024-10-20 22:25:40.788957129,ACC_000984,ACC_000480,1292.85,UPI,fragmentation,IndusInd Bank,UPI_000532,iOS,19.0525804592138,73.0399216563828,,1
TXN_0001388,CASE_000409,2024-10-20 22:29:05.875622201,ACC_000984,ACC_000480,15547.31,NEFT,fragmentation,IndusInd Bank,UPI_000531,Desktop,19.0525804592138,73.0399216563828,3.4181110833333337,2
TXN_0001389,CASE_000409,2024-10-20 22:31:18.526893973,ACC_000984,ACC_000480,1307.8,IMPS,fragmentation,IndusInd Bank,UPI_000532,Android,19.0525804592138,73.0399216563828,2.2108545166666667,3
TXN_0001390,CASE_000409,2024-10-20 22:37:58.417050698,ACC_000984,ACC_000480,12231.58,UPI,fragmentation,IndusInd Bank,UPI_000531,Android,19.0525804592138,73.0399216563828,6.664835933333333,4
TXN_0001391,CASE_000409,2024-10-20 22:51:10.786344302,ACC_000480,ACC_000775,26573.06,UPI,mule_transfer,SBI,UPI_000857,iOS,,,13.206154883333333,5
TXN_0001392,CASE_000409,2024-10-20 22:59:55.295603431,ACC_000775,ACC_000023,26573.06,UPI,mule_transfer,Kotak Mahindra Bank,UPI_000028,Android,,,8.741820983333334,6
TXN_0001393,CASE_000410,2026-03-27 21:48:03.372289551,ACC_000337,ACC_001288,154847.83,UPI,victim_debit,Kotak Mahindra Bank,UPI_001405,Android,19.292440068130542,73.01698168994257,,1
TXN_0001394,CASE_000410,2026-03-27 22:13:32.282939439,ACC_001288,ACC_001625,154847.83,IMPS,mule_transfer,ICICI Bank,UPI_001777,Android,,,25.481844149999997,2
TXN_0001395,CASE_000411,2025-11-30 23:40:50.086951557,ACC_000897,ACC_000467,2818.92,UPI,victim_debit,Axis Bank,UPI_000514,iOS,19.04201660535414,72.88908732072582,,1
TXN_0001396,CASE_000411,2025-11-30 23:52:22.422021600,ACC_000467,ACC_001625,2247.05,IMPS,mule_transfer,ICICI Bank,UPI_001777,Android,,,11.538917833333333,2
TXN_0001397,CASE_000411,2025-12-01 00:07:46.786075015,ACC_001625,ACC_000093,2247.05,UPI,mule_transfer,Yes Bank,UPI_000105,iOS,,,15.40606755,3
TXN_0001398,CASE_000412,2025-11-07 04:50:44.946157149,ACC_001720,ACC_000961,42790.61,UPI,victim_debit,ICICI Bank,UPI_001058,Android,26.913116977115468,75.81340950079083,,1
TXN_0001399,CASE_000412,2025-11-07 04:52:55.590343620,ACC_000961,ACC_000190,42790.61,UPI,mule_transfer,HDFC Bank,UPI_000212,Android,,,2.1774031,2
TXN_0001400,CASE_000413,2025-08-31 11:57:20.179410363,ACC_001095,ACC_000139,21948.01,IMPS,victim_debit,Axis Bank,UPI_000156,Desktop,13.204908429415141,80.24074010818543,,1
TXN_0001401,CASE_000413,2025-08-31 12:06:59.831965934,ACC_000139,ACC_001308,19204.67,UPI,mule_transfer,IndusInd Bank,UPI_001428,iOS,,,9.660875916666667,2
TXN_0001402,CASE_000413,2025-08-31 12:45:59.204443632,ACC_001308,ACC_000767,19204.67,UPI,mule_transfer,SBI,UPI_000849,iOS,,,38.98954128333333,3
TXN_0001403,CASE_000414,2025-01-13 09:36:19.276663144,ACC_000974,ACC_000467,1390.37,UPI,victim_debit,Axis Bank,UPI_000515,iOS,19.080925794173353,72.87443746961232,,1
TXN_0001404,CASE_000414,2025-01-13 10:17:20.277721863,ACC_000467,ACC_001288,965.23,UPI,mule_transfer,Kotak Mahindra Bank,UPI_001405,Desktop,,,41.016684299999994,2
TXN_0001405,CASE_000414,2025-01-13 10:33:32.669222529,ACC_001288,ACC_001625,876.95,NEFT,mule_transfer,ICICI Bank,UPI_001777,Android,,,16.206525,3
TXN_0001406,CASE_000414,2025-01-13 10:41:17.449288081,ACC_001625,ACC_000093,876.95,UPI,mule_transfer,Yes Bank,UPI_000105,iOS,,,7.7463344166666666,4
TXN_0001407,CASE_000415,2025-01-02 08:58:54.933399823,ACC_000872,ACC_001690,6483.63,UPI,fragmentation,Punjab National Bank,UPI_001846,iOS,19.01290405908606,72.9232291093778,,1
TXN_0001408,CASE_000415,2025-01-02 09:03:35.586043247,ACC_000872,ACC_001690,598.4,UPI,fragmentation,Punjab National Bank,UPI_001846,iOS,19.01290405908606,72.9232291093778,4.67754405,2
TXN_0001409,CASE_000415,2025-01-02 09:06:43.543012965,ACC_000872,ACC_001690,7786.96,UPI,fragmentation,Punjab National Bank,UPI_001846,Desktop,19.01290405908606,72.9232291093778,3.1326161499999996,3
TXN_0001410,CASE_000415,2025-01-02 09:08:23.047271317,ACC_000872,ACC_001690,7649.38,IMPS,fragmentation,Punjab National Bank,UPI_001846,iOS,19.01290405908606,72.9232291093778,1.6584043,4
TXN_0001411,CASE_000415,2025-01-02 09:16:07.007102435,ACC_001690,ACC_000753,14248.99,IMPS,mule_transfer,HDFC Bank,UPI_000833,Android,,,7.73266385,5
TXN_0001412,CASE_000415,2025-01-02 10:08:30.293972356,ACC_000753,ACC_001690,14248.99,UPI,mule_transfer,Punjab National Bank,UPI_001846,iOS,,,52.38811448333333,6
TXN_0001413,CASE_000416,2026-01-06 22:45:31.580778893,ACC_001081,ACC_000139,1592.82,UPI,fragmentation,Axis Bank,UPI_000156,iOS,12.901321211381088,77.61867008053235,,1
TXN_0001414,CASE_000416,2026-01-06 22:58:24.251397230,ACC_001081,ACC_000139,577.34,IMPS,fragmentation,Axis Bank,UPI_000155,iOS,12.901321211381088,77.61867008053235,12.877843633333333,2
TXN_0001415,CASE_000416,2026-01-06 23:01:14.808617372,ACC_001081,ACC_000139,4513.75,Net Banking,fragmentation,Axis Bank,UPI_000155,Android,12.901321211381088,77.61867008053235,2.8426203333333335,3
TXN_0001416,CASE_000416,2026-01-06 23:03:48.256441494,ACC_001081,ACC_000139,1269.21,IMPS,fragmentation,Axis Bank,UPI_000155,iOS,12.901321211381088,77.61867008053235,2.5574637333333334,4
TXN_0001417,CASE_000416,2026-01-07 00:04:57.526950170,ACC_000139,ACC_000767,7953.12,UPI,mule_transfer,SBI,UPI_000849,Android,,,61.15450846666667,5
TXN_0001418,CASE_000417,2024-09-24 15:22:00.169088008,ACC_001052,ACC_001507,5865.54,UPI,fragmentation,Punjab National Bank,UPI_001646,iOS,18.496435981946025,73.8819368159609,,1
TXN_0001419,CASE_000417,2024-09-24 15:27:08.331643832,ACC_001052,ACC_001507,2974.42,NEFT,fragmentation,Punjab National Bank,UPI_001646,Android,18.496435981946025,73.8819368159609,5.136042583333333,2
TXN_0001420,CASE_000417,2024-09-24 15:33:15.397652324,ACC_001052,ACC_001507,50.0,Net Banking,fragmentation,Punjab National Bank,UPI_001646,iOS,18.496435981946025,73.8819368159609,6.1177668,3
TXN_0001421,CASE_000417,2024-09-24 15:55:00.788661474,ACC_001507,ACC_001647,8871.78,IMPS,mule_transfer,Canara Bank,UPI_001801,Android,,,21.756516816666664,4
TXN_0001422,CASE_000418,2025-09-15 21:39:21.432600253,ACC_001127,ACC_000052,3948.43,Net Banking,fragmentation,IndusInd Bank,UPI_000058,Android,17.444461799580424,78.50181053448213,,1
TXN_0001423,CASE_000418,2025-09-15 21:40:41.043622709,ACC_001127,ACC_000052,5572.12,UPI,fragmentation,IndusInd Bank,UPI_000058,Android,17.444461799580424,78.50181053448213,1.3268503666666667,2
TXN_0001424,CASE_000418,2025-09-15 21:49:18.651148639,ACC_000052,ACC_001350,9520.56,UPI,mule_transfer,Bank of Baroda,UPI_001472,Desktop,,,8.626792083333333,3
TXN_0001425,CASE_000419,2025-10-23 13:55:04.112754244,ACC_001717,ACC_001300,2564.83,UPI,fragmentation,ICICI Bank,UPI_001419,Android,28.610746485459657,77.22201950172092,,1
TXN_0001426,CASE_000419,2025-10-23 13:58:25.575068111,ACC_001717,ACC_001300,21029.93,UPI,fragmentation,ICICI Bank,UPI_001418,Desktop,28.610746485459657,77.22201950172092,3.3577052166666665,2
TXN_0001427,CASE_000419,2025-10-23 14:16:51.195341074,ACC_001717,ACC_001300,5403.27,UPI,fragmentation,ICICI Bank,UPI_001419,Android,28.610746485459657,77.22201950172092,18.427004533333335,3
TXN_0001428,CASE_000419,2025-10-23 14:21:46.320986139,ACC_001717,ACC_001300,838.51,IMPS,fragmentation,ICICI Bank,UPI_001419,iOS,28.610746485459657,77.22201950172092,4.918760750000001,4
TXN_0001429,CASE_000419,2025-10-23 14:39:46.239677746,ACC_001300,ACC_000011,29836.54,Net Banking,mule_transfer,Bank of Baroda,UPI_000013,Android,,,17.99864485,5
TXN_0001430,CASE_000420,2026-02-08 10:08:07.589386897,ACC_000590,ACC_000309,20186.16,UPI,victim_debit,Canara Bank,UPI_000342,Android,26.91662103587212,81.02230934757964,,1
TXN_0001431,CASE_000420,2026-02-08 10:23:12.447087175,ACC_000309,ACC_001046,20186.16,NEFT,mule_transfer,IDFC First Bank,UPI_001151,iOS,,,15.080961666666667,2
TXN_0001432,CASE_000421,2024-10-18 10:11:15.168360668,ACC_000049,ACC_001349,4842.17,Net Banking,victim_debit,Kotak Mahindra Bank,UPI_001471,Android,20.021472459571605,73.80892138386382,,1
TXN_0001433,CASE_000421,2024-10-18 11:01:01.270645202,ACC_001349,ACC_001293,4552.63,IMPS,mule_transfer,Union Bank of India,UPI_001411,Android,,,49.7683714,2
TXN_0001434,CASE_000421,2024-10-18 11:10:29.989561218,ACC_001293,ACC_001238,4552.63,UPI,mule_transfer,SBI,UPI_001349,Android,,,9.478648600000001,3
TXN_0001435,CASE_000422,2025-11-06 20:49:09.224483707,ACC_000043,ACC_000480,16168.4,UPI,fragmentation,IndusInd Bank,UPI_000531,Desktop,13.058454439653087,80.26068849461672,,1
TXN_0001436,CASE_000422,2025-11-06 21:02:23.263938486,ACC_000043,ACC_000480,4838.31,IMPS,fragmentation,IndusInd Bank,UPI_000531,Desktop,13.058454439653087,80.26068849461672,13.2339909,2
TXN_0001437,CASE_000422,2025-11-06 21:06:05.805578034,ACC_000480,ACC_000775,18119.31,IMPS,mule_transfer,SBI,UPI_000857,Android,,,3.7090273166666665,3
TXN_0001438,CASE_000422,2025-11-06 21:20:15.996099047,ACC_000775,ACC_000480,18119.31,IMPS,mule_transfer,IndusInd Bank,UPI_000532,iOS,,,14.169842016666667,4
TXN_0001439,CASE_000423,2024-04-07 00:55:35.687071638,ACC_001310,ACC_001625,16044.16,UPI,victim_debit,ICICI Bank,UPI_001777,Android,19.110617661984058,72.90388071974252,,1
TXN_0001440,CASE_000423,2024-04-07 00:58:00.518438998,ACC_001625,ACC_000467,11832.9,NEFT,mule_transfer,Axis Bank,UPI_000514,Android,,,2.4138561166666666,2
TXN_0001441,CASE_000423,2024-04-07 01:02:35.197769252,ACC_000467,ACC_001288,10774.28,UPI,mule_transfer,Kotak Mahindra Bank,UPI_001405,Android,,,4.577988833333333,3
TXN_0001442,CASE_000423,2024-04-07 01:13:45.719340188,ACC_001288,ACC_001625,10774.28,IMPS,mule_transfer,ICICI Bank,UPI_001777,Android,,,11.1753595,4
TXN_0001443,CASE_000424,2024-05-05 19:03:28.335398042,ACC_001752,ACC_001768,13020.78,UPI,victim_debit,Canara Bank,UPI_001932,Desktop,21.267516270934305,72.90989833808032,,1
TXN_0001444,CASE_000424,2024-05-05 19:26:54.663117622,ACC_001768,ACC_000819,13020.78,NEFT,mule_transfer,HDFC Bank,UPI_000907,iOS,,,23.438795316666663,2
TXN_0001445,CASE_000425,2025-01-15 05:04:59.622087807,ACC_000967,ACC_001293,25908.4,UPI,victim_debit,Union Bank of India,UPI_001411,Android,22.612775086261742,75.87195072868279,,1
TXN_0001446,CASE_000425,2025-01-15 05:11:23.441140139,ACC_001293,ACC_001238,25908.4,UPI,mule_transfer,SBI,UPI_001349,Android,,,6.3969842,2
TXN_0001447,CASE_000426,2024-02-20 07:51:53.934983315,ACC_000327,ACC_001768,9671.8,UPI,victim_debit,Canara Bank,UPI_001932,Android,22.452964023275403,88.41305964863948,,1
TXN_0001448,CASE_000426,2024-02-20 08:05:24.672400282,ACC_001768,ACC_000819,6378.25,IMPS,mule_transfer,HDFC Bank,UPI_000907,iOS,,,13.512290266666668,2
TXN_0001449,CASE_000426,2024-02-20 08:12:05.692380818,ACC_000819,ACC_001296,6378.25,UPI,mule_transfer,SBI,UPI_001414,iOS,,,6.683666333333333,3
TXN_0001450,CASE_000427,2026-05-13 08:57:26.704632892,ACC_000416,ACC_001267,1657.41,UPI,victim_debit,ICICI Bank,UPI_001383,Android,28.671061577777905,77.2853697788833,,1
TXN_0001451,CASE_000427,2026-05-13 09:20:05.073766734,ACC_001267,ACC_001050,1657.41,UPI,mule_transfer,Punjab National Bank,UPI_001155,Android,,,22.63948555,2
TXN_0001452,CASE_000428,2026-04-01 15:31:35.508717308,ACC_001648,ACC_000366,13695.04,NEFT,victim_debit,IDFC First Bank,UPI_000405,Android,18.609948988504165,73.85934066743408,,1
TXN_0001453,CASE_000428,2026-04-01 15:32:35.903771956,ACC_000366,ACC_001335,13695.04,IMPS,mule_transfer,Kotak Mahindra Bank,UPI_001457,Android,,,1.0065842333333335,2
TXN_0001454,CASE_000429,2024-02-14 14:22:38.007866978,ACC_000783,ACC_000480,2561.03,NEFT,fragmentation,IndusInd Bank,UPI_000531,Android,23.045248585609375,72.6374068063019,,1
TXN_0001455,CASE_000429,2024-02-14 14:24:48.738035158,ACC_000783,ACC_000480,10268.1,Net Banking,fragmentation,IndusInd Bank,UPI_000531,iOS,23.045248585609375,72.6374068063019,2.1788361333333333,2
TXN_0001456,CASE_000429,2024-02-14 14:57:41.106827276,ACC_000783,ACC_000480,7707.56,UPI,fragmentation,IndusInd Bank,UPI_000531,Desktop,23.045248585609375,72.6374068063019,32.8728132,3
TXN_0001457,CASE_000429,2024-02-14 14:58:57.859372798,ACC_000783,ACC_000480,6539.47,NEFT,fragmentation,IndusInd Bank,UPI_000532,iOS,23.045248585609375,72.6374068063019,1.2792090833333334,4
TXN_0001458,CASE_000429,2024-02-14 15:04:55.033142184,ACC_000480,ACC_000775,18033.79,Net Banking,mule_transfer,SBI,UPI_000857,Android,,,5.95289615,5
TXN_0001459,CASE_000429,2024-02-14 15:37:25.695572220,ACC_000775,ACC_000480,18033.79,UPI,mule_transfer,IndusInd Bank,UPI_000532,iOS,,,32.5110405,6
TXN_0001460,CASE_000430,2026-02-02 17:00:36.591536747,ACC_000896,ACC_000011,14216.58,UPI,fragmentation,Bank of Baroda,UPI_000013,Android,22.583428663964522,88.49585043641986,,1
TXN_0001461,CASE_000430,2026-02-02 17:01:44.976619524,ACC_000896,ACC_000011,6919.4,Net Banking,fragmentation,Bank of Baroda,UPI_000013,iOS,22.583428663964522,88.49585043641986,1.1397513666666665,2
TXN_0001462,CASE_000430,2026-02-02 17:10:55.530241721,ACC_000011,ACC_001300,21135.97,NEFT,mule_transfer,ICICI Bank,UPI_001419,Android,,,9.1758937,3
TXN_0001463,CASE_000431,2025-04-08 14:42:44.763541571,ACC_001641,ACC_000524,131388.32,UPI,victim_debit,Bank of Baroda,UPI_000578,Android,18.54183621414854,73.78749054855899,,1
TXN_0001464,CASE_000431,2025-04-08 14:48:14.591203600,ACC_000524,ACC_000068,109078.46,UPI,mule_transfer,IndusInd Bank,UPI_000075,Android,,,5.497127699999999,2
TXN_0001465,CASE_000431,2025-04-08 15:26:53.526403982,ACC_000068,ACC_000091,109078.46,UPI,mule_transfer,Bank of Baroda,UPI_000102,iOS,,,38.64892,3
TXN_0001466,CASE_000432,2025-10-01 12:39:10.513229913,ACC_001101,ACC_001507,191438.12,NEFT,victim_debit,Punjab National Bank,UPI_001646,iOS,28.65526645498931,77.18130727816062,,1
TXN_0001467,CASE_000432,2025-10-01 12:40:28.537531139,ACC_001507,ACC_001647,191438.12,IMPS,mule_transfer,Canara Bank,UPI_001801,Desktop,,,1.3004050166666665,2
TXN_0001468,CASE_000433,2026-03-19 00:19:25.446935651,ACC_001562,ACC_000767,3360.52,IMPS,fragmentation,SBI,UPI_000849,Android,28.54203942710651,77.26392352993574,,1
TXN_0001469,CASE_000433,2026-03-19 00:22:08.313209835,ACC_001562,ACC_000767,3952.64,NEFT,fragmentation,SBI,UPI_000849,Desktop,28.54203942710651,77.26392352993574,2.7144379,2
TXN_0001470,CASE_000433,2026-03-19 00:27:33.425691805,ACC_001562,ACC_000767,776.65,UPI,fragmentation,SBI,UPI_000849,Android,28.54203942710651,77.26392352993574,5.41854135,3
TXN_0001471,CASE_000433,2026-03-19 00:31:38.489113652,ACC_001562,ACC_000767,239.19,NEFT,fragmentation,SBI,UPI_000849,Android,28.54203942710651,77.26392352993574,4.0843903500000005,4
TXN_0001472,CASE_000433,2026-03-19 01:02:21.115123396,ACC_000767,ACC_001308,8329.0,Net Banking,mule_transfer,IndusInd Bank,UPI_001427,iOS,,,30.710433483333336,5
TXN_0001473,CASE_000434,2025-06-09 16:40:53.598404865,ACC_000681,ACC_001647,15687.09,UPI,victim_debit,Canara Bank,UPI_001801,Android,22.961452309569527,72.61646212032282,,1
TXN_0001474,CASE_000434,2025-06-09 16:42:29.584665465,ACC_001647,ACC_001507,15687.09,UPI,mule_transfer,Punjab National Bank,UPI_001646,Android,,,1.599771,2
TXN_0001475,CASE_000435,2024-04-16 00:27:56.696019344,ACC_001316,ACC_000775,3629.65,UPI,victim_debit,SBI,UPI_000857,iOS,13.078785671327793,80.25396984839232,,1
TXN_0001476,CASE_000435,2024-04-16 00:35:12.826224437,ACC_000775,ACC_000023,2949.21,UPI,mule_transfer,Kotak Mahindra Bank,UPI_000028,iOS,,,7.26883675,2
TXN_0001477,CASE_000435,2024-04-16 00:36:46.441820093,ACC_000023,ACC_000480,2949.21,UPI,mule_transfer,IndusInd Bank,UPI_000532,iOS,,,1.5602599166666666,3
TXN_0001478,CASE_000436,2024-01-03 09:06:59.423871285,ACC_000924,ACC_000011,11379.74,UPI,victim_debit,Bank of Baroda,UPI_000013,Desktop,17.347929048794516,78.44690479195793,,1
TXN_0001479,CASE_000436,2024-01-03 09:32:54.204186891,ACC_000011,ACC_001300,11379.74,UPI,mule_transfer,ICICI Bank,UPI_001419,iOS,,,25.91300525,2
TXN_0001480,CASE_000437,2025-03-28 16:52:10.084944214,ACC_001503,ACC_000267,2455.59,IMPS,fragmentation,IDFC First Bank,UPI_000294,iOS,17.40202543036349,78.52732321242894,,1
TXN_0001481,CASE_000437,2025-03-28 16:59:03.145173709,ACC_001503,ACC_000267,822.9,UPI,fragmentation,IDFC First Bank,UPI_000294,iOS,17.40202543036349,78.52732321242894,6.8843371499999995,2
TXN_0001482,CASE_000437,2025-03-28 17:04:18.109316451,ACC_001503,ACC_000267,631.22,UPI,fragmentation,IDFC First Bank,UPI_000294,Android,17.40202543036349,78.52732321242894,5.249402366666667,3
TXN_0001483,CASE_000437,2025-03-28 17:05:30.374016422,ACC_001503,ACC_000267,2399.66,Net Banking,fragmentation,IDFC First Bank,UPI_000294,Android,17.40202543036349,78.52732321242894,1.20441165,4
TXN_0001484,CASE_000437,2025-03-28 17:31:34.353022451,ACC_000267,ACC_001335,6309.37,UPI,mule_transfer,Kotak Mahindra Bank,UPI_001457,iOS,,,26.066316766666667,5
TXN_0001485,CASE_000438,2026-05-14 18:45:45.440734568,ACC_000482,ACC_000480,9358.01,IMPS,victim_debit,IndusInd Bank,UPI_000531,Android,18.609625025614744,73.93227072877592,,1
TXN_0001486,CASE_000438,2026-05-14 19:23:18.617945144,ACC_000480,ACC_000775,9358.01,UPI,mule_transfer,SBI,UPI_000857,Android,,,37.552953499999994,2
TXN_0001487,CASE_000439,2025-06-05 16:49:51.153392259,ACC_000877,ACC_000052,202125.27,UPI,victim_debit,IndusInd Bank,UPI_000058,Android,28.56658828095862,77.23127923221014,,1
TXN_0001488,CASE_000439,2025-06-05 16:53:38.834816115,ACC_000052,ACC_001350,202125.27,IMPS,mule_transfer,Bank of Baroda,UPI_001473,iOS,,,3.794690383333333,2
TXN_0001489,CASE_000440,2024-12-05 19:07:40.262529232,ACC_001653,ACC_001768,31020.49,UPI,victim_debit,Canara Bank,UPI_001932,Android,18.974062494027898,72.8311625997495,,1
TXN_0001490,CASE_000440,2024-12-05 19:09:09.825876309,ACC_001768,ACC_001296,31020.49,IMPS,mule_transfer,SBI,UPI_001414,Desktop,,,1.4927224499999998,2
TXN_0001491,CASE_000441,2024-01-29 04:54:55.280715030,ACC_001391,ACC_000533,10098.61,UPI,victim_debit,Kotak Mahindra Bank,UPI_000588,Android,22.61107951059973,88.41344782372187,,1
TXN_0001492,CASE_000441,2024-01-29 06:03:41.697134358,ACC_000533,ACC_000267,5736.27,IMPS,mule_transfer,IDFC First Bank,UPI_000294,Desktop,,,68.77360698333334,2
TXN_0001493,CASE_000441,2024-01-29 06:05:46.131430872,ACC_000267,ACC_000533,5736.27,Net Banking,mule_transfer,Kotak Mahindra Bank,UPI_000588,Android,,,2.0739049333333335,3
TXN_0001494,CASE_000442,2026-04-13 13:32:14.146104032,ACC_001359,ACC_000775,17373.05,IMPS,victim_debit,SBI,UPI_000857,Desktop,28.58655427660661,77.32072963525066,,1
TXN_0001495,CASE_000442,2026-04-13 13:40:48.986067552,ACC_000775,ACC_000023,14441.89,UPI,mule_transfer,Kotak Mahindra Bank,UPI_000028,Android,,,8.58066605,2
TXN_0001496,CASE_000442,2026-04-13 14:09:51.079871790,ACC_000023,ACC_000480,14441.89,UPI,mule_transfer,IndusInd Bank,UPI_000532,iOS,,,29.034896733333333,3
TXN_0001497,CASE_000443,2024-10-25 01:18:57.472278868,ACC_000134,ACC_000819,4140.91,NEFT,victim_debit,HDFC Bank,UPI_000907,Android,28.607605611928996,77.22855145082272,,1
TXN_0001498,CASE_000443,2024-10-25 01:20:10.240536297,ACC_000819,ACC_001768,4140.91,Net Banking,mule_transfer,Canara Bank,UPI_001932,Android,,,1.2128042833333335,2
TXN_0001499,CASE_000444,2025-10-04 01:57:07.121556679,ACC_000493,ACC_000011,1122.37,IMPS,fragmentation,Bank of Baroda,UPI_000013,Android,18.511537217353297,73.98814550267461,,1
TXN_0001500,CASE_000444,2025-10-04 01:59:21.200750999,ACC_000493,ACC_000011,1014.33,UPI,fragmentation,Bank of Baroda,UPI_000013,Android,18.511537217353297,73.98814550267461,2.2346532333333333,2
TXN_0001501,CASE_000444,2025-10-04 02:04:06.175869192,ACC_000493,ACC_000011,253.73,UPI,fragmentation,Bank of Baroda,UPI_000013,iOS,18.511537217353297,73.98814550267461,4.749585300000001,3
TXN_0001502,CASE_000444,2025-10-04 03:00:55.009697950,ACC_000011,ACC_001300,2390.43,UPI,mule_transfer,ICICI Bank,UPI_001419,Android,,,56.81389713333333,4
TXN_0001503,CASE_000445,2025-09-24 12:07:05.536900946,ACC_000840,ACC_000533,59305.91,Net Banking,victim_debit,Kotak Mahindra Bank,UPI_000588,Android,18.457423171525182,73.87341464632769,,1
TXN_0001504,CASE_000445,2025-09-24 12:16:18.249376883,ACC_000533,ACC_000287,35781.35,UPI,mule_transfer,Punjab National Bank,UPI_000316,Android,,,9.211874583333334,2
TXN_0001505,CASE_000445,2025-09-24 14:46:19.931603436,ACC_000287,ACC_000366,35781.35,UPI,mule_transfer,IDFC First Bank,UPI_000405,Desktop,,,150.0280371,3
TXN_0001506,CASE_000446,2024-08-19 07:10:17.672671124,ACC_000727,ACC_000366,19322.62,IMPS,victim_debit,IDFC First Bank,UPI_000405,Android,17.364914629027435,78.4565268481631,,1
TXN_0001507,CASE_000446,2024-08-19 08:29:44.624365416,ACC_000366,ACC_001335,19322.62,IMPS,mule_transfer,Kotak Mahindra Bank,UPI_001457,Android,,,79.44919490000001,2
TXN_0001508,CASE_000447,2024-02-28 02:59:40.906964552,ACC_000926,ACC_000659,18406.21,UPI,victim_debit,HDFC Bank,UPI_000731,Desktop,18.487823048824076,73.854670682465,,1
TXN_0001509,CASE_000447,2024-02-28 03:02:31.574321614,ACC_000659,ACC_000404,18406.21,IMPS,mule_transfer,SBI,UPI_000449,Android,,,2.84445595,2
TXN_0001510,CASE_000448,2024-12-16 18:03:07.061672079,ACC_001442,ACC_000775,12196.61,UPI,fragmentation,SBI,UPI_000857,iOS,19.086757131818022,72.91385323811147,,1
TXN_0001511,CASE_000448,2024-12-16 18:05:13.598361124,ACC_001442,ACC_000775,2389.04,UPI,fragmentation,SBI,UPI_000857,Android,19.086757131818022,72.91385323811147,2.1089448166666664,2
TXN_0001512,CASE_000448,2024-12-16 18:06:24.354809454,ACC_001442,ACC_000775,5889.8,UPI,fragmentation,SBI,UPI_000857,iOS,19.086757131818022,72.91385323811147,1.1792741333333334,3
TXN_0001513,CASE_000448,2024-12-16 18:22:12.964798589,ACC_000775,ACC_000023,17369.79,IMPS,mule_transfer,Kotak Mahindra Bank,UPI_000028,Desktop,,,15.810166483333335,4
TXN_0001514,CASE_000448,2024-12-16 18:37:54.465564318,ACC_000023,ACC_000775,17369.79,UPI,mule_transfer,SBI,UPI_000857,iOS,,,15.691679416666666,5
TXN_0001515,CASE_000449,2024-10-15 22:31:35.733696859,ACC_001229,ACC_001300,8110.75,UPI,victim_debit,ICICI Bank,UPI_001419,Android,22.612147995204666,88.39624202557712,,1
TXN_0001516,CASE_000449,2024-10-15 23:30:14.844936103,ACC_001300,ACC_000011,8110.75,IMPS,mule_transfer,Bank of Baroda,UPI_000013,Android,,,58.65185398333333,2
TXN_0001517,CASE_000450,2025-09-29 22:53:42.489672863,ACC_000159,ACC_000267,46962.47,IMPS,victim_debit,IDFC First Bank,UPI_000294,Android,28.656212668953913,77.10961967645018,,1
TXN_0001518,CASE_000450,2025-09-29 23:30:11.712861491,ACC_000267,ACC_000287,46962.47,UPI,mule_transfer,Punjab National Bank,UPI_000316,Android,,,36.48705313333333,2
TXN_0001519,CASE_000451,2026-01-16 19:55:02.937002117,ACC_000166,ACC_001288,410.01,UPI,fragmentation,Kotak Mahindra Bank,UPI_001405,iOS,28.486658623167862,77.22795436048258,,1
TXN_0001520,CASE_000451,2026-01-16 20:06:05.089301124,ACC_000166,ACC_001288,3171.29,IMPS,fragmentation,Kotak Mahindra Bank,UPI_001405,Android,28.486658623167862,77.22795436048258,11.035871649999999,2
TXN_0001521,CASE_000451,2026-01-16 20:11:05.177941055,ACC_000166,ACC_001288,6508.01,NEFT,fragmentation,Kotak Mahindra Bank,UPI_001405,iOS,28.486658623167862,77.22795436048258,5.001477316666667,3
TXN_0001522,CASE_000451,2026-01-16 20:13:56.160288097,ACC_001288,ACC_000093,7932.75,UPI,mule_transfer,Yes Bank,UPI_000105,Desktop,,,2.8497057833333335,4
TXN_0001523,CASE_000451,2026-01-16 21:07:27.288870423,ACC_000093,ACC_001288,7932.75,IMPS,mule_transfer,Kotak Mahindra Bank,UPI_001405,Android,,,53.5188097,5
TXN_0001524,CASE_000452,2024-07-21 16:02:21.603890922,ACC_001502,ACC_000445,295.51,Net Banking,victim_debit,Yes Bank,UPI_000492,iOS,28.697506599580812,77.2481963018811,,1
TXN_0001525,CASE_000452,2024-07-21 16:07:03.789841768,ACC_000445,ACC_000420,240.37,IMPS,mule_transfer,HDFC Bank,UPI_000466,Android,,,4.703099166666666,2
TXN_0001526,CASE_000452,2024-07-21 16:14:54.115295398,ACC_000420,ACC_000445,240.37,UPI,mule_transfer,Yes Bank,UPI_000492,Android,,,7.8387575499999995,3
TXN_0001527,CASE_000453,2025-04-26 06:00:29.751052714,ACC_000069,ACC_000467,352344.76,IMPS,victim_debit,Axis Bank,UPI_000514,iOS,23.018728490548284,72.65163581396102,,1
TXN_0001528,CASE_000453,2025-04-26 06:18:22.688102824,ACC_000467,ACC_000093,250009.65,UPI,mule_transfer,Yes Bank,UPI_000105,iOS,,,17.88228416666667,2
TXN_0001529,CASE_000453,2025-04-26 06:31:19.228828858,ACC_000093,ACC_001288,250009.65,IMPS,mule_transfer,Kotak Mahindra Bank,UPI_001405,Android,,,12.942345433333333,3
TXN_0001530,CASE_000454,2024-02-07 00:31:28.729977354,ACC_000647,ACC_001308,8159.89,Net Banking,victim_debit,IndusInd Bank,UPI_001427,iOS,21.16598809398962,79.02691215923056,,1
TXN_0001531,CASE_000454,2024-02-07 00:38:12.916769666,ACC_001308,ACC_000767,5836.93,UPI,mule_transfer,SBI,UPI_000849,Android,,,6.736446533333334,2
TXN_0001532,CASE_000454,2024-02-07 01:07:57.033419098,ACC_000767,ACC_001308,5836.93,Net Banking,mule_transfer,IndusInd Bank,UPI_001427,iOS,,,29.735277483333334,3
TXN_0001533,CASE_000455,2024-07-14 04:53:16.609062967,ACC_001682,ACC_000052,20282.48,IMPS,victim_debit,IndusInd Bank,UPI_000058,iOS,22.573813932280565,88.24270406314334,,1
TXN_0001534,CASE_000455,2024-07-14 05:28:00.873444318,ACC_000052,ACC_001350,20282.48,Net Banking,mule_transfer,Bank of Baroda,UPI_001473,iOS,,,34.73773968333333,2
TXN_0001535,CASE_000456,2025-11-24 23:20:04.647223293,ACC_000368,ACC_000404,12112.74,UPI,fragmentation,SBI,UPI_000449,Android,21.251804483400846,72.74448305815841,,1
TXN_0001536,CASE_000456,2025-11-24 23:21:25.772782307,ACC_000368,ACC_000404,20760.62,UPI,fragmentation,SBI,UPI_000450,Android,21.251804483400846,72.74448305815841,1.35209265,2
TXN_0001537,CASE_000456,2025-11-25 02:00:53.915627045,ACC_000404,ACC_000659,32873.36,IMPS,mule_transfer,HDFC Bank,UPI_000731,Android,,,159.4690474,3
TXN_0001538,CASE_000457,2025-12-23 19:36:33.073299982,ACC_001567,ACC_000819,40452.66,IMPS,fragmentation,HDFC Bank,UPI_000907,Android,13.050971269662282,80.24637424768561,,1
TXN_0001539,CASE_000457,2025-12-23 19:40:27.549177316,ACC_001567,ACC_000819,12335.7,UPI,fragmentation,HDFC Bank,UPI_000907,iOS,13.050971269662282,80.24637424768561,3.9079312833333333,2
TXN_0001540,CASE_000457,2025-12-23 20:04:40.538716628,ACC_000819,ACC_001296,29564.81,IMPS,mule_transfer,SBI,UPI_001414,Desktop,,,24.216492316666667,3
TXN_0001541,CASE_000457,2025-12-23 20:19:29.523963186,ACC_001296,ACC_000819,29564.81,UPI,mule_transfer,HDFC Bank,UPI_000907,Android,,,14.816420766666665,4
TXN_0001542,CASE_000458,2025-12-08 07:56:57.834208859,ACC_001667,ACC_001117,2912.08,UPI,fragmentation,Bank of Baroda,UPI_001224,Android,28.49988173025315,77.27734491246024,,1
TXN_0001543,CASE_000458,2025-12-08 08:02:28.913227789,ACC_001667,ACC_001117,12515.13,UPI,fragmentation,Bank of Baroda,UPI_001224,Desktop,28.49988173025315,77.27734491246024,5.517983633333333,2
TXN_0001544,CASE_000458,2025-12-08 08:06:05.843143888,ACC_001667,ACC_001117,1051.27,NEFT,fragmentation,Bank of Baroda,UPI_001224,Android,28.49988173025315,77.27734491246024,3.6154986,3
TXN_0001545,CASE_000458,2025-12-08 08:09:01.905940692,ACC_001117,ACC_000880,15074.93,UPI,mule_transfer,SBI,UPI_000972,iOS,,,2.934379933333333,4
TXN_0001546,CASE_000458,2025-12-08 08:10:16.823653624,ACC_000880,ACC_000652,15074.93,IMPS,mule_transfer,HDFC Bank,UPI_000724,iOS,,,1.2486285333333333,5
TXN_0001547,CASE_000459,2024-05-09 18:17:31.640025089,ACC_000433,ACC_001768,14472.02,UPI,victim_debit,Canara Bank,UPI_001932,Desktop,22.524779119903073,88.3896207165993,,1
TXN_0001548,CASE_000459,2024-05-09 18:43:47.099016732,ACC_001768,ACC_001296,10229.81,UPI,mule_transfer,SBI,UPI_001414,Android,,,26.25764985,2
TXN_0001549,CASE_000459,2024-05-09 19:55:19.920206386,ACC_001296,ACC_000819,10229.81,UPI,mule_transfer,HDFC Bank,UPI_000907,iOS,,,71.54701981666668,3
TXN_0001550,CASE_000460,2025-05-17 00:54:30.495558657,ACC_001517,ACC_000659,2202.15,UPI,victim_debit,HDFC Bank,UPI_000731,Android,28.65116230196885,77.32461509465486,,1
TXN_0001551,CASE_000460,2025-05-17 01:04:36.548991396,ACC_000659,ACC_000404,2202.15,NEFT,mule_transfer,SBI,UPI_000449,Desktop,,,10.100890533333335,2
TXN_0001552,CASE_000461,2025-01-20 02:13:58.048329467,ACC_001159,ACC_001350,1254.96,UPI,fragmentation,Bank of Baroda,UPI_001473,Android,28.537636649771244,77.0881578325178,,1
TXN_0001553,CASE_000461,2025-01-20 02:16:01.185844688,ACC_001159,ACC_001350,829.98,UPI,fragmentation,Bank of Baroda,UPI_001473,Android,28.537636649771244,77.0881578325178,2.0522919166666664,2
TXN_0001554,CASE_000461,2025-01-20 02:28:41.932134325,ACC_001159,ACC_001350,8450.89,IMPS,fragmentation,Bank of Baroda,UPI_001473,iOS,28.537636649771244,77.0881578325178,12.679104816666667,3
TXN_0001555,CASE_000461,2025-01-20 02:30:47.103582935,ACC_001159,ACC_001350,754.25,UPI,fragmentation,Bank of Baroda,UPI_001472,Android,28.537636649771244,77.0881578325178,2.0861908,4
TXN_0001556,CASE_000461,2025-01-20 02:37:16.742063881,ACC_001350,ACC_000052,11290.08,UPI,mule_transfer,IndusInd Bank,UPI_000058,Android,,,6.493974666666667,5
TXN_0001557,CASE_000462,2026-06-22 06:09:46.861900669,ACC_001766,ACC_001296,20224.13,IMPS,fragmentation,SBI,UPI_001414,Android,12.889773878058373,77.54489196402209,,1
TXN_0001558,CASE_000462,2026-06-22 06:23:56.509006139,ACC_001766,ACC_001296,5643.94,UPI,fragmentation,SBI,UPI_001414,Android,12.889773878058373,77.54489196402209,14.160785083333334,2
TXN_0001559,CASE_000462,2026-06-22 06:26:25.161050052,ACC_001766,ACC_001296,2770.22,UPI,fragmentation,SBI,UPI_001414,iOS,12.889773878058373,77.54489196402209,2.47753405,3
TXN_0001560,CASE_000462,2026-06-22 06:33:18.764837954,ACC_001766,ACC_001296,6053.96,IMPS,fragmentation,SBI,UPI_001414,Android,12.889773878058373,77.54489196402209,6.89339645,4
TXN_0001561,CASE_000462,2026-06-22 06:37:35.263924622,ACC_001296,ACC_001768,34692.25,IMPS,mule_transfer,Canara Bank,UPI_001932,Android,,,4.274984766666666,5
TXN_0001562,CASE_000463,2025-08-18 21:18:43.292834776,ACC_000019,ACC_001114,3827.9,IMPS,victim_debit,SBI,UPI_001221,iOS,21.158086321057564,79.10754850635074,,1
TXN_0001563,CASE_000463,2025-08-18 22:38:35.624991143,ACC_001114,ACC_001709,3827.9,NEFT,mule_transfer,HDFC Bank,UPI_001869,iOS,,,79.87220260000001,2
TXN_0001564,CASE_000464,2026-05-01 23:30:50.678206739,ACC_000965,ACC_001647,851.48,UPI,fragmentation,Canara Bank,UPI_001801,Android,19.13563223391284,72.82253775520186,,1
TXN_0001565,CASE_000464,2026-05-01 23:32:10.769523431,ACC_000965,ACC_001647,583.09,Net Banking,fragmentation,Canara Bank,UPI_001801,Android,19.13563223391284,72.82253775520186,1.3348552666666669,2
TXN_0001566,CASE_000464,2026-05-01 23:36:20.957953093,ACC_000965,ACC_001647,3207.02,UPI,fragmentation,Canara Bank,UPI_001801,Android,19.13563223391284,72.82253775520186,4.1698071500000005,3
TXN_0001567,CASE_000464,2026-05-01 23:45:51.392585017,ACC_001647,ACC_001507,4641.59,UPI,mule_transfer,Punjab National Bank,UPI_001646,Android,,,9.50724385,4
TXN_0001568,CASE_000465,2024-05-12 10:16:10.018893621,ACC_000263,ACC_000480,12410.8,IMPS,fragmentation,IndusInd Bank,UPI_000531,Android,28.60302548079924,77.22244834498986,,1
TXN_0001569,CASE_000465,2024-05-12 10:20:21.147925823,ACC_000263,ACC_000480,61291.86,NEFT,fragmentation,IndusInd Bank,UPI_000531,Android,28.60302548079924,77.22244834498986,4.185483866666667,2
TXN_0001570,CASE_000465,2024-05-12 10:23:35.099937531,ACC_000263,ACC_000480,884.22,UPI,fragmentation,IndusInd Bank,UPI_000531,Desktop,28.60302548079924,77.22244834498986,3.2325335166666664,3
TXN_0001571,CASE_000465,2024-05-12 10:27:15.007988104,ACC_000263,ACC_000480,24308.3,UPI,fragmentation,IndusInd Bank,UPI_000532,Android,28.60302548079924,77.22244834498986,3.665134166666667,4
TXN_0001572,CASE_000465,2024-05-12 10:40:44.869770361,ACC_000480,ACC_000023,98895.18,NEFT,mule_transfer,Kotak Mahindra Bank,UPI_000028,Desktop,,,13.497696366666666,5
TXN_0001573,CASE_000466,2025-02-14 18:33:54.227125796,ACC_000363,ACC_001365,4772.03,UPI,victim_debit,IndusInd Bank,UPI_001488,Desktop,19.319775396403756,73.01282234002308,,1
TXN_0001574,CASE_000466,2025-02-14 18:45:34.617056770,ACC_001365,ACC_001238,2979.71,UPI,mule_transfer,SBI,UPI_001349,Android,,,11.673165500000001,2
TXN_0001575,CASE_000466,2025-02-14 18:48:48.673929237,ACC_001238,ACC_001293,2979.71,UPI,mule_transfer,Union Bank of India,UPI_001411,Desktop,,,3.2342812,3
TXN_0001576,CASE_000467,2025-12-03 22:59:48.514905540,ACC_001642,ACC_000139,6187.59,UPI,victim_debit,Axis Bank,UPI_000156,iOS,28.59603102464892,77.24722240094792,,1
TXN_0001577,CASE_000467,2025-12-03 23:02:57.343032723,ACC_000139,ACC_000767,6187.59,UPI,mule_transfer,SBI,UPI_000849,Android,,,3.14713545,2
TXN_0001578,CASE_000468,2024-12-01 03:20:57.273998097,ACC_000717,ACC_000659,6055.1,UPI,victim_debit,HDFC Bank,UPI_000731,iOS,13.035850114262082,77.52426209973473,,1
TXN_0001579,CASE_000468,2024-12-01 03:28:14.531442188,ACC_000659,ACC_000404,6055.1,UPI,mule_transfer,SBI,UPI_000450,Android,,,7.287624066666667,2
TXN_0001580,CASE_000469,2025-07-30 05:14:11.396982069,ACC_000702,ACC_000659,2477.15,UPI,fragmentation,HDFC Bank,UPI_000731,Android,26.953320052210508,80.87749658358081,,1
TXN_0001581,CASE_000469,2025-07-30 05:19:28.380510184,ACC_000702,ACC_000659,927.42,UPI,fragmentation,HDFC Bank,UPI_000731,iOS,26.953320052210508,80.87749658358081,5.2830588,2
TXN_0001582,CASE_000469,2025-07-30 05:24:15.635244087,ACC_000702,ACC_000659,1093.28,IMPS,fragmentation,HDFC Bank,UPI_000731,Android,26.953320052210508,80.87749658358081,4.7875788833333335,3
TXN_0001583,CASE_000469,2025-07-30 05:26:39.755163343,ACC_000702,ACC_000659,921.79,IMPS,fragmentation,HDFC Bank,UPI_000731,Android,26.953320052210508,80.87749658358081,2.4019986500000003,4
TXN_0001584,CASE_000469,2025-07-30 05:45:50.187245743,ACC_000659,ACC_000404,5419.64,UPI,mule_transfer,SBI,UPI_000450,Android,,,19.173868033333335,5
TXN_0001585,CASE_000470,2025-04-11 04:17:11.330171939,ACC_001717,ACC_001288,1637.99,UPI,victim_debit,Kotak Mahindra Bank,UPI_001405,Android,19.051583708769982,72.8792604808247,,1
TXN_0001586,CASE_000470,2025-04-11 04:51:20.201812270,ACC_001288,ACC_000467,1365.78,UPI,mule_transfer,Axis Bank,UPI_000515,iOS,,,34.147860666666666,2
TXN_0001587,CASE_000470,2025-04-11 05:10:26.970646435,ACC_000467,ACC_000093,1133.15,UPI,mule_transfer,Yes Bank,UPI_000105,Android,,,19.1128139,3
TXN_0001588,CASE_000470,2025-04-11 05:14:03.193669405,ACC_000093,ACC_000467,1133.15,UPI,mule_transfer,Axis Bank,UPI_000515,iOS,,,3.603717033333333,4
TXN_0001589,CASE_000471,2026-06-22 16:04:06.334061497,ACC_000361,ACC_001350,16643.18,UPI,victim_debit,Bank of Baroda,UPI_001473,Android,17.436103822365435,78.47162998317685,,1
TXN_0001590,CASE_000471,2026-06-22 16:20:46.378456652,ACC_001350,ACC_000052,16643.18,IMPS,mule_transfer,IndusInd Bank,UPI_000058,iOS,,,16.667406583333335,2
TXN_0001591,CASE_000472,2024-06-07 10:34:46.743784134,ACC_000133,ACC_000533,29373.27,UPI,victim_debit,Kotak Mahindra Bank,UPI_000588,Android,28.67582929378652,77.13866883417096,,1
TXN_0001592,CASE_000472,2024-06-07 11:38:34.290360935,ACC_000533,ACC_000267,29373.27,UPI,mule_transfer,IDFC First Bank,UPI_000294,Android,,,63.792442933333334,2
TXN_0001593,CASE_000473,2026-05-02 03:04:57.789448446,ACC_000599,ACC_000775,16494.64,IMPS,victim_debit,SBI,UPI_000857,Android,19.10181930547738,72.82427400165962,,1
TXN_0001594,CASE_000473,2026-05-02 03:57:04.471020550,ACC_000775,ACC_000023,12956.93,NEFT,mule_transfer,Kotak Mahindra Bank,UPI_000028,Android,,,52.111359533333335,2
TXN_0001595,CASE_000473,2026-05-02 04:06:55.480138678,ACC_000023,ACC_000480,12956.93,IMPS,mule_transfer,IndusInd Bank,UPI_000531,Android,,,9.850151966666665,3
TXN_0001596,CASE_000474,2024-12-31 20:01:10.094194114,ACC_001732,ACC_000023,85204.71,UPI,victim_debit,Kotak Mahindra Bank,UPI_000028,Android,18.535425434675208,73.83747415872281,,1
TXN_0001597,CASE_000474,2024-12-31 20:27:46.665571924,ACC_000023,ACC_000775,85204.71,UPI,mule_transfer,SBI,UPI_000857,Android,,,26.60952295,2
TXN_0001598,CASE_000475,2025-03-02 08:39:01.167806387,ACC_001063,ACC_000659,55392.9,IMPS,victim_debit,HDFC Bank,UPI_000731,Android,19.07310468630608,72.88050966779727,,1
TXN_0001599,CASE_000475,2025-03-02 08:43:38.732581393,ACC_000659,ACC_000404,55392.9,IMPS,mule_transfer,SBI,UPI_000450,iOS,,,4.6260795833333335,2
TXN_0001600,CASE_000476,2025-04-26 13:42:47.444084170,ACC_000598,ACC_000366,8394.89,Net Banking,fragmentation,IDFC First Bank,UPI_000405,Android,18.52263268331667,73.79880113936368,,1
TXN_0001601,CASE_000476,2025-04-26 13:45:11.643446151,ACC_000598,ACC_000366,13121.75,UPI,fragmentation,IDFC First Bank,UPI_000405,Android,18.52263268331667,73.79880113936368,2.4033226833333337,2
TXN_0001602,CASE_000476,2025-04-26 13:49:17.157693380,ACC_000598,ACC_000366,2781.79,IMPS,fragmentation,IDFC First Bank,UPI_000405,Android,18.52263268331667,73.79880113936368,4.091904116666667,3
TXN_0001603,CASE_000476,2025-04-26 13:54:23.531325636,ACC_000598,ACC_000366,6013.59,NEFT,fragmentation,IDFC First Bank,UPI_000405,Android,18.52263268331667,73.79880113936368,5.1062272,4
TXN_0001604,CASE_000476,2025-04-26 14:00:18.936789613,ACC_000366,ACC_000287,20475.93,UPI,mule_transfer,Punjab National Bank,UPI_000316,Android,,,5.923424383333333,5
TXN_0001605,CASE_000476,2025-04-26 14:48:38.513680582,ACC_000287,ACC_000267,20475.93,Net Banking,mule_transfer,IDFC First Bank,UPI_000294,iOS,,,48.3262815,6
TXN_0001606,CASE_000477,2024-08-29 18:33:45.009579616,ACC_001408,ACC_000287,2547.01,UPI,fragmentation,Punjab National Bank,UPI_000316,Desktop,18.442824914737926,73.81348863519545,,1
TXN_0001607,CASE_000477,2024-08-29 18:48:28.812221204,ACC_001408,ACC_000287,16825.96,UPI,fragmentation,Punjab National Bank,UPI_000316,iOS,18.442824914737926,73.81348863519545,14.730044016666666,2
TXN_0001608,CASE_000477,2024-08-29 18:50:43.000569768,ACC_000287,ACC_000533,17725.61,IMPS,mule_transfer,Kotak Mahindra Bank,UPI_000588,Android,,,2.2364724666666667,3
TXN_0001609,CASE_000477,2024-08-29 18:56:32.136492293,ACC_000533,ACC_000287,14122.81,UPI,mule_transfer,Punjab National Bank,UPI_000316,iOS,,,5.818932033333334,4
TXN_0001610,CASE_000477,2024-08-29 19:12:37.312992974,ACC_000287,ACC_000366,14122.81,NEFT,mule_transfer,IDFC First Bank,UPI_000405,Android,,,16.086275,5
TXN_0001611,CASE_000478,2026-05-27 22:09:17.205889644,ACC_001084,ACC_001592,22901.57,UPI,victim_debit,Union Bank of India,UPI_001737,Android,28.59921443940703,77.12224136285485,,1
TXN_0001612,CASE_000478,2026-05-27 22:34:25.381584570,ACC_001592,ACC_001788,15545.02,UPI,mule_transfer,Canara Bank,UPI_001953,Android,,,25.13626156666667,2
TXN_0001613,CASE_000478,2026-05-27 23:59:41.136148537,ACC_001788,ACC_001046,13410.21,UPI,mule_transfer,IDFC First Bank,UPI_001151,Android,,,85.26257605,3
TXN_0001614,CASE_000478,2026-05-28 01:10:50.969267633,ACC_001046,ACC_001592,13410.21,UPI,mule_transfer,Union Bank of India,UPI_001738,Android,,,71.16388531666666,4
TXN_0001615,CASE_000479,2026-04-10 09:37:34.889646824,ACC_000840,ACC_000480,5079.08,UPI,victim_debit,IndusInd Bank,UPI_000532,iOS,12.980854635356952,77.6140742909326,,1
TXN_0001616,CASE_000479,2026-04-10 10:06:29.075452756,ACC_000480,ACC_000023,4560.72,IMPS,mule_transfer,Kotak Mahindra Bank,UPI_000028,Android,,,28.90309675,2
TXN_0001617,CASE_000479,2026-04-10 10:16:26.429796382,ACC_000023,ACC_000775,4560.72,IMPS,mule_transfer,SBI,UPI_000857,Android,,,9.955905716666667,3
TXN_0001618,CASE_000480,2026-06-05 07:45:51.033299725,ACC_000014,ACC_000404,8235.42,NEFT,victim_debit,SBI,UPI_000450,Android,19.06889613383053,72.81369649963466,,1
TXN_0001619,CASE_000480,2026-06-05 07:51:54.393690105,ACC_000404,ACC_000659,8235.42,NEFT,mule_transfer,HDFC Bank,UPI_000731,iOS,,,6.0560065,2
TXN_0001620,CASE_000481,2026-06-27 05:59:35.931896647,ACC_000687,ACC_000524,16331.86,Net Banking,victim_debit,Bank of Baroda,UPI_000578,iOS,19.266466567669376,72.96417728626395,,1
TXN_0001621,CASE_000481,2026-06-27 07:23:03.948084344,ACC_000524,ACC_000068,11928.82,UPI,mule_transfer,IndusInd Bank,UPI_000075,Android,,,83.46693645,2
TXN_0001622,CASE_000481,2026-06-27 09:41:44.480612313,ACC_000068,ACC_000524,11928.82,Net Banking,mule_transfer,Bank of Baroda,UPI_000578,Desktop,,,138.67554211666666,3
TXN_0001623,CASE_000482,2025-09-02 05:02:33.876985287,ACC_000065,ACC_001308,76675.41,IMPS,victim_debit,IndusInd Bank,UPI_001427,Android,19.063961473093435,72.91478051308559,,1
TXN_0001624,CASE_000482,2025-09-02 05:13:48.442381987,ACC_001308,ACC_000139,76675.41,Net Banking,mule_transfer,Axis Bank,UPI_000156,Android,,,11.2427566,2
TXN_0001625,CASE_000483,2025-02-15 12:16:44.939356511,ACC_000901,ACC_001647,15680.39,NEFT,fragmentation,Canara Bank,UPI_001801,Android,13.069777859928012,77.58581764835475,,1
TXN_0001626,CASE_000483,2025-02-15 12:19:55.828712101,ACC_000901,ACC_001647,329.68,IMPS,fragmentation,Canara Bank,UPI_001801,Desktop,13.069777859928012,77.58581764835475,3.18148925,2
TXN_0001627,CASE_000483,2025-02-15 13:39:06.414732833,ACC_001647,ACC_001507,16010.07,IMPS,mule_transfer,Punjab National Bank,UPI_001646,iOS,,,79.17643366666667,3
TXN_0001628,CASE_000484,2026-02-14 00:57:49.481359832,ACC_000940,ACC_000011,10374.6,UPI,victim_debit,Bank of Baroda,UPI_000013,iOS,21.115590271874407,79.11924493611482,,1
TXN_0001629,CASE_000484,2026-02-14 00:59:41.198234263,ACC_000011,ACC_001300,10374.6,IMPS,mule_transfer,ICICI Bank,UPI_001418,Android,,,1.8619479,2
TXN_0001630,CASE_000485,2024-01-22 17:18:18.921572579,ACC_001263,ACC_000366,33874.4,UPI,victim_debit,IDFC First Bank,UPI_000405,Android,12.994276386608357,77.66579722404289,,1
TXN_0001631,CASE_000485,2024-01-22 17:27:36.857203592,ACC_000366,ACC_000533,18693.39,UPI,mule_transfer,Kotak Mahindra Bank,UPI_000588,Desktop,,,9.298927183333332,2
TXN_0001632,CASE_000485,2024-01-22 18:00:44.385363144,ACC_000533,ACC_000287,15100.08,Net Banking,mule_transfer,Punjab National Bank,UPI_000316,Android,,,33.12546931666667,3
TXN_0001633,CASE_000485,2024-01-22 18:04:22.357951861,ACC_000287,ACC_000267,15100.08,UPI,mule_transfer,IDFC First Bank,UPI_000294,iOS,,,3.6328764666666666,4
TXN_0001634,CASE_000486,2026-01-30 03:36:53.567072752,ACC_001644,ACC_000533,2016.17,Net Banking,fragmentation,Kotak Mahindra Bank,UPI_000588,Android,18.615376944396658,73.94201606800655,,1
TXN_0001635,CASE_000486,2026-01-30 03:40:54.981191389,ACC_001644,ACC_000533,32279.92,IMPS,fragmentation,Kotak Mahindra Bank,UPI_000588,iOS,18.615376944396658,73.94201606800655,4.023568633333333,2
TXN_0001636,CASE_000486,2026-01-30 04:02:06.978255827,ACC_000533,ACC_000287,26596.46,UPI,mule_transfer,Punjab National Bank,UPI_000315,Android,,,21.199951066666664,3
TXN_0001637,CASE_000486,2026-01-30 04:29:38.306531378,ACC_000287,ACC_000533,26596.46,UPI,mule_transfer,Kotak Mahindra Bank,UPI_000588,iOS,,,27.52213791666667,4
TXN_0001638,CASE_000487,2025-03-29 01:32:52.309057499,ACC_001632,ACC_000659,23143.1,UPI,victim_debit,HDFC Bank,UPI_000731,iOS,19.091880197768862,72.80244349021439,,1
TXN_0001639,CASE_000487,2025-03-29 01:52:25.220645504,ACC_000659,ACC_000404,23143.1,UPI,mule_transfer,SBI,UPI_000450,Android,,,19.548526466666665,2
TXN_0001640,CASE_000488,2025-09-05 07:28:42.854961014,ACC_000717,ACC_000052,570.89,UPI,fragmentation,IndusInd Bank,UPI_000058,Android,21.0917170361547,72.80090372117951,,1
TXN_0001641,CASE_000488,2025-09-05 07:32:01.009138431,ACC_000717,ACC_000052,536.19,Net Banking,fragmentation,IndusInd Bank,UPI_000058,iOS,21.0917170361547,72.80090372117951,3.3025696166666667,2
TXN_0001642,CASE_000488,2025-09-05 07:35:56.883796534,ACC_000717,ACC_000052,12419.74,UPI,fragmentation,IndusInd Bank,UPI_000058,Android,21.0917170361547,72.80090372117951,3.9312443000000004,3
TXN_0001643,CASE_000488,2025-09-05 07:44:08.394407895,ACC_000052,ACC_001350,13526.82,UPI,mule_transfer,Bank of Baroda,UPI_001473,Android,,,8.191843516666667,4
TXN_0001644,CASE_000489,2024-12-06 18:27:59.891429970,ACC_000815,ACC_001335,754.0,UPI,fragmentation,Kotak Mahindra Bank,UPI_001457,Android,19.072522727965744,72.88750567474412,,1
TXN_0001645,CASE_000489,2024-12-06 18:35:27.515264004,ACC_000815,ACC_001335,255.88,IMPS,fragmentation,Kotak Mahindra Bank,UPI_001457,Android,19.072522727965744,72.88750567474412,7.4603972333333335,2
TXN_0001646,CASE_000489,2024-12-06 18:38:43.758298508,ACC_000815,ACC_001335,840.07,IMPS,fragmentation,Kotak Mahindra Bank,UPI_001457,Android,19.072522727965744,72.88750567474412,3.2707172333333334,3
TXN_0001647,CASE_000489,2024-12-06 18:39:44.180456026,ACC_000815,ACC_001335,1258.2,IMPS,fragmentation,Kotak Mahindra Bank,UPI_001457,Android,19.072522727965744,72.88750567474412,1.00703595,4
TXN_0001648,CASE_000489,2024-12-06 19:04:03.463483682,ACC_001335,ACC_000366,2049.35,Net Banking,mule_transfer,IDFC First Bank,UPI_000405,Android,,,24.32138378333333,5
TXN_0001649,CASE_000489,2024-12-06 19:05:52.885563406,ACC_000366,ACC_000267,2049.35,UPI,mule_transfer,IDFC First Bank,UPI_000294,Android,,,1.8237013166666667,6
TXN_0001650,CASE_000490,2024-12-01 20:04:33.798006664,ACC_000594,ACC_000267,4680.23,IMPS,victim_debit,IDFC First Bank,UPI_000294,Android,19.199603546433348,72.96204225499793,,1
TXN_0001651,CASE_000490,2024-12-01 20:38:00.969813635,ACC_000267,ACC_000533,4680.23,IMPS,mule_transfer,Kotak Mahindra Bank,UPI_000588,iOS,,,33.452863433333334,2
TXN_0001652,CASE_000491,2024-01-29 22:01:50.952352902,ACC_000844,ACC_001788,1795.83,NEFT,fragmentation,Canara Bank,UPI_001953,iOS,19.21157064095128,72.99066716998075,,1
TXN_0001653,CASE_000491,2024-01-29 22:03:16.411882447,ACC_000844,ACC_001788,247.37,IMPS,fragmentation,Canara Bank,UPI_001953,Android,19.21157064095128,72.99066716998075,1.4243254833333334,2
TXN_0001654,CASE_000491,2024-01-29 22:05:48.478027099,ACC_000844,ACC_001788,1616.63,UPI,fragmentation,Canara Bank,UPI_001952,Android,19.21157064095128,72.99066716998075,2.5344357333333334,3
TXN_0001655,CASE_000491,2024-01-29 22:07:41.040270896,ACC_000844,ACC_001788,1004.5,UPI,fragmentation,Canara Bank,UPI_001953,iOS,19.21157064095128,72.99066716998075,1.8760373833333333,4
TXN_0001656,CASE_000491,2024-01-29 23:06:41.898627154,ACC_001788,ACC_001046,4664.33,UPI,mule_transfer,IDFC First Bank,UPI_001151,iOS,,,59.01430593333334,5
TXN_0001657,CASE_000492,2025-01-21 02:28:51.093113594,ACC_000227,ACC_000023,435.85,UPI,fragmentation,Kotak Mahindra Bank,UPI_000028,iOS,22.621640137935163,75.89342223115258,,1
TXN_0001658,CASE_000492,2025-01-21 02:30:14.215239118,ACC_000227,ACC_000023,18201.66,NEFT,fragmentation,Kotak Mahindra Bank,UPI_000028,Android,22.621640137935163,75.89342223115258,1.38536875,2
TXN_0001659,CASE_000492,2025-01-21 02:41:18.131937383,ACC_000023,ACC_000775,18637.51,UPI,mule_transfer,SBI,UPI_000857,iOS,,,11.0652783,3
TXN_0001660,CASE_000493,2025-01-07 01:11:41.487468418,ACC_001767,ACC_000480,13639.04,UPI,victim_debit,IndusInd Bank,UPI_000531,iOS,17.458451691591304,78.39677037447038,,1
TXN_0001661,CASE_000493,2025-01-07 01:28:42.263938012,ACC_000480,ACC_000023,10479.94,NEFT,mule_transfer,Kotak Mahindra Bank,UPI_000028,iOS,,,17.01294115,2
TXN_0001662,CASE_000493,2025-01-07 01:40:42.158247398,ACC_000023,ACC_000775,10479.94,IMPS,mule_transfer,SBI,UPI_000857,iOS,,,11.998238483333333,3
TXN_0001663,CASE_000494,2024-07-23 19:43:38.915757481,ACC_001695,ACC_000404,1614.91,UPI,victim_debit,SBI,UPI_000450,Android,17.37260785729504,78.46371113665457,,1
TXN_0001664,CASE_000494,2024-07-23 20:15:18.861288222,ACC_000404,ACC_000659,1614.91,UPI,mule_transfer,HDFC Bank,UPI_000731,Desktop,,,31.66575883333333,2
TXN_0001665,CASE_000495,2024-08-13 07:41:37.679955324,ACC_001136,ACC_000287,3366.99,UPI,fragmentation,Punjab National Bank,UPI_000315,iOS,22.721906626895773,75.82567353687564,,1
TXN_0001666,CASE_000495,2024-08-13 07:46:31.943555232,ACC_001136,ACC_000287,1338.97,UPI,fragmentation,Punjab National Bank,UPI_000315,Android,22.721906626895773,75.82567353687564,4.904393316666667,2
TXN_0001667,CASE_000495,2024-08-13 07:53:26.856696457,ACC_000287,ACC_001335,4705.96,IMPS,mule_transfer,Kotak Mahindra Bank,UPI_001457,Android,,,6.915219016666667,3
TXN_0001668,CASE_000496,2025-06-16 04:33:03.362478323,ACC_000806,ACC_000342,11923.67,IMPS,victim_debit,IndusInd Bank,UPI_000379,Android,19.03819690562273,72.85455247741258,,1
TXN_0001669,CASE_000496,2025-06-16 04:38:30.114015679,ACC_000342,ACC_001065,10860.69,IMPS,mule_transfer,Axis Bank,UPI_001170,Desktop,,,5.44585895,2
TXN_0001670,CASE_000496,2025-06-16 04:53:10.813553722,ACC_001065,ACC_001133,8476.98,IMPS,mule_transfer,Kotak Mahindra Bank,UPI_001240,Android,,,14.678325633333333,3
TXN_0001671,CASE_000496,2025-06-16 05:01:55.017776305,ACC_001133,ACC_001150,8476.98,UPI,mule_transfer,ICICI Bank,UPI_001258,Android,,,8.736737033333332,4
TXN_0001672,CASE_000497,2024-10-16 12:06:24.692133558,ACC_001303,ACC_000139,7859.07,Net Banking,victim_debit,Axis Bank,UPI_000155,Android,22.79935871814314,75.8530220449764,,1
TXN_0001673,CASE_000497,2024-10-16 12:29:43.546539997,ACC_000139,ACC_000767,7146.92,UPI,mule_transfer,SBI,UPI_000849,Android,,,23.3142401,2
TXN_0001674,CASE_000497,2024-10-16 12:35:13.686394804,ACC_000767,ACC_000139,7146.92,UPI,mule_transfer,Axis Bank,UPI_000155,Android,,,5.5023309000000005,3
TXN_0001675,CASE_000498,2026-01-26 09:15:59.142788002,ACC_000134,ACC_001625,24769.38,UPI,fragmentation,ICICI Bank,UPI_001777,iOS,19.037532889688332,73.11845638957723,,1
TXN_0001676,CASE_000498,2026-01-26 09:19:26.203449147,ACC_000134,ACC_001625,17502.8,IMPS,fragmentation,ICICI Bank,UPI_001777,iOS,19.037532889688332,73.11845638957723,3.451011016666667,2
TXN_0001677,CASE_000498,2026-01-26 09:57:48.307180521,ACC_001625,ACC_001288,42272.18,UPI,mule_transfer,Kotak Mahindra Bank,UPI_001405,iOS,,,38.368395516666666,3
TXN_0001678,CASE_000499,2024-04-11 11:36:44.752696506,ACC_000350,ACC_000023,2292.07,UPI,fragmentation,Kotak Mahindra Bank,UPI_000028,Android,17.37784004265277,78.58365711651895,,1
TXN_0001679,CASE_000499,2024-04-11 11:44:07.261792584,ACC_000350,ACC_000023,3820.62,UPI,fragmentation,Kotak Mahindra Bank,UPI_000028,Android,17.37784004265277,78.58365711651895,7.3751516,2
TXN_0001680,CASE_000499,2024-04-11 11:45:12.186709784,ACC_000350,ACC_000023,170.91,UPI,fragmentation,Kotak Mahindra Bank,UPI_000028,iOS,17.37784004265277,78.58365711651895,1.0820819499999998,3
TXN_0001681,CASE_000499,2024-04-11 11:49:15.157865034,ACC_000350,ACC_000023,770.0,IMPS,fragmentation,Kotak Mahindra Bank,UPI_000028,Android,17.37784004265277,78.58365711651895,4.04951925,4
TXN_0001682,CASE_000499,2024-04-11 12:44:43.146159294,ACC_000023,ACC_000480,7053.6,UPI,mule_transfer,IndusInd Bank,UPI_000532,Android,,,55.46647156666667,5
TXN_0001683,CASE_000500,2025-06-10 06:04:05.368649736,ACC_001474,ACC_000709,9935.8,UPI,victim_debit,SBI,UPI_000786,Android,28.71611387530423,77.28554482793085,,1
TXN_0001684,CASE_000500,2025-06-10 06:09:14.702087979,ACC_000709,ACC_000378,8902.59,UPI,mule_transfer,Canara Bank,UPI_000421,Android,,,5.1555573,2
TXN_0001685,CASE_000500,2025-06-10 06:17:02.805116824,ACC_000378,ACC_001178,5444.62,IMPS,mule_transfer,Canara Bank,UPI_001289,Android,,,7.801717133333333,3
TXN_0001686,CASE_000500,2025-06-10 06:27:42.298699578,ACC_001178,ACC_000709,5444.62,UPI,mule_transfer,SBI,UPI_000786,Desktop,,,10.658226366666666,4
TXN_0001687,CASE_000501,2024-05-25 19:41:34.962012349,ACC_001425,ACC_000767,10120.05,IMPS,victim_debit,SBI,UPI_000849,iOS,28.576304320843757,77.19387900656436,,1
TXN_0001688,CASE_000501,2024-05-25 19:43:37.894609885,ACC_000767,ACC_000139,6259.91,UPI,mule_transfer,Axis Bank,UPI_000156,Android,,,2.0488766166666665,2
TXN_0001689,CASE_000501,2024-05-25 19:44:50.855684371,ACC_000139,ACC_001308,6259.91,NEFT,mule_transfer,IndusInd Bank,UPI_001427,iOS,,,1.2160179,3
TXN_0001690,CASE_000502,2025-04-26 06:22:28.601537811,ACC_000625,ACC_001288,15789.91,UPI,victim_debit,Kotak Mahindra Bank,UPI_001405,Android,26.779320644020686,80.88099235136431,,1
TXN_0001691,CASE_000502,2025-04-26 06:52:48.773813327,ACC_001288,ACC_001625,11655.82,UPI,mule_transfer,ICICI Bank,UPI_001777,iOS,,,30.33620458333333,2
TXN_0001692,CASE_000502,2025-04-26 06:58:29.296631094,ACC_001625,ACC_000467,11655.82,NEFT,mule_transfer,Axis Bank,UPI_000514,Android,,,5.675380283333333,3
TXN_0001693,CASE_000503,2025-05-18 09:36:29.529758264,ACC_000406,ACC_000753,6958.39,Net Banking,victim_debit,HDFC Bank,UPI_000833,iOS,19.206919148617594,72.89890971201989,,1
TXN_0001694,CASE_000503,2025-05-18 09:56:54.098583298,ACC_000753,ACC_001690,5515.06,UPI,mule_transfer,Punjab National Bank,UPI_001846,Android,,,20.409480416666668,2
TXN_0001695,CASE_000503,2025-05-18 09:58:11.404460341,ACC_001690,ACC_000932,5515.06,UPI,mule_transfer,Kotak Mahindra Bank,UPI_001027,Android,,,1.2884312833333333,3
TXN_0001696,CASE_000504,2025-08-08 03:33:05.480057917,ACC_000199,ACC_000480,2570.45,Net Banking,fragmentation,IndusInd Bank,UPI_000531,Android,22.698462056153378,75.89620238171874,,1
TXN_0001697,CASE_000504,2025-08-08 03:37:51.343838721,ACC_000199,ACC_000480,5494.52,UPI,fragmentation,IndusInd Bank,UPI_000532,iOS,22.698462056153378,75.89620238171874,4.764396333333334,2
TXN_0001698,CASE_000504,2025-08-08 03:39:08.326640457,ACC_000480,ACC_000775,4574.0,UPI,mule_transfer,SBI,UPI_000857,iOS,,,1.2830466833333332,3
TXN_0001699,CASE_000504,2025-08-08 04:08:21.540213183,ACC_000775,ACC_000480,4574.0,NEFT,mule_transfer,IndusInd Bank,UPI_000532,Android,,,29.220226200000003,4
TXN_0001700,CASE_000505,2025-01-24 09:25:33.573331029,ACC_000069,ACC_000767,3596.32,IMPS,fragmentation,SBI,UPI_000849,iOS,28.736160224643132,77.21974665612494,,1
TXN_0001701,CASE_000505,2025-01-24 09:27:06.062701651,ACC_000069,ACC_000767,14003.62,UPI,fragmentation,SBI,UPI_000849,Android,28.736160224643132,77.21974665612494,1.5414895,2
TXN_0001702,CASE_000505,2025-01-24 09:35:39.842081074,ACC_000767,ACC_000139,14420.01,UPI,mule_transfer,Axis Bank,UPI_000156,Android,,,8.562989649999999,3
TXN_0001703,CASE_000505,2025-01-24 09:38:43.556037290,ACC_000139,ACC_000767,14420.01,IMPS,mule_transfer,SBI,UPI_000849,Android,,,3.0618992666666665,4
TXN_0001704,CASE_000506,2025-04-09 04:51:41.734738322,ACC_000042,ACC_000287,3367.64,IMPS,victim_debit,Punjab National Bank,UPI_000316,Android,17.376299803798133,78.47671506390579,,1
TXN_0001705,CASE_000506,2025-04-09 05:01:18.551378583,ACC_000287,ACC_000366,3367.64,UPI,mule_transfer,IDFC First Bank,UPI_000405,Android,,,9.613610666666666,2
TXN_0001706,CASE_000507,2024-06-13 20:46:16.885255575,ACC_000967,ACC_000366,627.85,UPI,fragmentation,IDFC First Bank,UPI_000405,iOS,21.26641312299215,72.8302543003276,,1
TXN_0001707,CASE_000507,2024-06-13 20:53:42.697665155,ACC_000967,ACC_000366,226.57,IMPS,fragmentation,IDFC First Bank,UPI_000405,Android,21.26641312299215,72.8302543003276,7.430206816666667,2
TXN_0001708,CASE_000507,2024-06-13 20:58:55.242490213,ACC_000366,ACC_000287,645.01,UPI,mule_transfer,Punjab National Bank,UPI_000316,Android,,,5.209080416666667,3
TXN_0001709,CASE_000507,2024-06-13 21:55:30.970385491,ACC_000287,ACC_000533,645.01,Net Banking,mule_transfer,Kotak Mahindra Bank,UPI_000588,Android,,,56.595464916666664,4
TXN_0001710,CASE_000508,2025-02-25 19:39:07.080404004,ACC_001442,ACC_001288,1111.12,UPI,victim_debit,Kotak Mahindra Bank,UPI_001405,Android,19.04882562911135,72.97772590334705,,1
TXN_0001711,CASE_000508,2025-02-25 20:04:47.789317759,ACC_001288,ACC_000093,916.34,IMPS,mule_transfer,Yes Bank,UPI_000105,iOS,,,25.678481883333333,2
TXN_0001712,CASE_000508,2025-02-25 20:06:52.464749870,ACC_000093,ACC_000467,869.99,NEFT,mule_transfer,Axis Bank,UPI_000515,Android,,,2.0779238666666666,3
TXN_0001713,CASE_000508,2025-02-25 20:34:57.105932864,ACC_000467,ACC_000093,869.99,UPI,mule_transfer,Yes Bank,UPI_000105,Desktop,,,28.077353033333335,4
TXN_0001714,CASE_000509,2024-12-05 20:43:17.605575278,ACC_001633,ACC_000819,9720.68,UPI,victim_debit,HDFC Bank,UPI_000907,iOS,26.89658323517647,81.07306157596344,,1
TXN_0001715,CASE_000509,2024-12-05 20:51:49.545045468,ACC_000819,ACC_001768,9720.68,UPI,mule_transfer,Canara Bank,UPI_001932,Android,,,8.5323245,2
TXN_0001716,CASE_000510,2025-08-29 21:36:46.189876472,ACC_000942,ACC_001178,4323.77,NEFT,victim_debit,Canara Bank,UPI_001289,Android,17.371105192467294,78.55867507386448,,1
TXN_0001717,CASE_000510,2025-08-29 21:47:49.103263168,ACC_001178,ACC_001558,4323.77,UPI,mule_transfer,Yes Bank,UPI_001700,iOS,,,11.048556433333333,2
TXN_0001718,CASE_000511,2025-01-31 03:43:38.243602153,ACC_001066,ACC_001296,6234.63,Net Banking,victim_debit,SBI,UPI_001414,Android,13.04392327111596,80.29085348906617,,1
TXN_0001719,CASE_000511,2025-01-31 04:46:03.717189177,ACC_001296,ACC_001768,5079.62,Net Banking,mule_transfer,Canara Bank,UPI_001932,iOS,,,62.42455978333333,2
TXN_0001720,CASE_000511,2025-01-31 04:54:58.310097971,ACC_001768,ACC_000819,5079.62,UPI,mule_transfer,HDFC Bank,UPI_000907,iOS,,,8.909881799999999,3
TXN_0001721,CASE_000512,2025-12-11 00:05:37.466271459,ACC_000800,ACC_000011,42321.0,IMPS,victim_debit,Bank of Baroda,UPI_000013,iOS,19.21765838125761,73.0965564319788,,1
TXN_0001722,CASE_000512,2025-12-11 00:08:26.205792820,ACC_000011,ACC_001300,42321.0,UPI,mule_transfer,ICICI Bank,UPI_001419,Android,,,2.81232535,2
TXN_0001723,CASE_000513,2025-01-23 02:38:55.550307262,ACC_000791,ACC_000652,1562.43,UPI,victim_debit,HDFC Bank,UPI_000723,Desktop,12.911994890670092,77.68226108135929,,1
TXN_0001724,CASE_000513,2025-01-23 02:46:20.560866793,ACC_000652,ACC_000880,1562.43,IMPS,mule_transfer,SBI,UPI_000972,Android,,,7.41684265,2
TXN_0001725,CASE_000514,2024-08-02 21:15:58.393050292,ACC_001024,ACC_001308,7928.08,UPI,victim_debit,IndusInd Bank,UPI_001428,iOS,13.039019402994414,80.2177191601994,,1
TXN_0001726,CASE_000514,2024-08-02 21:19:08.029507495,ACC_001308,ACC_000139,7928.08,IMPS,mule_transfer,Axis Bank,UPI_000156,Android,,,3.160607616666667,2
TXN_0001727,CASE_000515,2024-09-06 08:02:51.036351156,ACC_001128,ACC_001350,2968.17,UPI,fragmentation,Bank of Baroda,UPI_001473,iOS,28.555560603064322,77.30674985388832,,1
TXN_0001728,CASE_000515,2024-09-06 08:13:59.380424626,ACC_001128,ACC_001350,32187.54,UPI,fragmentation,Bank of Baroda,UPI_001473,Android,28.555560603064322,77.30674985388832,11.139067883333333,2
TXN_0001729,CASE_000515,2024-09-06 08:21:27.932727151,ACC_001128,ACC_001350,27755.6,UPI,fragmentation,Bank of Baroda,UPI_001472,Android,28.555560603064322,77.30674985388832,7.4758717,3
TXN_0001730,CASE_000515,2024-09-06 08:26:08.030634603,ACC_001350,ACC_000052,62911.31,IMPS,mule_transfer,IndusInd Bank,UPI_000058,Desktop,,,4.66829845,4
TXN_0001731,CASE_000516,2024-02-11 06:46:56.338330888,ACC_001338,ACC_000023,49557.4,UPI,victim_debit,Kotak Mahindra Bank,UPI_000028,iOS,19.189549870990763,73.00139422639333,,1
TXN_0001732,CASE_000516,2024-02-11 06:53:43.150192935,ACC_000023,ACC_000480,37680.27,IMPS,mule_transfer,IndusInd Bank,UPI_000532,Android,,,6.7801977,2
TXN_0001733,CASE_000516,2024-02-11 07:15:12.702400043,ACC_000480,ACC_000775,37680.27,IMPS,mule_transfer,SBI,UPI_000857,Desktop,,,21.492536783333332,3
TXN_0001734,CASE_000517,2025-05-06 21:07:17.769801792,ACC_000032,ACC_001335,2763.04,Net Banking,fragmentation,Kotak Mahindra Bank,UPI_001457,Android,18.597556364394922,73.87760942946251,,1
TXN_0001735,CASE_000517,2025-05-06 21:18:34.651319057,ACC_000032,ACC_001335,1480.4,UPI,fragmentation,Kotak Mahindra Bank,UPI_001457,Android,18.597556364394922,73.87760942946251,11.281358616666667,2
TXN_0001736,CASE_000517,2025-05-06 21:21:35.542604459,ACC_000032,ACC_001335,668.56,UPI,fragmentation,Kotak Mahindra Bank,UPI_001457,Desktop,18.597556364394922,73.87760942946251,3.01485475,3
TXN_0001737,CASE_000517,2025-05-06 21:25:32.279709802,ACC_000032,ACC_001335,174.5,UPI,fragmentation,Kotak Mahindra Bank,UPI_001457,iOS,18.597556364394922,73.87760942946251,3.945618416666667,4
TXN_0001738,CASE_000517,2025-05-06 21:39:21.681246365,ACC_001335,ACC_000287,5086.5,IMPS,mule_transfer,Punjab National Bank,UPI_000315,Android,,,13.823358933333333,5
TXN_0001739,CASE_000518,2026-01-26 23:01:28.160409382,ACC_000406,ACC_000052,2790.47,UPI,fragmentation,IndusInd Bank,UPI_000058,iOS,23.124218179397275,72.50876652998801,,1
TXN_0001740,CASE_000518,2026-01-26 23:04:06.687229078,ACC_000406,ACC_000052,3741.82,UPI,fragmentation,IndusInd Bank,UPI_000058,Desktop,23.124218179397275,72.50876652998801,2.6421136499999998,2
TXN_0001741,CASE_000518,2026-01-26 23:09:11.900036536,ACC_000406,ACC_000052,5968.07,UPI,fragmentation,IndusInd Bank,UPI_000058,Android,23.124218179397275,72.50876652998801,5.086880116666666,3
TXN_0001742,CASE_000518,2026-01-26 23:35:59.952387119,ACC_000052,ACC_001350,12500.36,Net Banking,mule_transfer,Bank of Baroda,UPI_001473,Android,,,26.8008725,4
TXN_0001743,CASE_000519,2025-12-01 16:28:15.909337813,ACC_000268,ACC_000267,13488.44,UPI,victim_debit,IDFC First Bank,UPI_000294,Android,19.040175911002812,72.90280923442322,,1
TXN_0001744,CASE_000519,2025-12-01 17:41:09.323610105,ACC_000267,ACC_000533,13488.44,UPI,mule_transfer,Kotak Mahindra Bank,UPI_000588,Android,,,72.89023786666667,2
TXN_0001745,CASE_000520,2025-02-02 20:36:36.002066685,ACC_001012,ACC_001238,2481.39,UPI,fragmentation,SBI,UPI_001350,iOS,13.051890068152245,80.32986075675983,,1
TXN_0001746,CASE_000520,2025-02-02 20:43:19.236065542,ACC_001012,ACC_001238,14287.6,UPI,fragmentation,SBI,UPI_001349,Android,13.051890068152245,80.32986075675983,6.720566633333333,2
TXN_0001747,CASE_000520,2025-02-02 20:44:49.854890377,ACC_001012,ACC_001238,896.48,UPI,fragmentation,SBI,UPI_001349,Android,13.051890068152245,80.32986075675983,1.5103137333333334,3
TXN_0001748,CASE_000520,2025-02-02 20:48:03.512404969,ACC_001012,ACC_001238,24129.75,UPI,fragmentation,SBI,UPI_001349,Android,13.051890068152245,80.32986075675983,3.2276252333333333,4
TXN_0001749,CASE_000520,2025-02-02 21:02:19.055268650,ACC_001238,ACC_001293,27273.83,IMPS,mule_transfer,Union Bank of India,UPI_001411,iOS,,,14.259047716666666,5
TXN_0001750,CASE_000520,2025-02-02 21:11:30.421514509,ACC_001293,ACC_001349,27273.83,UPI,mule_transfer,Kotak Mahindra Bank,UPI_001471,iOS,,,9.189437416666667,6
TXN_0001751,CASE_000521,2024-06-27 16:25:40.168329346,ACC_000865,ACC_000775,566.5,UPI,fragmentation,SBI,UPI_000857,iOS,22.82960730860711,75.929740435761,,1
TXN_0001752,CASE_000521,2024-06-27 16:30:01.776789310,ACC_000865,ACC_000775,466.37,Net Banking,fragmentation,SBI,UPI_000857,Android,22.82960730860711,75.929740435761,4.360140983333333,2
TXN_0001753,CASE_000521,2024-06-27 16:32:26.269162148,ACC_000865,ACC_000775,1500.53,UPI,fragmentation,SBI,UPI_000857,Android,22.82960730860711,75.929740435761,2.4082062,3
TXN_0001754,CASE_000521,2024-06-27 16:33:32.085604958,ACC_000775,ACC_000023,1417.91,IMPS,mule_transfer,Kotak Mahindra Bank,UPI_000028,Android,,,1.0969407,4
TXN_0001755,CASE_000521,2024-06-27 16:42:05.096685505,ACC_000023,ACC_000480,1417.91,UPI,mule_transfer,IndusInd Bank,UPI_000532,Android,,,8.550184666666667,5
TXN_0001756,CASE_000522,2026-02-25 15:43:37.440039563,ACC_001375,ACC_001365,2463.76,NEFT,fragmentation,IndusInd Bank,UPI_001488,Android,19.0042523276911,72.79247527848368,,1
TXN_0001757,CASE_000522,2026-02-25 15:48:44.276667615,ACC_001375,ACC_001365,701.65,UPI,fragmentation,IndusInd Bank,UPI_001488,iOS,19.0042523276911,72.79247527848368,5.1139438,2
TXN_0001758,CASE_000522,2026-02-25 16:07:28.481346387,ACC_001375,ACC_001365,7114.36,UPI,fragmentation,IndusInd Bank,UPI_001488,Android,19.0042523276911,72.79247527848368,18.736744633333334,3
TXN_0001759,CASE_000522,2026-02-25 16:09:24.907467642,ACC_001375,ACC_001365,59.56,IMPS,fragmentation,IndusInd Bank,UPI_001488,Desktop,19.0042523276911,72.79247527848368,1.94043535,4
TXN_0001760,CASE_000522,2026-02-25 16:18:03.926651562,ACC_001365,ACC_001349,8179.19,UPI,mule_transfer,Kotak Mahindra Bank,UPI_001471,iOS,,,8.650319716666667,5
TXN_0001761,CASE_000522,2026-02-25 16:38:36.410785119,ACC_001349,ACC_001238,5448.7,Net Banking,mule_transfer,SBI,UPI_001350,Android,,,20.541402216666665,6
TXN_0001762,CASE_000522,2026-02-25 18:03:12.363881573,ACC_001238,ACC_001365,5448.7,UPI,mule_transfer,IndusInd Bank,UPI_001488,Android,,,84.59921826666667,7
TXN_0001763,CASE_000523,2024-02-21 17:48:17.099300395,ACC_001502,ACC_000052,433.84,IMPS,fragmentation,IndusInd Bank,UPI_000058,iOS,19.296905535809707,72.88226024593465,,1
TXN_0001764,CASE_000523,2024-02-21 17:49:58.998768079,ACC_001502,ACC_000052,181.24,IMPS,fragmentation,IndusInd Bank,UPI_000058,iOS,19.296905535809707,72.88226024593465,1.69832445,2
TXN_0001765,CASE_000523,2024-02-21 17:53:57.305561566,ACC_001502,ACC_000052,377.39,IMPS,fragmentation,IndusInd Bank,UPI_000058,Desktop,19.296905535809707,72.88226024593465,3.9717798833333333,3
TXN_0001766,CASE_000523,2024-02-21 17:56:58.525899258,ACC_001502,ACC_000052,448.28,NEFT,fragmentation,IndusInd Bank,UPI_000058,iOS,19.296905535809707,72.88226024593465,3.02033895,4
TXN_0001767,CASE_000523,2024-02-21 19:01:07.015221984,ACC_000052,ACC_001350,1440.76,UPI,mule_transfer,Bank of Baroda,UPI_001472,Desktop,,,64.1414887,5
TXN_0001768,CASE_000524,2024-12-29 17:23:10.063878912,ACC_000216,ACC_000775,542.52,IMPS,fragmentation,SBI,UPI_000857,iOS,13.133029706908928,80.2843666487436,,1
TXN_0001769,CASE_000524,2024-12-29 17:33:30.992999333,ACC_000216,ACC_000775,6160.0,IMPS,fragmentation,SBI,UPI_000857,iOS,13.133029706908928,80.2843666487436,10.348818666666666,2
TXN_0001770,CASE_000524,2024-12-29 17:45:50.443595435,ACC_000775,ACC_000023,6702.51,IMPS,mule_transfer,Kotak Mahindra Bank,UPI_000028,iOS,,,12.3241766,3
TXN_0001771,CASE_000525,2026-02-19 09:12:10.692992792,ACC_000903,ACC_000467,1919.35,NEFT,victim_debit,Axis Bank,UPI_000515,iOS,19.158353543183168,72.99043651102039,,1
TXN_0001772,CASE_000525,2026-02-19 09:52:16.881184178,ACC_000467,ACC_001288,1708.41,UPI,mule_transfer,Kotak Mahindra Bank,UPI_001405,Android,,,40.10313651666667,2
TXN_0001773,CASE_000525,2026-02-19 10:35:29.215128122,ACC_001288,ACC_000467,1708.41,UPI,mule_transfer,Axis Bank,UPI_000515,Desktop,,,43.20556571666667,3
TXN_0001774,CASE_000526,2024-12-24 04:32:03.663839048,ACC_001401,ACC_001690,8457.45,Net Banking,victim_debit,Punjab National Bank,UPI_001846,Android,17.397493549990738,78.50388538212982,,1
TXN_0001775,CASE_000526,2024-12-24 05:04:17.453098669,ACC_001690,ACC_000932,8457.45,UPI,mule_transfer,Kotak Mahindra Bank,UPI_001027,Android,,,32.22982098333333,2
TXN_0001776,CASE_000527,2024-04-17 09:38:17.516912904,ACC_001312,ACC_001288,269.47,NEFT,fragmentation,Kotak Mahindra Bank,UPI_001405,Android,13.026579312229797,80.22756788677259,,1
TXN_0001777,CASE_000527,2024-04-17 09:43:11.758965787,ACC_001312,ACC_001288,1245.24,UPI,fragmentation,Kotak Mahindra Bank,UPI_001405,Android,13.026579312229797,80.22756788677259,4.9040342,2
TXN_0001778,CASE_000527,2024-04-17 09:47:03.388106204,ACC_001312,ACC_001288,591.37,IMPS,fragmentation,Kotak Mahindra Bank,UPI_001405,Android,13.026579312229797,80.22756788677259,3.860485666666667,3
TXN_0001779,CASE_000527,2024-04-17 09:48:46.937830087,ACC_001312,ACC_001288,205.0,UPI,fragmentation,Kotak Mahindra Bank,UPI_001405,Android,13.026579312229797,80.22756788677259,1.7258287166666666,4
TXN_0001780,CASE_000527,2024-04-17 10:15:10.462923600,ACC_001288,ACC_000093,2311.09,UPI,mule_transfer,Yes Bank,UPI_000105,Android,,,26.392084883333332,5
TXN_0001781,CASE_000528,2024-08-30 08:07:43.352488497,ACC_001110,ACC_000404,19628.87,UPI,victim_debit,SBI,UPI_000449,Android,17.441995004055116,78.45446563763484,,1
TXN_0001782,CASE_000528,2024-08-30 08:44:01.155396675,ACC_000404,ACC_000659,19628.87,UPI,mule_transfer,HDFC Bank,UPI_000731,Android,,,36.296715133333336,2
TXN_0001783,CASE_000529,2025-06-30 15:37:11.540885732,ACC_001139,ACC_001308,7059.27,Net Banking,fragmentation,IndusInd Bank,UPI_001427,Android,28.514147388753436,77.25584305072732,,1
TXN_0001784,CASE_000529,2025-06-30 15:38:49.591356468,ACC_001139,ACC_001308,7229.47,UPI,fragmentation,IndusInd Bank,UPI_001427,Android,28.514147388753436,77.25584305072732,1.6341745,2
TXN_0001785,CASE_000529,2025-06-30 15:46:44.585307441,ACC_001308,ACC_000767,9639.71,IMPS,mule_transfer,SBI,UPI_000849,iOS,,,7.916565833333333,3
TXN_0001786,CASE_000529,2025-06-30 15:48:50.861818881,ACC_000767,ACC_000139,9639.71,NEFT,mule_transfer,Axis Bank,UPI_000156,iOS,,,2.1046085166666666,4
TXN_0001787,CASE_000530,2024-05-18 13:15:40.733454224,ACC_000901,ACC_001625,9339.0,IMPS,victim_debit,ICICI Bank,UPI_001777,iOS,13.01444744484193,80.37548863732717,,1
TXN_0001788,CASE_000530,2024-05-18 13:23:25.479105639,ACC_001625,ACC_000093,6545.49,UPI,mule_transfer,Yes Bank,UPI_000105,iOS,,,7.74576085,2
TXN_0001789,CASE_000530,2024-05-18 14:01:20.923998596,ACC_000093,ACC_001288,6545.49,NEFT,mule_transfer,Kotak Mahindra Bank,UPI_001405,Android,,,37.924081533333336,3
TXN_0001790,CASE_000531,2025-08-19 16:00:35.672660962,ACC_000548,ACC_001267,1417.36,UPI,victim_debit,ICICI Bank,UPI_001383,Android,17.394817593014974,78.38368027049145,,1
TXN_0001791,CASE_000531,2025-08-19 16:33:32.446992428,ACC_001267,ACC_001050,1417.36,UPI,mule_transfer,Punjab National Bank,UPI_001155,iOS,,,32.94623885,2
TXN_0001792,CASE_000532,2025-02-03 04:19:36.401192114,ACC_000965,ACC_001046,15390.12,UPI,victim_debit,IDFC First Bank,UPI_001151,Android,18.516446568336413,73.76746604136065,,1
TXN_0001793,CASE_000532,2025-02-03 04:23:23.789328014,ACC_001046,ACC_000782,10557.44,UPI,mule_transfer,IDFC First Bank,UPI_000866,Android,,,3.78980225,2
TXN_0001794,CASE_000532,2025-02-03 05:34:47.362272335,ACC_000782,ACC_001592,10557.44,UPI,mule_transfer,Union Bank of India,UPI_001737,iOS,,,71.39288239999999,3
TXN_0001795,CASE_000533,2024-10-31 16:18:53.364855425,ACC_000747,ACC_000767,4374.38,UPI,victim_debit,SBI,UPI_000849,iOS,12.972777184288597,77.65386095838217,,1
TXN_0001796,CASE_000533,2024-10-31 16:45:59.136580407,ACC_000767,ACC_001308,4374.38,UPI,mule_transfer,IndusInd Bank,UPI_001428,iOS,,,27.0961954,2
TXN_0001797,CASE_000534,2024-08-07 12:23:28.917605826,ACC_000223,ACC_000287,2972.24,UPI,fragmentation,Punjab National Bank,UPI_000316,iOS,26.949049378699087,75.85281357876204,,1
TXN_0001798,CASE_000534,2024-08-07 12:25:43.442383250,ACC_000223,ACC_000287,785.52,UPI,fragmentation,Punjab National Bank,UPI_000316,iOS,26.949049378699087,75.85281357876204,2.2420796166666666,2
TXN_0001799,CASE_000534,2024-08-07 12:30:32.977731916,ACC_000287,ACC_001335,3757.76,IMPS,mule_transfer,Kotak Mahindra Bank,UPI_001457,Android,,,4.825589133333334,3
TXN_0001800,CASE_000535,2026-01-20 01:59:10.792531482,ACC_001123,ACC_000366,325919.98,IMPS,victim_debit,IDFC First Bank,UPI_000405,Android,13.039563520162815,80.32575776031925,,1
TXN_0001801,CASE_000535,2026-01-20 02:00:36.654988247,ACC_000366,ACC_000267,325919.98,UPI,mule_transfer,IDFC First Bank,UPI_000294,iOS,,,1.4310409333333332,2
TXN_0001802,CASE_000536,2024-12-27 09:42:51.709347427,ACC_000569,ACC_000404,3308.08,IMPS,fragmentation,SBI,UPI_000450,Android,12.972040889047076,77.59181189492861,,1
TXN_0001803,CASE_000536,2024-12-27 09:50:32.674214001,ACC_000569,ACC_000404,14903.19,NEFT,fragmentation,SBI,UPI_000449,Desktop,12.972040889047076,77.59181189492861,7.682747766666666,2
TXN_0001804,CASE_000536,2024-12-27 09:59:58.526062251,ACC_000404,ACC_000659,18211.28,IMPS,mule_transfer,HDFC Bank,UPI_000731,Android,,,9.430864133333333,3
TXN_0001805,CASE_000537,2025-11-03 18:41:29.651262429,ACC_000286,ACC_001647,682.45,UPI,fragmentation,Canara Bank,UPI_001801,Android,21.122798356373924,79.01961222068499,,1
TXN_0001806,CASE_000537,2025-11-03 18:43:30.496386565,ACC_000286,ACC_001647,4604.47,IMPS,fragmentation,Canara Bank,UPI_001801,Android,21.122798356373924,79.01961222068499,2.0140854,2
TXN_0001807,CASE_000537,2025-11-03 18:44:37.158162437,ACC_000286,ACC_001647,408.69,Net Banking,fragmentation,Canara Bank,UPI_001801,iOS,21.122798356373924,79.01961222068499,1.1110295833333335,3
TXN_0001808,CASE_000537,2025-11-03 18:52:20.035228754,ACC_001647,ACC_001507,5695.61,Net Banking,mule_transfer,Punjab National Bank,UPI_001646,iOS,,,7.714617766666667,4
TXN_0001809,CASE_000538,2025-02-05 04:00:18.576795066,ACC_001549,ACC_000267,334316.0,UPI,fragmentation,IDFC First Bank,UPI_000294,iOS,19.017653201688418,72.77201867824674,,1
TXN_0001810,CASE_000538,2025-02-05 04:01:30.560181880,ACC_001549,ACC_000267,432283.16,NEFT,fragmentation,IDFC First Bank,UPI_000294,Android,19.017653201688418,72.77201867824674,1.1997231,2
TXN_0001811,CASE_000538,2025-02-05 04:22:32.195373701,ACC_000267,ACC_000366,766599.16,IMPS,mule_transfer,IDFC First Bank,UPI_000405,Android,,,21.027253183333336,3
TXN_0001812,CASE_000539,2024-03-24 16:44:47.909341419,ACC_001163,ACC_000404,2425.74,UPI,fragmentation,SBI,UPI_000450,iOS,18.566273181293173,73.76794614281926,,1
TXN_0001813,CASE_000539,2024-03-24 16:46:04.768074012,ACC_001163,ACC_000404,4664.68,UPI,fragmentation,SBI,UPI_000450,Android,18.566273181293173,73.76794614281926,1.2809788666666668,2
TXN_0001814,CASE_000539,2024-03-24 16:50:52.204471806,ACC_001163,ACC_000404,273.53,IMPS,fragmentation,SBI,UPI_000450,iOS,18.566273181293173,73.76794614281926,4.7906066166666665,3
TXN_0001815,CASE_000539,2024-03-24 17:05:52.472286119,ACC_001163,ACC_000404,868.52,UPI,fragmentation,SBI,UPI_000450,iOS,18.566273181293173,73.76794614281926,15.004463566666667,4
TXN_0001816,CASE_000539,2024-03-24 17:53:10.626962944,ACC_000404,ACC_000659,8232.46,Net Banking,mule_transfer,HDFC Bank,UPI_000731,Android,,,47.30257793333333,5
TXN_0001817,CASE_000540,2025-02-05 07:27:52.595746243,ACC_001404,ACC_001350,10202.23,UPI,fragmentation,Bank of Baroda,UPI_001473,Desktop,19.057758873311606,72.98982703759407,,1
TXN_0001818,CASE_000540,2025-02-05 07:32:30.788418872,ACC_001404,ACC_001350,7900.81,UPI,fragmentation,Bank of Baroda,UPI_001473,Android,19.057758873311606,72.98982703759407,4.636544533333334,2
TXN_0001819,CASE_000540,2025-02-05 07:36:12.197110636,ACC_001404,ACC_001350,9374.89,IMPS,fragmentation,Bank of Baroda,UPI_001472,Android,19.057758873311606,72.98982703759407,3.6901448500000003,3
TXN_0001820,CASE_000540,2025-02-05 07:39:14.554986212,ACC_001350,ACC_000052,27477.93,UPI,mule_transfer,IndusInd Bank,UPI_000058,Desktop,,,3.039297916666667,4
TXN_0001821,CASE_000541,2025-04-07 12:29:58.666406386,ACC_001572,ACC_000819,902.71,NEFT,fragmentation,HDFC Bank,UPI_000907,iOS,22.69141395548188,75.90606243340493,,1
TXN_0001822,CASE_000541,2025-04-07 12:35:54.884349413,ACC_001572,ACC_000819,309.91,Net Banking,fragmentation,HDFC Bank,UPI_000907,iOS,22.69141395548188,75.90606243340493,5.936965716666666,2
TXN_0001823,CASE_000541,2025-04-07 12:37:32.659182637,ACC_001572,ACC_000819,227.92,IMPS,fragmentation,HDFC Bank,UPI_000907,Android,22.69141395548188,75.90606243340493,1.62958055,3
TXN_0001824,CASE_000541,2025-04-07 12:38:54.265458615,ACC_000819,ACC_001296,1440.55,UPI,mule_transfer,SBI,UPI_001414,Android,,,1.3601045833333332,4
TXN_0001825,CASE_000542,2025-02-21 02:50:37.732679498,ACC_001536,ACC_001300,4861.27,UPI,victim_debit,ICICI Bank,UPI_001419,iOS,18.589368324992037,73.87651926744546,,1
TXN_0001826,CASE_000542,2025-02-21 04:39:25.074438563,ACC_001300,ACC_000011,4861.27,UPI,mule_transfer,Bank of Baroda,UPI_000013,iOS,,,108.78902931666667,2
TXN_0001827,CASE_000543,2026-01-13 15:03:40.647031992,ACC_000954,ACC_000287,770.65,Net Banking,fragmentation,Punjab National Bank,UPI_000315,Android,23.02557135391853,72.56778969519813,,1
TXN_0001828,CASE_000543,2026-01-13 15:06:47.797450710,ACC_000954,ACC_000287,212.5,UPI,fragmentation,Punjab National Bank,UPI_000315,Android,23.02557135391853,72.56778969519813,3.1191736333333333,2
TXN_0001829,CASE_000543,2026-01-13 15:40:40.420519981,ACC_000287,ACC_000366,591.34,UPI,mule_transfer,IDFC First Bank,UPI_000405,Android,,,33.87705115,3
TXN_0001830,CASE_000543,2026-01-13 16:14:19.932621613,ACC_000366,ACC_000533,591.34,UPI,mule_transfer,Kotak Mahindra Bank,UPI_000588,Android,,,33.65853501666667,4
TXN_0001831,CASE_000544,2026-04-09 18:59:42.014235964,ACC_000178,ACC_000819,29635.7,UPI,victim_debit,HDFC Bank,UPI_000907,iOS,18.988031374755032,73.00259484006408,,1
TXN_0001832,CASE_000544,2026-04-09 20:13:19.826113036,ACC_000819,ACC_001768,29635.7,UPI,mule_transfer,Canara Bank,UPI_001932,Android,,,73.63019795,2
TXN_0001833,CASE_000545,2025-12-17 18:30:27.654109379,ACC_001480,ACC_001039,9900.8,NEFT,victim_debit,SBI,UPI_001142,iOS,19.978409549956762,73.85492875155855,,1
TXN_0001834,CASE_000545,2025-12-17 18:55:22.108232069,ACC_001039,ACC_001606,8999.67,UPI,mule_transfer,SBI,UPI_001753,Android,,,24.907568700000002,2
TXN_0001835,CASE_000545,2025-12-17 19:32:46.620701887,ACC_001606,ACC_000491,5877.4,UPI,mule_transfer,HDFC Bank,UPI_000544,Android,,,37.40854115,3
TXN_0001836,CASE_000545,2025-12-17 19:49:54.061255691,ACC_000491,ACC_001709,5877.4,UPI,mule_transfer,HDFC Bank,UPI_001870,Android,,,17.124009216666664,4
TXN_0001837,CASE_000546,2025-06-14 22:26:26.109409315,ACC_000929,ACC_001288,4873.1,IMPS,victim_debit,Kotak Mahindra Bank,UPI_001405,Android,28.64515901696179,77.2255966463981,,1
TXN_0001838,CASE_000546,2025-06-14 22:47:07.521999560,ACC_001288,ACC_000467,4536.04,UPI,mule_transfer,Axis Bank,UPI_000515,Android,,,20.69020983333333,2
TXN_0001839,CASE_000546,2025-06-14 23:03:38.961393282,ACC_000467,ACC_000093,4536.04,UPI,mule_transfer,Yes Bank,UPI_000105,iOS,,,16.523989883333332,3
TXN_0001840,CASE_000547,2025-05-08 06:33:54.650380832,ACC_000405,ACC_000819,18324.46,IMPS,fragmentation,HDFC Bank,UPI_000907,Android,21.145097935661582,79.08373648200157,,1
TXN_0001841,CASE_000547,2025-05-08 06:47:50.959754380,ACC_000405,ACC_000819,1728.63,Net Banking,fragmentation,HDFC Bank,UPI_000907,iOS,21.145097935661582,79.08373648200157,13.938489550000002,2
TXN_0001842,CASE_000547,2025-05-08 06:57:05.161007712,ACC_000819,ACC_001768,20053.09,UPI,mule_transfer,Canara Bank,UPI_001932,Android,,,9.23668755,3
TXN_0001843,CASE_000548,2025-08-10 06:24:37.211051346,ACC_001014,ACC_000093,6668.15,UPI,fragmentation,Yes Bank,UPI_000105,Android,22.571859927716815,88.2628646142707,,1
TXN_0001844,CASE_000548,2025-08-10 06:30:05.404594486,ACC_001014,ACC_000093,2039.12,Net Banking,fragmentation,Yes Bank,UPI_000105,Android,22.571859927716815,88.2628646142707,5.469892383333333,2
TXN_0001845,CASE_000548,2025-08-10 06:31:18.749907019,ACC_001014,ACC_000093,1099.28,UPI,fragmentation,Yes Bank,UPI_000105,Android,22.571859927716815,88.2628646142707,1.2224218666666669,3
TXN_0001846,CASE_000548,2025-08-10 06:55:48.986528030,ACC_000093,ACC_001625,8591.37,UPI,mule_transfer,ICICI Bank,UPI_001777,Android,,,24.503943683333333,4
TXN_0001847,CASE_000548,2025-08-10 08:05:56.118028268,ACC_001625,ACC_000467,7729.77,NEFT,mule_transfer,Axis Bank,UPI_000515,Android,,,70.11885833333334,5
TXN_0001848,CASE_000548,2025-08-10 08:26:59.746059250,ACC_000467,ACC_000093,7729.77,UPI,mule_transfer,Yes Bank,UPI_000105,Android,,,21.06046716666667,6
TXN_0001849,CASE_000549,2024-09-19 05:56:05.795544536,ACC_000235,ACC_000011,13355.61,UPI,victim_debit,Bank of Baroda,UPI_000013,Android,21.14064618670529,72.7765933004673,,1
TXN_0001850,CASE_000549,2024-09-19 06:16:14.927622625,ACC_000011,ACC_001300,13355.61,NEFT,mule_transfer,ICICI Bank,UPI_001419,iOS,,,20.1522013,2
TXN_0001851,CASE_000550,2026-01-09 15:20:43.586467139,ACC_001236,ACC_000011,24043.71,UPI,victim_debit,Bank of Baroda,UPI_000013,Android,26.92848439299564,75.84765743493543,,1
TXN_0001852,CASE_000550,2026-01-09 16:30:36.328933238,ACC_000011,ACC_001300,24043.71,IMPS,mule_transfer,ICICI Bank,UPI_001418,Android,,,69.8790411,2
TXN_0001853,CASE_000551,2026-02-19 15:32:56.544944442,ACC_001403,ACC_001350,1464.28,UPI,victim_debit,Bank of Baroda,UPI_001473,Android,19.24718300724981,72.95954466215578,,1
TXN_0001854,CASE_000551,2026-02-19 16:15:25.258806846,ACC_001350,ACC_000052,1464.28,UPI,mule_transfer,IndusInd Bank,UPI_000058,Android,,,42.47856436666667,2
TXN_0001855,CASE_000552,2024-08-31 10:31:01.542820381,ACC_000954,ACC_000287,2003.39,UPI,fragmentation,Punjab National Bank,UPI_000316,iOS,22.574042048067113,88.28520608924562,,1
TXN_0001856,CASE_000552,2024-08-31 10:38:07.838270045,ACC_000954,ACC_000287,266.83,UPI,fragmentation,Punjab National Bank,UPI_000316,Android,22.574042048067113,88.28520608924562,7.10492415,2
TXN_0001857,CASE_000552,2024-08-31 10:55:52.667740508,ACC_000954,ACC_000287,83.21,IMPS,fragmentation,Punjab National Bank,UPI_000316,iOS,22.574042048067113,88.28520608924562,17.747157833333333,3
TXN_0001858,CASE_000552,2024-08-31 10:59:53.603801027,ACC_000954,ACC_000287,1839.42,Net Banking,fragmentation,Punjab National Bank,UPI_000316,Android,22.574042048067113,88.28520608924562,4.015601,4
TXN_0001859,CASE_000552,2024-08-31 11:32:19.901618970,ACC_000287,ACC_000267,3818.2,NEFT,mule_transfer,IDFC First Bank,UPI_000294,Android,,,32.43829695,5
TXN_0001860,CASE_000552,2024-08-31 11:35:30.005316253,ACC_000267,ACC_000533,3818.2,IMPS,mule_transfer,Kotak Mahindra Bank,UPI_000588,iOS,,,3.16839495,6
TXN_0001861,CASE_000553,2026-04-02 11:44:38.725476716,ACC_000347,ACC_000287,7757.74,Net Banking,victim_debit,Punjab National Bank,UPI_000316,Desktop,19.185881518649865,72.92565102600524,,1
TXN_0001862,CASE_000553,2026-04-02 12:50:35.205706138,ACC_000287,ACC_000267,7757.74,Net Banking,mule_transfer,IDFC First Bank,UPI_000294,Android,,,65.94133715,2
TXN_0001863,CASE_000554,2026-02-12 05:26:49.277863803,ACC_000482,ACC_001350,12223.79,UPI,victim_debit,Bank of Baroda,UPI_001472,Android,26.809359196548353,80.88787177102982,,1
TXN_0001864,CASE_000554,2026-02-12 05:38:21.947004673,ACC_001350,ACC_000052,12223.79,Net Banking,mule_transfer,IndusInd Bank,UPI_000058,iOS,,,11.544485666666667,2
TXN_0001865,CASE_000555,2025-01-21 17:21:26.290852911,ACC_000159,ACC_000093,44077.82,Net Banking,victim_debit,Yes Bank,UPI_000105,Desktop,13.036344034417981,77.5490547343438,,1
TXN_0001866,CASE_000555,2025-01-21 19:13:12.419632889,ACC_000093,ACC_001625,44077.82,NEFT,mule_transfer,ICICI Bank,UPI_001777,Desktop,,,111.76881298333333,2
TXN_0001867,CASE_000556,2026-04-08 03:20:00.962613584,ACC_000330,ACC_001267,4848.83,IMPS,victim_debit,ICICI Bank,UPI_001383,Android,21.146569425054864,79.08780102427608,,1
TXN_0001868,CASE_000556,2026-04-08 03:27:40.460690570,ACC_001267,ACC_001050,4848.83,UPI,mule_transfer,Punjab National Bank,UPI_001155,Android,,,7.658301266666667,2
TXN_0001869,CASE_000557,2024-04-19 17:59:49.399345448,ACC_000021,ACC_000404,4329.97,UPI,victim_debit,SBI,UPI_000450,iOS,19.117125909237032,72.90465520567902,,1
TXN_0001870,CASE_000557,2024-04-19 18:08:10.073701966,ACC_000404,ACC_000659,4329.97,IMPS,mule_transfer,HDFC Bank,UPI_000731,iOS,,,8.3445726,2
TXN_0001871,CASE_000558,2024-01-26 12:44:03.106760904,ACC_000482,ACC_001625,2484.32,UPI,victim_debit,ICICI Bank,UPI_001777,iOS,19.067680526417387,72.8827821402326,,1
TXN_0001872,CASE_000558,2024-01-26 12:58:47.615605444,ACC_001625,ACC_000467,2484.32,UPI,mule_transfer,Axis Bank,UPI_000515,Android,,,14.741814066666667,2
TXN_0001873,CASE_000559,2024-11-12 22:36:20.176277892,ACC_001536,ACC_000775,5674.44,UPI,fragmentation,SBI,UPI_000857,Desktop,18.480467314478137,73.9052416454005,,1
TXN_0001874,CASE_000559,2024-11-12 22:42:50.549746947,ACC_001536,ACC_000775,3800.47,UPI,fragmentation,SBI,UPI_000857,Android,18.480467314478137,73.9052416454005,6.506224483333333,2
TXN_0001875,CASE_000559,2024-11-12 22:50:49.792452062,ACC_001536,ACC_000775,1761.0,IMPS,fragmentation,SBI,UPI_000857,iOS,18.480467314478137,73.9052416454005,7.987378416666667,3
TXN_0001876,CASE_000559,2024-11-12 23:00:55.502996432,ACC_001536,ACC_000775,3275.72,IMPS,fragmentation,SBI,UPI_000857,iOS,18.480467314478137,73.9052416454005,10.095175733333333,4
TXN_0001877,CASE_000559,2024-11-12 23:56:21.192856998,ACC_000775,ACC_000023,11975.0,UPI,mule_transfer,Kotak Mahindra Bank,UPI_000028,Android,,,55.428164333333335,5
TXN_0001878,CASE_000559,2024-11-13 00:13:25.349529190,ACC_000023,ACC_000480,11975.0,UPI,mule_transfer,IndusInd Bank,UPI_000531,Android,,,17.069277866666667,6
TXN_0001879,CASE_000560,2025-05-30 02:55:12.755470184,ACC_000071,ACC_000093,811.18,NEFT,fragmentation,Yes Bank,UPI_000105,iOS,26.85848481050821,80.91770368115448,,1
TXN_0001880,CASE_000560,2025-05-30 03:01:47.779031560,ACC_000071,ACC_000093,2544.35,IMPS,fragmentation,Yes Bank,UPI_000105,iOS,26.85848481050821,80.91770368115448,6.583726016666666,2
TXN_0001881,CASE_000560,2025-05-30 03:17:47.861690413,ACC_000071,ACC_000093,230.97,IMPS,fragmentation,Yes Bank,UPI_000105,Android,26.85848481050821,80.91770368115448,16.001377633333334,3
TXN_0001882,CASE_000560,2025-05-30 03:24:42.368322909,ACC_000071,ACC_000093,3060.41,UPI,fragmentation,Yes Bank,UPI_000105,iOS,26.85848481050821,80.91770368115448,6.908443866666667,4
TXN_0001883,CASE_000560,2025-05-30 03:44:12.804919550,ACC_000093,ACC_001625,6099.63,UPI,mule_transfer,ICICI Bank,UPI_001777,Android,,,19.5072766,5
TXN_0001884,CASE_000560,2025-05-30 03:56:59.582288385,ACC_001625,ACC_000093,5307.85,NEFT,mule_transfer,Yes Bank,UPI_000105,iOS,,,12.7796228,6
TXN_0001885,CASE_000560,2025-05-30 04:06:03.446963406,ACC_000093,ACC_000467,5307.85,IMPS,mule_transfer,Axis Bank,UPI_000514,Android,,,9.064411250000001,7
TXN_0001886,CASE_000561,2024-11-16 04:52:34.026189609,ACC_000363,ACC_000287,22177.57,UPI,victim_debit,Punjab National Bank,UPI_000315,Android,22.52907902678117,88.30344851617107,,1
TXN_0001887,CASE_000561,2024-11-16 05:16:24.746390191,ACC_000287,ACC_001335,13268.46,IMPS,mule_transfer,Kotak Mahindra Bank,UPI_001457,Android,,,23.845336666666665,2
TXN_0001888,CASE_000561,2024-11-16 05:35:41.920409430,ACC_001335,ACC_000533,11363.07,UPI,mule_transfer,Kotak Mahindra Bank,UPI_000588,Android,,,19.28623365,3
TXN_0001889,CASE_000561,2024-11-16 05:47:04.180874728,ACC_000533,ACC_000267,11363.07,UPI,mule_transfer,IDFC First Bank,UPI_000294,Android,,,11.371007749999999,4
TXN_0001890,CASE_000562,2026-05-08 06:09:27.378960115,ACC_000212,ACC_001267,8783.36,NEFT,victim_debit,ICICI Bank,UPI_001383,iOS,21.203693275548126,72.85004966404595,,1
TXN_0001891,CASE_000562,2026-05-08 08:08:43.040679211,ACC_001267,ACC_001050,8783.36,UPI,mule_transfer,Punjab National Bank,UPI_001155,iOS,,,119.26102865,2
TXN_0001892,CASE_000563,2024-08-20 01:39:52.992469655,ACC_000758,ACC_001296,16287.8,UPI,victim_debit,SBI,UPI_001414,Android,19.148842678418905,72.97351755936997,,1
TXN_0001893,CASE_000563,2024-08-20 01:40:56.108504898,ACC_001296,ACC_001768,10876.07,UPI,mule_transfer,Canara Bank,UPI_001932,iOS,,,1.0519339166666666,2
TXN_0001894,CASE_000563,2024-08-20 02:08:09.441841997,ACC_001768,ACC_001296,10876.07,UPI,mule_transfer,SBI,UPI_001414,Android,,,27.222222283333334,3
TXN_0001895,CASE_000564,2024-09-13 05:09:04.530061677,ACC_000589,ACC_000404,2890.63,UPI,fragmentation,SBI,UPI_000449,Android,17.428369424332985,78.45376298954501,,1
TXN_0001896,CASE_000564,2024-09-13 05:11:30.093299552,ACC_000589,ACC_000404,112.29,Net Banking,fragmentation,SBI,UPI_000449,Android,17.428369424332985,78.45376298954501,2.4260539499999996,2
TXN_0001897,CASE_000564,2024-09-13 05:22:23.865293105,ACC_000404,ACC_000659,3002.92,UPI,mule_transfer,HDFC Bank,UPI_000731,iOS,,,10.896199883333333,3
TXN_0001898,CASE_000565,2025-08-01 08:22:52.426070229,ACC_000269,ACC_001288,11081.6,UPI,victim_debit,Kotak Mahindra Bank,UPI_001405,Desktop,18.58496800773655,73.79628387612435,,1
TXN_0001899,CASE_000565,2025-08-01 08:38:50.787409472,ACC_001288,ACC_001625,8033.24,Net Banking,mule_transfer,ICICI Bank,UPI_001777,iOS,,,15.972688983333335,2
TXN_0001900,CASE_000565,2025-08-01 09:22:14.870622834,ACC_001625,ACC_001288,6192.86,IMPS,mule_transfer,Kotak Mahindra Bank,UPI_001405,Android,,,43.40138688333333,3
TXN_0001901,CASE_000565,2025-08-01 09:40:56.253974273,ACC_001288,ACC_000093,6192.86,IMPS,mule_transfer,Yes Bank,UPI_000105,Desktop,,,18.689722516666667,4
TXN_0001902,CASE_000566,2024-01-04 12:55:34.567105336,ACC_000854,ACC_000652,22006.78,IMPS,victim_debit,HDFC Bank,UPI_000724,Android,13.003703847147635,77.58431347982122,,1
TXN_0001903,CASE_000566,2024-01-04 13:16:49.235437304,ACC_000652,ACC_001117,22006.78,UPI,mule_transfer,Bank of Baroda,UPI_001224,iOS,,,21.244472183333336,2
TXN_0001904,CASE_000567,2025-10-24 19:50:30.202631024,ACC_000661,ACC_001350,229.09,Net Banking,fragmentation,Bank of Baroda,UPI_001473,Android,21.143442426650758,79.08943144216774,,1
TXN_0001905,CASE_000567,2025-10-24 19:51:43.577328772,ACC_000661,ACC_001350,352.87,UPI,fragmentation,Bank of Baroda,UPI_001473,Android,21.143442426650758,79.08943144216774,1.2229116166666667,2
TXN_0001906,CASE_000567,2025-10-24 20:04:45.568557721,ACC_001350,ACC_000052,581.97,NEFT,mule_transfer,IndusInd Bank,UPI_000058,Android,,,13.033187133333334,3
TXN_0001907,CASE_000568,2024-12-09 21:12:16.126135662,ACC_000806,ACC_000659,5755.25,NEFT,fragmentation,HDFC Bank,UPI_000731,Android,20.00909929464993,73.73300623389731,,1
TXN_0001908,CASE_000568,2024-12-09 21:14:14.338305210,ACC_000806,ACC_000659,8039.01,UPI,fragmentation,HDFC Bank,UPI_000731,iOS,20.00909929464993,73.73300623389731,1.9702028166666667,2
TXN_0001909,CASE_000568,2024-12-09 21:49:52.747757812,ACC_000659,ACC_000404,13794.26,IMPS,mule_transfer,SBI,UPI_000449,Android,,,35.64015753333333,3
TXN_0001910,CASE_000569,2026-06-09 17:36:34.550307548,ACC_001474,ACC_001288,440.5,Net Banking,fragmentation,Kotak Mahindra Bank,UPI_001405,Android,17.419215580225057,78.41972426357665,,1
TXN_0001911,CASE_000569,2026-06-09 17:39:25.165786103,ACC_001474,ACC_001288,3358.56,NEFT,fragmentation,Kotak Mahindra Bank,UPI_001405,iOS,17.419215580225057,78.41972426357665,2.8435913,2
TXN_0001912,CASE_000569,2026-06-09 17:42:11.234408095,ACC_001474,ACC_001288,2085.39,UPI,fragmentation,Kotak Mahindra Bank,UPI_001405,Android,17.419215580225057,78.41972426357665,2.76781035,3
TXN_0001913,CASE_000569,2026-06-09 18:03:15.905289925,ACC_001288,ACC_001625,4624.57,IMPS,mule_transfer,ICICI Bank,UPI_001777,Android,,,21.077848016666668,4
TXN_0001914,CASE_000569,2026-06-09 18:58:20.758631371,ACC_001625,ACC_000467,3480.5,NEFT,mule_transfer,Axis Bank,UPI_000514,Android,,,55.08088901666667,5
TXN_0001915,CASE_000569,2026-06-09 19:08:44.072880621,ACC_000467,ACC_001625,3480.5,IMPS,mule_transfer,ICICI Bank,UPI_001777,Desktop,,,10.388570816666666,6
TXN_0001916,CASE_000570,2025-09-21 21:49:31.979323006,ACC_001730,ACC_000767,3409.65,IMPS,fragmentation,SBI,UPI_000849,Android,19.008087407173335,73.0898745987385,,1
TXN_0001917,CASE_000570,2025-09-21 21:53:50.994228162,ACC_001730,ACC_000767,11000.31,IMPS,fragmentation,SBI,UPI_000849,Android,19.008087407173335,73.0898745987385,4.316915083333333,2
TXN_0001918,CASE_000570,2025-09-21 21:58:31.561510412,ACC_001730,ACC_000767,11982.83,UPI,fragmentation,SBI,UPI_000849,Android,19.008087407173335,73.0898745987385,4.676121366666666,3
TXN_0001919,CASE_000570,2025-09-21 22:21:57.388450517,ACC_000767,ACC_001308,26392.8,UPI,mule_transfer,IndusInd Bank,UPI_001427,Android,,,23.430449,4
TXN_0001920,CASE_000571,2024-02-17 13:49:42.269518556,ACC_001264,ACC_000775,6882.55,UPI,fragmentation,SBI,UPI_000857,iOS,13.051060962077226,77.70018489904453,,1
TXN_0001921,CASE_000571,2024-02-17 13:51:25.395927640,ACC_001264,ACC_000775,528.85,IMPS,fragmentation,SBI,UPI_000857,Android,13.051060962077226,77.70018489904453,1.7187734833333332,2
TXN_0001922,CASE_000571,2024-02-17 15:32:59.266456222,ACC_000775,ACC_000023,4646.95,UPI,mule_transfer,Kotak Mahindra Bank,UPI_000028,Android,,,101.56450880000001,3
TXN_0001923,CASE_000571,2024-02-17 15:34:16.805786325,ACC_000023,ACC_000775,4646.95,IMPS,mule_transfer,SBI,UPI_000857,Android,,,1.2923221666666669,4
TXN_0001924,CASE_000572,2024-03-25 09:44:02.676263498,ACC_001398,ACC_001335,3310.97,NEFT,fragmentation,Kotak Mahindra Bank,UPI_001457,iOS,13.17820213548388,80.26886788425759,,1
TXN_0001925,CASE_000572,2024-03-25 09:50:35.659175625,ACC_001398,ACC_001335,8070.44,IMPS,fragmentation,Kotak Mahindra Bank,UPI_001457,Android,13.17820213548388,80.26886788425759,6.5497152,2
TXN_0001926,CASE_000572,2024-03-25 10:02:29.150756032,ACC_001398,ACC_001335,530.8,IMPS,fragmentation,Kotak Mahindra Bank,UPI_001457,Android,13.17820213548388,80.26886788425759,11.891526333333333,3
TXN_0001927,CASE_000572,2024-03-25 10:10:38.350371888,ACC_001398,ACC_001335,2113.84,Net Banking,fragmentation,Kotak Mahindra Bank,UPI_001457,Desktop,13.17820213548388,80.26886788425759,8.153326916666666,4
TXN_0001928,CASE_000572,2024-03-25 10:18:24.063309056,ACC_001335,ACC_000366,10721.55,IMPS,mule_transfer,IDFC First Bank,UPI_000405,iOS,,,7.761882283333334,5
TXN_0001929,CASE_000572,2024-03-25 11:37:29.882947210,ACC_000366,ACC_000287,10721.55,NEFT,mule_transfer,Punjab National Bank,UPI_000316,Android,,,79.09699396666666,6
TXN_0001930,CASE_000573,2024-03-21 07:48:38.184326214,ACC_001627,ACC_000932,13831.81,UPI,victim_debit,Kotak Mahindra Bank,UPI_001027,iOS,19.350431873134863,73.00499286461887,,1
TXN_0001931,CASE_000573,2024-03-21 07:53:37.784494267,ACC_000932,ACC_000753,11462.14,UPI,mule_transfer,HDFC Bank,UPI_000833,iOS,,,4.993336133333333,2
TXN_0001932,CASE_000573,2024-03-21 08:43:11.203603187,ACC_000753,ACC_001690,11462.14,Net Banking,mule_transfer,Punjab National Bank,UPI_001846,Android,,,49.556985133333335,3
TXN_0001933,CASE_000574,2026-05-17 20:50:00.972015112,ACC_000163,ACC_001350,11843.22,UPI,fragmentation,Bank of Baroda,UPI_001473,Android,26.814054308940676,80.92054087720248,,1
TXN_0001934,CASE_000574,2026-05-17 20:51:34.877441486,ACC_000163,ACC_001350,1668.51,UPI,fragmentation,Bank of Baroda,UPI_001472,Android,26.814054308940676,80.92054087720248,1.5650904333333335,2
TXN_0001935,CASE_000574,2026-05-17 21:07:30.349677888,ACC_001350,ACC_000052,13511.73,UPI,mule_transfer,IndusInd Bank,UPI_000058,Desktop,,,15.924537266666666,3
TXN_0001936,CASE_000575,2025-09-15 04:37:25.239284004,ACC_000936,ACC_001350,15960.41,UPI,victim_debit,Bank of Baroda,UPI_001472,Desktop,12.909040262932056,77.50599077577934,,1
TXN_0001937,CASE_000575,2025-09-15 05:24:54.333266231,ACC_001350,ACC_000052,15960.41,Net Banking,mule_transfer,IndusInd Bank,UPI_000058,iOS,,,47.4848997,2
TXN_0001938,CASE_000576,2025-01-24 14:24:40.226439268,ACC_001051,ACC_000023,18493.21,UPI,victim_debit,Kotak Mahindra Bank,UPI_000028,iOS,22.991300148997365,72.49720507829912,,1
TXN_0001939,CASE_000576,2025-01-24 14:42:42.511824191,ACC_000023,ACC_000775,14335.28,UPI,mule_transfer,SBI,UPI_000857,Android,,,18.038089733333333,2
TXN_0001940,CASE_000576,2025-01-24 15:11:39.023411444,ACC_000775,ACC_000480,14335.28,UPI,mule_transfer,IndusInd Bank,UPI_000531,iOS,,,28.94185978333333,3
TXN_0001941,CASE_000577,2024-07-01 15:41:15.528490597,ACC_001538,ACC_000880,18011.7,Net Banking,victim_debit,SBI,UPI_000972,iOS,13.079777373604882,80.35552020331414,,1
TXN_0001942,CASE_000577,2024-07-01 16:25:27.876398068,ACC_000880,ACC_000652,16381.47,IMPS,mule_transfer,HDFC Bank,UPI_000724,iOS,,,44.205798449999996,2
TXN_0001943,CASE_000577,2024-07-01 16:44:34.381515503,ACC_000652,ACC_000694,16381.47,UPI,mule_transfer,ICICI Bank,UPI_000770,Android,,,19.108418616666665,3
TXN_0001944,CASE_000578,2026-03-06 21:31:30.832805677,ACC_001245,ACC_001507,2744.19,IMPS,fragmentation,Punjab National Bank,UPI_001646,Android,13.059036149532453,80.1361014975347,,1
TXN_0001945,CASE_000578,2026-03-06 21:32:34.055277979,ACC_001245,ACC_001507,1850.44,UPI,fragmentation,Punjab National Bank,UPI_001646,Android,13.059036149532453,80.1361014975347,1.0537078666666668,2
TXN_0001946,CASE_000578,2026-03-06 21:36:19.251369004,ACC_001245,ACC_001507,502.19,UPI,fragmentation,Punjab National Bank,UPI_001646,Android,13.059036149532453,80.1361014975347,3.7532681833333332,3
TXN_0001947,CASE_000578,2026-03-06 21:53:03.022961789,ACC_001507,ACC_001647,5096.83,NEFT,mule_transfer,Canara Bank,UPI_001801,iOS,,,16.729526533333335,4
TXN_0001948,CASE_000579,2024-07-02 16:20:19.253843638,ACC_001258,ACC_000480,2136.68,UPI,victim_debit,IndusInd Bank,UPI_000532,iOS,13.101219590371976,80.35941715859536,,1
TXN_0001949,CASE_000579,2024-07-02 16:48:24.340364623,ACC_000480,ACC_000023,1415.06,UPI,mule_transfer,Kotak Mahindra Bank,UPI_000028,Android,,,28.084775333333333,2
TXN_0001950,CASE_000579,2024-07-02 16:57:13.393496662,ACC_000023,ACC_000480,1415.06,NEFT,mule_transfer,IndusInd Bank,UPI_000532,Desktop,,,8.8175522,3
TXN_0001951,CASE_000580,2025-10-05 20:42:22.756620733,ACC_001170,ACC_001507,1406.22,Net Banking,victim_debit,Punjab National Bank,UPI_001646,iOS,26.970270392343064,75.66754062723555,,1
TXN_0001952,CASE_000580,2025-10-05 20:48:31.349571808,ACC_001507,ACC_001647,1406.22,NEFT,mule_transfer,Canara Bank,UPI_001801,Android,,,6.143215850000001,2
TXN_0001953,CASE_000581,2025-11-26 09:41:22.275919148,ACC_000955,ACC_000366,7671.15,UPI,victim_debit,IDFC First Bank,UPI_000405,Android,17.403911697050145,78.58754023513436,,1
TXN_0001954,CASE_000581,2025-11-26 10:18:25.977473982,ACC_000366,ACC_000287,4718.23,UPI,mule_transfer,Punjab National Bank,UPI_000316,Android,,,37.06169256666667,2
TXN_0001955,CASE_000581,2025-11-26 10:56:05.261210312,ACC_000287,ACC_000267,4143.94,IMPS,mule_transfer,IDFC First Bank,UPI_000294,Android,,,37.65472893333333,3
TXN_0001956,CASE_000581,2025-11-26 11:12:01.967175485,ACC_000267,ACC_001335,4143.94,IMPS,mule_transfer,Kotak Mahindra Bank,UPI_001457,Android,,,15.945099416666666,4
TXN_0001957,CASE_000582,2024-09-25 11:13:39.780082112,ACC_001266,ACC_001178,25297.78,UPI,victim_debit,Canara Bank,UPI_001289,iOS,18.514742798304297,73.83955379222482,,1
TXN_0001958,CASE_000582,2024-09-25 11:38:18.264927839,ACC_001178,ACC_000709,20334.1,Net Banking,mule_transfer,SBI,UPI_000785,Desktop,,,24.641414083333334,2
TXN_0001959,CASE_000582,2024-09-25 11:42:46.879496799,ACC_000709,ACC_000378,20334.1,UPI,mule_transfer,Canara Bank,UPI_000421,Android,,,4.476909466666667,3
TXN_0001960,CASE_000583,2025-04-05 01:07:25.103954958,ACC_000126,ACC_000533,2065.02,NEFT,victim_debit,Kotak Mahindra Bank,UPI_000588,Android,19.095697687753244,72.77988731137349,,1
TXN_0001961,CASE_000583,2025-04-05 01:21:39.354803805,ACC_000533,ACC_000267,1761.49,UPI,mule_transfer,IDFC First Bank,UPI_000294,Desktop,,,14.237514133333333,2
TXN_0001962,CASE_000583,2025-04-05 01:24:52.464131958,ACC_000267,ACC_001335,1025.28,UPI,mule_transfer,Kotak Mahindra Bank,UPI_001457,Android,,,3.2184888000000003,3
TXN_0001963,CASE_000583,2025-04-05 01:42:31.440461307,ACC_001335,ACC_000287,1025.28,IMPS,mule_transfer,Punjab National Bank,UPI_000316,Android,,,17.649605483333335,4
TXN_0001964,CASE_000584,2024-07-22 04:08:45.732758300,ACC_001261,ACC_000404,8053.28,IMPS,fragmentation,SBI,UPI_000449,iOS,17.40949559033546,78.55029630217422,,1
TXN_0001965,CASE_000584,2024-07-22 04:16:56.545111569,ACC_001261,ACC_000404,12382.25,UPI,fragmentation,SBI,UPI_000449,Android,17.40949559033546,78.55029630217422,8.180205883333333,2
TXN_0001966,CASE_000584,2024-07-22 04:39:24.454902850,ACC_000404,ACC_000659,20435.53,UPI,mule_transfer,HDFC Bank,UPI_000731,Android,,,22.465163183333335,3
TXN_0001967,CASE_000585,2024-12-11 05:40:05.836476826,ACC_000895,ACC_001288,20870.02,UPI,fragmentation,Kotak Mahindra Bank,UPI_001405,iOS,19.08536323006259,73.00870220934344,,1
TXN_0001968,CASE_000585,2024-12-11 05:42:06.718365666,ACC_000895,ACC_001288,35351.8,Net Banking,fragmentation,Kotak Mahindra Bank,UPI_001405,Desktop,19.08536323006259,73.00870220934344,2.0146981333333334,2
TXN_0001969,CASE_000585,2024-12-11 06:28:38.541389629,ACC_001288,ACC_000093,44503.82,NEFT,mule_transfer,Yes Bank,UPI_000105,Android,,,46.53038371666666,3
TXN_0001970,CASE_000585,2024-12-11 06:44:13.379523458,ACC_000093,ACC_001288,41744.02,UPI,mule_transfer,Kotak Mahindra Bank,UPI_001405,Desktop,,,15.58063555,4
TXN_0001971,CASE_000585,2024-12-11 06:51:10.224225568,ACC_001288,ACC_000093,41744.02,IMPS,mule_transfer,Yes Bank,UPI_000105,Desktop,,,6.9474117,5
TXN_0001972,CASE_000586,2026-05-29 06:01:27.229013082,ACC_000902,ACC_000533,77.66,UPI,fragmentation,Kotak Mahindra Bank,UPI_000588,Android,18.540227056396414,73.74363041188181,,1
TXN_0001973,CASE_000586,2026-05-29 06:08:43.559739486,ACC_000902,ACC_000533,7343.39,UPI,fragmentation,Kotak Mahindra Bank,UPI_000588,iOS,18.540227056396414,73.74363041188181,7.272178766666667,2
TXN_0001974,CASE_000586,2026-05-29 06:10:34.326031570,ACC_000902,ACC_000533,1781.65,UPI,fragmentation,Kotak Mahindra Bank,UPI_000588,Android,18.540227056396414,73.74363041188181,1.8461048666666666,3
TXN_0001975,CASE_000586,2026-05-29 06:12:26.386565326,ACC_000902,ACC_000533,11152.1,UPI,fragmentation,Kotak Mahindra Bank,UPI_000588,Desktop,18.540227056396414,73.74363041188181,1.8676755500000002,4
TXN_0001976,CASE_000586,2026-05-29 08:51:43.891198021,ACC_000533,ACC_001335,15334.04,IMPS,mule_transfer,Kotak Mahindra Bank,UPI_001457,Android,,,159.29174386666668,5
TXN_0001977,CASE_000586,2026-05-29 08:53:55.648412872,ACC_001335,ACC_000267,14501.03,Net Banking,mule_transfer,IDFC First Bank,UPI_000294,Android,,,2.1959535666666667,6
TXN_0001978,CASE_000586,2026-05-29 09:34:21.617170480,ACC_000267,ACC_000366,14501.03,NEFT,mule_transfer,IDFC First Bank,UPI_000405,Android,,,40.432812616666666,7
TXN_0001979,CASE_000587,2025-09-23 11:23:43.186091932,ACC_000830,ACC_000659,8078.38,IMPS,victim_debit,HDFC Bank,UPI_000731,Desktop,19.0880673806216,72.88535988194064,,1
TXN_0001980,CASE_000587,2025-09-23 12:06:33.054210605,ACC_000659,ACC_000404,8078.38,UPI,mule_transfer,SBI,UPI_000449,iOS,,,42.8311353,2
TXN_0001981,CASE_000588,2026-02-10 06:49:50.458954579,ACC_001757,ACC_000533,12884.02,UPI,fragmentation,Kotak Mahindra Bank,UPI_000588,Android,12.978181318865987,77.61189899873781,,1
TXN_0001982,CASE_000588,2026-02-10 06:59:06.037448197,ACC_001757,ACC_000533,285.97,UPI,fragmentation,Kotak Mahindra Bank,UPI_000588,iOS,12.978181318865987,77.61189899873781,9.25964155,2
TXN_0001983,CASE_000588,2026-02-10 07:19:56.139294282,ACC_000533,ACC_001335,10194.27,IMPS,mule_transfer,Kotak Mahindra Bank,UPI_001457,Android,,,20.835030766666666,3
TXN_0001984,CASE_000588,2026-02-10 07:53:32.097688566,ACC_001335,ACC_000267,10194.27,IMPS,mule_transfer,IDFC First Bank,UPI_000294,Desktop,,,33.59930656666667,4
TXN_0001985,CASE_000589,2025-05-07 12:04:56.952844800,ACC_001599,ACC_001647,97184.58,IMPS,victim_debit,Canara Bank,UPI_001801,iOS,19.209257916599245,72.9808474004104,,1
TXN_0001986,CASE_000589,2025-05-07 12:21:18.112841031,ACC_001647,ACC_001507,97184.58,UPI,mule_transfer,Punjab National Bank,UPI_001646,iOS,,,16.3526666,2
TXN_0001987,CASE_000590,2024-08-05 18:54:42.133865712,ACC_001182,ACC_000011,14604.87,UPI,victim_debit,Bank of Baroda,UPI_000013,Android,17.4453433890847,78.4570335580783,,1
TXN_0001988,CASE_000590,2024-08-05 19:10:49.699898509,ACC_000011,ACC_001300,14604.87,Net Banking,mule_transfer,ICICI Bank,UPI_001418,Android,,,16.126100533333332,2
TXN_0001989,CASE_000591,2025-10-11 10:50:50.939998431,ACC_000811,ACC_000404,3194.67,Net Banking,victim_debit,SBI,UPI_000450,Android,22.562499508457883,88.3594191646135,,1
TXN_0001990,CASE_000591,2025-10-11 11:16:49.467281540,ACC_000404,ACC_000659,3194.67,UPI,mule_transfer,HDFC Bank,UPI_000731,Android,,,25.975454716666665,2
TXN_0001991,CASE_000592,2025-04-01 01:11:46.184442210,ACC_001778,ACC_000267,3044.62,Net Banking,victim_debit,IDFC First Bank,UPI_000294,Android,22.94806565214406,72.64031849055915,,1
TXN_0001992,CASE_000592,2025-04-01 01:38:34.470638759,ACC_000267,ACC_001335,1680.25,NEFT,mule_transfer,Kotak Mahindra Bank,UPI_001457,Android,,,26.804769933333333,2
TXN_0001993,CASE_000592,2025-04-01 01:43:12.098589883,ACC_001335,ACC_000267,1223.8,NEFT,mule_transfer,IDFC First Bank,UPI_000294,iOS,,,4.627132516666666,3
TXN_0001994,CASE_000592,2025-04-01 01:55:01.755691291,ACC_000267,ACC_000287,1223.8,UPI,mule_transfer,Punjab National Bank,UPI_000315,Android,,,11.82761835,4
TXN_0001995,CASE_000593,2024-06-10 03:24:25.980347813,ACC_000124,ACC_000052,144802.23,UPI,victim_debit,IndusInd Bank,UPI_000058,iOS,20.071454788120942,73.77903805220893,,1
TXN_0001996,CASE_000593,2024-06-10 03:43:44.563805841,ACC_000052,ACC_001350,144802.23,UPI,mule_transfer,Bank of Baroda,UPI_001472,iOS,,,19.309724300000003,2
TXN_0001997,CASE_000594,2025-01-10 18:34:37.655048585,ACC_000730,ACC_000011,54656.62,UPI,victim_debit,Bank of Baroda,UPI_000013,Android,12.861566077411927,77.62080130344387,,1
TXN_0001998,CASE_000594,2025-01-10 18:36:00.694871078,ACC_000011,ACC_001300,54656.62,UPI,mule_transfer,ICICI Bank,UPI_001419,iOS,,,1.3839970333333333,2
TXN_0001999,CASE_000595,2025-08-01 08:26:21.948050518,ACC_000133,ACC_000819,3039.35,Net Banking,fragmentation,HDFC Bank,UPI_000907,iOS,12.937019925788938,77.6102920319043,,1
TXN_0002000,CASE_000595,2025-08-01 08:30:07.885509256,ACC_000133,ACC_000819,1506.22,Net Banking,fragmentation,HDFC Bank,UPI_000907,Android,12.937019925788938,77.6102920319043,3.7656243,2
TXN_0002001,CASE_000595,2025-08-01 08:34:54.327569605,ACC_000133,ACC_000819,1149.11,NEFT,fragmentation,HDFC Bank,UPI_000907,Android,12.937019925788938,77.6102920319043,4.774034333333334,3
TXN_0002002,CASE_000595,2025-08-01 09:08:17.219423553,ACC_000819,ACC_001768,5694.67,IMPS,mule_transfer,Canara Bank,UPI_001932,iOS,,,33.38153088333333,4
TXN_0002003,CASE_000596,2025-10-31 21:43:15.867461511,ACC_000032,ACC_000467,669.74,Net Banking,fragmentation,Axis Bank,UPI_000515,iOS,12.91198168395757,77.6325448102737,,1
TXN_0002004,CASE_000596,2025-10-31 21:45:34.118258709,ACC_000032,ACC_000467,270.76,UPI,fragmentation,Axis Bank,UPI_000515,Android,12.91198168395757,77.6325448102737,2.30417995,2
TXN_0002005,CASE_000596,2025-10-31 21:48:40.646538709,ACC_000032,ACC_000467,2949.02,UPI,fragmentation,Axis Bank,UPI_000514,iOS,12.91198168395757,77.6325448102737,3.1088046666666664,3
TXN_0002006,CASE_000596,2025-10-31 21:51:10.788788129,ACC_000032,ACC_000467,346.02,UPI,fragmentation,Axis Bank,UPI_000515,Desktop,12.91198168395757,77.6325448102737,2.5023708166666667,4
TXN_0002007,CASE_000596,2025-10-31 22:42:16.182171068,ACC_000467,ACC_001288,3778.57,Net Banking,mule_transfer,Kotak Mahindra Bank,UPI_001405,Android,,,51.0898897,5
TXN_0002008,CASE_000596,2025-10-31 23:09:14.457629175,ACC_001288,ACC_000467,2892.15,IMPS,mule_transfer,Axis Bank,UPI_000515,Android,,,26.971257633333334,6
TXN_0002009,CASE_000596,2025-10-31 23:18:30.191577387,ACC_000467,ACC_001288,2892.15,Net Banking,mule_transfer,Kotak Mahindra Bank,UPI_001405,Android,,,9.262232466666667,7
TXN_0002010,CASE_000597,2024-08-09 14:24:46.780795063,ACC_001144,ACC_001267,1897.07,IMPS,fragmentation,ICICI Bank,UPI_001383,Desktop,13.076654153847864,80.28577052042087,,1
TXN_0002011,CASE_000597,2024-08-09 14:34:33.525121948,ACC_001144,ACC_001267,4959.77,UPI,fragmentation,ICICI Bank,UPI_001383,Android,13.076654153847864,80.28577052042087,9.7790721,2
TXN_0002012,CASE_000597,2024-08-09 14:38:01.557573396,ACC_001267,ACC_001050,6856.84,IMPS,mule_transfer,Punjab National Bank,UPI_001155,iOS,,,3.467207516666667,3
TXN_0002013,CASE_000598,2026-03-09 01:18:11.857158210,ACC_001586,ACC_001350,34873.35,UPI,victim_debit,Bank of Baroda,UPI_001473,Desktop,18.46566464185275,73.96877917682231,,1
TXN_0002014,CASE_000598,2026-03-09 01:22:31.034268151,ACC_001350,ACC_000052,34873.35,UPI,mule_transfer,IndusInd Bank,UPI_000058,Android,,,4.319618483333333,2
TXN_0002015,CASE_000599,2024-12-11 19:02:39.454765925,ACC_000656,ACC_001288,1540.88,UPI,fragmentation,Kotak Mahindra Bank,UPI_001405,iOS,22.71059608989459,75.83399217606433,,1
TXN_0002016,CASE_000599,2024-12-11 19:11:19.668695398,ACC_000656,ACC_001288,122.82,UPI,fragmentation,Kotak Mahindra Bank,UPI_001405,Android,22.71059608989459,75.83399217606433,8.67023215,2
TXN_0002017,CASE_000599,2024-12-11 19:25:35.834861258,ACC_001288,ACC_001625,1443.09,IMPS,mule_transfer,ICICI Bank,UPI_001777,Android,,,14.269436083333334,3
TXN_0002018,CASE_000599,2024-12-11 19:39:01.459337503,ACC_001625,ACC_000467,1443.09,UPI,mule_transfer,Axis Bank,UPI_000514,Android,,,13.4270746,4
TXN_0002019,CASE_000600,2024-09-04 01:37:00.024055477,ACC_001232,ACC_001050,2794.68,IMPS,victim_debit,Punjab National Bank,UPI_001155,Android,19.089379910178412,72.88141432605181,,1
TXN_0002020,CASE_000600,2024-09-04 01:49:43.862837905,ACC_001050,ACC_001267,2794.68,UPI,mule_transfer,ICICI Bank,UPI_001383,Android,,,12.730646366666667,2
TXN_0002021,CASE_000601,2024-06-26 18:23:22.829224828,ACC_000518,ACC_000467,48864.28,UPI,fragmentation,Axis Bank,UPI_000514,iOS,23.010988810324463,72.54401330756936,,1
TXN_0002022,CASE_000601,2024-06-26 18:27:06.395777938,ACC_000518,ACC_000467,7187.62,Net Banking,fragmentation,Axis Bank,UPI_000515,Android,23.010988810324463,72.54401330756936,3.7261092166666665,2
TXN_0002023,CASE_000601,2024-06-26 18:28:25.126289233,ACC_000518,ACC_000467,23694.08,IMPS,fragmentation,Axis Bank,UPI_000515,Android,23.010988810324463,72.54401330756936,1.3121751833333335,3
TXN_0002024,CASE_000601,2024-06-26 18:36:27.709406871,ACC_000467,ACC_001625,53490.43,UPI,mule_transfer,ICICI Bank,UPI_001777,iOS,,,8.04305195,4
TXN_0002025,CASE_000601,2024-06-26 18:41:47.288564507,ACC_001625,ACC_000467,39217.14,UPI,mule_transfer,Axis Bank,UPI_000514,Android,,,5.3263192833333335,5
TXN_0002026,CASE_000601,2024-06-26 18:56:08.842688965,ACC_000467,ACC_001625,39217.14,UPI,mule_transfer,ICICI Bank,UPI_001777,Desktop,,,14.3592354,6
TXN_0002027,CASE_000602,2026-01-02 14:57:16.434973305,ACC_000541,ACC_001507,2238.29,NEFT,fragmentation,Punjab National Bank,UPI_001646,Android,17.417882318726807,78.59554166867679,,1
TXN_0002028,CASE_000602,2026-01-02 15:02:51.505982935,ACC_000541,ACC_001507,698.87,IMPS,fragmentation,Punjab National Bank,UPI_001646,Android,17.417882318726807,78.59554166867679,5.5845168166666665,2
TXN_0002029,CASE_000602,2026-01-02 15:09:22.893884988,ACC_000541,ACC_001507,6439.58,IMPS,fragmentation,Punjab National Bank,UPI_001646,Desktop,17.417882318726807,78.59554166867679,6.5231316999999995,3
TXN_0002030,CASE_000602,2026-01-02 15:19:50.501942368,ACC_001507,ACC_001647,9376.74,UPI,mule_transfer,Canara Bank,UPI_001801,Android,,,10.460134283333334,4
TXN_0002031,CASE_000603,2024-11-18 16:23:49.676466136,ACC_001140,ACC_000467,15132.13,UPI,victim_debit,Axis Bank,UPI_000514,Android,18.509721155910047,73.86672892046519,,1
TXN_0002032,CASE_000603,2024-11-18 16:38:50.118972438,ACC_000467,ACC_001625,15132.13,UPI,mule_transfer,ICICI Bank,UPI_001777,Android,,,15.007375099999999,2
TXN_0002033,CASE_000604,2025-03-16 09:32:35.109603124,ACC_001332,ACC_001238,7168.05,UPI,victim_debit,SBI,UPI_001349,iOS,22.622853360278363,88.43547960760974,,1
TXN_0002034,CASE_000604,2025-03-16 09:44:12.561729018,ACC_001238,ACC_001365,4592.04,UPI,mule_transfer,IndusInd Bank,UPI_001488,iOS,,,11.624202083333333,2
TXN_0002035,CASE_000604,2025-03-16 10:36:51.503825550,ACC_001365,ACC_001349,4592.04,IMPS,mule_transfer,Kotak Mahindra Bank,UPI_001471,Android,,,52.64903493333334,3
TXN_0002036,CASE_000605,2024-07-22 00:39:22.716540033,ACC_000791,ACC_001308,7210.66,IMPS,fragmentation,IndusInd Bank,UPI_001428,Desktop,18.980652827477947,72.84298066812715,,1
TXN_0002037,CASE_000605,2024-07-22 00:44:29.020050475,ACC_000791,ACC_001308,6568.09,IMPS,fragmentation,IndusInd Bank,UPI_001428,Android,18.980652827477947,72.84298066812715,5.1050585,2
TXN_0002038,CASE_000605,2024-07-22 00:46:29.025995437,ACC_000791,ACC_001308,875.67,UPI,fragmentation,IndusInd Bank,UPI_001427,iOS,18.980652827477947,72.84298066812715,2.0000990666666665,3
TXN_0002039,CASE_000605,2024-07-22 01:48:59.505590990,ACC_001308,ACC_000139,14654.42,UPI,mule_transfer,Axis Bank,UPI_000156,Desktop,,,62.50799325,4
TXN_0002040,CASE_000606,2025-09-17 01:01:27.367906440,ACC_000902,ACC_001046,124.42,NEFT,fragmentation,IDFC First Bank,UPI_001151,iOS,22.559468130366334,88.25490603639776,,1
TXN_0002041,CASE_000606,2025-09-17 01:04:14.551328163,ACC_000902,ACC_001046,917.37,UPI,fragmentation,IDFC First Bank,UPI_001151,Android,22.559468130366334,88.25490603639776,2.78639035,2
TXN_0002042,CASE_000606,2025-09-17 01:10:00.263077571,ACC_000902,ACC_001046,197.82,UPI,fragmentation,IDFC First Bank,UPI_001151,Android,22.559468130366334,88.25490603639776,5.761862483333333,3
TXN_0002043,CASE_000606,2025-09-17 01:14:02.335145861,ACC_000902,ACC_001046,58.51,IMPS,fragmentation,IDFC First Bank,UPI_001151,Android,22.559468130366334,88.25490603639776,4.034534466666667,4
TXN_0002044,CASE_000606,2025-09-17 01:46:02.371291811,ACC_001046,ACC_000820,1097.47,IMPS,mule_transfer,ICICI Bank,UPI_000908,iOS,,,32.000602416666666,5
TXN_0002045,CASE_000606,2025-09-17 02:17:36.193741775,ACC_000820,ACC_000782,1097.47,UPI,mule_transfer,IDFC First Bank,UPI_000866,Android,,,31.563707483333335,6
TXN_0002046,CASE_000607,2025-12-12 12:44:49.183369555,ACC_001466,ACC_001050,3706.59,UPI,victim_debit,Punjab National Bank,UPI_001155,iOS,17.36930210955042,78.50800136052086,,1
TXN_0002047,CASE_000607,2025-12-12 13:23:32.706944583,ACC_001050,ACC_001267,3706.59,NEFT,mule_transfer,ICICI Bank,UPI_001383,iOS,,,38.72539291666667,2
TXN_0002048,CASE_000608,2024-11-05 05:42:49.291963102,ACC_001258,ACC_000139,2890.07,IMPS,fragmentation,Axis Bank,UPI_000155,iOS,19.08031017855956,72.88523937699674,,1
TXN_0002049,CASE_000608,2024-11-05 05:44:17.521245670,ACC_001258,ACC_000139,7316.21,IMPS,fragmentation,Axis Bank,UPI_000156,Android,19.08031017855956,72.88523937699674,1.4704880333333332,2
TXN_0002050,CASE_000608,2024-11-05 05:46:55.322319811,ACC_001258,ACC_000139,213.01,UPI,fragmentation,Axis Bank,UPI_000155,Android,19.08031017855956,72.88523937699674,2.6300179,3
TXN_0002051,CASE_000608,2024-11-05 07:01:04.591372253,ACC_000139,ACC_001308,6811.47,Net Banking,mule_transfer,IndusInd Bank,UPI_001428,Android,,,74.1544842,4
TXN_0002052,CASE_000608,2024-11-05 07:28:43.506182452,ACC_001308,ACC_000139,6811.47,NEFT,mule_transfer,Axis Bank,UPI_000155,Android,,,27.648580166666665,5
TXN_0002053,CASE_000609,2026-05-10 23:25:32.173627105,ACC_001789,ACC_000267,487.65,UPI,fragmentation,IDFC First Bank,UPI_000294,Android,19.084920586130774,72.9411755908622,,1
TXN_0002054,CASE_000609,2026-05-10 23:27:42.723074729,ACC_001789,ACC_000267,194.91,UPI,fragmentation,IDFC First Bank,UPI_000294,Desktop,19.084920586130774,72.9411755908622,2.1758241166666665,2
TXN_0002055,CASE_000609,2026-05-10 23:48:34.576282590,ACC_000267,ACC_000533,397.47,UPI,mule_transfer,Kotak Mahindra Bank,UPI_000588,Desktop,,,20.86422011666667,3
TXN_0002056,CASE_000609,2026-05-11 00:06:14.013245861,ACC_000533,ACC_000267,225.84,UPI,mule_transfer,IDFC First Bank,UPI_000294,Android,,,17.657282716666668,4
TXN_0002057,CASE_000609,2026-05-11 00:25:58.803709993,ACC_000267,ACC_000533,225.84,UPI,mule_transfer,Kotak Mahindra Bank,UPI_000588,iOS,,,19.74650773333333,5
TXN_0002058,CASE_000610,2024-01-28 22:04:18.762235161,ACC_001766,ACC_001788,6453.24,NEFT,victim_debit,Canara Bank,UPI_001953,Android,22.583956176772553,88.33693959444125,,1
TXN_0002059,CASE_000610,2024-01-28 23:05:00.483684587,ACC_001788,ACC_000782,4982.56,IMPS,mule_transfer,IDFC First Bank,UPI_000866,Android,,,60.69535748333333,2
TXN_0002060,CASE_000610,2024-01-28 23:14:01.653252489,ACC_000782,ACC_001592,4157.52,UPI,mule_transfer,Union Bank of India,UPI_001738,iOS,,,9.019492783333334,3
TXN_0002061,CASE_000610,2024-01-28 23:20:58.909655745,ACC_001592,ACC_001788,4157.52,IMPS,mule_transfer,Canara Bank,UPI_001952,iOS,,,6.954273383333333,4
TXN_0002062,CASE_000611,2024-05-01 03:07:35.285487439,ACC_000643,ACC_001507,5094.55,IMPS,victim_debit,Punjab National Bank,UPI_001646,Android,19.987042768925964,73.8897413684262,,1
TXN_0002063,CASE_000611,2024-05-01 03:10:28.059660964,ACC_001507,ACC_001647,5094.55,IMPS,mule_transfer,Canara Bank,UPI_001801,Android,,,2.87956955,2
TXN_0002064,CASE_000612,2025-06-20 10:14:08.268967417,ACC_000934,ACC_000404,6242.59,UPI,victim_debit,SBI,UPI_000450,Android,26.919851434829717,75.73389379215902,,1
TXN_0002065,CASE_000612,2025-06-20 12:10:06.257329820,ACC_000404,ACC_000659,6242.59,Net Banking,mule_transfer,HDFC Bank,UPI_000731,Android,,,115.9664727,2
TXN_0002066,CASE_000613,2025-10-01 00:18:29.842024539,ACC_001274,ACC_000378,12490.71,UPI,victim_debit,Canara Bank,UPI_000421,iOS,22.542946048776518,88.42128661041741,,1
TXN_0002067,CASE_000613,2025-10-01 00:36:35.446967657,ACC_000378,ACC_001558,12490.71,UPI,mule_transfer,Yes Bank,UPI_001700,iOS,,,18.093415716666666,2
TXN_0002068,CASE_000614,2024-08-16 10:13:51.749955478,ACC_000450,ACC_000309,2885.79,UPI,victim_debit,Canara Bank,UPI_000342,Android,13.088458856814642,80.28529220797279,,1
TXN_0002069,CASE_000614,2024-08-16 10:33:33.527370740,ACC_000309,ACC_001046,2530.36,UPI,mule_transfer,IDFC First Bank,UPI_001151,Android,,,19.69629025,2
TXN_0002070,CASE_000614,2024-08-16 10:49:19.288197464,ACC_001046,ACC_000309,2052.26,NEFT,mule_transfer,Canara Bank,UPI_000342,Android,,,15.762680433333333,3
TXN_0002071,CASE_000614,2024-08-16 11:04:01.692438627,ACC_000309,ACC_000782,2052.26,IMPS,mule_transfer,IDFC First Bank,UPI_000866,iOS,,,14.70673735,4
TXN_0002072,CASE_000615,2025-05-19 18:33:58.333367042,ACC_000515,ACC_001308,1933.37,UPI,victim_debit,IndusInd Bank,UPI_001428,Android,18.509502115300137,73.77663573574878,,1
TXN_0002073,CASE_000615,2025-05-19 18:36:41.056064852,ACC_001308,ACC_000139,1653.22,UPI,mule_transfer,Axis Bank,UPI_000155,iOS,,,2.71204495,2
TXN_0002074,CASE_000615,2025-05-19 18:38:00.716062373,ACC_000139,ACC_001308,1653.22,UPI,mule_transfer,IndusInd Bank,UPI_001428,Android,,,1.3276666166666666,3
TXN_0002075,CASE_000616,2024-10-17 01:42:45.537281176,ACC_001589,ACC_000659,8974.29,UPI,victim_debit,HDFC Bank,UPI_000731,Android,13.05811721210673,80.27575391871069,,1
TXN_0002076,CASE_000616,2024-10-17 02:06:19.653443390,ACC_000659,ACC_000404,8974.29,UPI,mule_transfer,SBI,UPI_000450,Android,,,23.5686027,2
TXN_0002077,CASE_000617,2025-05-19 18:58:59.491738291,ACC_000865,ACC_000139,13813.42,IMPS,victim_debit,Axis Bank,UPI_000156,iOS,21.260188709598037,72.85031250384594,,1
TXN_0002078,CASE_000617,2025-05-19 19:47:03.732562648,ACC_000139,ACC_001308,7963.85,IMPS,mule_transfer,IndusInd Bank,UPI_001428,Android,,,48.0706804,2
TXN_0002079,CASE_000617,2025-05-19 20:09:21.129260076,ACC_001308,ACC_000139,7963.85,IMPS,mule_transfer,Axis Bank,UPI_000155,Desktop,,,22.28994495,3
TXN_0002080,CASE_000618,2025-08-23 15:54:48.269691020,ACC_000336,ACC_000659,1952.62,UPI,victim_debit,HDFC Bank,UPI_000731,iOS,19.085314393959212,72.87516570946752,,1
TXN_0002081,CASE_000618,2025-08-23 16:05:32.859750491,ACC_000659,ACC_000404,1952.62,UPI,mule_transfer,SBI,UPI_000450,Android,,,10.74316765,2
TXN_0002082,CASE_000619,2026-06-05 05:51:42.354136665,ACC_001658,ACC_000659,5647.28,IMPS,fragmentation,HDFC Bank,UPI_000731,iOS,21.224813966746957,79.20140939185241,,1
TXN_0002083,CASE_000619,2026-06-05 05:54:59.508380593,ACC_001658,ACC_000659,1581.54,UPI,fragmentation,HDFC Bank,UPI_000731,iOS,21.224813966746957,79.20140939185241,3.28590405,2
TXN_0002084,CASE_000619,2026-06-05 05:57:35.201389896,ACC_001658,ACC_000659,320.67,UPI,fragmentation,HDFC Bank,UPI_000731,iOS,21.224813966746957,79.20140939185241,2.594883483333333,3
TXN_0002085,CASE_000619,2026-06-05 06:01:35.098638325,ACC_001658,ACC_000659,1099.86,UPI,fragmentation,HDFC Bank,UPI_000731,Android,21.224813966746957,79.20140939185241,3.9982874666666666,4
TXN_0002086,CASE_000619,2026-06-05 06:23:46.622695245,ACC_000659,ACC_000404,8649.35,NEFT,mule_transfer,SBI,UPI_000449,iOS,,,22.192067599999998,5
TXN_0002087,CASE_000620,2025-02-19 04:07:21.563583695,ACC_001204,ACC_000480,6261.77,Net Banking,victim_debit,IndusInd Bank,UPI_000532,Android,18.46443829003345,73.93437898133213,,1
TXN_0002088,CASE_000620,2025-02-19 04:37:54.571514113,ACC_000480,ACC_000023,5155.05,UPI,mule_transfer,Kotak Mahindra Bank,UPI_000028,Android,,,30.550132166666668,2
TXN_0002089,CASE_000620,2025-02-19 05:18:56.345784197,ACC_000023,ACC_000775,5155.05,UPI,mule_transfer,SBI,UPI_000857,iOS,,,41.02957116666666,3
TXN_0002090,CASE_000621,2025-08-13 12:54:04.409743971,ACC_000730,ACC_000533,743.05,Net Banking,fragmentation,Kotak Mahindra Bank,UPI_000588,iOS,28.595499706306704,77.22752705399056,,1
TXN_0002091,CASE_000621,2025-08-13 12:55:58.547838175,ACC_000730,ACC_000533,236.85,UPI,fragmentation,Kotak Mahindra Bank,UPI_000588,iOS,28.595499706306704,77.22752705399056,1.9023015666666665,2
TXN_0002092,CASE_000621,2025-08-13 13:00:26.976955062,ACC_000730,ACC_000533,1476.83,NEFT,fragmentation,Kotak Mahindra Bank,UPI_000588,Android,28.595499706306704,77.22752705399056,4.4738186,3
TXN_0002093,CASE_000621,2025-08-13 13:03:59.328590600,ACC_000730,ACC_000533,2520.3,IMPS,fragmentation,Kotak Mahindra Bank,UPI_000588,Android,28.595499706306704,77.22752705399056,3.5391939166666666,4
TXN_0002094,CASE_000621,2025-08-13 14:13:16.369896086,ACC_000533,ACC_001335,4258.88,UPI,mule_transfer,Kotak Mahindra Bank,UPI_001457,Android,,,69.28402175,5
TXN_0002095,CASE_000621,2025-08-13 14:44:16.966459441,ACC_001335,ACC_000267,3865.95,UPI,mule_transfer,IDFC First Bank,UPI_000294,Android,,,31.009942716666668,6
TXN_0002096,CASE_000621,2025-08-13 14:53:31.113068021,ACC_000267,ACC_000287,3865.95,Net Banking,mule_transfer,Punjab National Bank,UPI_000315,iOS,,,9.2357768,7
TXN_0002097,CASE_000622,2025-06-10 15:02:10.253018395,ACC_001162,ACC_001061,447.28,UPI,fragmentation,Kotak Mahindra Bank,UPI_001166,Desktop,22.570699517228377,88.36403689107159,,1
TXN_0002098,CASE_000622,2025-06-10 15:08:27.766244959,ACC_001162,ACC_001061,119.68,IMPS,fragmentation,Kotak Mahindra Bank,UPI_001166,iOS,22.570699517228377,88.36403689107159,6.291887099999999,2
TXN_0002099,CASE_000622,2025-06-10 15:09:42.281951597,ACC_001061,ACC_001327,424.97,UPI,mule_transfer,HDFC Bank,UPI_001448,iOS,,,1.2419284333333331,3
TXN_0002100,CASE_000622,2025-06-10 16:13:24.940000632,ACC_001327,ACC_001505,424.97,Net Banking,mule_transfer,SBI,UPI_001644,Desktop,,,63.710967483333334,4
TXN_0002101,CASE_000623,2024-10-16 07:34:12.246301417,ACC_000160,ACC_001507,18268.03,Net Banking,victim_debit,Punjab National Bank,UPI_001646,iOS,12.981582590748712,77.54936414355184,,1
TXN_0002102,CASE_000623,2024-10-16 08:01:02.919843410,ACC_001507,ACC_001647,18268.03,UPI,mule_transfer,Canara Bank,UPI_001801,Android,,,26.844559016666665,2
TXN_0002103,CASE_000624,2024-08-18 13:53:50.416071047,ACC_000953,ACC_000052,5322.98,UPI,victim_debit,IndusInd Bank,UPI_000058,Android,17.405635323568173,78.48752784124518,,1
TXN_0002104,CASE_000624,2024-08-18 13:56:34.857947155,ACC_000052,ACC_001350,5322.98,NEFT,mule_transfer,Bank of Baroda,UPI_001472,Android,,,2.7406979333333337,2
TXN_0002105,CASE_000625,2026-06-18 23:02:33.412640926,ACC_000576,ACC_001365,3574.42,UPI,fragmentation,IndusInd Bank,UPI_001488,iOS,20.024397975428563,73.77686981916293,,1
TXN_0002106,CASE_000625,2026-06-18 23:04:09.931772777,ACC_000576,ACC_001365,2968.46,UPI,fragmentation,IndusInd Bank,UPI_001488,Android,20.024397975428563,73.77686981916293,1.6086521833333334,2
TXN_0002107,CASE_000625,2026-06-18 23:11:16.170360965,ACC_001365,ACC_001293,6542.88,UPI,mule_transfer,Union Bank of India,UPI_001411,iOS,,,7.1039764666666665,3
TXN_0002108,CASE_000626,2024-07-07 11:35:19.823707858,ACC_000774,ACC_000139,2838.9,NEFT,victim_debit,Axis Bank,UPI_000155,Android,19.146594971190936,72.87893584575606,,1
TXN_0002109,CASE_000626,2024-07-07 11:44:37.504417682,ACC_000139,ACC_000767,1872.35,Net Banking,mule_transfer,SBI,UPI_000849,iOS,,,9.294678483333334,2
TXN_0002110,CASE_000626,2024-07-07 11:55:34.612109599,ACC_000767,ACC_001308,1872.35,IMPS,mule_transfer,IndusInd Bank,UPI_001428,Android,,,10.95179485,3
TXN_0002111,CASE_000627,2025-12-20 23:03:18.333830676,ACC_001473,ACC_001267,8723.41,IMPS,victim_debit,ICICI Bank,UPI_001383,Android,18.598026609810468,73.83046851010612,,1
TXN_0002112,CASE_000627,2025-12-20 23:10:50.636008633,ACC_001267,ACC_001050,8723.41,IMPS,mule_transfer,Punjab National Bank,UPI_001155,Desktop,,,7.5383696166666665,2
TXN_0002113,CASE_000628,2024-05-13 13:56:38.811472183,ACC_000252,ACC_000767,90190.25,UPI,victim_debit,SBI,UPI_000849,Android,26.92219773234657,75.7629198277824,,1
TXN_0002114,CASE_000628,2024-05-13 14:57:48.836969458,ACC_000767,ACC_001308,72542.33,Net Banking,mule_transfer,IndusInd Bank,UPI_001427,Android,,,61.16709161666667,2
TXN_0002115,CASE_000628,2024-05-13 15:38:46.311474238,ACC_001308,ACC_000767,72542.33,NEFT,mule_transfer,SBI,UPI_000849,iOS,,,40.957908399999994,3
TXN_0002116,CASE_000629,2026-01-02 19:07:39.632133060,ACC_000300,ACC_000267,15626.76,UPI,victim_debit,IDFC First Bank,UPI_000294,Android,17.452623620112533,78.45217226456373,,1
TXN_0002117,CASE_000629,2026-01-02 19:23:35.896625132,ACC_000267,ACC_000533,13167.05,IMPS,mule_transfer,Kotak Mahindra Bank,UPI_000588,Android,,,15.937741533333334,2
TXN_0002118,CASE_000629,2026-01-02 19:45:22.046690515,ACC_000533,ACC_000267,13167.05,UPI,mule_transfer,IDFC First Bank,UPI_000294,Android,,,21.76916775,3
TXN_0002119,CASE_000630,2024-06-18 05:20:07.622831023,ACC_000450,ACC_001308,1132.91,NEFT,fragmentation,IndusInd Bank,UPI_001428,Android,28.586064641582702,77.1856568639515,,1
TXN_0002120,CASE_000630,2024-06-18 05:22:31.951292136,ACC_000450,ACC_001308,22703.05,UPI,fragmentation,IndusInd Bank,UPI_001428,Android,28.586064641582702,77.1856568639515,2.40547435,2
TXN_0002121,CASE_000630,2024-06-18 05:24:10.874116147,ACC_000450,ACC_001308,17677.75,UPI,fragmentation,IndusInd Bank,UPI_001427,Android,28.586064641582702,77.1856568639515,1.6487137333333335,3
TXN_0002122,CASE_000630,2024-06-18 05:54:12.453125224,ACC_001308,ACC_000767,26303.27,IMPS,mule_transfer,SBI,UPI_000849,Android,,,30.026316816666668,4
TXN_0002123,CASE_000630,2024-06-18 06:04:59.483053628,ACC_000767,ACC_001308,26303.27,UPI,mule_transfer,IndusInd Bank,UPI_001427,iOS,,,10.783832133333334,5
TXN_0002124,CASE_000631,2026-05-31 03:58:57.914778049,ACC_000345,ACC_000480,21305.45,Net Banking,victim_debit,IndusInd Bank,UPI_000532,Android,22.49024221558793,88.47550193678617,,1
TXN_0002125,CASE_000631,2026-05-31 04:30:40.361319306,ACC_000480,ACC_000775,13419.28,Net Banking,mule_transfer,SBI,UPI_000857,Android,,,31.70744235,2
TXN_0002126,CASE_000631,2026-05-31 06:08:46.545778167,ACC_000775,ACC_000023,13419.28,Net Banking,mule_transfer,Kotak Mahindra Bank,UPI_000028,iOS,,,98.10307429999999,3
TXN_0002127,CASE_000632,2025-09-16 22:37:12.108205554,ACC_001583,ACC_001507,10818.58,IMPS,victim_debit,Punjab National Bank,UPI_001646,iOS,19.07185505733203,72.87934422306701,,1
TXN_0002128,CASE_000632,2025-09-16 22:44:22.698583475,ACC_001507,ACC_001647,10818.58,Net Banking,mule_transfer,Canara Bank,UPI_001801,Android,,,7.1765062833333335,2
TXN_0002129,CASE_000633,2024-03-23 03:06:28.786187009,ACC_001648,ACC_001178,1262.27,UPI,victim_debit,Canara Bank,UPI_001289,Android,18.46634457800774,73.76927809074242,,1
TXN_0002130,CASE_000633,2024-03-23 03:26:40.413542210,ACC_001178,ACC_000378,1192.33,UPI,mule_transfer,Canara Bank,UPI_000421,Android,,,20.193789250000002,2
TXN_0002131,CASE_000633,2024-03-23 03:31:27.716578177,ACC_000378,ACC_001085,882.66,UPI,mule_transfer,Axis Bank,UPI_001191,Android,,,4.788383916666667,3
TXN_0002132,CASE_000633,2024-03-23 03:33:07.914987577,ACC_001085,ACC_000709,882.66,Net Banking,mule_transfer,SBI,UPI_000785,iOS,,,1.6699734833333333,4
TXN_0002133,CASE_000634,2025-09-23 11:58:28.755984207,ACC_001573,ACC_001365,5499.9,NEFT,fragmentation,IndusInd Bank,UPI_001488,Android,18.42675753229681,73.90551848263351,,1
TXN_0002134,CASE_000634,2025-09-23 12:00:47.472195847,ACC_001573,ACC_001365,5500.71,UPI,fragmentation,IndusInd Bank,UPI_001488,Android,18.42675753229681,73.90551848263351,2.31193685,2
TXN_0002135,CASE_000634,2025-09-23 12:06:07.807371213,ACC_001365,ACC_001238,9697.8,IMPS,mule_transfer,SBI,UPI_001349,iOS,,,5.338919583333333,3
TXN_0002136,CASE_000634,2025-09-23 12:11:39.632047169,ACC_001238,ACC_001349,9100.91,NEFT,mule_transfer,Kotak Mahindra Bank,UPI_001471,Android,,,5.53041125,4
TXN_0002137,CASE_000634,2025-09-23 12:27:32.482099300,ACC_001349,ACC_001293,9100.91,IMPS,mule_transfer,Union Bank of India,UPI_001410,Android,,,15.8808342,5
TXN_0002138,CASE_000635,2025-07-03 22:11:56.339847361,ACC_000064,ACC_000011,4666.29,IMPS,victim_debit,Bank of Baroda,UPI_000013,Android,22.71855717127793,75.84792562739284,,1
TXN_0002139,CASE_000635,2025-07-03 22:17:04.103488937,ACC_000011,ACC_001300,4666.29,Net Banking,mule_transfer,ICICI Bank,UPI_001419,iOS,,,5.129394016666667,2
TXN_0002140,CASE_000636,2024-11-03 12:54:56.926418959,ACC_001596,ACC_001647,8202.46,UPI,fragmentation,Canara Bank,UPI_001801,Android,13.10216419234456,80.28370941730142,,1
TXN_0002141,CASE_000636,2024-11-03 12:56:26.685728585,ACC_001596,ACC_001647,20515.92,IMPS,fragmentation,Canara Bank,UPI_001801,Android,13.10216419234456,80.28370941730142,1.4959884833333335,2
TXN_0002142,CASE_000636,2024-11-03 12:58:45.989405733,ACC_001596,ACC_001647,9650.0,UPI,fragmentation,Canara Bank,UPI_001801,Android,13.10216419234456,80.28370941730142,2.32172795,3
TXN_0002143,CASE_000636,2024-11-03 13:08:58.229354945,ACC_001647,ACC_001507,38368.38,Net Banking,mule_transfer,Punjab National Bank,UPI_001646,iOS,,,10.20399915,4
TXN_0002144,CASE_000637,2024-08-25 13:37:34.208759731,ACC_001345,ACC_001300,4438.06,UPI,victim_debit,ICICI Bank,UPI_001419,Android,17.410015255908164,78.43900982045983,,1
TXN_0002145,CASE_000637,2024-08-25 14:00:15.321084723,ACC_001300,ACC_000011,4438.06,IMPS,mule_transfer,Bank of Baroda,UPI_000013,Android,,,22.685205399999997,2
TXN_0002146,CASE_000638,2025-10-16 19:37:26.980480062,ACC_001646,ACC_001350,13348.62,UPI,fragmentation,Bank of Baroda,UPI_001473,Desktop,19.109304644329782,72.99672793623695,,1
TXN_0002147,CASE_000638,2025-10-16 19:40:23.797096866,ACC_001646,ACC_001350,4518.31,NEFT,fragmentation,Bank of Baroda,UPI_001473,Android,19.109304644329782,72.99672793623695,2.9469436,2
TXN_0002148,CASE_000638,2025-10-16 20:08:10.632864255,ACC_001350,ACC_000052,17866.93,IMPS,mule_transfer,IndusInd Bank,UPI_000058,Android,,,27.78059611666667,3
TXN_0002149,CASE_000639,2025-11-06 09:37:13.360817137,ACC_000245,ACC_001288,1461.09,UPI,fragmentation,Kotak Mahindra Bank,UPI_001405,Android,19.101113388406556,73.00322004629135,,1
TXN_0002150,CASE_000639,2025-11-06 09:46:56.374561886,ACC_000245,ACC_001288,3408.06,NEFT,fragmentation,Kotak Mahindra Bank,UPI_001405,Desktop,19.101113388406556,73.00322004629135,9.716895733333333,2
TXN_0002151,CASE_000639,2025-11-06 09:54:10.257881700,ACC_000245,ACC_001288,2708.32,UPI,fragmentation,Kotak Mahindra Bank,UPI_001405,iOS,19.101113388406556,73.00322004629135,7.2313886499999995,3
TXN_0002152,CASE_000639,2025-11-06 10:00:00.820769034,ACC_001288,ACC_000093,6117.16,IMPS,mule_transfer,Yes Bank,UPI_000105,iOS,,,5.842714783333333,4
TXN_0002153,CASE_000639,2025-11-06 11:33:52.570694088,ACC_000093,ACC_000467,6117.16,UPI,mule_transfer,Axis Bank,UPI_000514,Android,,,93.86249875,5
TXN_0002154,CASE_000640,2024-10-25 02:47:06.847846880,ACC_000777,ACC_001629,15028.83,IMPS,fragmentation,SBI,UPI_001781,iOS,17.434523816236318,78.56362648045793,,1
TXN_0002155,CASE_000640,2024-10-25 02:50:27.688600815,ACC_000777,ACC_001629,8902.08,NEFT,fragmentation,SBI,UPI_001781,iOS,17.434523816236318,78.56362648045793,3.3473458833333334,2
TXN_0002156,CASE_000640,2024-10-25 02:52:05.565778884,ACC_000777,ACC_001629,1239.24,UPI,fragmentation,SBI,UPI_001781,iOS,17.434523816236318,78.56362648045793,1.6312863,3
TXN_0002157,CASE_000640,2024-10-25 03:02:56.989646883,ACC_001629,ACC_001293,18583.02,UPI,mule_transfer,Union Bank of India,UPI_001410,Android,,,10.85706445,4
TXN_0002158,CASE_000640,2024-10-25 03:07:42.978993646,ACC_001293,ACC_001349,16100.7,IMPS,mule_transfer,Kotak Mahindra Bank,UPI_001471,Desktop,,,4.7664891,5
TXN_0002159,CASE_000640,2024-10-25 04:23:42.095404130,ACC_001349,ACC_001629,16100.7,IMPS,mule_transfer,SBI,UPI_001781,Android,,,75.98527349999999,6
TXN_0002160,CASE_000641,2026-03-09 06:10:29.932940968,ACC_001442,ACC_000767,72.86,UPI,fragmentation,SBI,UPI_000849,Android,28.686737741185137,77.29643077678632,,1
TXN_0002161,CASE_000641,2026-03-09 06:14:16.120234337,ACC_001442,ACC_000767,327.88,Net Banking,fragmentation,SBI,UPI_000849,Desktop,28.686737741185137,77.29643077678632,3.769788216666667,2
TXN_0002162,CASE_000641,2026-03-09 06:25:03.205373026,ACC_001442,ACC_000767,3948.29,UPI,fragmentation,SBI,UPI_000849,Android,28.686737741185137,77.29643077678632,10.784752300000001,3
TXN_0002163,CASE_000641,2026-03-09 06:31:42.257817586,ACC_001442,ACC_000767,2455.62,UPI,fragmentation,SBI,UPI_000849,Android,28.686737741185137,77.29643077678632,6.650874066666666,4
TXN_0002164,CASE_000641,2026-03-09 08:03:35.942947750,ACC_000767,ACC_001308,5488.31,UPI,mule_transfer,IndusInd Bank,UPI_001427,Android,,,91.89475216666666,5
TXN_0002165,CASE_000641,2026-03-09 08:08:52.066114384,ACC_001308,ACC_000767,5488.31,UPI,mule_transfer,SBI,UPI_000849,iOS,,,5.268719433333334,6
TXN_0002166,CASE_000642,2024-09-01 22:00:15.475444912,ACC_001536,ACC_001335,20741.52,NEFT,victim_debit,Kotak Mahindra Bank,UPI_001457,Android,26.889119905154896,80.83013303259239,,1
TXN_0002167,CASE_000642,2024-09-01 22:49:52.220994913,ACC_001335,ACC_000287,18500.38,UPI,mule_transfer,Punjab National Bank,UPI_000316,Android,,,49.61242583333333,2
TXN_0002168,CASE_000642,2024-09-01 23:03:35.109946865,ACC_000287,ACC_000366,18500.38,UPI,mule_transfer,IDFC First Bank,UPI_000405,Android,,,13.71481585,3
TXN_0002169,CASE_000643,2024-03-04 15:57:26.649891696,ACC_000873,ACC_000533,1242.42,UPI,victim_debit,Kotak Mahindra Bank,UPI_000588,Desktop,22.599528410144476,88.30059140582479,,1
TXN_0002170,CASE_000643,2024-03-04 16:40:07.374912996,ACC_000533,ACC_000267,1046.1,NEFT,mule_transfer,IDFC First Bank,UPI_000294,Android,,,42.67875035,2
TXN_0002171,CASE_000643,2024-03-04 16:46:06.698976611,ACC_000267,ACC_000287,1046.1,UPI,mule_transfer,Punjab National Bank,UPI_000315,iOS,,,5.988734383333334,3
TXN_0002172,CASE_000644,2025-06-30 12:06:16.360415984,ACC_001692,ACC_000287,1548.41,IMPS,victim_debit,Punjab National Bank,UPI_000315,iOS,28.609048042280598,77.13087377618038,,1
TXN_0002173,CASE_000644,2025-06-30 12:08:17.141903277,ACC_000287,ACC_000366,1465.36,UPI,mule_transfer,IDFC First Bank,UPI_000405,Android,,,2.0130247833333335,2
TXN_0002174,CASE_000644,2025-06-30 12:16:59.551395991,ACC_000366,ACC_000287,922.46,UPI,mule_transfer,Punjab National Bank,UPI_000315,iOS,,,8.706824866666667,3
TXN_0002175,CASE_000644,2025-06-30 12:29:26.865937307,ACC_000287,ACC_001335,922.46,UPI,mule_transfer,Kotak Mahindra Bank,UPI_001457,Android,,,12.455242349999999,4
TXN_0002176,CASE_000645,2024-04-07 13:16:19.969574690,ACC_001599,ACC_001507,95.53,UPI,fragmentation,Punjab National Bank,UPI_001646,Android,22.666659413851583,88.33810768095367,,1
TXN_0002177,CASE_000645,2024-04-07 13:28:47.822433285,ACC_001599,ACC_001507,230.14,IMPS,fragmentation,Punjab National Bank,UPI_001646,iOS,22.666659413851583,88.33810768095367,12.4642143,2
TXN_0002178,CASE_000645,2024-04-07 13:31:13.886151804,ACC_001599,ACC_001507,268.29,UPI,fragmentation,Punjab National Bank,UPI_001646,Android,22.666659413851583,88.33810768095367,2.4343953,3
TXN_0002179,CASE_000645,2024-04-07 13:33:59.717821103,ACC_001599,ACC_001507,381.58,UPI,fragmentation,Punjab National Bank,UPI_001646,Android,22.666659413851583,88.33810768095367,2.76386115,4
TXN_0002180,CASE_000645,2024-04-07 13:39:33.200028320,ACC_001507,ACC_001647,975.54,IMPS,mule_transfer,Canara Bank,UPI_001801,iOS,,,5.558036783333334,5
TXN_0002181,CASE_000646,2024-09-09 01:17:24.025566974,ACC_000555,ACC_001288,13223.41,Net Banking,victim_debit,Kotak Mahindra Bank,UPI_001405,iOS,22.715020107775757,75.89595957997462,,1
TXN_0002182,CASE_000646,2024-09-09 01:56:49.312504997,ACC_001288,ACC_000093,10686.17,UPI,mule_transfer,Yes Bank,UPI_000105,Android,,,39.42144896666667,2
TXN_0002183,CASE_000646,2024-09-09 02:18:09.683599433,ACC_000093,ACC_001288,8446.57,NEFT,mule_transfer,Kotak Mahindra Bank,UPI_001405,Android,,,21.339518233333333,3
TXN_0002184,CASE_000646,2024-09-09 02:27:50.801771389,ACC_001288,ACC_001625,8446.57,IMPS,mule_transfer,ICICI Bank,UPI_001777,Android,,,9.68530285,4
TXN_0002185,CASE_000647,2025-04-07 01:35:33.959268002,ACC_001052,ACC_001768,3099.78,UPI,fragmentation,Canara Bank,UPI_001932,iOS,28.66738600072187,77.0924249613829,,1
TXN_0002186,CASE_000647,2025-04-07 01:40:55.907531254,ACC_001052,ACC_001768,6772.59,UPI,fragmentation,Canara Bank,UPI_001932,iOS,28.66738600072187,77.0924249613829,5.365804383333333,2
TXN_0002187,CASE_000647,2025-04-07 01:42:53.492438719,ACC_001052,ACC_001768,933.96,IMPS,fragmentation,Canara Bank,UPI_001932,Android,28.66738600072187,77.0924249613829,1.95974845,3
TXN_0002188,CASE_000647,2025-04-07 01:54:12.078371021,ACC_001052,ACC_001768,6959.17,UPI,fragmentation,Canara Bank,UPI_001932,iOS,28.66738600072187,77.0924249613829,11.309765533333332,4
TXN_0002189,CASE_000647,2025-04-07 02:52:20.838545954,ACC_001768,ACC_001296,12860.8,UPI,mule_transfer,SBI,UPI_001414,Android,,,58.1460029,5
TXN_0002190,CASE_000647,2025-04-07 03:42:00.928701568,ACC_001296,ACC_000819,12860.8,UPI,mule_transfer,HDFC Bank,UPI_000907,iOS,,,49.66816925,6
TXN_0002191,CASE_000648,2024-09-17 21:47:01.882052896,ACC_000426,ACC_001288,8638.03,UPI,fragmentation,Kotak Mahindra Bank,UPI_001405,iOS,17.38331989342581,78.48905895877229,,1
TXN_0002192,CASE_000648,2024-09-17 21:50:04.220101919,ACC_000426,ACC_001288,999.48,UPI,fragmentation,Kotak Mahindra Bank,UPI_001405,iOS,17.38331989342581,78.48905895877229,3.0389674833333333,2
TXN_0002193,CASE_000648,2024-09-17 21:53:44.191019303,ACC_000426,ACC_001288,8174.19,NEFT,fragmentation,Kotak Mahindra Bank,UPI_001405,iOS,17.38331989342581,78.48905895877229,3.66618195,3
TXN_0002194,CASE_000648,2024-09-17 22:07:19.718856914,ACC_001288,ACC_000093,10656.78,IMPS,mule_transfer,Yes Bank,UPI_000105,iOS,,,13.592130616666667,4
TXN_0002195,CASE_000648,2024-09-17 22:58:32.213761071,ACC_000093,ACC_000467,7702.86,UPI,mule_transfer,Axis Bank,UPI_000514,Android,,,51.2082484,5
TXN_0002196,CASE_000648,2024-09-17 23:03:05.665489080,ACC_000467,ACC_001288,7702.86,UPI,mule_transfer,Kotak Mahindra Bank,UPI_001405,Android,,,4.5575288,6
TXN_0002197,CASE_000649,2024-07-14 21:25:31.411983957,ACC_000716,ACC_001300,3301.44,UPI,victim_debit,ICICI Bank,UPI_001419,Android,26.8209714204448,80.93929635601678,,1
TXN_0002198,CASE_000649,2024-07-14 21:31:11.060656670,ACC_001300,ACC_000011,3301.44,UPI,mule_transfer,Bank of Baroda,UPI_000013,Android,,,5.6608111999999995,2
TXN_0002199,CASE_000650,2025-10-02 14:35:26.095722175,ACC_000900,ACC_001288,4249.92,Net Banking,victim_debit,Kotak Mahindra Bank,UPI_001405,iOS,18.41852036485837,73.89492529481697,,1
TXN_0002200,CASE_000650,2025-10-02 14:39:12.873153255,ACC_001288,ACC_000093,2501.06,UPI,mule_transfer,Yes Bank,UPI_000105,Android,,,3.77962385,2
TXN_0002201,CASE_000650,2025-10-02 15:05:08.741781024,ACC_000093,ACC_000467,1928.43,Net Banking,mule_transfer,Axis Bank,UPI_000515,Android,,,25.931143783333333,3
TXN_0002202,CASE_000650,2025-10-02 15:27:42.197315576,ACC_000467,ACC_001625,1928.43,Net Banking,mule_transfer,ICICI Bank,UPI_001777,Android,,,22.55759223333333,4
TXN_0002203,CASE_000651,2025-05-13 08:05:03.054116503,ACC_000331,ACC_000961,5110.12,UPI,fragmentation,ICICI Bank,UPI_001058,iOS,26.958349781491247,75.78919495084031,,1
TXN_0002204,CASE_000651,2025-05-13 08:21:25.056344897,ACC_000331,ACC_000961,1671.73,IMPS,fragmentation,ICICI Bank,UPI_001058,iOS,26.958349781491247,75.78919495084031,16.3667038,2
TXN_0002205,CASE_000651,2025-05-13 08:22:38.710475801,ACC_000331,ACC_000961,1995.8,UPI,fragmentation,ICICI Bank,UPI_001058,iOS,26.958349781491247,75.78919495084031,1.2275688333333332,3
TXN_0002206,CASE_000651,2025-05-13 08:26:08.969788170,ACC_000331,ACC_000961,1368.03,IMPS,fragmentation,ICICI Bank,UPI_001059,iOS,26.958349781491247,75.78919495084031,3.5043218666666665,4
TXN_0002207,CASE_000651,2025-05-13 09:31:54.211418852,ACC_000961,ACC_000190,10145.68,NEFT,mule_transfer,HDFC Bank,UPI_000212,Android,,,65.75402716666666,5
TXN_0002208,CASE_000652,2026-02-04 01:12:39.033027461,ACC_000250,ACC_001350,1241.62,UPI,fragmentation,Bank of Baroda,UPI_001472,Desktop,19.057928226103176,72.86803819074021,,1
TXN_0002209,CASE_000652,2026-02-04 01:15:49.003029029,ACC_000250,ACC_001350,2315.24,NEFT,fragmentation,Bank of Baroda,UPI_001473,iOS,19.057928226103176,72.86803819074021,3.166166683333333,2
TXN_0002210,CASE_000652,2026-02-04 01:20:22.850017331,ACC_000250,ACC_001350,10455.81,UPI,fragmentation,Bank of Baroda,UPI_001472,Android,19.057928226103176,72.86803819074021,4.5641164666666665,3
TXN_0002211,CASE_000652,2026-02-04 01:34:29.739872210,ACC_000250,ACC_001350,47000.12,UPI,fragmentation,Bank of Baroda,UPI_001473,Android,19.057928226103176,72.86803819074021,14.1148309,4
TXN_0002212,CASE_000652,2026-02-04 02:15:42.246050287,ACC_001350,ACC_000052,61012.79,IMPS,mule_transfer,IndusInd Bank,UPI_000058,Android,,,41.2084363,5
TXN_0002213,CASE_000653,2025-06-13 12:47:37.942947110,ACC_000845,ACC_000091,43591.43,UPI,fragmentation,Bank of Baroda,UPI_000102,Android,17.384604525909626,78.46025806460739,,1
TXN_0002214,CASE_000653,2025-06-13 13:20:53.068385161,ACC_000845,ACC_000091,34438.97,UPI,fragmentation,Bank of Baroda,UPI_000102,Android,17.384604525909626,78.46025806460739,33.25209063333333,2
TXN_0002215,CASE_000653,2025-06-13 13:24:22.360800861,ACC_000845,ACC_000091,12043.03,Net Banking,fragmentation,Bank of Baroda,UPI_000103,Android,17.384604525909626,78.46025806460739,3.488206916666667,3
TXN_0002216,CASE_000653,2025-06-13 13:31:07.626381432,ACC_000845,ACC_000091,9100.72,UPI,fragmentation,Bank of Baroda,UPI_000102,Android,17.384604525909626,78.46025806460739,6.754426333333333,4
TXN_0002217,CASE_000653,2025-06-13 14:48:46.579904266,ACC_000091,ACC_000524,88877.41,Net Banking,mule_transfer,Bank of Baroda,UPI_000578,iOS,,,77.64922536666667,5
TXN_0002218,CASE_000653,2025-06-13 15:47:45.297042574,ACC_000524,ACC_000068,88877.41,Net Banking,mule_transfer,IndusInd Bank,UPI_000075,Android,,,58.978618966666666,6
TXN_0002219,CASE_000654,2025-03-16 11:11:54.290926199,ACC_001566,ACC_000767,60920.82,UPI,victim_debit,SBI,UPI_000849,Desktop,22.605341546104086,88.43300872677437,,1
TXN_0002220,CASE_000654,2025-03-16 11:58:14.471254495,ACC_000767,ACC_000139,34188.42,UPI,mule_transfer,Axis Bank,UPI_000156,iOS,,,46.3363388,2
TXN_0002221,CASE_000654,2025-03-16 12:12:20.276411471,ACC_000139,ACC_000767,34188.42,UPI,mule_transfer,SBI,UPI_000849,Android,,,14.0967526,3
TXN_0002222,CASE_000655,2024-08-26 00:16:25.712516058,ACC_001303,ACC_001768,24560.56,UPI,victim_debit,Canara Bank,UPI_001932,Desktop,17.488966876471487,78.43681279135481,,1
TXN_0002223,CASE_000655,2024-08-26 00:52:39.266638149,ACC_001768,ACC_000819,24560.56,IMPS,mule_transfer,HDFC Bank,UPI_000907,Desktop,,,36.225902033333334,2
TXN_0002224,CASE_000656,2025-12-22 14:00:39.460023933,ACC_000488,ACC_000267,11749.13,IMPS,fragmentation,IDFC First Bank,UPI_000294,iOS,12.962226237198008,77.59273999471924,,1
TXN_0002225,CASE_000656,2025-12-22 14:03:36.175240038,ACC_000488,ACC_000267,30901.41,IMPS,fragmentation,IDFC First Bank,UPI_000294,Android,12.962226237198008,77.59273999471924,2.9452536,2
TXN_0002226,CASE_000656,2025-12-22 14:09:39.612190783,ACC_000267,ACC_000366,34817.05,UPI,mule_transfer,IDFC First Bank,UPI_000405,Android,,,6.0572825,3
TXN_0002227,CASE_000656,2025-12-22 14:23:41.544058919,ACC_000366,ACC_001335,34817.05,UPI,mule_transfer,Kotak Mahindra Bank,UPI_001457,Android,,,14.0321978,4
TXN_0002228,CASE_000657,2024-06-28 09:03:40.461989998,ACC_001153,ACC_001065,17364.41,UPI,victim_debit,Axis Bank,UPI_001171,iOS,17.386794769679817,78.49058493573966,,1
TXN_0002229,CASE_000657,2024-06-28 09:28:16.275629132,ACC_001065,ACC_001150,17364.41,Net Banking,mule_transfer,ICICI Bank,UPI_001258,Android,,,24.596893983333334,2
TXN_0002230,CASE_000658,2024-08-08 16:55:07.636585314,ACC_000032,ACC_000961,3839.11,IMPS,victim_debit,ICICI Bank,UPI_001059,iOS,19.180068722132017,72.92525704101105,,1
TXN_0002231,CASE_000658,2024-08-08 16:59:39.951051805,ACC_000961,ACC_000190,3839.11,IMPS,mule_transfer,HDFC Bank,UPI_000212,Android,,,4.538574433333333,2
TXN_0002232,CASE_000659,2026-02-05 17:00:05.526662137,ACC_001770,ACC_000404,2426.55,IMPS,fragmentation,SBI,UPI_000449,Android,18.566512213178875,73.98399923036924,,1
TXN_0002233,CASE_000659,2026-02-05 17:09:57.912627707,ACC_001770,ACC_000404,1700.07,IMPS,fragmentation,SBI,UPI_000449,Android,18.566512213178875,73.98399923036924,9.873099416666667,2
TXN_0002234,CASE_000659,2026-02-05 17:24:44.591495096,ACC_001770,ACC_000404,2138.31,UPI,fragmentation,SBI,UPI_000450,Android,18.566512213178875,73.98399923036924,14.777981116666666,3
TXN_0002235,CASE_000659,2026-02-05 17:26:57.096433458,ACC_001770,ACC_000404,1554.72,UPI,fragmentation,SBI,UPI_000449,Android,18.566512213178875,73.98399923036924,2.2084156333333333,4
TXN_0002236,CASE_000659,2026-02-05 17:30:53.494451497,ACC_000404,ACC_000659,7819.66,IMPS,mule_transfer,HDFC Bank,UPI_000731,Desktop,,,3.939966966666667,5
TXN_0002237,CASE_000660,2025-11-06 06:28:37.327271940,ACC_001074,ACC_000287,8319.83,UPI,victim_debit,Punjab National Bank,UPI_000315,Android,18.55513956419509,73.87215497157531,,1
TXN_0002238,CASE_000660,2025-11-06 06:42:14.599370438,ACC_000287,ACC_000366,4708.77,NEFT,mule_transfer,IDFC First Bank,UPI_000405,Android,,,13.621201633333333,2
TXN_0002239,CASE_000660,2025-11-06 06:49:48.792927232,ACC_000366,ACC_000267,4708.77,UPI,mule_transfer,IDFC First Bank,UPI_000294,Desktop,,,7.5698926,3
TXN_0002240,CASE_000661,2025-07-12 08:10:51.712004672,ACC_000116,ACC_000287,2677.36,NEFT,fragmentation,Punjab National Bank,UPI_000315,iOS,17.33375835000736,78.3619419577978,,1
TXN_0002241,CASE_000661,2025-07-12 08:14:46.655185700,ACC_000116,ACC_000287,4823.31,Net Banking,fragmentation,Punjab National Bank,UPI_000316,Android,17.33375835000736,78.3619419577978,3.9157196833333336,2
TXN_0002242,CASE_000661,2025-07-12 08:15:54.582178526,ACC_000116,ACC_000287,475.87,UPI,fragmentation,Punjab National Bank,UPI_000316,iOS,17.33375835000736,78.3619419577978,1.1321165333333334,3
TXN_0002243,CASE_000661,2025-07-12 08:26:14.928372606,ACC_000287,ACC_000366,5477.32,UPI,mule_transfer,IDFC First Bank,UPI_000405,Android,,,10.339103233333333,4
TXN_0002244,CASE_000661,2025-07-12 10:17:13.147837237,ACC_000366,ACC_001335,4049.54,NEFT,mule_transfer,Kotak Mahindra Bank,UPI_001457,Desktop,,,110.9703244,5
TXN_0002245,CASE_000661,2025-07-12 10:30:45.053418875,ACC_001335,ACC_000366,4049.54,UPI,mule_transfer,IDFC First Bank,UPI_000405,iOS,,,13.531759683333332,6
TXN_0002246,CASE_000662,2024-02-05 11:49:02.534193511,ACC_000594,ACC_000287,2113.85,IMPS,victim_debit,Punjab National Bank,UPI_000315,Android,28.70599366681404,77.29656024711312,,1
TXN_0002247,CASE_000662,2024-02-05 13:17:06.855071103,ACC_000287,ACC_001335,2113.85,UPI,mule_transfer,Kotak Mahindra Bank,UPI_001457,Android,,,88.07201461666666,2
TXN_0002248,CASE_000663,2024-04-25 23:14:24.907777703,ACC_001018,ACC_000366,25629.52,UPI,victim_debit,IDFC First Bank,UPI_000405,Desktop,18.550452245362827,73.88167474152675,,1
TXN_0002249,CASE_000663,2024-04-25 23:22:15.181149710,ACC_000366,ACC_001335,16840.72,NEFT,mule_transfer,Kotak Mahindra Bank,UPI_001457,Android,,,7.837889533333334,2
TXN_0002250,CASE_000663,2024-04-26 00:04:48.293453286,ACC_001335,ACC_000267,12492.58,UPI,mule_transfer,IDFC First Bank,UPI_000294,Android,,,42.55187171666667,3
TXN_0002251,CASE_000663,2024-04-26 00:27:36.630917963,ACC_000267,ACC_000287,12492.58,UPI,mule_transfer,Punjab National Bank,UPI_000316,Desktop,,,22.8056244,4
TXN_0002252,CASE_000664,2025-03-31 11:36:08.221471429,ACC_000303,ACC_000052,10652.61,IMPS,victim_debit,IndusInd Bank,UPI_000058,iOS,26.905428958008898,75.66374036514827,,1
TXN_0002253,CASE_000664,2025-03-31 12:29:30.094165392,ACC_000052,ACC_001350,10652.61,NEFT,mule_transfer,Bank of Baroda,UPI_001473,Android,,,53.36454488333333,2
TXN_0002254,CASE_000665,2025-11-10 22:12:26.022242465,ACC_001677,ACC_001308,3557.79,NEFT,fragmentation,IndusInd Bank,UPI_001428,Desktop,28.701065354138734,77.24488998862365,,1
TXN_0002255,CASE_000665,2025-11-10 22:15:18.342940962,ACC_001677,ACC_001308,25919.42,UPI,fragmentation,IndusInd Bank,UPI_001428,Android,28.701065354138734,77.24488998862365,2.8720116333333334,2
TXN_0002256,CASE_000665,2025-11-10 22:38:42.657256418,ACC_001308,ACC_000767,22005.82,NEFT,mule_transfer,SBI,UPI_000849,Android,,,23.405238583333336,3
TXN_0002257,CASE_000665,2025-11-11 00:12:52.869384480,ACC_000767,ACC_001308,22005.82,IMPS,mule_transfer,IndusInd Bank,UPI_001428,iOS,,,94.17020213333333,4
TXN_0002258,CASE_000666,2025-02-26 19:33:52.322426455,ACC_000006,ACC_001288,1465.72,IMPS,victim_debit,Kotak Mahindra Bank,UPI_001405,iOS,28.63926811149411,77.13570297750165,,1
TXN_0002259,CASE_000666,2025-02-26 19:43:57.816575987,ACC_001288,ACC_000093,1465.72,UPI,mule_transfer,Yes Bank,UPI_000105,Android,,,10.09156915,2
TXN_0002260,CASE_000667,2024-01-16 18:20:34.165346549,ACC_001744,ACC_000267,23396.16,NEFT,fragmentation,IDFC First Bank,UPI_000294,Android,28.630240282297986,77.14661574556554,,1
TXN_0002261,CASE_000667,2024-01-16 18:22:22.954189840,ACC_001744,ACC_000267,48817.91,UPI,fragmentation,IDFC First Bank,UPI_000294,Android,28.630240282297986,77.14661574556554,1.8131473833333334,2
TXN_0002262,CASE_000667,2024-01-16 18:31:14.617006043,ACC_000267,ACC_000533,55661.23,UPI,mule_transfer,Kotak Mahindra Bank,UPI_000588,Desktop,,,8.861046933333334,3
TXN_0002263,CASE_000667,2024-01-16 18:54:53.510938085,ACC_000533,ACC_000366,55661.23,UPI,mule_transfer,IDFC First Bank,UPI_000405,iOS,,,23.6482322,4
TXN_0002264,CASE_000668,2024-06-16 22:08:15.304302672,ACC_001139,ACC_001629,3464.52,Net Banking,victim_debit,SBI,UPI_001781,Android,19.102499974201915,73.12017063018959,,1
TXN_0002265,CASE_000668,2024-06-16 22:25:26.381390323,ACC_001629,ACC_001293,3464.52,IMPS,mule_transfer,Union Bank of India,UPI_001411,Android,,,17.184618116666666,2
TXN_0002266,CASE_000669,2025-06-20 09:49:58.225565544,ACC_001672,ACC_001365,1678.93,UPI,victim_debit,IndusInd Bank,UPI_001488,iOS,22.466141030266215,88.3505256465798,,1
TXN_0002267,CASE_000669,2025-06-20 09:54:44.303488886,ACC_001365,ACC_001238,1286.05,UPI,mule_transfer,SBI,UPI_001349,Android,,,4.767965383333333,2
TXN_0002268,CASE_000669,2025-06-20 10:17:05.677693030,ACC_001238,ACC_001349,1286.05,UPI,mule_transfer,Kotak Mahindra Bank,UPI_001471,iOS,,,22.356236733333333,3
TXN_0002269,CASE_000670,2025-09-24 10:59:03.902873276,ACC_000433,ACC_000524,812.85,IMPS,fragmentation,Bank of Baroda,UPI_000578,Android,28.697909380528035,77.27547456286405,,1
TXN_0002270,CASE_000670,2025-09-24 11:02:53.787071667,ACC_000433,ACC_000524,2245.3,NEFT,fragmentation,Bank of Baroda,UPI_000578,Android,28.697909380528035,77.27547456286405,3.8314033,2
TXN_0002271,CASE_000670,2025-09-24 11:05:06.250770755,ACC_000433,ACC_000524,50.0,Net Banking,fragmentation,Bank of Baroda,UPI_000578,iOS,28.697909380528035,77.27547456286405,2.2077283166666666,3
TXN_0002272,CASE_000670,2025-09-24 11:19:17.269009104,ACC_000433,ACC_000524,55.53,NEFT,fragmentation,Bank of Baroda,UPI_000578,Android,28.697909380528035,77.27547456286405,14.1836373,4
TXN_0002273,CASE_000670,2025-09-24 11:35:01.681404135,ACC_000524,ACC_000068,2874.61,UPI,mule_transfer,IndusInd Bank,UPI_000075,Android,,,15.740206583333332,5
TXN_0002274,CASE_000670,2025-09-24 11:52:35.084941664,ACC_000068,ACC_000524,2874.61,UPI,mule_transfer,Bank of Baroda,UPI_000578,Android,,,17.556725616666665,6
TXN_0002275,CASE_000671,2024-01-31 11:33:29.983389835,ACC_000848,ACC_000023,34553.41,UPI,victim_debit,Kotak Mahindra Bank,UPI_000028,Android,18.985255637641572,72.77208372998851,,1
TXN_0002276,CASE_000671,2024-01-31 11:35:42.100250885,ACC_000023,ACC_000775,20270.84,IMPS,mule_transfer,SBI,UPI_000857,Android,,,2.201947683333333,2
TXN_0002277,CASE_000671,2024-01-31 11:46:36.476838156,ACC_000775,ACC_000480,20270.84,NEFT,mule_transfer,IndusInd Bank,UPI_000532,iOS,,,10.90627645,3
TXN_0002278,CASE_000672,2024-02-09 12:01:56.160939451,ACC_000774,ACC_000366,8496.7,Net Banking,victim_debit,IDFC First Bank,UPI_000405,Desktop,21.2298745264833,72.85780969532534,,1
TXN_0002279,CASE_000672,2024-02-09 12:32:49.333243353,ACC_000366,ACC_000533,7916.36,IMPS,mule_transfer,Kotak Mahindra Bank,UPI_000588,iOS,,,30.88620505,2
TXN_0002280,CASE_000672,2024-02-09 12:50:12.312155088,ACC_000533,ACC_001335,7128.48,UPI,mule_transfer,Kotak Mahindra Bank,UPI_001457,iOS,,,17.38298185,3
TXN_0002281,CASE_000672,2024-02-09 12:54:53.771240057,ACC_001335,ACC_000267,7128.48,UPI,mule_transfer,IDFC First Bank,UPI_000294,iOS,,,4.690984733333334,4
TXN_0002282,CASE_000673,2024-08-26 01:39:45.363080554,ACC_001466,ACC_000404,2056.41,IMPS,fragmentation,SBI,UPI_000449,Android,23.12497603895492,72.53090277048841,,1
TXN_0002283,CASE_000673,2024-08-26 01:42:37.280754791,ACC_001466,ACC_000404,20579.59,UPI,fragmentation,SBI,UPI_000449,Android,23.12497603895492,72.53090277048841,2.865294566666667,2
TXN_0002284,CASE_000673,2024-08-26 01:46:36.584566890,ACC_001466,ACC_000404,584.29,UPI,fragmentation,SBI,UPI_000450,Android,23.12497603895492,72.53090277048841,3.9883968666666667,3
TXN_0002285,CASE_000673,2024-08-26 02:29:19.711543294,ACC_000404,ACC_000659,23220.3,Net Banking,mule_transfer,HDFC Bank,UPI_000731,Android,,,42.71878293333334,4
TXN_0002286,CASE_000674,2024-03-17 01:51:49.839603050,ACC_001229,ACC_001150,11582.05,NEFT,victim_debit,ICICI Bank,UPI_001258,Android,13.113291688449607,80.38616160635902,,1
TXN_0002287,CASE_000674,2024-03-17 02:00:11.405739089,ACC_001150,ACC_001065,11582.05,IMPS,mule_transfer,Axis Bank,UPI_001171,Android,,,8.3594356,2
TXN_0002288,CASE_000675,2025-05-08 17:33:57.704872644,ACC_001536,ACC_001709,2836.32,UPI,victim_debit,HDFC Bank,UPI_001870,Android,26.900697430974144,75.7580405673714,,1
TXN_0002289,CASE_000675,2025-05-08 17:40:15.796603763,ACC_001709,ACC_001039,2206.82,UPI,mule_transfer,SBI,UPI_001142,Android,,,6.3015288499999995,2
TXN_0002290,CASE_000675,2025-05-08 18:04:56.471961152,ACC_001039,ACC_001709,1353.74,IMPS,mule_transfer,HDFC Bank,UPI_001870,iOS,,,24.677922616666667,3
TXN_0002291,CASE_000675,2025-05-08 18:42:03.217662490,ACC_001709,ACC_000491,1353.74,UPI,mule_transfer,HDFC Bank,UPI_000544,iOS,,,37.112428349999995,4
TXN_0002292,CASE_000676,2024-04-22 17:04:15.188951125,ACC_001274,ACC_000932,29105.02,UPI,victim_debit,Kotak Mahindra Bank,UPI_001027,Desktop,26.85063567495281,80.95079744264494,,1
TXN_0002293,CASE_000676,2024-04-22 18:38:50.648612760,ACC_000932,ACC_000753,23750.98,UPI,mule_transfer,HDFC Bank,UPI_000832,iOS,,,94.59099435,2
TXN_0002294,CASE_000676,2024-04-22 18:45:59.003832677,ACC_000753,ACC_000932,23750.98,NEFT,mule_transfer,Kotak Mahindra Bank,UPI_001027,Android,,,7.13925365,3
TXN_0002295,CASE_000677,2025-08-13 13:54:30.515844451,ACC_001063,ACC_000775,53062.35,UPI,victim_debit,SBI,UPI_000857,Android,21.159536559927638,79.14496494388011,,1
TXN_0002296,CASE_000677,2025-08-13 14:18:54.175437403,ACC_000775,ACC_000023,53062.35,NEFT,mule_transfer,Kotak Mahindra Bank,UPI_000028,Android,,,24.394326533333334,2
TXN_0002297,CASE_000678,2025-12-09 01:54:59.974576158,ACC_001425,ACC_000366,433.08,UPI,fragmentation,IDFC First Bank,UPI_000405,iOS,17.27467970468998,78.52349995461836,,1
TXN_0002298,CASE_000678,2025-12-09 01:58:28.935396848,ACC_001425,ACC_000366,37129.66,UPI,fragmentation,IDFC First Bank,UPI_000405,Android,17.27467970468998,78.52349995461836,3.4826803333333336,2
TXN_0002299,CASE_000678,2025-12-09 02:03:15.455631015,ACC_001425,ACC_000366,11747.11,Net Banking,fragmentation,IDFC First Bank,UPI_000405,Android,17.27467970468998,78.52349995461836,4.7753372333333335,3
TXN_0002300,CASE_000678,2025-12-09 02:42:35.931883706,ACC_000366,ACC_000533,31867.03,UPI,mule_transfer,Kotak Mahindra Bank,UPI_000588,Desktop,,,39.34127086666667,4
TXN_0002301,CASE_000678,2025-12-09 04:08:49.802644964,ACC_000533,ACC_001335,20620.25,IMPS,mule_transfer,Kotak Mahindra Bank,UPI_001457,Android,,,86.23117935,5
TXN_0002302,CASE_000678,2025-12-09 04:10:14.502221936,ACC_001335,ACC_000267,20620.25,UPI,mule_transfer,IDFC First Bank,UPI_000294,iOS,,,1.4116596,6
TXN_0002303,CASE_000679,2026-06-03 05:50:49.709819156,ACC_001517,ACC_001350,11922.41,UPI,victim_debit,Bank of Baroda,UPI_001472,iOS,17.349980473605875,78.4685521390565,,1
TXN_0002304,CASE_000679,2026-06-03 06:16:47.444835175,ACC_001350,ACC_000052,11922.41,IMPS,mule_transfer,IndusInd Bank,UPI_000058,iOS,,,25.96225026666667,2
TXN_0002305,CASE_000680,2026-05-14 00:42:50.068280044,ACC_000800,ACC_001300,1755.29,IMPS,victim_debit,ICICI Bank,UPI_001418,Android,18.61499355387443,73.85598745447892,,1
TXN_0002306,CASE_000680,2026-05-14 01:00:49.177725164,ACC_001300,ACC_000011,1755.29,UPI,mule_transfer,Bank of Baroda,UPI_000013,Android,,,17.985157416666667,2
TXN_0002307,CASE_000681,2024-09-06 01:21:36.053981694,ACC_001258,ACC_001788,4171.06,IMPS,victim_debit,Canara Bank,UPI_001952,Android,18.521379845770092,73.85686983906227,,1
TXN_0002308,CASE_000681,2024-09-06 01:27:10.153176397,ACC_001788,ACC_001592,3880.64,UPI,mule_transfer,Union Bank of India,UPI_001737,Android,,,5.5683199000000005,2
TXN_0002309,CASE_000681,2024-09-06 01:29:09.236135029,ACC_001592,ACC_001046,3880.64,Net Banking,mule_transfer,IDFC First Bank,UPI_001151,iOS,,,1.9847159666666667,3
TXN_0002310,CASE_000682,2024-01-27 19:55:02.064351395,ACC_000361,ACC_000023,16528.26,Net Banking,victim_debit,Kotak Mahindra Bank,UPI_000028,iOS,19.124022126872685,72.87780038301021,,1
TXN_0002311,CASE_000682,2024-01-27 20:08:51.471300432,ACC_000023,ACC_000480,11622.87,IMPS,mule_transfer,IndusInd Bank,UPI_000531,Android,,,13.82344915,2
TXN_0002312,CASE_000682,2024-01-27 20:49:34.213090930,ACC_000480,ACC_000775,11622.87,Net Banking,mule_transfer,SBI,UPI_000857,iOS,,,40.71236316666667,3
TXN_0002313,CASE_000683,2024-10-27 02:50:14.388735474,ACC_001051,ACC_001507,6564.17,UPI,fragmentation,Punjab National Bank,UPI_001646,Android,13.03365415715257,80.33966956295758,,1
TXN_0002314,CASE_000683,2024-10-27 02:52:14.313145018,ACC_001051,ACC_001507,217.6,UPI,fragmentation,Punjab National Bank,UPI_001646,Android,13.03365415715257,80.33966956295758,1.99874015,2
TXN_0002315,CASE_000683,2024-10-27 02:53:20.798019002,ACC_001051,ACC_001507,3067.81,NEFT,fragmentation,Punjab National Bank,UPI_001646,iOS,13.03365415715257,80.33966956295758,1.1080812166666665,3
TXN_0002316,CASE_000683,2024-10-27 03:05:50.097797199,ACC_001051,ACC_001507,6172.72,UPI,fragmentation,Punjab National Bank,UPI_001646,Android,13.03365415715257,80.33966956295758,12.488329633333333,4
TXN_0002317,CASE_000683,2024-10-27 03:36:29.783447512,ACC_001507,ACC_001647,16022.3,UPI,mule_transfer,Canara Bank,UPI_001801,iOS,,,30.6614275,5
TXN_0002318,CASE_000684,2025-10-07 11:09:40.742268204,ACC_001706,ACC_001308,3260.03,UPI,victim_debit,IndusInd Bank,UPI_001427,Android,22.560908799600636,88.37805259028313,,1
TXN_0002319,CASE_000684,2025-10-07 11:41:14.098486807,ACC_001308,ACC_000139,3260.03,UPI,mule_transfer,Axis Bank,UPI_000155,Desktop,,,31.555936966666664,2
TXN_0002320,CASE_000685,2024-02-24 11:49:06.396892407,ACC_000912,ACC_000267,170.46,IMPS,fragmentation,IDFC First Bank,UPI_000294,Android,22.662897965637,88.27640922418628,,1
TXN_0002321,CASE_000685,2024-02-24 11:50:57.216165523,ACC_000912,ACC_000267,154.38,NEFT,fragmentation,IDFC First Bank,UPI_000294,iOS,22.662897965637,88.27640922418628,1.8469878833333333,2
TXN_0002322,CASE_000685,2024-02-24 12:00:47.702222139,ACC_000912,ACC_000267,1926.72,IMPS,fragmentation,IDFC First Bank,UPI_000294,Android,22.662897965637,88.27640922418628,9.841434266666665,3
TXN_0002323,CASE_000685,2024-02-24 12:02:30.277808376,ACC_000912,ACC_000267,62.02,IMPS,fragmentation,IDFC First Bank,UPI_000294,Android,22.662897965637,88.27640922418628,1.7095931,4
TXN_0002324,CASE_000685,2024-02-24 12:36:58.706779316,ACC_000267,ACC_000533,1526.28,Net Banking,mule_transfer,Kotak Mahindra Bank,UPI_000588,Android,,,34.473816166666666,5
TXN_0002325,CASE_000685,2024-02-24 12:49:55.403254629,ACC_000533,ACC_000366,1235.68,Net Banking,mule_transfer,IDFC First Bank,UPI_000405,Android,,,12.94494125,6
TXN_0002326,CASE_000685,2024-02-24 12:54:14.529501914,ACC_000366,ACC_000267,1235.68,IMPS,mule_transfer,IDFC First Bank,UPI_000294,Android,,,4.318770783333333,7
TXN_0002327,CASE_000686,2024-11-23 18:01:15.984575640,ACC_000054,ACC_001647,19370.55,NEFT,victim_debit,Canara Bank,UPI_001801,iOS,20.015511865124278,73.77806779773859,,1
TXN_0002328,CASE_000686,2024-11-23 18:32:05.061796328,ACC_001647,ACC_001507,19370.55,UPI,mule_transfer,Punjab National Bank,UPI_001646,iOS,,,30.817953666666664,2
TXN_0002329,CASE_000687,2024-09-28 13:01:03.345319142,ACC_000962,ACC_000011,9401.61,UPI,victim_debit,Bank of Baroda,UPI_000013,Desktop,19.12290022286949,72.94098438447378,,1
TXN_0002330,CASE_000687,2024-09-28 13:20:11.764493251,ACC_000011,ACC_001300,9401.61,UPI,mule_transfer,ICICI Bank,UPI_001419,iOS,,,19.14031956666667,2
TXN_0002331,CASE_000688,2024-07-18 19:56:40.898192286,ACC_001553,ACC_000533,112.57,IMPS,fragmentation,Kotak Mahindra Bank,UPI_000588,iOS,28.632085727913804,77.2350847695351,,1
TXN_0002332,CASE_000688,2024-07-18 20:04:21.349716883,ACC_001553,ACC_000533,5071.39,NEFT,fragmentation,Kotak Mahindra Bank,UPI_000588,Android,28.632085727913804,77.2350847695351,7.6741920666666665,2
TXN_0002333,CASE_000688,2024-07-18 20:06:23.627404638,ACC_001553,ACC_000533,11985.86,UPI,fragmentation,Kotak Mahindra Bank,UPI_000588,Android,28.632085727913804,77.2350847695351,2.03796145,3
TXN_0002334,CASE_000688,2024-07-18 20:19:30.489944700,ACC_001553,ACC_000533,1387.79,UPI,fragmentation,Kotak Mahindra Bank,UPI_000588,Desktop,28.632085727913804,77.2350847695351,13.114375666666666,4
TXN_0002335,CASE_000688,2024-07-18 20:25:42.806623792,ACC_000533,ACC_000267,14137.1,Net Banking,mule_transfer,IDFC First Bank,UPI_000294,Android,,,6.205277983333334,5
TXN_0002336,CASE_000688,2024-07-18 20:30:46.287668623,ACC_000267,ACC_000366,9364.73,NEFT,mule_transfer,IDFC First Bank,UPI_000405,iOS,,,5.0580174,6
TXN_0002337,CASE_000688,2024-07-18 20:59:37.398667652,ACC_000366,ACC_001335,9364.73,UPI,mule_transfer,Kotak Mahindra Bank,UPI_001457,iOS,,,28.851849983333334,7
TXN_0002338,CASE_000689,2025-10-05 06:55:04.210774117,ACC_000625,ACC_000533,731.22,UPI,fragmentation,Kotak Mahindra Bank,UPI_000588,Android,12.857212238644735,77.66693403271229,,1
TXN_0002339,CASE_000689,2025-10-05 06:57:30.820525150,ACC_000625,ACC_000533,6889.91,IMPS,fragmentation,Kotak Mahindra Bank,UPI_000588,Android,12.857212238644735,77.66693403271229,2.4434958499999997,2
TXN_0002340,CASE_000689,2025-10-05 07:23:07.700003486,ACC_000533,ACC_000267,7621.14,Net Banking,mule_transfer,IDFC First Bank,UPI_000294,Desktop,,,25.614657966666666,3
TXN_0002341,CASE_000690,2025-08-23 11:15:56.809296601,ACC_000041,ACC_001335,28229.11,UPI,fragmentation,Kotak Mahindra Bank,UPI_001457,Android,26.8445873506147,80.8546355116271,,1
TXN_0002342,CASE_000690,2025-08-23 11:19:36.154046264,ACC_000041,ACC_001335,8325.11,IMPS,fragmentation,Kotak Mahindra Bank,UPI_001457,iOS,26.8445873506147,80.8546355116271,3.6557458166666668,2
TXN_0002343,CASE_000690,2025-08-23 12:35:51.270321610,ACC_001335,ACC_000287,33952.57,UPI,mule_transfer,Punjab National Bank,UPI_000316,iOS,,,76.25193791666668,3
TXN_0002344,CASE_000690,2025-08-23 12:57:20.265730027,ACC_000287,ACC_000267,23923.92,IMPS,mule_transfer,IDFC First Bank,UPI_000294,Android,,,21.4832568,4
TXN_0002345,CASE_000690,2025-08-23 13:15:57.504632569,ACC_000267,ACC_000287,23923.92,NEFT,mule_transfer,Punjab National Bank,UPI_000315,iOS,,,18.620648366666668,5
TXN_0002346,CASE_000691,2025-05-02 20:39:51.834180301,ACC_000114,ACC_000404,6143.19,UPI,victim_debit,SBI,UPI_000449,Android,26.908030842404404,75.79910587538416,,1
TXN_0002347,CASE_000691,2025-05-02 20:44:12.616134189,ACC_000404,ACC_000659,6143.19,Net Banking,mule_transfer,HDFC Bank,UPI_000731,Android,,,4.346365883333333,2
TXN_0002348,CASE_000692,2026-04-09 18:12:21.378483152,ACC_000423,ACC_000287,7333.48,Net Banking,victim_debit,Punjab National Bank,UPI_000315,Android,26.84212583784125,80.93774618912624,,1
TXN_0002349,CASE_000692,2026-04-09 18:50:25.156622928,ACC_000287,ACC_001335,7333.48,UPI,mule_transfer,Kotak Mahindra Bank,UPI_001457,Android,,,38.062968983333334,2
TXN_0002350,CASE_000693,2024-04-03 23:21:02.096254660,ACC_000235,ACC_000659,228.05,UPI,fragmentation,HDFC Bank,UPI_000731,Android,23.023317010322117,72.58236487236263,,1
TXN_0002351,CASE_000693,2024-04-03 23:25:23.591932634,ACC_000235,ACC_000659,321.55,UPI,fragmentation,HDFC Bank,UPI_000731,Android,23.023317010322117,72.58236487236263,4.358261283333333,2
TXN_0002352,CASE_000693,2024-04-03 23:44:55.049778630,ACC_000659,ACC_000404,549.6,NEFT,mule_transfer,SBI,UPI_000449,Android,,,19.524297416666666,3
TXN_0002353,CASE_000694,2024-05-16 09:37:47.508488948,ACC_001406,ACC_000480,1532.52,UPI,victim_debit,IndusInd Bank,UPI_000532,Android,21.134717258401718,72.9076488775286,,1
TXN_0002354,CASE_000694,2024-05-16 10:00:00.323425796,ACC_000480,ACC_000023,1084.91,NEFT,mule_transfer,Kotak Mahindra Bank,UPI_000028,iOS,,,22.213582266666666,2
TXN_0002355,CASE_000694,2024-05-16 10:07:38.435989263,ACC_000023,ACC_000480,1084.91,IMPS,mule_transfer,IndusInd Bank,UPI_000532,Android,,,7.635209383333334,3
TXN_0002356,CASE_000695,2024-12-15 09:22:56.828940027,ACC_001766,ACC_001267,15303.17,UPI,victim_debit,ICICI Bank,UPI_001383,iOS,28.683863147209525,77.11319095137483,,1
TXN_0002357,CASE_000695,2024-12-15 09:49:35.022369136,ACC_001267,ACC_001050,15303.17,NEFT,mule_transfer,Punjab National Bank,UPI_001155,Android,,,26.636557149999998,2
TXN_0002358,CASE_000696,2025-08-20 12:48:28.925207047,ACC_001535,ACC_001647,137632.31,UPI,victim_debit,Canara Bank,UPI_001801,iOS,19.07582583500386,72.9353181978687,,1
TXN_0002359,CASE_000696,2025-08-20 12:53:57.664227879,ACC_001647,ACC_001507,137632.31,UPI,mule_transfer,Punjab National Bank,UPI_001646,iOS,,,5.478983666666666,2
TXN_0002360,CASE_000697,2025-06-16 03:04:12.106507922,ACC_000303,ACC_000093,1207.64,UPI,victim_debit,Yes Bank,UPI_000105,Android,19.13460900689411,72.86356133031238,,1
TXN_0002361,CASE_000697,2025-06-16 03:36:46.632031288,ACC_000093,ACC_001625,1090.77,UPI,mule_transfer,ICICI Bank,UPI_001777,Android,,,32.57542538333333,2
TXN_0002362,CASE_000697,2025-06-16 03:52:12.719627678,ACC_001625,ACC_000093,1090.77,NEFT,mule_transfer,Yes Bank,UPI_000105,Android,,,15.434793266666667,3
TXN_0002363,CASE_000698,2024-03-08 11:18:58.886132922,ACC_001641,ACC_000480,1696.36,UPI,victim_debit,IndusInd Bank,UPI_000531,Android,28.586333008417736,77.29410377357374,,1
TXN_0002364,CASE_000698,2024-03-08 12:27:25.963487624,ACC_000480,ACC_000775,1696.36,Net Banking,mule_transfer,SBI,UPI_000857,Android,,,68.45128923333333,2
TXN_0002365,CASE_000699,2026-05-23 03:44:40.809571872,ACC_001666,ACC_000287,15426.72,Net Banking,victim_debit,Punjab National Bank,UPI_000316,iOS,18.591646842081047,73.8678894220628,,1
TXN_0002366,CASE_000699,2026-05-23 03:54:09.202900203,ACC_000287,ACC_000366,9397.78,NEFT,mule_transfer,IDFC First Bank,UPI_000405,Android,,,9.473222133333334,2
TXN_0002367,CASE_000699,2026-05-23 03:56:22.054800276,ACC_000366,ACC_000287,7182.58,UPI,mule_transfer,Punjab National Bank,UPI_000316,Android,,,2.2141983333333335,3
TXN_0002368,CASE_000699,2026-05-23 04:51:18.403787185,ACC_000287,ACC_000533,7182.58,UPI,mule_transfer,Kotak Mahindra Bank,UPI_000588,Android,,,54.93914976666667,4
TXN_0002369,CASE_000700,2024-10-04 22:03:48.758227200,ACC_000840,ACC_000932,49110.72,IMPS,fragmentation,Kotak Mahindra Bank,UPI_001027,iOS,19.030137252167034,73.12801185524884,,1
TXN_0002370,CASE_000700,2024-10-04 22:07:01.984756825,ACC_000840,ACC_000932,44823.26,IMPS,fragmentation,Kotak Mahindra Bank,UPI_001027,Android,19.030137252167034,73.12801185524884,3.22044215,2
TXN_0002371,CASE_000700,2024-10-04 22:12:57.608669704,ACC_000840,ACC_000932,25419.35,IMPS,fragmentation,Kotak Mahindra Bank,UPI_001027,Android,19.030137252167034,73.12801185524884,5.9270652,3
TXN_0002372,CASE_000700,2024-10-04 22:16:04.344815548,ACC_000840,ACC_000932,64082.89,UPI,fragmentation,Kotak Mahindra Bank,UPI_001027,iOS,19.030137252167034,73.12801185524884,3.112269083333333,4
TXN_0002373,CASE_000700,2024-10-04 22:33:49.941075488,ACC_000932,ACC_001690,121433.13,IMPS,mule_transfer,Punjab National Bank,UPI_001846,Android,,,17.759937649999998,5
TXN_0002374,CASE_000700,2024-10-04 23:37:33.348604064,ACC_001690,ACC_000753,121433.13,NEFT,mule_transfer,HDFC Bank,UPI_000833,Desktop,,,63.7234588,6
TXN_0002375,CASE_000701,2024-11-23 01:03:06.420794688,ACC_000370,ACC_000404,6464.49,UPI,fragmentation,SBI,UPI_000450,Android,21.200490270400703,72.89125978856946,,1
TXN_0002376,CASE_000701,2024-11-23 01:06:46.738286510,ACC_000370,ACC_000404,4000.56,UPI,fragmentation,SBI,UPI_000450,Android,21.200490270400703,72.89125978856946,3.671958183333333,2
TXN_0002377,CASE_000701,2024-11-23 01:17:27.073023661,ACC_000404,ACC_000659,10465.05,UPI,mule_transfer,HDFC Bank,UPI_000731,iOS,,,10.672245616666666,3
TXN_0002378,CASE_000702,2025-07-22 03:42:03.739172929,ACC_000605,ACC_000694,2022.48,UPI,fragmentation,ICICI Bank,UPI_000770,Android,18.9366210759692,73.02532405031661,,1
TXN_0002379,CASE_000702,2025-07-22 03:53:24.585576399,ACC_000605,ACC_000694,3287.8,UPI,fragmentation,ICICI Bank,UPI_000770,Android,18.9366210759692,73.02532405031661,11.34744005,2
TXN_0002380,CASE_000702,2025-07-22 04:00:17.173504854,ACC_000605,ACC_000694,25671.77,UPI,fragmentation,ICICI Bank,UPI_000770,Android,18.9366210759692,73.02532405031661,6.876465466666667,3
TXN_0002381,CASE_000702,2025-07-22 04:03:10.084245856,ACC_000605,ACC_000694,1895.78,UPI,fragmentation,ICICI Bank,UPI_000770,Android,18.9366210759692,73.02532405031661,2.8818456833333332,4
TXN_0002382,CASE_000702,2025-07-22 04:11:27.249795855,ACC_000694,ACC_001117,21504.99,UPI,mule_transfer,Bank of Baroda,UPI_001224,Android,,,8.286092483333332,5
TXN_0002383,CASE_000702,2025-07-22 04:34:52.825969404,ACC_001117,ACC_000880,13308.2,UPI,mule_transfer,SBI,UPI_000972,Android,,,23.426269549999997,6
TXN_0002384,CASE_000702,2025-07-22 05:05:14.490254256,ACC_000880,ACC_001117,13308.2,IMPS,mule_transfer,Bank of Baroda,UPI_001224,Android,,,30.3610714,7
TXN_0002385,CASE_000703,2026-05-11 01:39:21.985767249,ACC_000424,ACC_001647,9914.4,Net Banking,victim_debit,Canara Bank,UPI_001801,iOS,21.27256230133773,72.92511090892638,,1
TXN_0002386,CASE_000703,2026-05-11 01:55:06.508509545,ACC_001647,ACC_001507,9914.4,Net Banking,mule_transfer,Punjab National Bank,UPI_001646,Android,,,15.7420457,2
TXN_0002387,CASE_000704,2025-08-26 17:58:34.691298266,ACC_001519,ACC_001308,3751.89,NEFT,victim_debit,IndusInd Bank,UPI_001428,Android,22.539348620137513,88.32741224903664,,1
TXN_0002388,CASE_000704,2025-08-26 17:59:35.769204484,ACC_001308,ACC_000767,3323.29,UPI,mule_transfer,SBI,UPI_000849,Desktop,,,1.0179651,2
TXN_0002389,CASE_000704,2025-08-26 18:33:16.165652856,ACC_000767,ACC_000139,3323.29,UPI,mule_transfer,Axis Bank,UPI_000156,iOS,,,33.67327413333333,3
TXN_0002390,CASE_000705,2026-05-19 19:34:38.433526439,ACC_001279,ACC_000767,26227.43,UPI,fragmentation,SBI,UPI_000849,Android,17.38616650774277,78.48547610244407,,1
TXN_0002391,CASE_000705,2026-05-19 19:43:40.071923521,ACC_001279,ACC_000767,3326.87,IMPS,fragmentation,SBI,UPI_000849,Android,17.38616650774277,78.48547610244407,9.027306616666667,2
TXN_0002392,CASE_000705,2026-05-19 19:52:11.860454435,ACC_001279,ACC_000767,1036.17,UPI,fragmentation,SBI,UPI_000849,iOS,17.38616650774277,78.48547610244407,8.529808833333332,3
TXN_0002393,CASE_000705,2026-05-19 20:43:30.155551463,ACC_000767,ACC_001308,21162.93,UPI,mule_transfer,IndusInd Bank,UPI_001428,Android,,,51.304918283333336,4
TXN_0002394,CASE_000705,2026-05-19 20:49:54.320527297,ACC_001308,ACC_000767,21162.93,Net Banking,mule_transfer,SBI,UPI_000849,Android,,,6.402749583333334,5
TXN_0002395,CASE_000706,2024-06-19 21:47:01.399602695,ACC_001279,ACC_001625,5648.04,NEFT,fragmentation,ICICI Bank,UPI_001777,Android,13.071673206339717,80.28395156837715,,1
TXN_0002396,CASE_000706,2024-06-19 21:52:56.022455734,ACC_001279,ACC_001625,366.53,UPI,fragmentation,ICICI Bank,UPI_001777,Android,13.071673206339717,80.28395156837715,5.910380883333334,2
TXN_0002397,CASE_000706,2024-06-19 21:58:21.185545135,ACC_001279,ACC_001625,6053.06,IMPS,fragmentation,ICICI Bank,UPI_001777,Android,13.071673206339717,80.28395156837715,5.419384816666667,3
TXN_0002398,CASE_000706,2024-06-19 22:11:26.019209333,ACC_001279,ACC_001625,2638.38,UPI,fragmentation,ICICI Bank,UPI_001777,iOS,13.071673206339717,80.28395156837715,13.080561066666666,4
TXN_0002399,CASE_000706,2024-06-19 22:18:39.082300613,ACC_001625,ACC_000093,14706.0,IMPS,mule_transfer,Yes Bank,UPI_000105,Android,,,7.217718183333333,5
TXN_0002400,CASE_000707,2025-07-17 18:10:28.156279324,ACC_001511,ACC_001647,16389.62,UPI,victim_debit,Canara Bank,UPI_001801,iOS,21.182453935906587,79.15811022014785,,1
TXN_0002401,CASE_000707,2025-07-17 18:18:27.192654925,ACC_001647,ACC_001507,16389.62,IMPS,mule_transfer,Punjab National Bank,UPI_001646,iOS,,,7.983939583333334,2
TXN_0002402,CASE_000708,2026-01-25 03:14:07.315258295,ACC_001261,ACC_001288,3854.76,UPI,victim_debit,Kotak Mahindra Bank,UPI_001405,Android,17.347359165343242,78.51534728456858,,1
TXN_0002403,CASE_000708,2026-01-25 03:33:33.868678129,ACC_001288,ACC_000467,2925.91,UPI,mule_transfer,Axis Bank,UPI_000515,Android,,,19.442556983333336,2
TXN_0002404,CASE_000708,2026-01-25 04:47:07.142788374,ACC_000467,ACC_000093,2925.91,UPI,mule_transfer,Yes Bank,UPI_000105,iOS,,,73.5545685,3
TXN_0002405,CASE_000709,2025-04-08 19:12:28.840720267,ACC_001364,ACC_001507,50077.2,Net Banking,victim_debit,Punjab National Bank,UPI_001646,Android,19.0614621139538,72.89874596626255,,1
TXN_0002406,CASE_000709,2025-04-08 19:38:49.761329179,ACC_001507,ACC_001647,50077.2,Net Banking,mule_transfer,Canara Bank,UPI_001801,iOS,,,26.3486768,2
TXN_0002407,CASE_000710,2024-11-25 22:42:18.297071633,ACC_000158,ACC_000694,7888.09,IMPS,victim_debit,ICICI Bank,UPI_000770,iOS,26.77553722132862,80.89453107437267,,1
TXN_0002408,CASE_000710,2024-11-25 22:55:32.101964548,ACC_000694,ACC_000880,6057.95,Net Banking,mule_transfer,SBI,UPI_000972,Android,,,13.230081533333333,2
TXN_0002409,CASE_000710,2024-11-25 23:16:42.774074662,ACC_000880,ACC_000652,5633.25,IMPS,mule_transfer,HDFC Bank,UPI_000723,Android,,,21.1778685,3
TXN_0002410,CASE_000710,2024-11-25 23:18:21.053075683,ACC_000652,ACC_000880,5633.25,Net Banking,mule_transfer,SBI,UPI_000972,iOS,,,1.6379833499999998,4
TXN_0002411,CASE_000711,2026-06-16 03:40:39.643696880,ACC_001706,ACC_000052,6273.79,UPI,victim_debit,IndusInd Bank,UPI_000058,iOS,20.054090320153676,73.83421765331681,,1
TXN_0002412,CASE_000711,2026-06-16 03:45:19.884882514,ACC_000052,ACC_001350,6273.79,UPI,mule_transfer,Bank of Baroda,UPI_001472,Android,,,4.670686416666666,2
TXN_0002413,CASE_000712,2024-05-08 10:51:52.944678445,ACC_000045,ACC_000782,504.54,UPI,fragmentation,IDFC First Bank,UPI_000866,iOS,18.41548725566848,73.83036691141824,,1
TXN_0002414,CASE_000712,2024-05-08 10:53:46.411990329,ACC_000045,ACC_000782,80.74,UPI,fragmentation,IDFC First Bank,UPI_000866,iOS,18.41548725566848,73.83036691141824,1.89112185,2
TXN_0002415,CASE_000712,2024-05-08 10:59:26.687103992,ACC_000045,ACC_000782,884.09,UPI,fragmentation,IDFC First Bank,UPI_000866,Android,18.41548725566848,73.83036691141824,5.6712518833333325,3
TXN_0002416,CASE_000712,2024-05-08 11:21:35.318776500,ACC_000782,ACC_001788,1270.24,NEFT,mule_transfer,Canara Bank,UPI_001952,Android,,,22.1438612,4
TXN_0002417,CASE_000712,2024-05-08 11:47:28.710828917,ACC_001788,ACC_000782,993.69,UPI,mule_transfer,IDFC First Bank,UPI_000866,Android,,,25.889867533333334,5
TXN_0002418,CASE_000712,2024-05-08 12:28:14.953296472,ACC_000782,ACC_001046,993.69,NEFT,mule_transfer,IDFC First Bank,UPI_001151,Android,,,40.770707783333336,6
TXN_0002419,CASE_000713,2025-01-09 09:22:59.442167252,ACC_001793,ACC_001625,3069.51,UPI,victim_debit,ICICI Bank,UPI_001777,iOS,13.048455640545932,80.2778458869215,,1
TXN_0002420,CASE_000713,2025-01-09 09:33:15.602433271,ACC_001625,ACC_000467,3069.51,UPI,mule_transfer,Axis Bank,UPI_000515,iOS,,,10.269337766666666,2
TXN_0002421,CASE_000714,2026-03-06 15:36:47.050659527,ACC_000009,ACC_001288,61485.57,Net Banking,victim_debit,Kotak Mahindra Bank,UPI_001405,Desktop,13.031103514050058,80.37133766937272,,1
TXN_0002422,CASE_000714,2026-03-06 16:16:44.428286963,ACC_001288,ACC_000093,39330.77,UPI,mule_transfer,Yes Bank,UPI_000105,iOS,,,39.95629378333333,2
TXN_0002423,CASE_000714,2026-03-06 17:19:23.432017327,ACC_000093,ACC_001288,39330.77,Net Banking,mule_transfer,Kotak Mahindra Bank,UPI_001405,Android,,,62.650062166666665,3
TXN_0002424,CASE_000715,2026-03-31 08:41:55.648599432,ACC_000286,ACC_000753,7876.84,Net Banking,victim_debit,HDFC Bank,UPI_000833,Android,28.614218466452076,77.2093007290897,,1
TXN_0002425,CASE_000715,2026-03-31 08:45:12.407308113,ACC_000753,ACC_001690,6688.09,UPI,mule_transfer,Punjab National Bank,UPI_001846,Android,,,3.2793118000000003,2
TXN_0002426,CASE_000715,2026-03-31 09:19:41.374030022,ACC_001690,ACC_000932,6688.09,IMPS,mule_transfer,Kotak Mahindra Bank,UPI_001027,Android,,,34.48277868333333,3
TXN_0002427,CASE_000716,2026-06-12 03:47:46.876527732,ACC_000800,ACC_000404,9673.41,NEFT,fragmentation,SBI,UPI_000450,Android,17.46815116579124,78.4763106609536,,1
TXN_0002428,CASE_000716,2026-06-12 03:50:22.943944292,ACC_000800,ACC_000404,141.19,UPI,fragmentation,SBI,UPI_000450,Android,17.46815116579124,78.4763106609536,2.6011236,2
TXN_0002429,CASE_000716,2026-06-12 04:09:13.179918236,ACC_000404,ACC_000659,9814.6,UPI,mule_transfer,HDFC Bank,UPI_000731,Android,,,18.837266216666666,3
TXN_0002430,CASE_000717,2026-03-17 02:41:13.525692978,ACC_000061,ACC_001350,1672.08,IMPS,fragmentation,Bank of Baroda,UPI_001473,Android,19.274908376114073,73.09768867378571,,1
TXN_0002431,CASE_000717,2026-03-17 02:44:08.392084514,ACC_000061,ACC_001350,483.98,UPI,fragmentation,Bank of Baroda,UPI_001472,iOS,19.274908376114073,73.09768867378571,2.91443985,2
TXN_0002432,CASE_000717,2026-03-17 03:00:58.106380957,ACC_000061,ACC_001350,1397.73,UPI,fragmentation,Bank of Baroda,UPI_001473,Android,19.274908376114073,73.09768867378571,16.8285716,3
TXN_0002433,CASE_000717,2026-03-17 03:02:51.647534121,ACC_000061,ACC_001350,419.49,UPI,fragmentation,Bank of Baroda,UPI_001473,Android,19.274908376114073,73.09768867378571,1.8923525499999998,4
TXN_0002434,CASE_000717,2026-03-17 03:09:15.800222560,ACC_001350,ACC_000052,3973.28,IMPS,mule_transfer,IndusInd Bank,UPI_000058,Android,,,6.4025448,5
TXN_0002435,CASE_000718,2024-02-16 10:25:41.574997833,ACC_001398,ACC_001238,9027.06,UPI,victim_debit,SBI,UPI_001350,Android,13.120181566900527,80.3730072114958,,1
TXN_0002436,CASE_000718,2024-02-16 10:42:04.492051252,ACC_001238,ACC_001293,9027.06,UPI,mule_transfer,Union Bank of India,UPI_001410,iOS,,,16.381950883333335,2
TXN_0002437,CASE_000719,2026-04-27 00:53:24.302242538,ACC_000223,ACC_000467,2997.49,UPI,victim_debit,Axis Bank,UPI_000514,iOS,18.590768304099182,73.9530998286359,,1
TXN_0002438,CASE_000719,2026-04-27 00:59:46.419131924,ACC_000467,ACC_001288,2997.49,UPI,mule_transfer,Kotak Mahindra Bank,UPI_001405,Android,,,6.368614816666667,2
TXN_0002439,CASE_000720,2025-01-25 01:49:32.445811080,ACC_000495,ACC_001625,16874.65,UPI,fragmentation,ICICI Bank,UPI_001777,iOS,18.471890529108055,73.83255058607494,,1
TXN_0002440,CASE_000720,2025-01-25 01:53:04.573764735,ACC_000495,ACC_001625,5229.93,UPI,fragmentation,ICICI Bank,UPI_001777,iOS,18.471890529108055,73.83255058607494,3.535465883333333,2
TXN_0002441,CASE_000720,2025-01-25 02:07:33.207535562,ACC_001625,ACC_001288,15811.73,NEFT,mule_transfer,Kotak Mahindra Bank,UPI_001405,Android,,,14.4772295,3
TXN_0002442,CASE_000720,2025-01-25 03:23:20.576189875,ACC_001288,ACC_001625,9017.42,UPI,mule_transfer,ICICI Bank,UPI_001777,Android,,,75.78947756666666,4
TXN_0002443,CASE_000720,2025-01-25 04:01:36.555426677,ACC_001625,ACC_001288,9017.42,IMPS,mule_transfer,Kotak Mahindra Bank,UPI_001405,iOS,,,38.2663206,5
TXN_0002444,CASE_000721,2025-08-16 15:31:42.601107753,ACC_001658,ACC_000093,11488.11,UPI,fragmentation,Yes Bank,UPI_000105,iOS,19.113820327358905,73.01898293300962,,1
TXN_0002445,CASE_000721,2025-08-16 15:32:49.463107801,ACC_001658,ACC_000093,33323.4,IMPS,fragmentation,Yes Bank,UPI_000105,Android,19.113820327358905,73.01898293300962,1.1143666666666665,2
TXN_0002446,CASE_000721,2025-08-16 15:35:26.242501649,ACC_001658,ACC_000093,4066.84,UPI,fragmentation,Yes Bank,UPI_000105,Android,19.113820327358905,73.01898293300962,2.6129898833333334,3
TXN_0002447,CASE_000721,2025-08-16 15:54:54.270908543,ACC_000093,ACC_001288,44787.86,UPI,mule_transfer,Kotak Mahindra Bank,UPI_001405,iOS,,,19.467140099999998,4
TXN_0002448,CASE_000721,2025-08-16 16:16:41.773277131,ACC_001288,ACC_000093,44787.86,IMPS,mule_transfer,Yes Bank,UPI_000105,Desktop,,,21.79170613333333,5
TXN_0002449,CASE_000722,2024-12-25 05:28:32.258677461,ACC_000862,ACC_000023,60.85,UPI,fragmentation,Kotak Mahindra Bank,UPI_000028,Android,21.14600710554485,79.16801042057712,,1
TXN_0002450,CASE_000722,2024-12-25 05:31:33.659994832,ACC_000862,ACC_000023,1937.57,IMPS,fragmentation,Kotak Mahindra Bank,UPI_000028,Android,21.14600710554485,79.16801042057712,3.0233552833333333,2
TXN_0002451,CASE_000722,2024-12-25 05:34:26.987813299,ACC_000862,ACC_000023,8078.2,IMPS,fragmentation,Kotak Mahindra Bank,UPI_000028,iOS,21.14600710554485,79.16801042057712,2.888796966666667,3
TXN_0002452,CASE_000722,2024-12-25 05:50:46.821635646,ACC_000023,ACC_000775,7189.83,UPI,mule_transfer,SBI,UPI_000857,Android,,,16.330563700000003,4
TXN_0002453,CASE_000722,2024-12-25 07:21:11.979096642,ACC_000775,ACC_000480,7189.83,IMPS,mule_transfer,IndusInd Bank,UPI_000531,iOS,,,90.419291,5
TXN_0002454,CASE_000723,2026-01-11 06:07:20.932780527,ACC_001529,ACC_001300,627.06,NEFT,fragmentation,ICICI Bank,UPI_001419,Android,21.070298093095374,79.12665235758115,,1
TXN_0002455,CASE_000723,2026-01-11 06:12:45.295904597,ACC_001529,ACC_001300,8092.09,UPI,fragmentation,ICICI Bank,UPI_001419,iOS,21.070298093095374,79.12665235758115,5.406052066666667,2
TXN_0002456,CASE_000723,2026-01-11 06:14:43.635699692,ACC_001529,ACC_001300,348.49,IMPS,fragmentation,ICICI Bank,UPI_001419,Android,21.070298093095374,79.12665235758115,1.9723299166666666,3
TXN_0002457,CASE_000723,2026-01-11 06:17:00.797140180,ACC_001529,ACC_001300,1565.58,UPI,fragmentation,ICICI Bank,UPI_001419,Android,21.070298093095374,79.12665235758115,2.286024,4
TXN_0002458,CASE_000723,2026-01-11 06:23:27.822265643,ACC_001300,ACC_000011,10633.22,UPI,mule_transfer,Bank of Baroda,UPI_000013,Android,,,6.45041875,5
TXN_0002459,CASE_000724,2025-06-08 16:18:44.301300108,ACC_001791,ACC_001117,4504.17,IMPS,victim_debit,Bank of Baroda,UPI_001224,Android,28.610219813445358,77.20095788881495,,1
TXN_0002460,CASE_000724,2025-06-08 18:40:36.476425659,ACC_001117,ACC_000652,3089.46,UPI,mule_transfer,HDFC Bank,UPI_000724,Android,,,141.86958541666667,2
TXN_0002461,CASE_000724,2025-06-08 19:12:28.765992802,ACC_000652,ACC_001117,1829.31,NEFT,mule_transfer,Bank of Baroda,UPI_001224,Android,,,31.871492783333334,3
TXN_0002462,CASE_000724,2025-06-08 19:24:58.959646316,ACC_001117,ACC_000880,1829.31,UPI,mule_transfer,SBI,UPI_000972,Android,,,12.50322755,4
TXN_0002463,CASE_000725,2026-02-09 07:26:40.531431494,ACC_001261,ACC_001050,15311.69,NEFT,fragmentation,Punjab National Bank,UPI_001155,Android,19.027610782244338,73.05794219664769,,1
TXN_0002464,CASE_000725,2026-02-09 07:31:35.225976758,ACC_001261,ACC_001050,12481.66,IMPS,fragmentation,Punjab National Bank,UPI_001155,Android,19.027610782244338,73.05794219664769,4.91157575,2
TXN_0002465,CASE_000725,2026-02-09 07:33:43.208619811,ACC_001261,ACC_001050,20280.85,Net Banking,fragmentation,Punjab National Bank,UPI_001155,iOS,19.027610782244338,73.05794219664769,2.13304405,3
TXN_0002466,CASE_000725,2026-02-09 07:35:15.259031399,ACC_001050,ACC_001267,48074.2,UPI,mule_transfer,ICICI Bank,UPI_001383,Desktop,,,1.5341735166666666,4
TXN_0002467,CASE_000726,2024-06-25 13:12:17.082543035,ACC_000745,ACC_001293,7745.15,UPI,victim_debit,Union Bank of India,UPI_001410,Android,19.097144698653615,72.98971242540595,,1
TXN_0002468,CASE_000726,2024-06-25 13:35:17.360638082,ACC_001293,ACC_001238,7745.15,UPI,mule_transfer,SBI,UPI_001350,iOS,,,23.004634916666664,2
TXN_0002469,CASE_000727,2024-06-17 13:31:25.918109357,ACC_000791,ACC_000139,6128.36,UPI,victim_debit,Axis Bank,UPI_000156,Android,12.96884521576887,77.60224846512648,,1
TXN_0002470,CASE_000727,2024-06-17 14:22:53.982385512,ACC_000139,ACC_001308,4372.87,UPI,mule_transfer,IndusInd Bank,UPI_001427,iOS,,,51.46773793333333,2
TXN_0002471,CASE_000727,2024-06-17 15:25:32.921546033,ACC_001308,ACC_000767,4372.87,UPI,mule_transfer,SBI,UPI_000849,Android,,,62.648986,3
TXN_0002472,CASE_000728,2025-02-05 05:47:25.670802430,ACC_001561,ACC_000659,56401.78,UPI,victim_debit,HDFC Bank,UPI_000731,iOS,19.250350343902845,73.07863373058524,,1
TXN_0002473,CASE_000728,2025-02-05 07:01:22.171762228,ACC_000659,ACC_000404,56401.78,NEFT,mule_transfer,SBI,UPI_000450,iOS,,,73.94168265,2
TXN_0002474,CASE_000729,2024-01-05 08:34:05.309082744,ACC_000433,ACC_000775,1568.83,UPI,fragmentation,SBI,UPI_000857,iOS,13.191627309142175,80.23788086058234,,1
TXN_0002475,CASE_000729,2024-01-05 08:39:14.433348989,ACC_000433,ACC_000775,58.12,UPI,fragmentation,SBI,UPI_000857,iOS,13.191627309142175,80.23788086058234,5.1520711,2
TXN_0002476,CASE_000729,2024-01-05 08:42:26.189512841,ACC_000433,ACC_000775,2212.03,UPI,fragmentation,SBI,UPI_000857,Android,13.191627309142175,80.23788086058234,3.19593605,3
TXN_0002477,CASE_000729,2024-01-05 09:18:10.054636160,ACC_000775,ACC_000480,3619.43,NEFT,mule_transfer,IndusInd Bank,UPI_000531,Android,,,35.73108538333334,4
TXN_0002478,CASE_000729,2024-01-05 09:24:43.098881793,ACC_000480,ACC_000023,3619.43,IMPS,mule_transfer,Kotak Mahindra Bank,UPI_000028,iOS,,,6.550737416666666,5
TXN_0002479,CASE_000730,2025-09-23 06:06:31.114424318,ACC_000163,ACC_000139,53989.32,UPI,victim_debit,Axis Bank,UPI_000155,iOS,21.216391907715828,72.70726523772966,,1
TXN_0002480,CASE_000730,2025-09-23 06:13:40.584932736,ACC_000139,ACC_001308,45725.92,UPI,mule_transfer,IndusInd Bank,UPI_001427,Android,,,7.1578418,2
TXN_0002481,CASE_000730,2025-09-23 06:16:42.940835114,ACC_001308,ACC_000767,45725.92,UPI,mule_transfer,SBI,UPI_000849,Android,,,3.0392650333333333,3
TXN_0002482,CASE_000731,2024-09-26 18:24:04.780153543,ACC_000187,ACC_000767,2469.26,UPI,victim_debit,SBI,UPI_000849,Android,28.606303577109053,77.22205903618246,,1
TXN_0002483,CASE_000731,2024-09-26 19:31:03.344842289,ACC_000767,ACC_001308,1770.03,UPI,mule_transfer,IndusInd Bank,UPI_001427,Android,,,66.97607813333333,2
TXN_0002484,CASE_000731,2024-09-26 19:59:30.783752064,ACC_001308,ACC_000767,1770.03,UPI,mule_transfer,SBI,UPI_000849,Android,,,28.45731515,3
TXN_0002485,CASE_000732,2025-05-22 17:22:41.715522626,ACC_000898,ACC_000533,9657.31,IMPS,fragmentation,Kotak Mahindra Bank,UPI_000588,iOS,26.9157060803837,80.82671793700835,,1
TXN_0002486,CASE_000732,2025-05-22 17:26:08.205187297,ACC_000898,ACC_000533,6837.4,IMPS,fragmentation,Kotak Mahindra Bank,UPI_000588,Android,26.9157060803837,80.82671793700835,3.4414944000000003,2
TXN_0002487,CASE_000732,2025-05-22 17:31:20.786928805,ACC_000898,ACC_000533,28775.79,Net Banking,fragmentation,Kotak Mahindra Bank,UPI_000588,iOS,26.9157060803837,80.82671793700835,5.209695683333334,3
TXN_0002488,CASE_000732,2025-05-22 17:38:43.743297895,ACC_000533,ACC_000366,45270.5,IMPS,mule_transfer,IDFC First Bank,UPI_000405,Desktop,,,7.38260615,4
TXN_0002489,CASE_000733,2024-03-04 20:02:24.549328119,ACC_000540,ACC_000011,14131.91,NEFT,victim_debit,Bank of Baroda,UPI_000013,Android,19.066925934771646,72.87655967931907,,1
TXN_0002490,CASE_000733,2024-03-04 21:14:58.983585984,ACC_000011,ACC_001300,14131.91,UPI,mule_transfer,ICICI Bank,UPI_001418,Android,,,72.57390428333333,2
TXN_0002491,CASE_000734,2024-06-04 11:40:57.244637195,ACC_000984,ACC_000659,4491.03,NEFT,victim_debit,HDFC Bank,UPI_000731,Desktop,19.039410782826913,72.93333986243259,,1
TXN_0002492,CASE_000734,2024-06-04 11:54:36.507975155,ACC_000659,ACC_000404,4491.03,NEFT,mule_transfer,SBI,UPI_000449,Android,,,13.65438895,2
TXN_0002493,CASE_000735,2025-07-21 11:08:45.810205516,ACC_001490,ACC_000775,1491.37,Net Banking,victim_debit,SBI,UPI_000857,Android,13.143307607831344,80.17212187517516,,1
TXN_0002494,CASE_000735,2025-07-21 11:26:34.262214795,ACC_000775,ACC_000023,865.95,UPI,mule_transfer,Kotak Mahindra Bank,UPI_000028,Android,,,17.807533483333334,2
TXN_0002495,CASE_000735,2025-07-21 12:03:28.855193987,ACC_000023,ACC_000480,865.95,UPI,mule_transfer,IndusInd Bank,UPI_000532,Android,,,36.90988298333333,3
TXN_0002496,CASE_000736,2024-10-05 11:54:06.658190902,ACC_000552,ACC_000052,1259.63,NEFT,victim_debit,IndusInd Bank,UPI_000058,Android,22.57272924989464,88.35361118806276,,1
TXN_0002497,CASE_000736,2024-10-05 12:14:36.190054467,ACC_000052,ACC_001350,1259.63,NEFT,mule_transfer,Bank of Baroda,UPI_001472,Android,,,20.492197716666666,2
TXN_0002498,CASE_000737,2024-07-14 14:54:34.840083491,ACC_001744,ACC_000767,3421.59,IMPS,victim_debit,SBI,UPI_000849,Desktop,23.021770041148983,72.57395667027559,,1
TXN_0002499,CASE_000737,2024-07-14 14:58:36.337369297,ACC_000767,ACC_001308,2356.69,Net Banking,mule_transfer,IndusInd Bank,UPI_001428,Android,,,4.02495475,2
TXN_0002500,CASE_000737,2024-07-14 15:45:11.808799805,ACC_001308,ACC_000139,2356.69,IMPS,mule_transfer,Axis Bank,UPI_000155,iOS,,,46.5911905,3
TXN_0002501,CASE_000738,2024-07-27 12:06:47.852111344,ACC_000680,ACC_001300,6757.54,IMPS,fragmentation,ICICI Bank,UPI_001418,Android,19.073358079699194,72.87548403159023,,1
TXN_0002502,CASE_000738,2024-07-27 12:08:13.618880982,ACC_000680,ACC_001300,23001.46,IMPS,fragmentation,ICICI Bank,UPI_001418,Android,19.073358079699194,72.87548403159023,1.42944615,2
TXN_0002503,CASE_000738,2024-07-27 12:14:19.405599968,ACC_000680,ACC_001300,5192.02,NEFT,fragmentation,ICICI Bank,UPI_001418,Android,19.073358079699194,72.87548403159023,6.0964453,3
TXN_0002504,CASE_000738,2024-07-27 12:21:35.234348317,ACC_001300,ACC_000011,34951.02,UPI,mule_transfer,Bank of Baroda,UPI_000013,Android,,,7.263812466666667,4
TXN_0002505,CASE_000739,2024-07-14 17:04:43.612027804,ACC_000303,ACC_000767,2177.6,Net Banking,victim_debit,SBI,UPI_000849,Desktop,22.525497559768517,88.418639041071,,1
TXN_0002506,CASE_000739,2024-07-14 17:59:39.831840771,ACC_000767,ACC_000139,1525.46,Net Banking,mule_transfer,Axis Bank,UPI_000156,Desktop,,,54.93699686666666,2
TXN_0002507,CASE_000739,2024-07-14 18:06:56.928072479,ACC_000139,ACC_001308,1525.46,UPI,mule_transfer,IndusInd Bank,UPI_001427,Android,,,7.284937183333333,3
TXN_0002508,CASE_000740,2025-07-21 10:40:01.795568411,ACC_001553,ACC_001507,5634.65,NEFT,fragmentation,Punjab National Bank,UPI_001646,iOS,28.72357283998389,77.20982577372591,,1
TXN_0002509,CASE_000740,2025-07-21 10:47:18.147759559,ACC_001553,ACC_001507,731.95,NEFT,fragmentation,Punjab National Bank,UPI_001646,Android,28.72357283998389,77.20982577372591,7.2725365166666665,2
TXN_0002510,CASE_000740,2025-07-21 10:51:30.676323074,ACC_001553,ACC_001507,1639.8,UPI,fragmentation,Punjab National Bank,UPI_001646,iOS,28.72357283998389,77.20982577372591,4.2088093833333335,3
TXN_0002511,CASE_000740,2025-07-21 13:14:32.864433579,ACC_001507,ACC_001647,8006.4,IMPS,mule_transfer,Canara Bank,UPI_001801,iOS,,,143.03646849999998,4
TXN_0002512,CASE_000741,2024-06-01 19:07:55.533336874,ACC_001045,ACC_000068,3083.15,Net Banking,victim_debit,IndusInd Bank,UPI_000075,iOS,20.014226597913968,73.78544562621238,,1
TXN_0002513,CASE_000741,2024-06-01 19:18:34.686628435,ACC_000068,ACC_000091,2658.93,UPI,mule_transfer,Bank of Baroda,UPI_000102,Android,,,10.65255485,2
TXN_0002514,CASE_000741,2024-06-01 19:55:58.035530566,ACC_000091,ACC_000068,2658.93,IMPS,mule_transfer,IndusInd Bank,UPI_000075,Android,,,37.38914836666667,3
TXN_0002515,CASE_000742,2024-11-26 10:56:42.973770886,ACC_001431,ACC_000533,437.73,UPI,fragmentation,Kotak Mahindra Bank,UPI_000588,Android,19.01697286280246,73.02423496369111,,1
TXN_0002516,CASE_000742,2024-11-26 10:57:59.530683178,ACC_001431,ACC_000533,1468.62,UPI,fragmentation,Kotak Mahindra Bank,UPI_000588,iOS,19.01697286280246,73.02423496369111,1.2759485333333334,2
TXN_0002517,CASE_000742,2024-11-26 11:01:30.916101490,ACC_001431,ACC_000533,1148.32,UPI,fragmentation,Kotak Mahindra Bank,UPI_000588,Android,19.01697286280246,73.02423496369111,3.5230903,3
TXN_0002518,CASE_000742,2024-11-26 11:04:27.283579931,ACC_001431,ACC_000533,1837.26,UPI,fragmentation,Kotak Mahindra Bank,UPI_000588,iOS,19.01697286280246,73.02423496369111,2.9394579666666667,4
TXN_0002519,CASE_000742,2024-11-26 11:19:15.832668372,ACC_000533,ACC_000366,4891.94,UPI,mule_transfer,IDFC First Bank,UPI_000405,Android,,,14.809151466666666,5
TXN_0002520,CASE_000743,2025-09-18 16:46:54.452696479,ACC_000575,ACC_000767,2132.61,Net Banking,victim_debit,SBI,UPI_000849,Android,22.65700096852481,75.80940716101877,,1
TXN_0002521,CASE_000743,2025-09-18 17:36:53.248020343,ACC_000767,ACC_000139,1712.49,UPI,mule_transfer,Axis Bank,UPI_000155,Desktop,,,49.97992205,2
TXN_0002522,CASE_000743,2025-09-18 17:48:35.182294875,ACC_000139,ACC_000767,1712.49,IMPS,mule_transfer,SBI,UPI_000849,iOS,,,11.698904566666666,3
TXN_0002523,CASE_000744,2025-04-12 23:23:50.911823951,ACC_000444,ACC_000093,6747.88,Net Banking,victim_debit,Yes Bank,UPI_000105,Android,19.05037256389963,72.85802694790533,,1
TXN_0002524,CASE_000744,2025-04-12 23:49:06.309726682,ACC_000093,ACC_001625,3812.24,IMPS,mule_transfer,ICICI Bank,UPI_001777,iOS,,,25.2566317,2
TXN_0002525,CASE_000744,2025-04-13 01:18:55.418397685,ACC_001625,ACC_000093,3812.24,NEFT,mule_transfer,Yes Bank,UPI_000105,iOS,,,89.81847785,3
TXN_0002526,CASE_000745,2025-06-28 03:20:08.322862609,ACC_000170,ACC_000820,2459.79,IMPS,fragmentation,ICICI Bank,UPI_000908,Android,22.928775751953197,72.53785734038156,,1
TXN_0002527,CASE_000745,2025-06-28 03:23:33.343160437,ACC_000170,ACC_000820,408.69,UPI,fragmentation,ICICI Bank,UPI_000908,iOS,22.928775751953197,72.53785734038156,3.41700495,2
TXN_0002528,CASE_000745,2025-06-28 03:26:56.169261055,ACC_000170,ACC_000820,125.46,IMPS,fragmentation,ICICI Bank,UPI_000908,Android,22.928775751953197,72.53785734038156,3.380435,3
TXN_0002529,CASE_000745,2025-06-28 03:27:58.383216446,ACC_000170,ACC_000820,655.3,Net Banking,fragmentation,ICICI Bank,UPI_000908,Desktop,22.928775751953197,72.53785734038156,1.03689925,4
TXN_0002530,CASE_000745,2025-06-28 04:04:47.504872631,ACC_000820,ACC_000309,2362.28,UPI,mule_transfer,Canara Bank,UPI_000342,Android,,,36.81869426666666,5
TXN_0002531,CASE_000745,2025-06-28 04:27:06.770588741,ACC_000309,ACC_001592,1725.74,UPI,mule_transfer,Union Bank of India,UPI_001738,Android,,,22.321095266666667,6
TXN_0002532,CASE_000745,2025-06-28 04:30:35.474319247,ACC_001592,ACC_000782,1725.74,Net Banking,mule_transfer,IDFC First Bank,UPI_000866,Android,,,3.4783955,7
TXN_0002533,CASE_000746,2024-08-16 14:03:41.425680224,ACC_000954,ACC_000366,509.74,UPI,fragmentation,IDFC First Bank,UPI_000405,iOS,17.35304848443769,78.61693723324146,,1
TXN_0002534,CASE_000746,2024-08-16 14:13:15.316670268,ACC_000954,ACC_000366,1042.77,IMPS,fragmentation,IDFC First Bank,UPI_000405,Android,17.35304848443769,78.61693723324146,9.564849833333334,2
TXN_0002535,CASE_000746,2024-08-16 14:17:44.456385075,ACC_000954,ACC_000366,148.95,UPI,fragmentation,IDFC First Bank,UPI_000405,iOS,17.35304848443769,78.61693723324146,4.4856619,3
TXN_0002536,CASE_000746,2024-08-16 14:22:51.046301020,ACC_000954,ACC_000366,495.85,NEFT,fragmentation,IDFC First Bank,UPI_000405,iOS,17.35304848443769,78.61693723324146,5.109831916666667,4
TXN_0002537,CASE_000746,2024-08-16 14:35:26.612425578,ACC_000366,ACC_000533,2016.6,IMPS,mule_transfer,Kotak Mahindra Bank,UPI_000588,Android,,,12.592768733333333,5
TXN_0002538,CASE_000746,2024-08-16 15:12:32.727215912,ACC_000533,ACC_000366,1676.18,UPI,mule_transfer,IDFC First Bank,UPI_000405,Android,,,37.10191316666667,6
TXN_0002539,CASE_000746,2024-08-16 16:06:02.730051912,ACC_000366,ACC_000267,1676.18,UPI,mule_transfer,IDFC First Bank,UPI_000294,Android,,,53.50004726666667,7
TXN_0002540,CASE_000747,2026-04-29 17:02:42.882191123,ACC_000552,ACC_000139,7683.19,IMPS,fragmentation,Axis Bank,UPI_000156,Android,22.67447154333978,88.34398496694016,,1
TXN_0002541,CASE_000747,2026-04-29 17:08:21.675580207,ACC_000552,ACC_000139,1863.59,UPI,fragmentation,Axis Bank,UPI_000155,Android,22.67447154333978,88.34398496694016,5.646556483333333,2
TXN_0002542,CASE_000747,2026-04-29 17:17:09.929645367,ACC_000139,ACC_001308,9546.78,UPI,mule_transfer,IndusInd Bank,UPI_001427,iOS,,,8.804234416666667,3
TXN_0002543,CASE_000748,2025-01-12 01:33:16.614871451,ACC_000089,ACC_000659,8859.63,UPI,victim_debit,HDFC Bank,UPI_000731,iOS,12.997145455058813,80.1864680451671,,1
TXN_0002544,CASE_000748,2025-01-12 01:36:27.411235328,ACC_000659,ACC_000404,8859.63,IMPS,mule_transfer,SBI,UPI_000450,Android,,,3.1799393833333336,2
TXN_0002545,CASE_000749,2024-09-18 10:23:15.937744070,ACC_001778,ACC_000287,6942.82,UPI,victim_debit,Punjab National Bank,UPI_000316,Android,26.87893075027238,75.71807929145218,,1
TXN_0002546,CASE_000749,2024-09-18 10:25:15.811440296,ACC_000287,ACC_000533,5930.26,UPI,mule_transfer,Kotak Mahindra Bank,UPI_000588,Android,,,1.9978949333333333,2
TXN_0002547,CASE_000749,2024-09-18 10:33:42.150173520,ACC_000533,ACC_001335,5930.26,UPI,mule_transfer,Kotak Mahindra Bank,UPI_001457,iOS,,,8.438978883333332,3
TXN_0002548,CASE_000750,2026-04-03 20:19:02.124790419,ACC_001465,ACC_000961,2449.13,NEFT,fragmentation,ICICI Bank,UPI_001059,Android,18.925031361582267,73.06304314384309,,1
TXN_0002549,CASE_000750,2026-04-03 20:20:56.504294439,ACC_001465,ACC_000961,7840.11,UPI,fragmentation,ICICI Bank,UPI_001058,Android,18.925031361582267,73.06304314384309,1.9063250666666667,2
TXN_0002550,CASE_000750,2026-04-03 20:22:16.615760227,ACC_001465,ACC_000961,8156.04,UPI,fragmentation,ICICI Bank,UPI_001059,iOS,18.925031361582267,73.06304314384309,1.3351910833333334,3
TXN_0002551,CASE_000750,2026-04-03 20:23:34.094590988,ACC_001465,ACC_000961,23979.2,UPI,fragmentation,ICICI Bank,UPI_001058,Android,18.925031361582267,73.06304314384309,1.2913138333333334,4
TXN_0002552,CASE_000750,2026-04-03 20:42:49.080094170,ACC_000961,ACC_000190,42424.48,Net Banking,mule_transfer,HDFC Bank,UPI_000211,Desktop,,,19.249758383333337,5
TXN_0002553,CASE_000751,2025-08-20 00:38:24.340920144,ACC_000852,ACC_001350,4498.73,UPI,victim_debit,Bank of Baroda,UPI_001472,Desktop,19.070175453903065,72.90311627126354,,1
TXN_0002554,CASE_000751,2025-08-20 01:11:53.993861280,ACC_001350,ACC_000052,4498.73,UPI,mule_transfer,IndusInd Bank,UPI_000058,Android,,,33.49421568333334,2
TXN_0002555,CASE_000752,2025-07-13 07:37:54.873902360,ACC_001789,ACC_000093,471.19,IMPS,fragmentation,Yes Bank,UPI_000105,Android,17.393491499998746,78.49050735979516,,1
TXN_0002556,CASE_000752,2025-07-13 07:43:49.562022713,ACC_001789,ACC_000093,370.93,UPI,fragmentation,Yes Bank,UPI_000105,iOS,17.393491499998746,78.49050735979516,5.911468666666667,2
TXN_0002557,CASE_000752,2025-07-13 07:59:06.475660724,ACC_000093,ACC_001625,842.12,UPI,mule_transfer,ICICI Bank,UPI_001777,Android,,,15.281893966666667,3
TXN_0002558,CASE_000753,2026-03-18 20:31:16.850812002,ACC_001742,ACC_000961,4432.27,UPI,victim_debit,ICICI Bank,UPI_001059,Android,21.09359368714257,79.16500964370849,,1
TXN_0002559,CASE_000753,2026-03-18 21:03:34.558788217,ACC_000961,ACC_000190,4432.27,NEFT,mule_transfer,HDFC Bank,UPI_000211,Desktop,,,32.295132933333335,2
TXN_0002560,CASE_000754,2024-02-23 09:05:19.425460925,ACC_000014,ACC_001507,29351.08,UPI,victim_debit,Punjab National Bank,UPI_001646,iOS,19.22144408094769,72.98474770473119,,1
TXN_0002561,CASE_000754,2024-02-23 10:34:34.199719949,ACC_001507,ACC_001647,29351.08,UPI,mule_transfer,Canara Bank,UPI_001801,iOS,,,89.24623765,2
TXN_0002562,CASE_000755,2026-02-02 03:26:21.458288833,ACC_000072,ACC_001335,6787.2,NEFT,fragmentation,Kotak Mahindra Bank,UPI_001457,Desktop,18.969717931667624,72.92109272870022,,1
TXN_0002563,CASE_000755,2026-02-02 03:29:52.752748198,ACC_000072,ACC_001335,6451.6,UPI,fragmentation,Kotak Mahindra Bank,UPI_001457,Android,18.969717931667624,72.92109272870022,3.5215743166666664,2
TXN_0002564,CASE_000755,2026-02-02 03:50:45.634126397,ACC_001335,ACC_000366,13238.8,UPI,mule_transfer,IDFC First Bank,UPI_000405,Desktop,,,20.8813563,3
TXN_0002565,CASE_000756,2025-09-09 13:29:22.053232201,ACC_001496,ACC_000961,21005.98,IMPS,fragmentation,ICICI Bank,UPI_001058,Android,21.21352277156166,79.01915243348839,,1
TXN_0002566,CASE_000756,2025-09-09 13:30:45.392590731,ACC_001496,ACC_000961,13518.4,IMPS,fragmentation,ICICI Bank,UPI_001058,iOS,21.21352277156166,79.01915243348839,1.3889893,2
TXN_0002567,CASE_000756,2025-09-09 13:38:53.733358573,ACC_001496,ACC_000961,5168.49,NEFT,fragmentation,ICICI Bank,UPI_001058,iOS,21.21352277156166,79.01915243348839,8.139012783333333,3
TXN_0002568,CASE_000756,2025-09-09 13:42:49.080155017,ACC_001496,ACC_000961,149.93,IMPS,fragmentation,ICICI Bank,UPI_001058,iOS,21.21352277156166,79.01915243348839,3.9224466000000002,4
TXN_0002569,CASE_000756,2025-09-09 13:55:44.064765149,ACC_000961,ACC_000190,39842.81,UPI,mule_transfer,HDFC Bank,UPI_000212,Android,,,12.916410166666667,5
TXN_0002570,CASE_000757,2024-11-24 00:12:56.930309289,ACC_001391,ACC_000366,2933.33,NEFT,victim_debit,IDFC First Bank,UPI_000405,Android,19.034124787007205,73.00644106645416,,1
TXN_0002571,CASE_000757,2024-11-24 00:22:59.979290188,ACC_000366,ACC_001335,1807.49,NEFT,mule_transfer,Kotak Mahindra Bank,UPI_001457,iOS,,,10.050816333333334,2
TXN_0002572,CASE_000757,2024-11-24 00:30:12.495846431,ACC_001335,ACC_000267,1348.21,NEFT,mule_transfer,IDFC First Bank,UPI_000294,Android,,,7.208609266666667,3
TXN_0002573,CASE_000757,2024-11-24 00:33:42.872112882,ACC_000267,ACC_001335,1348.21,Net Banking,mule_transfer,Kotak Mahindra Bank,UPI_001457,Android,,,3.5062710999999998,4
TXN_0002574,CASE_000758,2024-08-21 13:40:00.405478759,ACC_001315,ACC_001690,5048.67,UPI,fragmentation,Punjab National Bank,UPI_001846,Android,19.05489555422285,72.9166321359524,,1
TXN_0002575,CASE_000758,2024-08-21 13:44:10.907785621,ACC_001315,ACC_001690,1458.49,UPI,fragmentation,Punjab National Bank,UPI_001846,Android,19.05489555422285,72.9166321359524,4.1750384333333335,2
TXN_0002576,CASE_000758,2024-08-21 13:45:29.981876786,ACC_001315,ACC_001690,749.62,UPI,fragmentation,Punjab National Bank,UPI_001846,Android,19.05489555422285,72.9166321359524,1.3179015166666666,3
TXN_0002577,CASE_000758,2024-08-21 13:53:29.065771718,ACC_001315,ACC_001690,4181.47,IMPS,fragmentation,Punjab National Bank,UPI_001846,Android,19.05489555422285,72.9166321359524,7.9847315666666665,4
TXN_0002578,CASE_000758,2024-08-21 14:31:53.059645939,ACC_001690,ACC_000932,11438.25,NEFT,mule_transfer,Kotak Mahindra Bank,UPI_001027,iOS,,,38.3998979,5
TXN_0002579,CASE_000759,2024-04-05 12:37:48.456565600,ACC_000477,ACC_001029,63624.7,UPI,victim_debit,HDFC Bank,UPI_001132,Android,26.81518212980996,80.88159346510453,,1
TXN_0002580,CASE_000759,2024-04-05 12:50:38.362508495,ACC_001029,ACC_001630,43534.14,UPI,mule_transfer,Union Bank of India,UPI_001782,Android,,,12.8317657,2
TXN_0002581,CASE_000759,2024-04-05 13:02:31.579355966,ACC_001630,ACC_001393,43534.14,UPI,mule_transfer,Axis Bank,UPI_001521,Desktop,,,11.886947450000001,3
TXN_0002582,CASE_000760,2026-05-07 07:59:44.761407133,ACC_000675,ACC_001788,4379.52,UPI,fragmentation,Canara Bank,UPI_001952,Android,20.056783363885643,73.87580118979365,,1
TXN_0002583,CASE_000760,2026-05-07 08:01:56.896389807,ACC_000675,ACC_001788,252.53,UPI,fragmentation,Canara Bank,UPI_001952,Android,20.056783363885643,73.87580118979365,2.2022497000000003,2
TXN_0002584,CASE_000760,2026-05-07 08:04:23.540508465,ACC_000675,ACC_001788,8204.9,IMPS,fragmentation,Canara Bank,UPI_001953,Android,20.056783363885643,73.87580118979365,2.444068633333333,3
TXN_0002585,CASE_000760,2026-05-07 08:15:22.898306895,ACC_000675,ACC_001788,1972.99,UPI,fragmentation,Canara Bank,UPI_001953,Android,20.056783363885643,73.87580118979365,10.989296633333334,4
TXN_0002586,CASE_000760,2026-05-07 08:50:36.003127235,ACC_001788,ACC_000309,13962.7,UPI,mule_transfer,Canara Bank,UPI_000342,Android,,,35.21841366666667,5
TXN_0002587,CASE_000760,2026-05-07 09:04:01.564593017,ACC_000309,ACC_000782,13962.7,UPI,mule_transfer,IDFC First Bank,UPI_000866,Android,,,13.426024416666667,6
TXN_0002588,CASE_000761,2024-05-09 07:34:14.829438997,ACC_001584,ACC_000139,1325.68,UPI,victim_debit,Axis Bank,UPI_000156,iOS,22.749235977558712,75.84244229585381,,1
TXN_0002589,CASE_000761,2024-05-09 08:32:24.300541367,ACC_000139,ACC_000767,1220.45,UPI,mule_transfer,SBI,UPI_000849,Android,,,58.1578517,2
TXN_0002590,CASE_000761,2024-05-09 09:25:10.550726848,ACC_000767,ACC_000139,1220.45,UPI,mule_transfer,Axis Bank,UPI_000156,iOS,,,52.77083641666666,3
TXN_0002591,CASE_000762,2024-08-24 09:40:13.475341471,ACC_001596,ACC_000139,5427.23,UPI,victim_debit,Axis Bank,UPI_000155,Android,21.12217613447743,72.89037503434639,,1
TXN_0002592,CASE_000762,2024-08-24 09:47:39.933129395,ACC_000139,ACC_001308,5427.23,NEFT,mule_transfer,IndusInd Bank,UPI_001428,Android,,,7.4409631166666665,2
TXN_0002593,CASE_000763,2025-09-21 14:40:54.935335831,ACC_001443,ACC_000366,30796.72,IMPS,victim_debit,IDFC First Bank,UPI_000405,Android,19.29000051813247,73.03414706378096,,1
TXN_0002594,CASE_000763,2025-09-21 15:04:46.548962847,ACC_000366,ACC_000287,19160.63,IMPS,mule_transfer,Punjab National Bank,UPI_000315,iOS,,,23.860227116666668,2
TXN_0002595,CASE_000763,2025-09-21 15:51:58.677832513,ACC_000287,ACC_000533,19160.63,UPI,mule_transfer,Kotak Mahindra Bank,UPI_000588,Desktop,,,47.20214781666667,3
TXN_0002596,CASE_000764,2025-10-08 23:19:33.593797605,ACC_001332,ACC_000023,6571.07,UPI,victim_debit,Kotak Mahindra Bank,UPI_000028,Android,13.142983853848563,80.39157258246323,,1
TXN_0002597,CASE_000764,2025-10-08 23:58:23.553384660,ACC_000023,ACC_000480,6571.07,UPI,mule_transfer,IndusInd Bank,UPI_000532,iOS,,,38.832659783333334,2
TXN_0002598,CASE_000765,2024-05-26 11:40:20.235469353,ACC_000642,ACC_000467,28516.13,UPI,victim_debit,Axis Bank,UPI_000514,iOS,17.476783518300962,78.44345330433347,,1
TXN_0002599,CASE_000765,2024-05-26 11:58:27.808223562,ACC_000467,ACC_001625,23623.38,UPI,mule_transfer,ICICI Bank,UPI_001777,iOS,,,18.126212566666666,2
TXN_0002600,CASE_000765,2024-05-26 12:08:14.674588509,ACC_001625,ACC_000467,23623.38,UPI,mule_transfer,Axis Bank,UPI_000515,Android,,,9.781106066666666,3
TXN_0002601,CASE_000766,2026-01-11 16:31:31.715545055,ACC_000038,ACC_001507,8891.76,UPI,victim_debit,Punjab National Bank,UPI_001646,Android,13.082988926616043,80.28708633129422,,1
TXN_0002602,CASE_000766,2026-01-11 16:48:49.565800111,ACC_001507,ACC_001647,8891.76,UPI,mule_transfer,Canara Bank,UPI_001801,Android,,,17.29750425,2
TXN_0002603,CASE_000767,2025-04-09 21:19:26.861969137,ACC_000365,ACC_000480,8482.09,Net Banking,fragmentation,IndusInd Bank,UPI_000532,Desktop,19.042358172245894,72.81980061752968,,1
TXN_0002604,CASE_000767,2025-04-09 21:24:18.416429493,ACC_000365,ACC_000480,133.65,IMPS,fragmentation,IndusInd Bank,UPI_000531,Android,19.042358172245894,72.81980061752968,4.859241,2
TXN_0002605,CASE_000767,2025-04-09 21:31:53.575269412,ACC_000365,ACC_000480,825.21,UPI,fragmentation,IndusInd Bank,UPI_000532,iOS,19.042358172245894,72.81980061752968,7.58598065,3
TXN_0002606,CASE_000767,2025-04-09 22:03:11.802757382,ACC_000480,ACC_000023,6522.28,UPI,mule_transfer,Kotak Mahindra Bank,UPI_000028,iOS,,,31.303791450000002,4
TXN_0002607,CASE_000767,2025-04-09 22:14:50.187054094,ACC_000023,ACC_000480,6522.28,UPI,mule_transfer,IndusInd Bank,UPI_000531,iOS,,,11.639738266666665,5
TXN_0002608,CASE_000768,2026-02-12 00:24:14.394493768,ACC_001164,ACC_000767,6764.72,UPI,victim_debit,SBI,UPI_000849,Android,19.077238410645286,73.0996555853289,,1
TXN_0002609,CASE_000768,2026-02-12 00:30:55.980338688,ACC_000767,ACC_000139,6764.72,UPI,mule_transfer,Axis Bank,UPI_000155,iOS,,,6.6930974,2
TXN_0002610,CASE_000769,2024-03-20 12:59:02.798330414,ACC_000228,ACC_001690,2941.92,Net Banking,victim_debit,Punjab National Bank,UPI_001846,iOS,19.08281684768211,72.89738537909513,,1
TXN_0002611,CASE_000769,2024-03-20 13:39:54.044822743,ACC_001690,ACC_000753,2529.22,UPI,mule_transfer,HDFC Bank,UPI_000832,Android,,,40.854108200000006,2
TXN_0002612,CASE_000769,2024-03-20 13:50:40.724135906,ACC_000753,ACC_000932,2529.22,UPI,mule_transfer,Kotak Mahindra Bank,UPI_001027,iOS,,,10.77798855,3
TXN_0002613,CASE_000770,2024-02-09 01:10:35.842061677,ACC_000680,ACC_001350,8412.1,UPI,victim_debit,Bank of Baroda,UPI_001473,Android,17.427360912801944,78.44461465582597,,1
TXN_0002614,CASE_000770,2024-02-09 01:41:08.408777114,ACC_001350,ACC_000052,8412.1,UPI,mule_transfer,IndusInd Bank,UPI_000058,Desktop,,,30.542778583333334,2
TXN_0002615,CASE_000771,2025-08-03 08:01:44.529596509,ACC_001129,ACC_001300,12553.86,UPI,victim_debit,ICICI Bank,UPI_001419,iOS,22.74254067192276,75.8910565255765,,1
TXN_0002616,CASE_000771,2025-08-03 08:08:57.837514493,ACC_001300,ACC_000011,12553.86,IMPS,mule_transfer,Bank of Baroda,UPI_000013,Android,,,7.221798616666666,2
TXN_0002617,CASE_000772,2024-05-16 16:45:33.798000889,ACC_000021,ACC_001709,1489.51,UPI,fragmentation,HDFC Bank,UPI_001870,Android,13.098646463857827,80.27263774335769,,1
TXN_0002618,CASE_000772,2024-05-16 16:57:13.498027325,ACC_000021,ACC_001709,26178.45,UPI,fragmentation,HDFC Bank,UPI_001869,Android,13.098646463857827,80.27263774335769,11.661667099999999,2
TXN_0002619,CASE_000772,2024-05-16 17:08:36.664335147,ACC_001709,ACC_001114,18430.34,IMPS,mule_transfer,SBI,UPI_001221,Android,,,11.386105116666666,3
TXN_0002620,CASE_000772,2024-05-16 17:53:24.777645661,ACC_001114,ACC_001606,18430.34,NEFT,mule_transfer,SBI,UPI_001753,iOS,,,44.801888500000004,4
TXN_0002621,CASE_000773,2025-04-23 06:13:42.444521361,ACC_001543,ACC_000467,50628.04,Net Banking,victim_debit,Axis Bank,UPI_000515,Android,13.013507221243906,80.2701495721193,,1
TXN_0002622,CASE_000773,2025-04-23 07:11:34.628882487,ACC_000467,ACC_000093,45240.34,Net Banking,mule_transfer,Yes Bank,UPI_000105,Android,,,57.86973935,2
TXN_0002623,CASE_000773,2025-04-23 07:20:18.202804996,ACC_000093,ACC_001288,31416.22,IMPS,mule_transfer,Kotak Mahindra Bank,UPI_001405,Android,,,8.726232033333334,3
TXN_0002624,CASE_000773,2025-04-23 07:27:55.097757760,ACC_001288,ACC_000093,31416.22,UPI,mule_transfer,Yes Bank,UPI_000105,iOS,,,7.614915866666666,4
TXN_0002625,CASE_000774,2024-01-13 20:38:18.085939764,ACC_001164,ACC_000023,1453.47,IMPS,fragmentation,Kotak Mahindra Bank,UPI_000028,Desktop,22.734160738132086,75.83927067718649,,1
TXN_0002626,CASE_000774,2024-01-13 20:46:48.632038599,ACC_001164,ACC_000023,3105.1,UPI,fragmentation,Kotak Mahindra Bank,UPI_000028,Android,22.734160738132086,75.83927067718649,8.509101633333334,2
TXN_0002627,CASE_000774,2024-01-13 20:56:42.803060301,ACC_001164,ACC_000023,463.52,UPI,fragmentation,Kotak Mahindra Bank,UPI_000028,Android,22.734160738132086,75.83927067718649,9.90285035,3
TXN_0002628,CASE_000774,2024-01-13 21:03:25.020470840,ACC_001164,ACC_000023,1537.68,IMPS,fragmentation,Kotak Mahindra Bank,UPI_000028,Android,22.734160738132086,75.83927067718649,6.7036235,4
TXN_0002629,CASE_000774,2024-01-13 21:25:26.556077841,ACC_000023,ACC_000775,5493.38,NEFT,mule_transfer,SBI,UPI_000857,iOS,,,22.02559345,5
TXN_0002630,CASE_000774,2024-01-13 21:36:41.982228415,ACC_000775,ACC_000023,5493.38,NEFT,mule_transfer,Kotak Mahindra Bank,UPI_000028,Android,,,11.2571025,6
TXN_0002631,CASE_000775,2025-12-11 12:47:20.082671390,ACC_001787,ACC_000011,705.96,UPI,fragmentation,Bank of Baroda,UPI_000013,Android,13.04602843369708,80.34346613301018,,1
TXN_0002632,CASE_000775,2025-12-11 12:52:29.120032234,ACC_001787,ACC_000011,3075.61,IMPS,fragmentation,Bank of Baroda,UPI_000013,iOS,13.04602843369708,80.34346613301018,5.150622666666666,2
TXN_0002633,CASE_000775,2025-12-11 12:54:29.301285886,ACC_001787,ACC_000011,3819.28,UPI,fragmentation,Bank of Baroda,UPI_000013,Android,13.04602843369708,80.34346613301018,2.0030208833333334,3
TXN_0002634,CASE_000775,2025-12-11 13:28:22.971329570,ACC_000011,ACC_001300,7600.85,UPI,mule_transfer,ICICI Bank,UPI_001419,iOS,,,33.89450071666667,4
TXN_0002635,CASE_000776,2026-03-30 12:02:45.550615476,ACC_000271,ACC_001050,3633.71,IMPS,fragmentation,Punjab National Bank,UPI_001155,Android,19.091890020232483,72.89519507554775,,1
TXN_0002636,CASE_000776,2026-03-30 12:04:55.139913327,ACC_000271,ACC_001050,6609.57,NEFT,fragmentation,Punjab National Bank,UPI_001155,Android,19.091890020232483,72.89519507554775,2.1598216166666666,2
TXN_0002637,CASE_000776,2026-03-30 12:06:00.648000737,ACC_000271,ACC_001050,1369.51,NEFT,fragmentation,Punjab National Bank,UPI_001155,Android,19.091890020232483,72.89519507554775,1.09180145,3
TXN_0002638,CASE_000776,2026-03-30 12:17:27.040118511,ACC_001050,ACC_001267,11612.78,NEFT,mule_transfer,ICICI Bank,UPI_001383,Android,,,11.439868616666667,4
TXN_0002639,CASE_000777,2026-02-03 05:51:10.461923357,ACC_000101,ACC_000775,8394.94,UPI,victim_debit,SBI,UPI_000857,iOS,27.009574294948624,75.77508229543741,,1
TXN_0002640,CASE_000777,2026-02-03 05:56:52.616533173,ACC_000775,ACC_000480,6601.82,Net Banking,mule_transfer,IndusInd Bank,UPI_000531,iOS,,,5.702576816666666,2
TXN_0002641,CASE_000777,2026-02-03 06:12:42.269246446,ACC_000480,ACC_000775,6601.82,NEFT,mule_transfer,SBI,UPI_000857,Desktop,,,15.827545216666666,3
TXN_0002642,CASE_000778,2026-05-23 01:42:24.574679920,ACC_000689,ACC_000775,2074.32,IMPS,fragmentation,SBI,UPI_000857,iOS,28.602179430800994,77.18207363337092,,1
TXN_0002643,CASE_000778,2026-05-23 01:44:51.162523703,ACC_000689,ACC_000775,22155.36,UPI,fragmentation,SBI,UPI_000857,Android,28.602179430800994,77.18207363337092,2.4431307166666665,2
TXN_0002644,CASE_000778,2026-05-23 01:57:51.495380530,ACC_000689,ACC_000775,46328.53,UPI,fragmentation,SBI,UPI_000857,Android,28.602179430800994,77.18207363337092,13.0055476,3
TXN_0002645,CASE_000778,2026-05-23 02:02:04.490622867,ACC_000689,ACC_000775,9441.59,IMPS,fragmentation,SBI,UPI_000857,Android,28.602179430800994,77.18207363337092,4.2165873666666664,4
TXN_0002646,CASE_000778,2026-05-23 02:58:55.239932525,ACC_000775,ACC_000480,46996.56,IMPS,mule_transfer,IndusInd Bank,UPI_000532,iOS,,,56.845821816666664,5
TXN_0002647,CASE_000778,2026-05-23 03:01:42.858486522,ACC_000480,ACC_000023,46996.56,UPI,mule_transfer,Kotak Mahindra Bank,UPI_000028,iOS,,,2.79364255,6
TXN_0002648,CASE_000779,2026-04-02 17:23:57.113483963,ACC_000877,ACC_001288,4765.89,UPI,fragmentation,Kotak Mahindra Bank,UPI_001405,Android,19.147616853124187,72.77434646280246,,1
TXN_0002649,CASE_000779,2026-04-02 17:27:09.677412357,ACC_000877,ACC_001288,2976.69,IMPS,fragmentation,Kotak Mahindra Bank,UPI_001405,Android,19.147616853124187,72.77434646280246,3.2093988,2
TXN_0002650,CASE_000779,2026-04-02 18:06:12.962464085,ACC_001288,ACC_000093,7742.58,NEFT,mule_transfer,Yes Bank,UPI_000105,Android,,,39.05475085,3
TXN_0002651,CASE_000780,2025-02-08 12:39:37.679442135,ACC_001530,ACC_001629,3429.94,UPI,fragmentation,SBI,UPI_001781,Android,12.971647583289055,77.59096577453657,,1
TXN_0002652,CASE_000780,2025-02-08 12:43:44.094879042,ACC_001530,ACC_001629,1354.94,NEFT,fragmentation,SBI,UPI_001781,Android,12.971647583289055,77.59096577453657,4.106923933333333,2
TXN_0002653,CASE_000780,2025-02-08 12:47:41.108203372,ACC_001530,ACC_001629,447.26,UPI,fragmentation,SBI,UPI_001781,Android,12.971647583289055,77.59096577453657,3.950222066666667,3
TXN_0002654,CASE_000780,2025-02-08 12:58:01.010012378,ACC_001629,ACC_001365,4589.21,IMPS,mule_transfer,IndusInd Bank,UPI_001488,Android,,,10.331696816666666,4
TXN_0002655,CASE_000780,2025-02-08 13:55:57.254526905,ACC_001365,ACC_001349,3452.44,UPI,mule_transfer,Kotak Mahindra Bank,UPI_001471,Android,,,57.93740856666667,5
TXN_0002656,CASE_000780,2025-02-08 13:59:32.999598430,ACC_001349,ACC_001365,3452.44,IMPS,mule_transfer,IndusInd Bank,UPI_001488,Android,,,3.5957511833333333,6
TXN_0002657,CASE_000781,2024-12-28 23:05:58.156468951,ACC_001084,ACC_001350,11222.02,UPI,victim_debit,Bank of Baroda,UPI_001472,Android,26.82416230318348,80.87128235036859,,1
TXN_0002658,CASE_000781,2024-12-28 23:25:34.792417350,ACC_001350,ACC_000052,11222.02,UPI,mule_transfer,IndusInd Bank,UPI_000058,iOS,,,19.610599133333334,2
TXN_0002659,CASE_000782,2026-03-27 10:46:30.191549665,ACC_001049,ACC_001625,288.27,Net Banking,fragmentation,ICICI Bank,UPI_001777,Android,18.488030621350482,73.88696268699597,,1
TXN_0002660,CASE_000782,2026-03-27 10:49:26.850171215,ACC_001049,ACC_001625,1607.68,IMPS,fragmentation,ICICI Bank,UPI_001777,iOS,18.488030621350482,73.88696268699597,2.9443103500000003,2
TXN_0002661,CASE_000782,2026-03-27 10:58:44.463472079,ACC_001049,ACC_001625,1861.93,UPI,fragmentation,ICICI Bank,UPI_001777,Android,18.488030621350482,73.88696268699597,9.293555,3
TXN_0002662,CASE_000782,2026-03-27 11:03:38.820109377,ACC_001049,ACC_001625,1991.89,UPI,fragmentation,ICICI Bank,UPI_001777,iOS,18.488030621350482,73.88696268699597,4.905943949999999,4
TXN_0002663,CASE_000782,2026-03-27 12:28:38.099436261,ACC_001625,ACC_000093,4261.34,Net Banking,mule_transfer,Yes Bank,UPI_000105,Android,,,84.98798876666666,5
TXN_0002664,CASE_000782,2026-03-27 12:38:22.602222114,ACC_000093,ACC_001625,4261.34,UPI,mule_transfer,ICICI Bank,UPI_001777,Android,,,9.741713083333334,6
TXN_0002665,CASE_000783,2026-04-24 11:10:03.466767548,ACC_001651,ACC_000023,3510.17,UPI,victim_debit,Kotak Mahindra Bank,UPI_000028,Desktop,12.95790404317172,77.62246883072898,,1
TXN_0002666,CASE_000783,2026-04-24 11:22:24.437656934,ACC_000023,ACC_000775,3510.17,UPI,mule_transfer,SBI,UPI_000857,iOS,,,12.349514816666668,2
TXN_0002667,CASE_000784,2026-06-05 06:40:17.587790541,ACC_001181,ACC_000011,833.78,UPI,fragmentation,Bank of Baroda,UPI_000013,Android,19.019864130460746,72.96373193679669,,1
TXN_0002668,CASE_000784,2026-06-05 06:50:06.105703733,ACC_001181,ACC_000011,894.55,UPI,fragmentation,Bank of Baroda,UPI_000013,Android,19.019864130460746,72.96373193679669,9.808631883333334,2
TXN_0002669,CASE_000784,2026-06-05 06:54:16.153992112,ACC_001181,ACC_000011,626.36,UPI,fragmentation,Bank of Baroda,UPI_000013,iOS,19.019864130460746,72.96373193679669,4.167471466666667,3
TXN_0002670,CASE_000784,2026-06-05 07:23:34.180146749,ACC_000011,ACC_001300,2354.69,UPI,mule_transfer,ICICI Bank,UPI_001419,Android,,,29.3004359,4
TXN_0002671,CASE_000785,2025-11-30 23:50:20.936396758,ACC_001617,ACC_001350,54097.06,Net Banking,victim_debit,Bank of Baroda,UPI_001473,Android,19.052374880685065,72.75992573009266,,1
TXN_0002672,CASE_000785,2025-11-30 23:57:16.060630384,ACC_001350,ACC_000052,54097.06,UPI,mule_transfer,IndusInd Bank,UPI_000058,Android,,,6.918737216666667,2
TXN_0002673,CASE_000786,2024-07-03 01:50:07.943746212,ACC_001192,ACC_000404,30717.92,UPI,victim_debit,SBI,UPI_000449,Android,19.1937729762381,72.83771847972444,,1
TXN_0002674,CASE_000786,2024-07-03 03:14:16.269707662,ACC_000404,ACC_000659,30717.92,Net Banking,mule_transfer,HDFC Bank,UPI_000731,Android,,,84.13876601666666,2
TXN_0002675,CASE_000787,2026-05-10 20:51:08.828042101,ACC_000649,ACC_000659,2151.41,Net Banking,fragmentation,HDFC Bank,UPI_000731,Android,13.04547499234036,80.2531079935703,,1
TXN_0002676,CASE_000787,2026-05-10 21:00:35.732870752,ACC_000649,ACC_000659,2279.29,IMPS,fragmentation,HDFC Bank,UPI_000731,Android,13.04547499234036,80.2531079935703,9.448413799999999,2
TXN_0002677,CASE_000787,2026-05-10 21:08:46.168983484,ACC_000659,ACC_000404,4430.69,UPI,mule_transfer,SBI,UPI_000450,Android,,,8.173935199999999,3
TXN_0002678,CASE_000788,2026-05-12 20:33:42.903592380,ACC_000538,ACC_001288,1342.04,NEFT,fragmentation,Kotak Mahindra Bank,UPI_001405,Android,26.906632451981032,75.80976260109975,,1
TXN_0002679,CASE_000788,2026-05-12 20:36:10.657526402,ACC_000538,ACC_001288,3658.86,UPI,fragmentation,Kotak Mahindra Bank,UPI_001405,iOS,26.906632451981032,75.80976260109975,2.4625655666666666,2
TXN_0002680,CASE_000788,2026-05-12 20:39:13.666358111,ACC_000538,ACC_001288,228.27,UPI,fragmentation,Kotak Mahindra Bank,UPI_001405,Android,26.906632451981032,75.80976260109975,3.050147183333333,3
TXN_0002681,CASE_000788,2026-05-12 20:49:02.374306990,ACC_000538,ACC_001288,5407.8,NEFT,fragmentation,Kotak Mahindra Bank,UPI_001405,Android,26.906632451981032,75.80976260109975,9.811799133333333,4
TXN_0002682,CASE_000788,2026-05-12 21:15:10.767446635,ACC_001288,ACC_000467,8650.6,IMPS,mule_transfer,Axis Bank,UPI_000515,iOS,,,26.13988565,5
TXN_0002683,CASE_000788,2026-05-12 22:04:56.361231481,ACC_000467,ACC_001625,8650.6,NEFT,mule_transfer,ICICI Bank,UPI_001777,Android,,,49.7598964,6
TXN_0002684,CASE_000789,2025-08-29 20:51:42.738278171,ACC_001204,ACC_001300,1486.41,Net Banking,fragmentation,ICICI Bank,UPI_001418,Android,19.121194271498357,72.98487566131405,,1
TXN_0002685,CASE_000789,2025-08-29 21:00:01.668876751,ACC_001204,ACC_001300,2315.5,IMPS,fragmentation,ICICI Bank,UPI_001418,Android,19.121194271498357,72.98487566131405,8.315509966666665,2
TXN_0002686,CASE_000789,2025-08-29 21:01:32.636086803,ACC_001204,ACC_001300,2152.06,UPI,fragmentation,ICICI Bank,UPI_001419,iOS,19.121194271498357,72.98487566131405,1.5161201666666666,3
TXN_0002687,CASE_000789,2025-08-29 21:04:35.790788318,ACC_001300,ACC_000011,5953.97,UPI,mule_transfer,Bank of Baroda,UPI_000013,iOS,,,3.0525783499999997,4
TXN_0002688,CASE_000790,2026-02-20 00:01:34.014854183,ACC_000216,ACC_000023,2541.94,IMPS,victim_debit,Kotak Mahindra Bank,UPI_000028,Android,19.93808651889739,73.7349608969724,,1
TXN_0002689,CASE_000790,2026-02-20 00:50:20.777504215,ACC_000023,ACC_000480,2092.76,UPI,mule_transfer,IndusInd Bank,UPI_000531,Android,,,48.7793775,2
TXN_0002690,CASE_000790,2026-02-20 00:53:07.092883663,ACC_000480,ACC_000023,2092.76,Net Banking,mule_transfer,Kotak Mahindra Bank,UPI_000028,Android,,,2.7719229833333334,3
TXN_0002691,CASE_000791,2025-05-26 06:04:01.374143213,ACC_000171,ACC_000404,1839.66,IMPS,fragmentation,SBI,UPI_000450,Desktop,19.0086637880234,73.04246650371545,,1
TXN_0002692,CASE_000791,2025-05-26 06:05:06.160631564,ACC_000171,ACC_000404,308.99,Net Banking,fragmentation,SBI,UPI_000450,Desktop,19.0086637880234,73.04246650371545,1.0797748,2
TXN_0002693,CASE_000791,2025-05-26 06:11:28.456653138,ACC_000171,ACC_000404,339.56,UPI,fragmentation,SBI,UPI_000449,Android,19.0086637880234,73.04246650371545,6.37160035,3
TXN_0002694,CASE_000791,2025-05-26 06:15:32.228029127,ACC_000171,ACC_000404,399.47,UPI,fragmentation,SBI,UPI_000450,iOS,19.0086637880234,73.04246650371545,4.06285625,4
TXN_0002695,CASE_000791,2025-05-26 06:28:19.416664708,ACC_000404,ACC_000659,2887.68,UPI,mule_transfer,HDFC Bank,UPI_000731,Android,,,12.786477249999999,5
TXN_0002696,CASE_000792,2026-05-10 03:32:50.003562917,ACC_001201,ACC_000366,29875.19,UPI,victim_debit,IDFC First Bank,UPI_000405,Desktop,19.10225891859196,72.77259802981332,,1
TXN_0002697,CASE_000792,2026-05-10 04:00:40.688231629,ACC_000366,ACC_000267,20924.82,IMPS,mule_transfer,IDFC First Bank,UPI_000294,iOS,,,27.84474446666667,2
TXN_0002698,CASE_000792,2026-05-10 04:46:05.206288049,ACC_000267,ACC_000287,16499.75,UPI,mule_transfer,Punjab National Bank,UPI_000315,iOS,,,45.40863426666667,3
TXN_0002699,CASE_000792,2026-05-10 05:18:24.208620030,ACC_000287,ACC_001335,16499.75,UPI,mule_transfer,Kotak Mahindra Bank,UPI_001457,Android,,,32.316705516666666,4
TXN_0002700,CASE_000793,2024-03-26 14:27:58.915901290,ACC_000796,ACC_001288,845.45,IMPS,victim_debit,Kotak Mahindra Bank,UPI_001405,iOS,12.911153258750078,77.55811894935185,,1
TXN_0002701,CASE_000793,2024-03-26 14:40:17.574524059,ACC_001288,ACC_000093,522.45,UPI,mule_transfer,Yes Bank,UPI_000105,Android,,,12.310977033333334,2
TXN_0002702,CASE_000793,2024-03-26 15:30:45.968206965,ACC_000093,ACC_001625,416.25,UPI,mule_transfer,ICICI Bank,UPI_001777,Android,,,50.473228033333335,3
TXN_0002703,CASE_000793,2024-03-26 15:32:46.516114987,ACC_001625,ACC_000467,416.25,NEFT,mule_transfer,Axis Bank,UPI_000514,Android,,,2.0091318,4
TXN_0002704,CASE_000794,2026-02-26 02:20:09.756576998,ACC_001443,ACC_000533,3577.97,NEFT,fragmentation,Kotak Mahindra Bank,UPI_000588,Android,13.170841517957419,80.27607113790873,,1
TXN_0002705,CASE_000794,2026-02-26 02:21:20.309084979,ACC_001443,ACC_000533,2278.99,Net Banking,fragmentation,Kotak Mahindra Bank,UPI_000588,Android,13.170841517957419,80.27607113790873,1.1758751166666668,2
TXN_0002706,CASE_000794,2026-02-26 02:23:13.815160216,ACC_001443,ACC_000533,3825.87,UPI,fragmentation,Kotak Mahindra Bank,UPI_000588,iOS,13.170841517957419,80.27607113790873,1.8917679166666665,3
TXN_0002707,CASE_000794,2026-02-26 02:24:53.332503407,ACC_001443,ACC_000533,452.23,UPI,fragmentation,Kotak Mahindra Bank,UPI_000588,iOS,13.170841517957419,80.27607113790873,1.6586223833333333,4
TXN_0002708,CASE_000794,2026-02-26 03:01:05.569520493,ACC_000533,ACC_000366,7309.3,IMPS,mule_transfer,IDFC First Bank,UPI_000405,Android,,,36.203950283333334,5
TXN_0002709,CASE_000794,2026-02-26 03:19:09.376337226,ACC_000366,ACC_001335,6772.95,IMPS,mule_transfer,Kotak Mahindra Bank,UPI_001457,Android,,,18.063446933333335,6
TXN_0002710,CASE_000794,2026-02-26 03:24:24.765126605,ACC_001335,ACC_000267,6772.95,UPI,mule_transfer,IDFC First Bank,UPI_000294,Android,,,5.256479816666666,7
TXN_0002711,CASE_000795,2024-02-20 14:22:24.830369889,ACC_001443,ACC_000139,5723.52,IMPS,fragmentation,Axis Bank,UPI_000155,Android,17.341041427930183,78.46508107252724,,1
TXN_0002712,CASE_000795,2024-02-20 14:25:42.210362952,ACC_001443,ACC_000139,5545.53,UPI,fragmentation,Axis Bank,UPI_000155,iOS,17.341041427930183,78.46508107252724,3.28966655,2
TXN_0002713,CASE_000795,2024-02-20 14:29:53.521852384,ACC_000139,ACC_000767,6514.18,IMPS,mule_transfer,SBI,UPI_000849,Android,,,4.188524816666667,3
TXN_0002714,CASE_000795,2024-02-20 15:09:37.244813291,ACC_000767,ACC_000139,6514.18,NEFT,mule_transfer,Axis Bank,UPI_000156,Android,,,39.728716,4
TXN_0002715,CASE_000796,2024-11-04 22:31:23.693085836,ACC_000253,ACC_000775,122658.46,UPI,victim_debit,SBI,UPI_000857,Android,28.57427044751044,77.15869194906719,,1
TXN_0002716,CASE_000796,2024-11-04 23:00:27.737593159,ACC_000775,ACC_000480,122658.46,UPI,mule_transfer,IndusInd Bank,UPI_000531,Android,,,29.067408450000002,2
TXN_0002717,CASE_000797,2024-05-03 06:59:39.972371736,ACC_000442,ACC_000775,21045.88,UPI,victim_debit,SBI,UPI_000857,Android,12.992597095362944,77.58190486723853,,1
TXN_0002718,CASE_000797,2024-05-03 07:10:55.914325194,ACC_000775,ACC_000480,21045.88,Net Banking,mule_transfer,IndusInd Bank,UPI_000531,Android,,,11.265699216666667,2
TXN_0002719,CASE_000798,2025-03-12 12:58:46.215818906,ACC_000038,ACC_000694,3572.12,UPI,victim_debit,ICICI Bank,UPI_000770,Desktop,18.988425548761988,72.93351010848534,,1
TXN_0002720,CASE_000798,2025-03-12 13:07:13.962229328,ACC_000694,ACC_001117,3572.12,UPI,mule_transfer,Bank of Baroda,UPI_001224,Desktop,,,8.462440166666667,2
TXN_0002721,CASE_000799,2024-07-30 14:18:45.108860261,ACC_001455,ACC_000023,138152.1,UPI,victim_debit,Kotak Mahindra Bank,UPI_000028,Android,19.19936273598413,72.967965870244,,1
TXN_0002722,CASE_000799,2024-07-30 14:22:23.788781458,ACC_000023,ACC_000775,93972.14,IMPS,mule_transfer,SBI,UPI_000857,iOS,,,3.64466535,2
TXN_0002723,CASE_000799,2024-07-30 14:40:22.792151352,ACC_000775,ACC_000023,93972.14,IMPS,mule_transfer,Kotak Mahindra Bank,UPI_000028,iOS,,,17.983389483333333,3
TXN_0002724,CASE_000800,2026-05-17 08:36:09.875031619,ACC_000289,ACC_000820,1786.78,UPI,victim_debit,ICICI Bank,UPI_000908,Android,26.742819128649817,80.96464259907785,,1
TXN_0002725,CASE_000800,2026-05-17 09:05:55.744614416,ACC_000820,ACC_000309,1786.78,IMPS,mule_transfer,Canara Bank,UPI_000342,iOS,,,29.764493033333334,2
TXN_0002726,CASE_000801,2025-05-24 13:22:08.673295729,ACC_001557,ACC_000366,10249.81,UPI,fragmentation,IDFC First Bank,UPI_000405,Desktop,22.46688726455195,88.34082387834053,,1
TXN_0002727,CASE_000801,2025-05-24 13:25:36.569724170,ACC_001557,ACC_000366,12697.54,Net Banking,fragmentation,IDFC First Bank,UPI_000405,Android,22.46688726455195,88.34082387834053,3.4649404666666666,2
TXN_0002728,CASE_000801,2025-05-24 13:36:09.294660545,ACC_001557,ACC_000366,17608.48,Net Banking,fragmentation,IDFC First Bank,UPI_000405,iOS,22.46688726455195,88.34082387834053,10.5454156,3
TXN_0002729,CASE_000801,2025-05-24 13:43:31.127850110,ACC_001557,ACC_000366,3211.57,Net Banking,fragmentation,IDFC First Bank,UPI_000405,Android,22.46688726455195,88.34082387834053,7.363886483333333,4
TXN_0002730,CASE_000801,2025-05-24 15:28:08.121196817,ACC_000366,ACC_000287,43767.4,IMPS,mule_transfer,Punjab National Bank,UPI_000315,Android,,,104.61655576666666,5
TXN_0002731,CASE_000802,2026-03-28 20:35:59.958863980,ACC_000192,ACC_001050,22335.74,UPI,victim_debit,Punjab National Bank,UPI_001155,Android,26.93870436169704,80.99260713713582,,1
TXN_0002732,CASE_000802,2026-03-28 21:06:16.913339068,ACC_001050,ACC_001267,22335.74,UPI,mule_transfer,ICICI Bank,UPI_001383,Android,,,30.282574583333332,2
TXN_0002733,CASE_000803,2024-09-10 08:17:02.516426673,ACC_000178,ACC_000023,7785.81,IMPS,victim_debit,Kotak Mahindra Bank,UPI_000028,Desktop,26.848796789170514,80.94443050520556,,1
TXN_0002734,CASE_000803,2024-09-10 08:38:16.600804070,ACC_000023,ACC_000775,7019.17,UPI,mule_transfer,SBI,UPI_000857,Android,,,21.234739616666666,2
TXN_0002735,CASE_000803,2024-09-10 08:42:06.504113328,ACC_000775,ACC_000023,7019.17,IMPS,mule_transfer,Kotak Mahindra Bank,UPI_000028,Android,,,3.8317218166666667,3
TXN_0002736,CASE_000804,2024-01-24 16:38:39.773394854,ACC_000173,ACC_000366,9504.79,IMPS,fragmentation,IDFC First Bank,UPI_000405,Desktop,17.4162151884462,78.46606066219802,,1
TXN_0002737,CASE_000804,2024-01-24 16:40:14.488528511,ACC_000173,ACC_000366,7666.17,NEFT,fragmentation,IDFC First Bank,UPI_000405,Android,17.4162151884462,78.46606066219802,1.57858555,2
TXN_0002738,CASE_000804,2024-01-24 17:15:28.069529751,ACC_000366,ACC_000267,11751.53,UPI,mule_transfer,IDFC First Bank,UPI_000294,Android,,,35.226350016666665,3
TXN_0002739,CASE_000804,2024-01-24 17:26:02.438524399,ACC_000267,ACC_000533,9573.87,Net Banking,mule_transfer,Kotak Mahindra Bank,UPI_000588,iOS,,,10.572816566666667,4
TXN_0002740,CASE_000804,2024-01-24 17:43:54.956642649,ACC_000533,ACC_000287,9573.87,IMPS,mule_transfer,Punjab National Bank,UPI_000316,iOS,,,17.875301966666665,5
TXN_0002741,CASE_000805,2025-12-07 15:14:58.921412227,ACC_000955,ACC_001629,2466.3,IMPS,fragmentation,SBI,UPI_001781,Android,26.786274733809314,80.92510418856938,,1
TXN_0002742,CASE_000805,2025-12-07 15:21:00.412834927,ACC_000955,ACC_001629,1340.56,UPI,fragmentation,SBI,UPI_001781,iOS,26.786274733809314,80.92510418856938,6.024857033333333,2
TXN_0002743,CASE_000805,2025-12-07 15:24:58.029384942,ACC_000955,ACC_001629,470.46,Net Banking,fragmentation,SBI,UPI_001781,Android,26.786274733809314,80.92510418856938,3.960275833333333,3
TXN_0002744,CASE_000805,2025-12-07 15:30:02.229349866,ACC_001629,ACC_001365,3805.63,UPI,mule_transfer,IndusInd Bank,UPI_001488,Android,,,5.0699994,4
TXN_0002745,CASE_000805,2025-12-07 16:31:01.761596742,ACC_001365,ACC_001293,3805.63,UPI,mule_transfer,Union Bank of India,UPI_001410,Desktop,,,60.9922041,5
TXN_0002746,CASE_000806,2025-10-01 20:58:41.060439147,ACC_001192,ACC_001085,3385.41,Net Banking,fragmentation,Axis Bank,UPI_001191,Desktop,28.53844893767837,77.17710446419662,,1
TXN_0002747,CASE_000806,2025-10-01 21:04:29.559300666,ACC_001192,ACC_001085,11504.13,UPI,fragmentation,Axis Bank,UPI_001191,Android,28.53844893767837,77.17710446419662,5.80831435,2
TXN_0002748,CASE_000806,2025-10-01 21:09:14.664045171,ACC_001192,ACC_001085,4207.04,UPI,fragmentation,Axis Bank,UPI_001191,iOS,28.53844893767837,77.17710446419662,4.751745733333333,3
TXN_0002749,CASE_000806,2025-10-01 21:54:17.273020320,ACC_001085,ACC_000378,12813.2,UPI,mule_transfer,Canara Bank,UPI_000421,iOS,,,45.04348291666667,4
TXN_0002750,CASE_000806,2025-10-01 21:58:02.705001965,ACC_000378,ACC_001085,12813.2,NEFT,mule_transfer,Axis Bank,UPI_001191,iOS,,,3.7571996833333334,5
TXN_0002751,CASE_000807,2025-05-11 22:52:20.080750029,ACC_000806,ACC_000139,2820.21,Net Banking,victim_debit,Axis Bank,UPI_000156,Desktop,19.192184644959163,72.92420294012791,,1
TXN_0002752,CASE_000807,2025-05-11 23:21:09.850323307,ACC_000139,ACC_001308,2820.21,UPI,mule_transfer,IndusInd Bank,UPI_001427,Android,,,28.829492883333334,2
TXN_0002753,CASE_000808,2026-01-12 19:27:47.552211470,ACC_000789,ACC_000961,266.36,UPI,fragmentation,ICICI Bank,UPI_001058,Android,19.034555494966998,72.84669403706,,1
TXN_0002754,CASE_000808,2026-01-12 19:34:40.061907183,ACC_000789,ACC_000961,9034.88,IMPS,fragmentation,ICICI Bank,UPI_001058,Android,19.034555494966998,72.84669403706,6.875161583333334,2
TXN_0002755,CASE_000808,2026-01-12 20:27:36.512924064,ACC_000961,ACC_000190,9301.23,NEFT,mule_transfer,HDFC Bank,UPI_000211,Android,,,52.940850266666665,3
TXN_0002756,CASE_000809,2026-02-04 08:05:13.538825916,ACC_000243,ACC_001349,20840.89,UPI,victim_debit,Kotak Mahindra Bank,UPI_001471,Android,18.969277303330994,72.93157485017258,,1
TXN_0002757,CASE_000809,2026-02-04 09:12:19.059150233,ACC_001349,ACC_001238,16699.86,UPI,mule_transfer,SBI,UPI_001349,Android,,,67.0920054,2
TXN_0002758,CASE_000809,2026-02-04 09:19:37.774559781,ACC_001238,ACC_001629,16699.86,UPI,mule_transfer,SBI,UPI_001781,iOS,,,7.3119234833333335,3
TXN_0002759,CASE_000810,2025-06-19 14:49:18.680169590,ACC_001205,ACC_000961,4259.3,UPI,fragmentation,ICICI Bank,UPI_001058,Desktop,19.070379233353833,72.85510119992492,,1
TXN_0002760,CASE_000810,2025-06-19 14:59:13.475830829,ACC_001205,ACC_000961,34199.22,UPI,fragmentation,ICICI Bank,UPI_001059,iOS,19.070379233353833,72.85510119992492,9.913261016666667,2
TXN_0002761,CASE_000810,2025-06-19 15:03:02.827719692,ACC_000961,ACC_000190,38458.52,UPI,mule_transfer,HDFC Bank,UPI_000212,Android,,,3.8225314666666668,3
TXN_0002762,CASE_000811,2026-05-29 23:51:35.396568018,ACC_000760,ACC_001350,6109.56,IMPS,victim_debit,Bank of Baroda,UPI_001473,iOS,21.19378967528526,79.10389677418617,,1
TXN_0002763,CASE_000811,2026-05-29 23:58:45.416819783,ACC_001350,ACC_000052,6109.56,UPI,mule_transfer,IndusInd Bank,UPI_000058,Android,,,7.167004183333333,2
TXN_0002764,CASE_000812,2025-10-17 15:55:19.747384174,ACC_001192,ACC_001288,27782.95,UPI,victim_debit,Kotak Mahindra Bank,UPI_001405,Android,13.080981166731041,80.26366452407927,,1
TXN_0002765,CASE_000812,2025-10-17 16:03:31.877920365,ACC_001288,ACC_000467,27782.95,NEFT,mule_transfer,Axis Bank,UPI_000514,Android,,,8.2021756,2
TXN_0002766,CASE_000813,2025-09-08 15:51:18.687170185,ACC_001680,ACC_000819,11797.77,Net Banking,victim_debit,HDFC Bank,UPI_000907,Android,22.54954869778165,88.46965399438741,,1
TXN_0002767,CASE_000813,2025-09-08 16:02:51.853610659,ACC_000819,ACC_001768,10400.8,NEFT,mule_transfer,Canara Bank,UPI_001932,Android,,,11.552774,2
TXN_0002768,CASE_000813,2025-09-08 16:16:45.640234945,ACC_001768,ACC_001296,10400.8,UPI,mule_transfer,SBI,UPI_001414,iOS,,,13.896443733333333,3
TXN_0002769,CASE_000814,2024-11-25 06:38:09.831804998,ACC_000464,ACC_000782,5609.21,UPI,victim_debit,IDFC First Bank,UPI_000866,Android,17.37321074715584,78.46930787511843,,1
TXN_0002770,CASE_000814,2024-11-25 06:47:01.728271831,ACC_000782,ACC_000820,3777.73,IMPS,mule_transfer,ICICI Bank,UPI_000908,Desktop,,,8.864941100000001,2
TXN_0002771,CASE_000814,2024-11-25 06:51:14.247731029,ACC_000820,ACC_000309,3777.73,UPI,mule_transfer,Canara Bank,UPI_000342,iOS,,,4.20865765,3
TXN_0002772,CASE_000815,2024-01-03 02:04:07.311761908,ACC_001435,ACC_000480,10876.51,IMPS,fragmentation,IndusInd Bank,UPI_000531,iOS,19.194070705138902,72.95174591787979,,1
TXN_0002773,CASE_000815,2024-01-03 02:10:46.228493367,ACC_001435,ACC_000480,2387.32,UPI,fragmentation,IndusInd Bank,UPI_000531,Android,19.194070705138902,72.95174591787979,6.648612183333333,2
TXN_0002774,CASE_000815,2024-01-03 02:28:10.229469817,ACC_001435,ACC_000480,45207.79,UPI,fragmentation,IndusInd Bank,UPI_000532,Android,19.194070705138902,72.95174591787979,17.40001626666667,3
TXN_0002775,CASE_000815,2024-01-03 02:37:42.988874006,ACC_000480,ACC_000775,58471.62,IMPS,mule_transfer,SBI,UPI_000857,iOS,,,9.545990066666667,4
TXN_0002776,CASE_000816,2024-08-07 12:43:16.415565509,ACC_000522,ACC_001267,16447.53,UPI,victim_debit,ICICI Bank,UPI_001383,Android,22.587789994765753,88.47615345446512,,1
TXN_0002777,CASE_000816,2024-08-07 12:46:47.012395644,ACC_001267,ACC_001050,16447.53,UPI,mule_transfer,Punjab National Bank,UPI_001155,iOS,,,3.509947166666667,2
TXN_0002778,CASE_000817,2025-11-27 01:18:43.743442663,ACC_000822,ACC_000819,27309.96,Net Banking,victim_debit,HDFC Bank,UPI_000907,Android,21.078539935016718,79.11651589806077,,1
TXN_0002779,CASE_000817,2025-11-27 01:43:30.060734321,ACC_000819,ACC_001768,27309.96,UPI,mule_transfer,Canara Bank,UPI_001932,iOS,,,24.77195485,2
TXN_0002780,CASE_000818,2025-10-08 17:01:15.339075642,ACC_000702,ACC_000659,594.68,NEFT,victim_debit,HDFC Bank,UPI_000731,Android,19.076967633799057,72.87598436713208,,1
TXN_0002781,CASE_000818,2025-10-08 17:14:11.525089204,ACC_000659,ACC_000404,594.68,UPI,mule_transfer,SBI,UPI_000450,Android,,,12.93643355,2
TXN_0002782,CASE_000819,2024-10-28 14:10:45.115767699,ACC_001180,ACC_000694,2938.5,NEFT,victim_debit,ICICI Bank,UPI_000770,Android,18.52016201982462,73.85650382269306,,1
TXN_0002783,CASE_000819,2024-10-28 14:40:24.590049569,ACC_000694,ACC_000880,2005.24,UPI,mule_transfer,SBI,UPI_000972,Android,,,29.657904683333335,2
TXN_0002784,CASE_000819,2024-10-28 14:44:59.255789358,ACC_000880,ACC_000652,2005.24,IMPS,mule_transfer,HDFC Bank,UPI_000723,Android,,,4.577762316666666,3
TXN_0002785,CASE_000820,2025-07-23 23:09:42.025352988,ACC_001360,ACC_001507,20572.05,UPI,victim_debit,Punjab National Bank,UPI_001646,Android,21.20847144318527,79.11917181871762,,1
TXN_0002786,CASE_000820,2025-07-23 23:12:40.988738855,ACC_001507,ACC_001647,20572.05,UPI,mule_transfer,Canara Bank,UPI_001801,Desktop,,,2.982723083333333,2
TXN_0002787,CASE_000821,2024-06-26 22:58:32.150597949,ACC_000110,ACC_000139,3670.35,UPI,victim_debit,Axis Bank,UPI_000156,Android,18.481812868781244,73.87195789415127,,1
TXN_0002788,CASE_000821,2024-06-26 23:02:01.976593632,ACC_000139,ACC_000767,3670.35,Net Banking,mule_transfer,SBI,UPI_000849,Android,,,3.497099916666667,2
TXN_0002789,CASE_000822,2024-08-28 04:10:57.661951871,ACC_000783,ACC_000467,14269.32,UPI,victim_debit,Axis Bank,UPI_000514,Desktop,23.013278523621857,72.59590594239285,,1
TXN_0002790,CASE_000822,2024-08-28 04:30:19.460182317,ACC_000467,ACC_001288,14269.32,Net Banking,mule_transfer,Kotak Mahindra Bank,UPI_001405,Android,,,19.363303833333337,2
TXN_0002791,CASE_000823,2026-05-13 03:27:42.522242499,ACC_000917,ACC_001350,59195.14,IMPS,victim_debit,Bank of Baroda,UPI_001472,Android,22.5204094519014,88.29412199383563,,1
TXN_0002792,CASE_000823,2026-05-13 03:39:24.267840718,ACC_001350,ACC_000052,59195.14,UPI,mule_transfer,IndusInd Bank,UPI_000058,Android,,,11.695759966666666,2
TXN_0002793,CASE_000824,2025-01-11 10:25:35.914960414,ACC_000989,ACC_001365,333.78,UPI,fragmentation,IndusInd Bank,UPI_001488,iOS,13.059488380596758,80.24980665882418,,1
TXN_0002794,CASE_000824,2025-01-11 10:27:09.178442143,ACC_000989,ACC_001365,3716.2,UPI,fragmentation,IndusInd Bank,UPI_001488,iOS,13.059488380596758,80.24980665882418,1.55439135,2
TXN_0002795,CASE_000824,2025-01-11 10:54:02.368052101,ACC_001365,ACC_001629,3258.3,UPI,mule_transfer,SBI,UPI_001781,Android,,,26.886493483333332,3
TXN_0002796,CASE_000824,2025-01-11 11:16:00.382723235,ACC_001629,ACC_001349,3258.3,UPI,mule_transfer,Kotak Mahindra Bank,UPI_001471,Android,,,21.96691118333333,4
TXN_0002797,CASE_000825,2024-08-11 06:43:35.445351115,ACC_000076,ACC_001300,2901.48,UPI,victim_debit,ICICI Bank,UPI_001418,iOS,19.298157257127635,72.98363311965822,,1
TXN_0002798,CASE_000825,2024-08-11 07:02:00.151482598,ACC_001300,ACC_000011,2901.48,UPI,mule_transfer,Bank of Baroda,UPI_000013,Android,,,18.411768849999998,2
TXN_0002799,CASE_000826,2025-03-19 18:49:24.559189124,ACC_001101,ACC_000404,9086.89,UPI,victim_debit,SBI,UPI_000449,iOS,22.982540654409245,72.53652837708086,,1
TXN_0002800,CASE_000826,2025-03-19 19:05:55.914073047,ACC_000404,ACC_000659,9086.89,UPI,mule_transfer,HDFC Bank,UPI_000731,Android,,,16.522581383333332,2
TXN_0002801,CASE_000827,2024-12-18 14:05:10.258768364,ACC_000280,ACC_000052,20355.28,Net Banking,fragmentation,IndusInd Bank,UPI_000058,iOS,13.080301352574905,80.24490885166662,,1
TXN_0002802,CASE_000827,2024-12-18 14:10:40.539311242,ACC_000280,ACC_000052,6795.53,UPI,fragmentation,IndusInd Bank,UPI_000058,iOS,13.080301352574905,80.24490885166662,5.504675700000001,2
TXN_0002803,CASE_000827,2024-12-18 14:41:17.728789162,ACC_000280,ACC_000052,41654.7,NEFT,fragmentation,IndusInd Bank,UPI_000058,Desktop,13.080301352574905,80.24490885166662,30.619824616666666,3
TXN_0002804,CASE_000827,2024-12-18 15:18:28.192180260,ACC_000052,ACC_001350,68805.51,UPI,mule_transfer,Bank of Baroda,UPI_001472,Android,,,37.17438985,4
TXN_0002805,CASE_000828,2025-10-26 15:10:03.331342935,ACC_001360,ACC_001300,3792.47,NEFT,victim_debit,ICICI Bank,UPI_001419,Android,19.03519125200016,73.01009446784268,,1
TXN_0002806,CASE_000828,2025-10-26 15:18:18.201280668,ACC_001300,ACC_000011,3792.47,Net Banking,mule_transfer,Bank of Baroda,UPI_000013,Android,,,8.247832283333333,2
TXN_0002807,CASE_000829,2026-05-26 12:19:43.617385426,ACC_001742,ACC_000023,2748.08,UPI,fragmentation,Kotak Mahindra Bank,UPI_000028,Android,17.414835673884756,78.49884608705584,,1
TXN_0002808,CASE_000829,2026-05-26 12:24:39.948276175,ACC_001742,ACC_000023,4529.61,IMPS,fragmentation,Kotak Mahindra Bank,UPI_000028,Android,17.414835673884756,78.49884608705584,4.938848166666667,2
TXN_0002809,CASE_000829,2026-05-26 12:35:59.816593351,ACC_000023,ACC_000775,5163.51,UPI,mule_transfer,SBI,UPI_000857,iOS,,,11.331138616666667,3
TXN_0002810,CASE_000829,2026-05-26 12:37:06.430327369,ACC_000775,ACC_000480,5163.51,UPI,mule_transfer,IndusInd Bank,UPI_000532,iOS,,,1.1102288999999999,4
TXN_0002811,CASE_000830,2025-06-23 02:41:19.197741287,ACC_000560,ACC_001238,2781.24,NEFT,victim_debit,SBI,UPI_001350,Android,12.97026644467911,77.5985040361622,,1
TXN_0002812,CASE_000830,2025-06-23 03:19:37.219834452,ACC_001238,ACC_001365,2238.05,UPI,mule_transfer,IndusInd Bank,UPI_001488,Android,,,38.30036821666667,2
TXN_0002813,CASE_000830,2025-06-23 03:36:02.696930991,ACC_001365,ACC_001629,2238.05,IMPS,mule_transfer,SBI,UPI_001781,Android,,,16.424618266666666,3
TXN_0002814,CASE_000831,2025-06-22 13:26:33.505479917,ACC_001139,ACC_001267,90483.99,UPI,victim_debit,ICICI Bank,UPI_001383,iOS,28.577252312503553,77.23151710026676,,1
TXN_0002815,CASE_000831,2025-06-22 14:01:44.211329610,ACC_001267,ACC_001050,90483.99,UPI,mule_transfer,Punjab National Bank,UPI_001155,iOS,,,35.17843081666667,2
TXN_0002816,CASE_000832,2024-11-28 09:21:06.204124950,ACC_000556,ACC_000093,6459.59,UPI,fragmentation,Yes Bank,UPI_000105,Desktop,19.128054576735554,72.99431478386155,,1
TXN_0002817,CASE_000832,2024-11-28 09:22:40.536006037,ACC_000556,ACC_000093,1243.08,UPI,fragmentation,Yes Bank,UPI_000105,iOS,19.128054576735554,72.99431478386155,1.5721980166666667,2
TXN_0002818,CASE_000832,2024-11-28 09:24:49.595002432,ACC_000556,ACC_000093,1339.19,UPI,fragmentation,Yes Bank,UPI_000105,Android,19.128054576735554,72.99431478386155,2.1509832666666666,3
TXN_0002819,CASE_000832,2024-11-28 09:26:00.201793190,ACC_000556,ACC_000093,2865.39,IMPS,fragmentation,Yes Bank,UPI_000105,Android,19.128054576735554,72.99431478386155,1.1767798333333335,4
TXN_0002820,CASE_000832,2024-11-28 09:54:38.821341911,ACC_000093,ACC_001288,7542.59,IMPS,mule_transfer,Kotak Mahindra Bank,UPI_001405,iOS,,,28.643659133333333,5
TXN_0002821,CASE_000832,2024-11-28 10:01:40.874841284,ACC_001288,ACC_000467,6962.39,UPI,mule_transfer,Axis Bank,UPI_000514,iOS,,,7.034224983333333,6
TXN_0002822,CASE_000832,2024-11-28 10:07:15.150775958,ACC_000467,ACC_001288,6962.39,Net Banking,mule_transfer,Kotak Mahindra Bank,UPI_001405,Android,,,5.571265566666667,7
TXN_0002823,CASE_000833,2025-05-29 10:17:52.546697864,ACC_000252,ACC_001350,4112.45,UPI,victim_debit,Bank of Baroda,UPI_001472,iOS,12.872901728085145,77.64967409136479,,1
TXN_0002824,CASE_000833,2025-05-29 10:19:18.814462473,ACC_001350,ACC_000052,4112.45,IMPS,mule_transfer,IndusInd Bank,UPI_000058,Android,,,1.4377960666666667,2
TXN_0002825,CASE_000834,2024-10-17 22:11:23.058803760,ACC_000186,ACC_001788,4498.76,UPI,fragmentation,Canara Bank,UPI_001952,Android,19.121333307781562,72.90068895271021,,1
TXN_0002826,CASE_000834,2024-10-17 22:15:17.966397266,ACC_000186,ACC_001788,9701.5,NEFT,fragmentation,Canara Bank,UPI_001953,iOS,19.121333307781562,72.90068895271021,3.9151265499999996,2
TXN_0002827,CASE_000834,2024-10-17 22:22:37.110195222,ACC_000186,ACC_001788,35073.36,UPI,fragmentation,Canara Bank,UPI_001952,Android,19.121333307781562,72.90068895271021,7.319063283333334,3
TXN_0002828,CASE_000834,2024-10-17 22:28:45.330298151,ACC_000186,ACC_001788,1266.94,NEFT,fragmentation,Canara Bank,UPI_001952,Android,19.121333307781562,72.90068895271021,6.1370017,4
TXN_0002829,CASE_000834,2024-10-17 22:55:50.409857639,ACC_001788,ACC_000820,31625.96,Net Banking,mule_transfer,ICICI Bank,UPI_000908,Android,,,27.084659316666666,5
TXN_0002830,CASE_000834,2024-10-17 23:21:00.698770984,ACC_000820,ACC_001046,28285.36,UPI,mule_transfer,IDFC First Bank,UPI_001151,iOS,,,25.171481883333335,6
TXN_0002831,CASE_000834,2024-10-17 23:41:17.372774004,ACC_001046,ACC_001592,28285.36,IMPS,mule_transfer,Union Bank of India,UPI_001737,Desktop,,,20.277900050000003,7
TXN_0002832,CASE_000835,2024-01-02 00:06:53.045732690,ACC_000168,ACC_001625,59305.8,IMPS,victim_debit,ICICI Bank,UPI_001777,Android,19.27724289773758,73.03190147715105,,1
TXN_0002833,CASE_000835,2024-01-02 00:22:43.753445179,ACC_001625,ACC_001288,59305.8,UPI,mule_transfer,Kotak Mahindra Bank,UPI_001405,Android,,,15.845128533333334,2
TXN_0002834,CASE_000836,2026-02-28 00:37:25.827673815,ACC_000223,ACC_000366,2010.66,UPI,victim_debit,IDFC First Bank,UPI_000405,Android,19.180814025916153,72.90727123956829,,1
TXN_0002835,CASE_000836,2026-02-28 00:40:47.323014544,ACC_000366,ACC_001335,1883.18,NEFT,mule_transfer,Kotak Mahindra Bank,UPI_001457,Android,,,3.3582556666666665,2
TXN_0002836,CASE_000836,2026-02-28 01:30:12.691449944,ACC_001335,ACC_000533,1883.18,UPI,mule_transfer,Kotak Mahindra Bank,UPI_000588,Android,,,49.42280725,3
TXN_0002837,CASE_000837,2025-01-26 06:01:06.433206006,ACC_001110,ACC_001647,2392.41,UPI,victim_debit,Canara Bank,UPI_001801,Desktop,21.161362413327005,72.95082215214131,,1
TXN_0002838,CASE_000837,2025-01-26 06:08:04.275855700,ACC_001647,ACC_001507,2392.41,UPI,mule_transfer,Punjab National Bank,UPI_001646,Android,,,6.96404415,2
TXN_0002839,CASE_000838,2025-03-24 07:43:50.927788926,ACC_001646,ACC_000272,55672.74,IMPS,victim_debit,ICICI Bank,UPI_000300,Android,19.989832558396724,73.75681435740415,,1
TXN_0002840,CASE_000838,2025-03-24 07:49:50.182315500,ACC_000272,ACC_000660,41423.8,IMPS,mule_transfer,Kotak Mahindra Bank,UPI_000732,iOS,,,5.987575433333333,2
TXN_0002841,CASE_000838,2025-03-24 08:06:38.328960254,ACC_000660,ACC_000823,28006.53,NEFT,mule_transfer,Bank of Baroda,UPI_000912,Android,,,16.802444066666666,3
TXN_0002842,CASE_000838,2025-03-24 08:38:08.120191217,ACC_000823,ACC_000660,28006.53,Net Banking,mule_transfer,Kotak Mahindra Bank,UPI_000733,Desktop,,,31.4965205,4
TXN_0002843,CASE_000839,2024-03-17 02:01:51.693198161,ACC_000108,ACC_000093,13663.25,NEFT,victim_debit,Yes Bank,UPI_000105,Android,21.18403646007355,79.10098410536354,,1
TXN_0002844,CASE_000839,2024-03-17 02:16:11.839801212,ACC_000093,ACC_001625,11254.55,Net Banking,mule_transfer,ICICI Bank,UPI_001777,Desktop,,,14.335776716666667,2
TXN_0002845,CASE_000839,2024-03-17 02:18:20.013336852,ACC_001625,ACC_000093,11254.55,IMPS,mule_transfer,Yes Bank,UPI_000105,Android,,,2.1362255833333332,3
TXN_0002846,CASE_000840,2026-02-01 15:26:52.082525778,ACC_001695,ACC_000052,1537.99,UPI,victim_debit,IndusInd Bank,UPI_000058,Android,21.108142457254043,79.07141522285644,,1
TXN_0002847,CASE_000840,2026-02-01 15:35:16.220257476,ACC_000052,ACC_001350,1537.99,UPI,mule_transfer,Bank of Baroda,UPI_001472,iOS,,,8.402295516666666,2
TXN_0002848,CASE_000841,2024-06-04 04:27:03.721800656,ACC_001757,ACC_000023,67.25,UPI,fragmentation,Kotak Mahindra Bank,UPI_000028,Android,26.908112609836667,75.79120444786996,,1
TXN_0002849,CASE_000841,2024-06-04 04:37:42.466487094,ACC_001757,ACC_000023,50.0,UPI,fragmentation,Kotak Mahindra Bank,UPI_000028,Android,26.908112609836667,75.79120444786996,10.645744766666667,2
TXN_0002850,CASE_000841,2024-06-04 04:44:17.852078396,ACC_001757,ACC_000023,1445.28,Net Banking,fragmentation,Kotak Mahindra Bank,UPI_000028,Android,26.908112609836667,75.79120444786996,6.589759849999999,3
TXN_0002851,CASE_000841,2024-06-04 04:46:20.819285347,ACC_001757,ACC_000023,300.83,Net Banking,fragmentation,Kotak Mahindra Bank,UPI_000028,Android,26.908112609836667,75.79120444786996,2.0494534333333334,4
TXN_0002852,CASE_000841,2024-06-04 05:05:47.544640848,ACC_000023,ACC_000480,1823.75,UPI,mule_transfer,IndusInd Bank,UPI_000531,Android,,,19.445422583333333,5
TXN_0002853,CASE_000842,2025-01-09 02:00:41.716184845,ACC_001036,ACC_000093,3353.11,UPI,victim_debit,Yes Bank,UPI_000105,iOS,12.983969112361699,77.55284776932574,,1
TXN_0002854,CASE_000842,2025-01-09 02:02:52.009517144,ACC_000093,ACC_001288,3353.11,NEFT,mule_transfer,Kotak Mahindra Bank,UPI_001405,Desktop,,,2.171555533333333,2
TXN_0002855,CASE_000843,2026-02-04 11:59:18.432050482,ACC_001770,ACC_000775,2037.35,UPI,victim_debit,SBI,UPI_000857,Android,26.871816613129475,80.81624543896574,,1
TXN_0002856,CASE_000843,2026-02-04 12:15:08.636055403,ACC_000775,ACC_000023,2037.35,IMPS,mule_transfer,Kotak Mahindra Bank,UPI_000028,Android,,,15.836733400000002,2
TXN_0002857,CASE_000844,2025-02-21 02:11:21.382148612,ACC_000693,ACC_001625,859.53,UPI,victim_debit,ICICI Bank,UPI_001777,Android,19.910049155646863,73.88220958438879,,1
TXN_0002858,CASE_000844,2025-02-21 02:29:59.917938202,ACC_001625,ACC_000093,680.18,UPI,mule_transfer,Yes Bank,UPI_000105,Android,,,18.64226315,2
TXN_0002859,CASE_000844,2025-02-21 02:36:16.381699752,ACC_000093,ACC_001625,680.18,UPI,mule_transfer,ICICI Bank,UPI_001777,Desktop,,,6.274396016666667,3
TXN_0002860,CASE_000845,2026-04-28 07:04:59.578120395,ACC_000078,ACC_000820,6288.27,Net Banking,victim_debit,ICICI Bank,UPI_000908,Android,19.06537441101779,72.8667754329436,,1
TXN_0002861,CASE_000845,2026-04-28 07:39:40.220631097,ACC_000820,ACC_001592,6288.27,NEFT,mule_transfer,Union Bank of India,UPI_001737,Android,,,34.67737516666667,2
TXN_0002862,CASE_000846,2024-07-09 17:35:46.647661610,ACC_000167,ACC_001768,2690.98,UPI,victim_debit,Canara Bank,UPI_001932,Desktop,12.980302941243394,77.65748980114428,,1
TXN_0002863,CASE_000846,2024-07-09 19:32:35.024119104,ACC_001768,ACC_000819,1641.13,Net Banking,mule_transfer,HDFC Bank,UPI_000907,Desktop,,,116.80627428333334,2
TXN_0002864,CASE_000846,2024-07-09 19:34:38.578208939,ACC_000819,ACC_001768,1641.13,UPI,mule_transfer,Canara Bank,UPI_001932,iOS,,,2.0592348166666667,3
TXN_0002865,CASE_000847,2025-10-13 15:20:08.746072280,ACC_000345,ACC_001350,5192.44,UPI,victim_debit,Bank of Baroda,UPI_001472,Android,21.1007043407878,79.06145742713079,,1
TXN_0002866,CASE_000847,2025-10-13 15:22:14.466871429,ACC_001350,ACC_000052,5192.44,NEFT,mule_transfer,IndusInd Bank,UPI_000058,Android,,,2.09534665,2
TXN_0002867,CASE_000848,2026-06-09 23:25:13.930699022,ACC_001746,ACC_001267,183687.73,IMPS,victim_debit,ICICI Bank,UPI_001383,Android,23.08019484694013,72.60651448606194,,1
TXN_0002868,CASE_000848,2026-06-09 23:33:36.034913545,ACC_001267,ACC_001050,183687.73,UPI,mule_transfer,Punjab National Bank,UPI_001155,Android,,,8.368403566666666,2
TXN_0002869,CASE_000849,2025-05-15 17:47:17.900102732,ACC_000072,ACC_000533,5675.88,NEFT,victim_debit,Kotak Mahindra Bank,UPI_000588,Android,26.843677421932355,75.82087857340555,,1
TXN_0002870,CASE_000849,2025-05-15 17:55:51.330663396,ACC_000533,ACC_000287,5030.43,NEFT,mule_transfer,Punjab National Bank,UPI_000315,iOS,,,8.557176,2
TXN_0002871,CASE_000849,2025-05-15 18:21:08.500153102,ACC_000287,ACC_001335,5030.43,NEFT,mule_transfer,Kotak Mahindra Bank,UPI_001457,Android,,,25.286158150000002,3
TXN_0002872,CASE_000850,2025-09-22 14:36:38.012422157,ACC_001473,ACC_000093,5148.61,UPI,victim_debit,Yes Bank,UPI_000105,Desktop,12.972723020040306,77.59716211215859,,1
TXN_0002873,CASE_000850,2025-09-22 14:50:46.063183066,ACC_000093,ACC_001288,4737.9,IMPS,mule_transfer,Kotak Mahindra Bank,UPI_001405,Android,,,14.134179333333332,2
TXN_0002874,CASE_000850,2025-09-22 15:21:31.215683208,ACC_001288,ACC_001625,4737.9,IMPS,mule_transfer,ICICI Bank,UPI_001777,Android,,,30.752541666666666,3
TXN_0002875,CASE_000851,2024-12-24 06:49:01.819306858,ACC_000222,ACC_001350,31754.52,UPI,victim_debit,Bank of Baroda,UPI_001472,Android,21.254805050436477,72.74945739993778,,1
TXN_0002876,CASE_000851,2024-12-24 07:07:06.237518896,ACC_001350,ACC_000052,31754.52,NEFT,mule_transfer,IndusInd Bank,UPI_000058,Android,,,18.073636866666668,2
TXN_0002877,CASE_000852,2025-11-15 12:10:08.585394760,ACC_000919,ACC_001300,5896.02,UPI,victim_debit,ICICI Bank,UPI_001418,Android,12.847830258246622,77.64041615861967,,1
TXN_0002878,CASE_000852,2025-11-15 12:27:39.013802465,ACC_001300,ACC_000011,5896.02,UPI,mule_transfer,Bank of Baroda,UPI_000013,iOS,,,17.50714011666667,2
TXN_0002879,CASE_000853,2026-04-08 01:13:40.063613227,ACC_001698,ACC_000819,24227.38,NEFT,victim_debit,HDFC Bank,UPI_000907,Android,18.446078471508628,73.80642183476427,,1
TXN_0002880,CASE_000853,2026-04-08 01:32:00.175208932,ACC_000819,ACC_001296,19336.83,UPI,mule_transfer,SBI,UPI_001414,iOS,,,18.33519325,2
TXN_0002881,CASE_000853,2026-04-08 02:07:14.324238793,ACC_001296,ACC_001768,19336.83,UPI,mule_transfer,Canara Bank,UPI_001932,Desktop,,,35.23581715,3
TXN_0002882,CASE_000854,2025-10-02 12:29:00.536604100,ACC_000089,ACC_000139,39032.64,IMPS,victim_debit,Axis Bank,UPI_000155,iOS,12.914544883697292,77.66502909391754,,1
TXN_0002883,CASE_000854,2025-10-02 12:47:07.841527292,ACC_000139,ACC_001308,23577.74,UPI,mule_transfer,IndusInd Bank,UPI_001428,Desktop,,,18.121748716666666,2
TXN_0002884,CASE_000854,2025-10-02 12:52:34.813836639,ACC_001308,ACC_000767,23577.74,UPI,mule_transfer,SBI,UPI_000849,Desktop,,,5.449538483333333,3
TXN_0002885,CASE_000855,2026-05-02 15:51:08.046290674,ACC_001317,ACC_001350,361.25,IMPS,fragmentation,Bank of Baroda,UPI_001472,Android,19.058803525186853,72.95096876416564,,1
TXN_0002886,CASE_000855,2026-05-02 15:55:46.667793230,ACC_001317,ACC_001350,8323.39,IMPS,fragmentation,Bank of Baroda,UPI_001473,Android,19.058803525186853,72.95096876416564,4.643691700000001,2
TXN_0002887,CASE_000855,2026-05-02 17:24:34.218406847,ACC_001350,ACC_000052,8684.65,NEFT,mule_transfer,IndusInd Bank,UPI_000058,iOS,,,88.79251021666667,3
TXN_0002888,CASE_000856,2025-06-20 07:07:41.465811645,ACC_001692,ACC_000093,173410.88,IMPS,victim_debit,Yes Bank,UPI_000105,Android,23.035668490093187,72.61834950961332,,1
TXN_0002889,CASE_000856,2025-06-20 07:41:14.602559269,ACC_000093,ACC_000467,173410.88,UPI,mule_transfer,Axis Bank,UPI_000514,Android,,,33.55227911666667,2
TXN_0002890,CASE_000857,2025-06-09 19:05:33.651736746,ACC_000101,ACC_001625,6190.9,UPI,fragmentation,ICICI Bank,UPI_001777,Android,19.093123802166037,72.86649815207407,,1
TXN_0002891,CASE_000857,2025-06-09 19:08:34.425665497,ACC_000101,ACC_001625,18712.49,UPI,fragmentation,ICICI Bank,UPI_001777,iOS,19.093123802166037,72.86649815207407,3.0128988000000003,2
TXN_0002892,CASE_000857,2025-06-09 19:40:40.997243211,ACC_001625,ACC_000467,14723.78,IMPS,mule_transfer,Axis Bank,UPI_000515,Android,,,32.10952628333333,3
TXN_0002893,CASE_000857,2025-06-09 19:42:38.392139691,ACC_000467,ACC_001625,14723.78,IMPS,mule_transfer,ICICI Bank,UPI_001777,Android,,,1.9565816,4
TXN_0002894,CASE_000858,2024-10-04 12:41:57.027345662,ACC_000920,ACC_001592,2124.18,IMPS,victim_debit,Union Bank of India,UPI_001738,Desktop,20.021637834754326,73.7098326341501,,1
TXN_0002895,CASE_000858,2024-10-04 12:53:34.815270737,ACC_001592,ACC_001046,2124.18,UPI,mule_transfer,IDFC First Bank,UPI_001151,Android,,,11.629798749999999,2
TXN_0002896,CASE_000859,2025-10-08 11:56:31.797303791,ACC_000116,ACC_001625,12346.7,UPI,victim_debit,ICICI Bank,UPI_001777,Android,12.975665785677505,77.59922953473361,,1
TXN_0002897,CASE_000859,2025-10-08 11:58:46.663597539,ACC_001625,ACC_001288,12346.7,NEFT,mule_transfer,Kotak Mahindra Bank,UPI_001405,iOS,,,2.2477715500000004,2
TXN_0002898,CASE_000860,2026-03-14 11:52:28.127142321,ACC_001186,ACC_000287,3175.36,UPI,victim_debit,Punjab National Bank,UPI_000315,Desktop,19.073707352857898,72.75983169141895,,1
TXN_0002899,CASE_000860,2026-03-14 12:19:48.916900733,ACC_000287,ACC_000267,2000.5,UPI,mule_transfer,IDFC First Bank,UPI_000294,iOS,,,27.346495966666666,2
TXN_0002900,CASE_000860,2026-03-14 12:45:01.915800157,ACC_000267,ACC_000366,2000.5,UPI,mule_transfer,IDFC First Bank,UPI_000405,Android,,,25.216648316666667,3
TXN_0002901,CASE_000861,2025-08-11 19:30:56.117477885,ACC_000762,ACC_001308,9622.25,UPI,victim_debit,IndusInd Bank,UPI_001428,Android,19.02641079187503,72.90717995314674,,1
TXN_0002902,CASE_000861,2025-08-11 19:58:50.129867059,ACC_001308,ACC_000139,7685.88,UPI,mule_transfer,Axis Bank,UPI_000155,Android,,,27.90020648333333,2
TXN_0002903,CASE_000861,2025-08-11 20:00:59.582368767,ACC_000139,ACC_000767,7685.88,IMPS,mule_transfer,SBI,UPI_000849,Android,,,2.1575416833333336,3
TXN_0002904,CASE_000862,2024-07-31 07:55:35.379400851,ACC_001646,ACC_000404,1497.56,IMPS,victim_debit,SBI,UPI_000450,iOS,13.138485806844422,80.27625787783526,,1
TXN_0002905,CASE_000862,2024-07-31 08:18:36.123273058,ACC_000404,ACC_000659,1497.56,UPI,mule_transfer,HDFC Bank,UPI_000731,Android,,,23.012397866666667,2
TXN_0002906,CASE_000863,2025-05-10 17:33:20.856483610,ACC_000475,ACC_001690,1961.26,UPI,victim_debit,Punjab National Bank,UPI_001846,iOS,19.03248814292342,72.86940592657292,,1
TXN_0002907,CASE_000863,2025-05-10 17:40:17.269638940,ACC_001690,ACC_000753,1961.26,IMPS,mule_transfer,HDFC Bank,UPI_000832,Desktop,,,6.94021925,2
TXN_0002908,CASE_000864,2025-11-19 16:37:03.462997417,ACC_000700,ACC_000052,50.0,UPI,fragmentation,IndusInd Bank,UPI_000058,Android,13.061243538183733,77.69261778100817,,1
TXN_0002909,CASE_000864,2025-11-19 16:38:57.849485001,ACC_000700,ACC_000052,4154.46,UPI,fragmentation,IndusInd Bank,UPI_000058,Android,13.061243538183733,77.69261778100817,1.90644145,2
TXN_0002910,CASE_000864,2025-11-19 16:40:24.374762983,ACC_000700,ACC_000052,252.31,IMPS,fragmentation,IndusInd Bank,UPI_000058,Android,13.061243538183733,77.69261778100817,1.4420879500000001,3
TXN_0002911,CASE_000864,2025-11-19 16:42:13.824082910,ACC_000700,ACC_000052,8517.82,IMPS,fragmentation,IndusInd Bank,UPI_000058,Android,13.061243538183733,77.69261778100817,1.8241553166666666,4
TXN_0002912,CASE_000864,2025-11-19 17:24:07.451736813,ACC_000052,ACC_001350,12929.33,UPI,mule_transfer,Bank of Baroda,UPI_001473,Desktop,,,41.89379421666667,5
TXN_0002913,CASE_000865,2026-05-05 18:46:24.634980210,ACC_000518,ACC_001507,48845.87,UPI,victim_debit,Punjab National Bank,UPI_001646,Android,21.151687837532297,79.11274511879999,,1
TXN_0002914,CASE_000865,2026-05-05 19:25:35.782415988,ACC_001507,ACC_001647,48845.87,UPI,mule_transfer,Canara Bank,UPI_001801,iOS,,,39.18579058333333,2
TXN_0002915,CASE_000866,2024-05-22 16:15:20.965974950,ACC_001205,ACC_000775,13339.15,NEFT,victim_debit,SBI,UPI_000857,Android,18.513599800434204,73.83636371540483,,1
TXN_0002916,CASE_000866,2024-05-22 16:46:34.682905455,ACC_000775,ACC_000480,10276.86,UPI,mule_transfer,IndusInd Bank,UPI_000532,iOS,,,31.2286155,2
TXN_0002917,CASE_000866,2024-05-22 16:53:16.805432437,ACC_000480,ACC_000023,10276.86,UPI,mule_transfer,Kotak Mahindra Bank,UPI_000028,Android,,,6.7020421,3
TXN_0002918,CASE_000867,2024-04-26 03:49:54.858871533,ACC_000078,ACC_001046,66892.37,UPI,victim_debit,IDFC First Bank,UPI_001151,Android,19.031996528278643,73.05333892121345,,1
TXN_0002919,CASE_000867,2024-04-26 04:05:44.885222905,ACC_001046,ACC_001592,39428.27,UPI,mule_transfer,Union Bank of India,UPI_001738,Android,,,15.833772516666667,2
TXN_0002920,CASE_000867,2024-04-26 04:18:02.788106328,ACC_001592,ACC_000782,39428.27,Net Banking,mule_transfer,IDFC First Bank,UPI_000866,Android,,,12.298381383333332,3
TXN_0002921,CASE_000868,2025-01-11 05:19:30.604524525,ACC_000249,ACC_000366,1438.94,UPI,fragmentation,IDFC First Bank,UPI_000405,Desktop,22.641836261482823,88.30335484222104,,1
TXN_0002922,CASE_000868,2025-01-11 05:22:49.536501148,ACC_000249,ACC_000366,2292.27,NEFT,fragmentation,IDFC First Bank,UPI_000405,iOS,22.641836261482823,88.30335484222104,3.315532933333333,2
TXN_0002923,CASE_000868,2025-01-11 05:34:05.926308607,ACC_000249,ACC_000366,2145.33,NEFT,fragmentation,IDFC First Bank,UPI_000405,Android,22.641836261482823,88.30335484222104,11.27316345,3
TXN_0002924,CASE_000868,2025-01-11 05:40:47.690208109,ACC_000249,ACC_000366,5079.87,NEFT,fragmentation,IDFC First Bank,UPI_000405,Android,22.641836261482823,88.30335484222104,6.696064983333333,4
TXN_0002925,CASE_000868,2025-01-11 05:54:35.834839489,ACC_000366,ACC_000287,10956.41,IMPS,mule_transfer,Punjab National Bank,UPI_000315,Desktop,,,13.802410516666667,5
TXN_0002926,CASE_000869,2024-04-24 10:49:24.457198703,ACC_000242,ACC_000659,20011.6,UPI,victim_debit,HDFC Bank,UPI_000731,iOS,21.096376728632002,72.7111244601222,,1
TXN_0002927,CASE_000869,2024-04-24 11:47:01.767183518,ACC_000659,ACC_000404,20011.6,IMPS,mule_transfer,SBI,UPI_000449,Android,,,57.62183306666667,2
TXN_0002928,CASE_000870,2026-06-12 04:13:37.565178992,ACC_001118,ACC_000404,169.45,UPI,fragmentation,SBI,UPI_000450,iOS,19.234028357812402,72.94880532645865,,1
TXN_0002929,CASE_000870,2026-06-12 04:14:40.547624456,ACC_001118,ACC_000404,7795.83,UPI,fragmentation,SBI,UPI_000449,Android,19.234028357812402,72.94880532645865,1.0497074166666667,2
TXN_0002930,CASE_000870,2026-06-12 04:16:05.512378014,ACC_001118,ACC_000404,823.86,IMPS,fragmentation,SBI,UPI_000449,iOS,19.234028357812402,72.94880532645865,1.4160792166666667,3
TXN_0002931,CASE_000870,2026-06-12 04:17:12.996296963,ACC_001118,ACC_000404,2267.97,UPI,fragmentation,SBI,UPI_000450,Android,19.234028357812402,72.94880532645865,1.1247319666666666,4
TXN_0002932,CASE_000870,2026-06-12 04:33:16.496138142,ACC_000404,ACC_000659,11057.11,UPI,mule_transfer,HDFC Bank,UPI_000731,iOS,,,16.05833068333333,5
TXN_0002933,CASE_000871,2025-01-21 13:06:09.288391743,ACC_001522,ACC_000775,34309.0,UPI,victim_debit,SBI,UPI_000857,iOS,21.07849730736666,72.74419375543815,,1
TXN_0002934,CASE_000871,2025-01-21 13:26:00.107231015,ACC_000775,ACC_000023,27033.51,UPI,mule_transfer,Kotak Mahindra Bank,UPI_000028,Android,,,19.84698065,2
TXN_0002935,CASE_000871,2025-01-21 14:08:06.527552063,ACC_000023,ACC_000775,27033.51,UPI,mule_transfer,SBI,UPI_000857,Android,,,42.10700535,3
TXN_0002936,CASE_000872,2025-05-01 03:29:10.710075309,ACC_001530,ACC_000404,54675.96,UPI,victim_debit,SBI,UPI_000450,Android,17.41057474537696,78.45774541831148,,1
TXN_0002937,CASE_000872,2025-05-01 06:11:10.675870946,ACC_000404,ACC_000659,54675.96,Net Banking,mule_transfer,HDFC Bank,UPI_000731,Android,,,161.99942991666666,2
TXN_0002938,CASE_000873,2024-07-25 21:52:42.845456909,ACC_000968,ACC_001288,10314.6,IMPS,fragmentation,Kotak Mahindra Bank,UPI_001405,iOS,17.32848000333058,78.55676783354964,,1
TXN_0002939,CASE_000873,2024-07-25 22:03:40.189912148,ACC_000968,ACC_001288,1400.95,IMPS,fragmentation,Kotak Mahindra Bank,UPI_001405,Android,17.32848000333058,78.55676783354964,10.955740916666667,2
TXN_0002940,CASE_000873,2024-07-25 22:04:47.656600540,ACC_000968,ACC_001288,5519.16,UPI,fragmentation,Kotak Mahindra Bank,UPI_001405,Android,17.32848000333058,78.55676783354964,1.1244448,3
TXN_0002941,CASE_000873,2024-07-25 22:05:51.568966283,ACC_000968,ACC_001288,7550.66,NEFT,fragmentation,Kotak Mahindra Bank,UPI_001405,Android,17.32848000333058,78.55676783354964,1.0652060833333334,4
TXN_0002942,CASE_000873,2024-07-25 22:27:35.662965679,ACC_001288,ACC_001625,24785.37,UPI,mule_transfer,ICICI Bank,UPI_001777,Android,,,21.73489998333333,5
TXN_0002943,CASE_000874,2025-02-13 04:21:09.175760019,ACC_001404,ACC_000023,8599.27,UPI,victim_debit,Kotak Mahindra Bank,UPI_000028,Android,13.077485971695234,80.26899261680614,,1
TXN_0002944,CASE_000874,2025-02-13 04:53:46.655169862,ACC_000023,ACC_000775,7899.44,IMPS,mule_transfer,SBI,UPI_000857,iOS,,,32.624656816666665,2
TXN_0002945,CASE_000874,2025-02-13 05:01:05.506555235,ACC_000775,ACC_000480,7899.44,UPI,mule_transfer,IndusInd Bank,UPI_000532,Android,,,7.31418975,3
TXN_0002946,CASE_000875,2026-06-16 01:50:27.648401889,ACC_001055,ACC_000767,6036.92,UPI,fragmentation,SBI,UPI_000849,Desktop,13.016053302021893,80.26384573225927,,1
TXN_0002947,CASE_000875,2026-06-16 01:52:21.938942918,ACC_001055,ACC_000767,11385.03,UPI,fragmentation,SBI,UPI_000849,iOS,13.016053302021893,80.26384573225927,1.90484235,2
TXN_0002948,CASE_000875,2026-06-16 01:54:18.910636301,ACC_001055,ACC_000767,11093.61,UPI,fragmentation,SBI,UPI_000849,Android,13.016053302021893,80.26384573225927,1.9495282166666668,3
TXN_0002949,CASE_000875,2026-06-16 02:01:47.747029906,ACC_001055,ACC_000767,6544.97,UPI,fragmentation,SBI,UPI_000849,Android,13.016053302021893,80.26384573225927,7.48060655,4
TXN_0002950,CASE_000875,2026-06-16 02:11:57.780460051,ACC_000767,ACC_001308,26966.28,UPI,mule_transfer,IndusInd Bank,UPI_001427,iOS,,,10.167223833333333,5
TXN_0002951,CASE_000875,2026-06-16 02:35:04.257981123,ACC_001308,ACC_000767,26966.28,UPI,mule_transfer,SBI,UPI_000849,iOS,,,23.107958683333333,6
TXN_0002952,CASE_000876,2025-03-21 05:13:09.378607565,ACC_000605,ACC_000287,1306.15,UPI,fragmentation,Punjab National Bank,UPI_000315,Android,23.095279857995653,72.51677547743465,,1
TXN_0002953,CASE_000876,2025-03-21 05:15:18.783222972,ACC_000605,ACC_000287,19333.23,UPI,fragmentation,Punjab National Bank,UPI_000316,Android,23.095279857995653,72.51677547743465,2.1567435833333333,2
TXN_0002954,CASE_000876,2025-03-21 05:17:46.129492351,ACC_000605,ACC_000287,4862.31,NEFT,fragmentation,Punjab National Bank,UPI_000316,iOS,23.095279857995653,72.51677547743465,2.45577115,3
TXN_0002955,CASE_000876,2025-03-21 06:23:08.227852260,ACC_000287,ACC_000267,24202.81,IMPS,mule_transfer,IDFC First Bank,UPI_000294,Android,,,65.36830598333333,4
TXN_0002956,CASE_000876,2025-03-21 06:35:10.480785395,ACC_000267,ACC_001335,24202.81,IMPS,mule_transfer,Kotak Mahindra Bank,UPI_001457,Android,,,12.037548883333333,5
TXN_0002957,CASE_000877,2024-01-09 02:45:21.721741743,ACC_000255,ACC_000011,8756.72,UPI,victim_debit,Bank of Baroda,UPI_000013,Android,13.008526256703691,77.65859630965251,,1
TXN_0002958,CASE_000877,2024-01-09 03:58:21.428068492,ACC_000011,ACC_001300,8756.72,UPI,mule_transfer,ICICI Bank,UPI_001418,iOS,,,72.99510543333334,2
TXN_0002959,CASE_000878,2024-08-08 22:54:37.419160548,ACC_000656,ACC_001625,342.33,IMPS,fragmentation,ICICI Bank,UPI_001777,Android,12.943249011199708,77.57906434211968,,1
TXN_0002960,CASE_000878,2024-08-08 23:07:29.043563269,ACC_000656,ACC_001625,16261.98,NEFT,fragmentation,ICICI Bank,UPI_001777,Desktop,12.943249011199708,77.57906434211968,12.8604067,2
TXN_0002961,CASE_000878,2024-08-08 23:58:01.966763909,ACC_001625,ACC_000467,16604.31,NEFT,mule_transfer,Axis Bank,UPI_000514,Android,,,50.54872,3
TXN_0002962,CASE_000879,2026-06-10 09:35:29.229284964,ACC_000738,ACC_001296,6682.48,UPI,fragmentation,SBI,UPI_001414,Android,21.148916762696675,78.96820450381219,,1
TXN_0002963,CASE_000879,2026-06-10 09:38:55.501087313,ACC_000738,ACC_001296,806.9,UPI,fragmentation,SBI,UPI_001414,Android,21.148916762696675,78.96820450381219,3.437863366666667,2
TXN_0002964,CASE_000879,2026-06-10 09:41:33.438331656,ACC_000738,ACC_001296,3152.9,Net Banking,fragmentation,SBI,UPI_001414,iOS,21.148916762696675,78.96820450381219,2.6322874,3
TXN_0002965,CASE_000879,2026-06-10 10:08:38.566038525,ACC_001296,ACC_000819,8209.49,UPI,mule_transfer,HDFC Bank,UPI_000907,Android,,,27.085461766666665,4
TXN_0002966,CASE_000879,2026-06-10 10:44:51.192278818,ACC_000819,ACC_001768,8209.49,UPI,mule_transfer,Canara Bank,UPI_001932,Desktop,,,36.21043733333333,5
TXN_0002967,CASE_000880,2026-06-20 01:45:04.387319343,ACC_000520,ACC_000767,2568.18,UPI,victim_debit,SBI,UPI_000849,Android,18.986226321926328,72.97879068445667,,1
TXN_0002968,CASE_000880,2026-06-20 02:10:30.343892199,ACC_000767,ACC_001308,1718.77,IMPS,mule_transfer,IndusInd Bank,UPI_001428,iOS,,,25.432609533333334,2
TXN_0002969,CASE_000880,2026-06-20 02:12:23.809125118,ACC_001308,ACC_000139,1718.77,IMPS,mule_transfer,Axis Bank,UPI_000156,iOS,,,1.8910872,3
TXN_0002970,CASE_000881,2024-07-10 18:30:07.010906817,ACC_001052,ACC_001507,7629.42,NEFT,fragmentation,Punjab National Bank,UPI_001646,Android,13.124486304196498,80.22360222775015,,1
TXN_0002971,CASE_000881,2024-07-10 18:31:39.501029718,ACC_001052,ACC_001507,369.46,UPI,fragmentation,Punjab National Bank,UPI_001646,iOS,13.124486304196498,80.22360222775015,1.5415020333333334,2
TXN_0002972,CASE_000881,2024-07-10 18:32:46.214611685,ACC_001052,ACC_001507,2442.55,NEFT,fragmentation,Punjab National Bank,UPI_001646,iOS,13.124486304196498,80.22360222775015,1.1118930166666667,3
TXN_0002973,CASE_000881,2024-07-10 19:25:34.332254747,ACC_001507,ACC_001647,10441.44,UPI,mule_transfer,Canara Bank,UPI_001801,Android,,,52.80196071666667,4
TXN_0002974,CASE_000882,2025-07-14 13:58:08.526691908,ACC_001715,ACC_001300,10051.62,Net Banking,victim_debit,ICICI Bank,UPI_001418,Android,19.015997421494397,72.94279298327933,,1
TXN_0002975,CASE_000882,2025-07-14 15:02:42.820184354,ACC_001300,ACC_000011,10051.62,IMPS,mule_transfer,Bank of Baroda,UPI_000013,Android,,,64.5715582,2
TXN_0002976,CASE_000883,2024-03-11 01:53:44.459866392,ACC_000903,ACC_000480,43384.61,Net Banking,fragmentation,IndusInd Bank,UPI_000531,iOS,18.56990047036526,73.95651966890044,,1
TXN_0002977,CASE_000883,2024-03-11 01:54:56.421575400,ACC_000903,ACC_000480,6149.1,IMPS,fragmentation,IndusInd Bank,UPI_000532,Android,18.56990047036526,73.95651966890044,1.1993618166666666,2
TXN_0002978,CASE_000883,2024-03-11 02:01:58.252439660,ACC_000903,ACC_000480,128046.72,NEFT,fragmentation,IndusInd Bank,UPI_000532,Android,18.56990047036526,73.95651966890044,7.0305144,3
TXN_0002979,CASE_000883,2024-03-11 02:37:25.061651289,ACC_000480,ACC_000023,110263.17,IMPS,mule_transfer,Kotak Mahindra Bank,UPI_000028,iOS,,,35.44682018333333,4
TXN_0002980,CASE_000883,2024-03-11 02:42:39.101983039,ACC_000023,ACC_000480,110263.17,UPI,mule_transfer,IndusInd Bank,UPI_000532,Android,,,5.234005516666667,5
TXN_0002981,CASE_000884,2025-06-10 01:44:31.564284954,ACC_001162,ACC_001647,6451.95,Net Banking,fragmentation,Canara Bank,UPI_001801,iOS,19.04781201436789,72.86030091294862,,1
TXN_0002982,CASE_000884,2025-06-10 01:49:58.316395496,ACC_001162,ACC_001647,2742.83,UPI,fragmentation,Canara Bank,UPI_001801,Android,19.04781201436789,72.86030091294862,5.4458685000000004,2
TXN_0002983,CASE_000884,2025-06-10 01:53:43.142563366,ACC_001162,ACC_001647,4237.68,NEFT,fragmentation,Canara Bank,UPI_001801,iOS,19.04781201436789,72.86030091294862,3.7471027833333332,3
TXN_0002984,CASE_000884,2025-06-10 01:55:14.314511741,ACC_001162,ACC_001647,8354.82,UPI,fragmentation,Canara Bank,UPI_001801,Android,19.04781201436789,72.86030091294862,1.5195324666666667,4
TXN_0002985,CASE_000884,2025-06-10 02:05:31.909934156,ACC_001647,ACC_001507,21787.28,UPI,mule_transfer,Punjab National Bank,UPI_001646,Desktop,,,10.293257033333333,5
TXN_0002986,CASE_000885,2024-04-24 17:21:52.223456535,ACC_000312,ACC_001365,2098.24,UPI,fragmentation,IndusInd Bank,UPI_001488,iOS,18.93043174351884,73.08884502179502,,1
TXN_0002987,CASE_000885,2024-04-24 17:49:10.239190359,ACC_000312,ACC_001365,525.72,UPI,fragmentation,IndusInd Bank,UPI_001488,Android,18.93043174351884,73.08884502179502,27.300262216666667,2
TXN_0002988,CASE_000885,2024-04-24 17:51:46.648027603,ACC_000312,ACC_001365,595.85,UPI,fragmentation,IndusInd Bank,UPI_001488,iOS,18.93043174351884,73.08884502179502,2.6068139500000003,3
TXN_0002989,CASE_000885,2024-04-24 18:05:12.034297170,ACC_001365,ACC_001238,1883.45,NEFT,mule_transfer,SBI,UPI_001350,iOS,,,13.423104483333333,4
TXN_0002990,CASE_000885,2024-04-24 18:47:12.469334766,ACC_001238,ACC_001365,1883.45,IMPS,mule_transfer,IndusInd Bank,UPI_001488,Android,,,42.00725061666667,5
TXN_0002991,CASE_000886,2026-01-15 19:31:58.229239820,ACC_001730,ACC_000404,2041.7,IMPS,fragmentation,SBI,UPI_000449,iOS,17.422692657798358,78.49048116405218,,1
TXN_0002992,CASE_000886,2026-01-15 19:33:24.979011722,ACC_001730,ACC_000404,3195.04,NEFT,fragmentation,SBI,UPI_000450,Desktop,17.422692657798358,78.49048116405218,1.4458295166666666,2
TXN_0002993,CASE_000886,2026-01-15 19:34:57.904715988,ACC_001730,ACC_000404,2159.2,UPI,fragmentation,SBI,UPI_000449,iOS,17.422692657798358,78.49048116405218,1.5487617333333332,3
TXN_0002994,CASE_000886,2026-01-15 19:39:52.453497840,ACC_001730,ACC_000404,2747.47,NEFT,fragmentation,SBI,UPI_000449,iOS,17.422692657798358,78.49048116405218,4.90914635,4
TXN_0002995,CASE_000886,2026-01-15 20:23:42.095686764,ACC_000404,ACC_000659,10143.41,UPI,mule_transfer,HDFC Bank,UPI_000731,Desktop,,,43.8273698,5
TXN_0002996,CASE_000887,2026-05-05 23:17:54.105499377,ACC_000869,ACC_000267,43341.96,IMPS,victim_debit,IDFC First Bank,UPI_000294,Android,17.47990910082111,78.53337552739652,,1
TXN_0002997,CASE_000887,2026-05-05 23:34:45.892142177,ACC_000267,ACC_001335,32375.21,UPI,mule_transfer,Kotak Mahindra Bank,UPI_001457,Android,,,16.8631107,2
TXN_0002998,CASE_000887,2026-05-06 01:01:28.816558700,ACC_001335,ACC_000267,32375.21,IMPS,mule_transfer,IDFC First Bank,UPI_000294,Android,,,86.71540693333333,3
TXN_0002999,CASE_000888,2024-06-06 14:36:23.054911310,ACC_000458,ACC_001647,33421.8,UPI,victim_debit,Canara Bank,UPI_001801,iOS,28.61900655621383,77.2252460744229,,1
TXN_0003000,CASE_000888,2024-06-06 14:52:56.043235356,ACC_001647,ACC_001507,33421.8,UPI,mule_transfer,Punjab National Bank,UPI_001646,iOS,,,16.5498054,2
TXN_0003001,CASE_000889,2025-02-25 12:54:02.578152142,ACC_001266,ACC_001703,11101.84,UPI,victim_debit,IndusInd Bank,UPI_001861,Android,19.08072156623955,72.83676816775176,,1
TXN_0003002,CASE_000889,2025-02-25 13:54:21.786611918,ACC_001703,ACC_000319,10502.93,Net Banking,mule_transfer,HDFC Bank,UPI_000353,Desktop,,,60.32014098333333,2
TXN_0003003,CASE_000889,2025-02-25 14:39:46.736112728,ACC_000319,ACC_001762,10502.93,UPI,mule_transfer,HDFC Bank,UPI_001926,iOS,,,45.415825000000005,3
TXN_0003004,CASE_000890,2024-04-03 00:40:44.644460882,ACC_000192,ACC_001267,18515.0,UPI,victim_debit,ICICI Bank,UPI_001383,iOS,28.670046777347867,77.15745529259682,,1
TXN_0003005,CASE_000890,2024-04-03 01:07:19.585362661,ACC_001267,ACC_001050,18515.0,UPI,mule_transfer,Punjab National Bank,UPI_001155,Android,,,26.58234835,2
TXN_0003006,CASE_000891,2024-11-04 23:48:33.151346717,ACC_000833,ACC_000404,11470.36,NEFT,victim_debit,SBI,UPI_000450,iOS,21.0777614081241,79.06668694257856,,1
TXN_0003007,CASE_000891,2024-11-05 00:03:08.110840739,ACC_000404,ACC_000659,11470.36,IMPS,mule_transfer,HDFC Bank,UPI_000731,Android,,,14.582658233333332,2
TXN_0003008,CASE_000892,2024-02-29 08:10:25.773140079,ACC_001671,ACC_001690,2807.99,IMPS,fragmentation,Punjab National Bank,UPI_001846,iOS,13.173256260270671,80.343344928375,,1
TXN_0003009,CASE_000892,2024-02-29 08:14:02.004606352,ACC_001671,ACC_001690,3601.89,IMPS,fragmentation,Punjab National Bank,UPI_001846,iOS,13.173256260270671,80.343344928375,3.6038577666666667,2
TXN_0003010,CASE_000892,2024-02-29 08:15:20.778136749,ACC_001671,ACC_001690,55.89,IMPS,fragmentation,Punjab National Bank,UPI_001846,Android,13.173256260270671,80.343344928375,1.3128921666666666,3
TXN_0003011,CASE_000892,2024-02-29 08:19:02.984641341,ACC_001671,ACC_001690,2406.99,IMPS,fragmentation,Punjab National Bank,UPI_001846,Android,13.173256260270671,80.343344928375,3.7034417333333334,4
TXN_0003012,CASE_000892,2024-02-29 09:02:15.983712120,ACC_001690,ACC_000753,7086.71,IMPS,mule_transfer,HDFC Bank,UPI_000833,Android,,,43.216651166666665,5
TXN_0003013,CASE_000892,2024-02-29 09:11:56.026571439,ACC_000753,ACC_001690,7086.71,IMPS,mule_transfer,Punjab National Bank,UPI_001846,Desktop,,,9.667380983333334,6
TXN_0003014,CASE_000893,2024-08-29 00:31:48.497403679,ACC_000336,ACC_000139,145.63,UPI,fragmentation,Axis Bank,UPI_000156,Android,17.253523766596764,78.45643248860338,,1
TXN_0003015,CASE_000893,2024-08-29 00:34:35.782773002,ACC_000336,ACC_000139,1724.23,UPI,fragmentation,Axis Bank,UPI_000156,iOS,17.253523766596764,78.45643248860338,2.788089483333333,2
TXN_0003016,CASE_000893,2024-08-29 00:40:41.725631805,ACC_000336,ACC_000139,714.74,Net Banking,fragmentation,Axis Bank,UPI_000156,Android,17.253523766596764,78.45643248860338,6.099047633333333,3
TXN_0003017,CASE_000893,2024-08-29 00:42:25.063094253,ACC_000139,ACC_001308,2584.6,NEFT,mule_transfer,IndusInd Bank,UPI_001428,Desktop,,,1.7222910333333334,4
TXN_0003018,CASE_000894,2026-06-21 02:41:55.378547831,ACC_000336,ACC_001335,7201.29,UPI,fragmentation,Kotak Mahindra Bank,UPI_001457,Desktop,12.98052325339092,77.58288724273822,,1
TXN_0003019,CASE_000894,2026-06-21 02:47:28.247200176,ACC_000336,ACC_001335,1691.79,NEFT,fragmentation,Kotak Mahindra Bank,UPI_001457,iOS,12.98052325339092,77.58288724273822,5.547810866666667,2
TXN_0003020,CASE_000894,2026-06-21 02:51:16.196468235,ACC_000336,ACC_001335,1824.72,NEFT,fragmentation,Kotak Mahindra Bank,UPI_001457,Android,12.98052325339092,77.58288724273822,3.7991544666666663,3
TXN_0003021,CASE_000894,2026-06-21 02:53:46.850944072,ACC_000336,ACC_001335,2581.75,NEFT,fragmentation,Kotak Mahindra Bank,UPI_001457,Android,12.98052325339092,77.58288724273822,2.5109079166666666,4
TXN_0003022,CASE_000894,2026-06-21 03:27:34.990110294,ACC_001335,ACC_000267,13299.54,UPI,mule_transfer,IDFC First Bank,UPI_000294,Android,,,33.80231943333333,5
TXN_0003023,CASE_000895,2024-02-10 15:51:54.559588402,ACC_000199,ACC_000267,2022.05,NEFT,fragmentation,IDFC First Bank,UPI_000294,iOS,12.971479630299866,77.55696575404629,,1
TXN_0003024,CASE_000895,2024-02-10 15:57:18.571046063,ACC_000199,ACC_000267,7023.3,NEFT,fragmentation,IDFC First Bank,UPI_000294,iOS,12.971479630299866,77.55696575404629,5.40019095,2
TXN_0003025,CASE_000895,2024-02-10 16:05:50.242516370,ACC_000199,ACC_000267,4713.54,UPI,fragmentation,IDFC First Bank,UPI_000294,Android,12.971479630299866,77.55696575404629,8.527857833333334,3
TXN_0003026,CASE_000895,2024-02-10 16:25:28.119443892,ACC_000267,ACC_000287,11476.27,IMPS,mule_transfer,Punjab National Bank,UPI_000316,Android,,,19.631282116666668,4
TXN_0003027,CASE_000895,2024-02-10 16:58:58.596202745,ACC_000287,ACC_000267,6893.51,UPI,mule_transfer,IDFC First Bank,UPI_000294,iOS,,,33.50794596666667,5
TXN_0003028,CASE_000895,2024-02-10 17:01:19.512339231,ACC_000267,ACC_001335,6893.51,Net Banking,mule_transfer,Kotak Mahindra Bank,UPI_001457,Android,,,2.3486022666666666,6
TXN_0003029,CASE_000896,2026-02-21 13:07:13.862272432,ACC_000703,ACC_001768,19483.56,NEFT,fragmentation,Canara Bank,UPI_001932,iOS,21.15785961895775,72.8812032365166,,1
TXN_0003030,CASE_000896,2026-02-21 13:10:47.555590793,ACC_000703,ACC_001768,16806.46,IMPS,fragmentation,Canara Bank,UPI_001932,Android,21.15785961895775,72.8812032365166,3.5615553,2
TXN_0003031,CASE_000896,2026-02-21 13:24:48.399342530,ACC_001768,ACC_001296,31355.02,UPI,mule_transfer,SBI,UPI_001414,Android,,,14.014062516666666,3
TXN_0003032,CASE_000896,2026-02-21 13:38:47.406297218,ACC_001296,ACC_001768,31355.02,UPI,mule_transfer,Canara Bank,UPI_001932,Android,,,13.983449233333333,4
TXN_0003033,CASE_000897,2024-03-11 14:11:52.477337938,ACC_001662,ACC_000467,1246.66,UPI,fragmentation,Axis Bank,UPI_000514,Desktop,22.618680911521825,88.41311294593027,,1
TXN_0003034,CASE_000897,2024-03-11 14:13:19.706691754,ACC_001662,ACC_000467,3790.53,UPI,fragmentation,Axis Bank,UPI_000514,Android,22.618680911521825,88.41311294593027,1.4538225500000002,2
TXN_0003035,CASE_000897,2024-03-11 14:41:51.440433034,ACC_000467,ACC_001288,4480.23,UPI,mule_transfer,Kotak Mahindra Bank,UPI_001405,Android,,,28.528895683333335,3
TXN_0003036,CASE_000897,2024-03-11 14:48:24.515860382,ACC_001288,ACC_000467,3388.12,Net Banking,mule_transfer,Axis Bank,UPI_000515,Android,,,6.551257116666666,4
TXN_0003037,CASE_000897,2024-03-11 15:00:18.432575307,ACC_000467,ACC_001288,3388.12,IMPS,mule_transfer,Kotak Mahindra Bank,UPI_001405,Android,,,11.898611899999999,5
TXN_0003038,CASE_000898,2025-04-26 22:36:34.092040552,ACC_000119,ACC_001350,855.5,UPI,fragmentation,Bank of Baroda,UPI_001472,iOS,13.0257650254179,77.55457889502097,,1
TXN_0003039,CASE_000898,2025-04-26 22:38:27.930092098,ACC_000119,ACC_001350,1023.72,UPI,fragmentation,Bank of Baroda,UPI_001473,Android,13.0257650254179,77.55457889502097,1.89730085,2
TXN_0003040,CASE_000898,2025-04-26 22:40:04.437457244,ACC_000119,ACC_001350,3225.59,UPI,fragmentation,Bank of Baroda,UPI_001472,iOS,13.0257650254179,77.55457889502097,1.6084560833333332,3
TXN_0003041,CASE_000898,2025-04-26 22:46:33.187173885,ACC_001350,ACC_000052,5104.81,UPI,mule_transfer,IndusInd Bank,UPI_000058,Android,,,6.479161933333333,4
TXN_0003042,CASE_000899,2025-02-15 21:42:25.580983753,ACC_000541,ACC_000775,56138.15,UPI,victim_debit,SBI,UPI_000857,Desktop,13.041989987695919,77.50036827337595,,1
TXN_0003043,CASE_000899,2025-02-15 22:27:01.262103845,ACC_000775,ACC_000023,44810.49,IMPS,mule_transfer,Kotak Mahindra Bank,UPI_000028,Android,,,44.59468533333334,2
TXN_0003044,CASE_000899,2025-02-15 22:32:11.359610755,ACC_000023,ACC_000480,44810.49,UPI,mule_transfer,IndusInd Bank,UPI_000532,iOS,,,5.168291766666667,3
TXN_0003045,CASE_000900,2026-04-28 15:49:16.322222202,ACC_001695,ACC_000093,130.19,UPI,fragmentation,Yes Bank,UPI_000105,Android,19.17425508366386,72.91418421016151,,1
TXN_0003046,CASE_000900,2026-04-28 15:50:57.811667531,ACC_001695,ACC_000093,2173.28,IMPS,fragmentation,Yes Bank,UPI_000105,iOS,19.17425508366386,72.91418421016151,1.69149075,2
TXN_0003047,CASE_000900,2026-04-28 16:09:27.864304773,ACC_001695,ACC_000093,164.71,NEFT,fragmentation,Yes Bank,UPI_000105,Desktop,19.17425508366386,72.91418421016151,18.500877283333335,3
TXN_0003048,CASE_000900,2026-04-28 17:05:41.979885283,ACC_000093,ACC_001625,1751.92,NEFT,mule_transfer,ICICI Bank,UPI_001777,iOS,,,56.23525966666667,4
TXN_0003049,CASE_000900,2026-04-28 17:07:38.179687178,ACC_001625,ACC_001288,1146.11,IMPS,mule_transfer,Kotak Mahindra Bank,UPI_001405,Android,,,1.93666335,5
TXN_0003050,CASE_000900,2026-04-28 17:09:43.227092187,ACC_001288,ACC_001625,1146.11,UPI,mule_transfer,ICICI Bank,UPI_001777,Desktop,,,2.0841234166666665,6
TXN_0003051,CASE_000901,2024-06-30 08:30:02.418940291,ACC_000462,ACC_000287,20421.55,IMPS,fragmentation,Punjab National Bank,UPI_000315,iOS,21.17133760148875,72.82865563188592,,1
TXN_0003052,CASE_000901,2024-06-30 08:33:19.483545313,ACC_000462,ACC_000287,155.52,UPI,fragmentation,Punjab National Bank,UPI_000315,Android,21.17133760148875,72.82865563188592,3.2844100833333334,2
TXN_0003053,CASE_000901,2024-06-30 08:37:49.850364942,ACC_000462,ACC_000287,9300.02,UPI,fragmentation,Punjab National Bank,UPI_000315,iOS,21.17133760148875,72.82865563188592,4.5061136500000005,3
TXN_0003054,CASE_000901,2024-06-30 08:50:15.922226150,ACC_000287,ACC_000366,29877.1,UPI,mule_transfer,IDFC First Bank,UPI_000405,iOS,,,12.434531016666666,4
TXN_0003055,CASE_000902,2024-06-12 17:10:58.908535247,ACC_000826,ACC_000480,52801.44,IMPS,victim_debit,IndusInd Bank,UPI_000531,Android,21.196171313744973,79.1260118996479,,1
TXN_0003056,CASE_000902,2024-06-12 18:20:53.081231125,ACC_000480,ACC_000775,44725.35,UPI,mule_transfer,SBI,UPI_000857,Android,,,69.90287825,2
TXN_0003057,CASE_000902,2024-06-12 18:38:20.458013198,ACC_000775,ACC_000480,44725.35,IMPS,mule_transfer,IndusInd Bank,UPI_000531,iOS,,,17.4562797,3
TXN_0003058,CASE_000903,2025-11-13 02:25:13.692045500,ACC_001186,ACC_001507,61911.85,UPI,victim_debit,Punjab National Bank,UPI_001646,Android,18.597407332754866,73.89080909810421,,1
TXN_0003059,CASE_000903,2025-11-13 02:47:15.262183206,ACC_001507,ACC_001647,61911.85,UPI,mule_transfer,Canara Bank,UPI_001801,Android,,,22.02616895,2
TXN_0003060,CASE_000904,2025-10-23 03:55:16.096815935,ACC_001466,ACC_001592,13829.32,UPI,victim_debit,Union Bank of India,UPI_001737,Android,22.722960559943715,75.79034918900983,,1
TXN_0003061,CASE_000904,2025-10-23 03:59:50.125344323,ACC_001592,ACC_000309,9663.18,IMPS,mule_transfer,Canara Bank,UPI_000342,Android,,,4.567142133333333,2
TXN_0003062,CASE_000904,2025-10-23 04:48:55.815546094,ACC_000309,ACC_001592,9663.18,UPI,mule_transfer,Union Bank of India,UPI_001737,iOS,,,49.094836683333334,3
TXN_0003063,CASE_000905,2025-09-28 23:44:23.667518416,ACC_001683,ACC_000659,12045.23,NEFT,victim_debit,HDFC Bank,UPI_000731,iOS,13.06550271812712,80.26660057800726,,1
TXN_0003064,CASE_000905,2025-09-29 00:17:05.399732630,ACC_000659,ACC_000404,12045.23,UPI,mule_transfer,SBI,UPI_000450,Desktop,,,32.6955369,2
TXN_0003065,CASE_000906,2024-01-24 22:16:56.670725978,ACC_001024,ACC_001768,7229.36,NEFT,victim_debit,Canara Bank,UPI_001932,Android,19.029845043111823,72.90676950558249,,1
TXN_0003066,CASE_000906,2024-01-24 22:53:18.394008313,ACC_001768,ACC_001296,4377.45,NEFT,mule_transfer,SBI,UPI_001414,Android,,,36.3620547,2
TXN_0003067,CASE_000906,2024-01-24 23:34:25.891819981,ACC_001296,ACC_001768,4377.45,UPI,mule_transfer,Canara Bank,UPI_001932,iOS,,,41.12496351666667,3
TXN_0003068,CASE_000907,2024-08-24 20:24:14.765963691,ACC_000062,ACC_001296,12800.81,UPI,victim_debit,SBI,UPI_001414,Android,19.121785076276893,72.84426775507002,,1
TXN_0003069,CASE_000907,2024-08-24 21:04:39.668520127,ACC_001296,ACC_000819,9876.65,UPI,mule_transfer,HDFC Bank,UPI_000907,Android,,,40.4150426,2
TXN_0003070,CASE_000907,2024-08-24 21:06:14.796698996,ACC_000819,ACC_001296,9876.65,UPI,mule_transfer,SBI,UPI_001414,Android,,,1.5854696333333334,3
TXN_0003071,CASE_000908,2026-02-04 04:49:39.417574019,ACC_001455,ACC_001267,4485.63,NEFT,victim_debit,ICICI Bank,UPI_001383,iOS,19.08949847641316,72.85497470861074,,1
TXN_0003072,CASE_000908,2026-02-04 05:13:27.166415910,ACC_001267,ACC_001050,4485.63,UPI,mule_transfer,Punjab National Bank,UPI_001155,iOS,,,23.795814016666668,2
TXN_0003073,CASE_000909,2025-07-01 10:01:01.355283932,ACC_001673,ACC_000052,53102.97,UPI,victim_debit,IndusInd Bank,UPI_000058,Android,17.48057775207494,78.5246334368905,,1
TXN_0003074,CASE_000909,2025-07-01 10:24:42.105160735,ACC_000052,ACC_001350,53102.97,NEFT,mule_transfer,Bank of Baroda,UPI_001472,Android,,,23.6791646,2
TXN_0003075,CASE_000910,2025-07-02 15:27:56.934809346,ACC_001666,ACC_000023,12305.0,IMPS,victim_debit,Kotak Mahindra Bank,UPI_000028,Android,19.043617754222787,72.84707386142175,,1
TXN_0003076,CASE_000910,2025-07-02 15:36:57.533842020,ACC_000023,ACC_000775,11075.96,IMPS,mule_transfer,SBI,UPI_000857,Android,,,9.009983866666666,2
TXN_0003077,CASE_000910,2025-07-02 15:47:21.047499469,ACC_000775,ACC_000480,11075.96,IMPS,mule_transfer,IndusInd Bank,UPI_000531,Android,,,10.391894283333333,3
TXN_0003078,CASE_000911,2024-09-26 14:12:41.090956973,ACC_000921,ACC_001267,308.79,UPI,fragmentation,ICICI Bank,UPI_001383,Desktop,26.857799562048505,80.85786381462576,,1
TXN_0003079,CASE_000911,2024-09-26 14:14:39.093407962,ACC_000921,ACC_001267,1922.45,UPI,fragmentation,ICICI Bank,UPI_001383,Android,26.857799562048505,80.85786381462576,1.9667074999999998,2
TXN_0003080,CASE_000911,2024-09-26 14:18:03.171213422,ACC_000921,ACC_001267,1204.4,NEFT,fragmentation,ICICI Bank,UPI_001383,Android,26.857799562048505,80.85786381462576,3.40129675,3
TXN_0003081,CASE_000911,2024-09-26 14:22:47.471129114,ACC_000921,ACC_001267,277.9,IMPS,fragmentation,ICICI Bank,UPI_001383,Desktop,26.857799562048505,80.85786381462576,4.738331916666667,4
TXN_0003082,CASE_000911,2024-09-26 14:43:05.755020216,ACC_001267,ACC_001050,3713.54,UPI,mule_transfer,Punjab National Bank,UPI_001155,iOS,,,20.304731516666667,5
TXN_0003083,CASE_000912,2024-08-25 01:00:17.263991771,ACC_001706,ACC_001647,123093.97,NEFT,victim_debit,Canara Bank,UPI_001801,Desktop,26.780484462280462,80.92183307459051,,1
TXN_0003084,CASE_000912,2024-08-25 01:30:23.493146007,ACC_001647,ACC_001507,123093.97,UPI,mule_transfer,Punjab National Bank,UPI_001646,iOS,,,30.103819233333336,2
TXN_0003085,CASE_000913,2026-05-12 08:21:18.382509726,ACC_000116,ACC_001288,14018.19,NEFT,victim_debit,Kotak Mahindra Bank,UPI_001405,Desktop,13.089495901344408,77.58163213703851,,1
TXN_0003086,CASE_000913,2026-05-12 08:24:02.651995866,ACC_001288,ACC_000093,14018.19,UPI,mule_transfer,Yes Bank,UPI_000105,Desktop,,,2.737824766666667,2
TXN_0003087,CASE_000914,2025-10-25 01:18:27.763311660,ACC_001554,ACC_000480,2680.44,IMPS,victim_debit,IndusInd Bank,UPI_000531,iOS,17.378551362814914,78.4707984211223,,1
TXN_0003088,CASE_000914,2025-10-25 01:53:16.630812868,ACC_000480,ACC_000775,1874.26,NEFT,mule_transfer,SBI,UPI_000857,Desktop,,,34.81445835,2
TXN_0003089,CASE_000914,2025-10-25 02:02:25.922778148,ACC_000775,ACC_000480,1874.26,IMPS,mule_transfer,IndusInd Bank,UPI_000531,Android,,,9.154866083333333,3
TXN_0003090,CASE_000915,2024-04-25 14:45:55.176261694,ACC_001786,ACC_001308,4346.08,IMPS,victim_debit,IndusInd Bank,UPI_001428,Android,20.009751523820558,73.79980101820975,,1
TXN_0003091,CASE_000915,2024-04-25 15:29:44.424684466,ACC_001308,ACC_000767,3021.06,UPI,mule_transfer,SBI,UPI_000849,iOS,,,43.82080703333334,2
TXN_0003092,CASE_000915,2024-04-25 15:43:43.057966574,ACC_000767,ACC_000139,3021.06,UPI,mule_transfer,Axis Bank,UPI_000156,Android,,,13.977221366666667,3
TXN_0003093,CASE_000916,2026-05-04 06:40:24.342656928,ACC_001089,ACC_000533,34234.99,UPI,victim_debit,Kotak Mahindra Bank,UPI_000588,iOS,19.08895309739482,72.91839589056067,,1
TXN_0003094,CASE_000916,2026-05-04 06:57:02.755039493,ACC_000533,ACC_001335,31006.92,UPI,mule_transfer,Kotak Mahindra Bank,UPI_001457,Android,,,16.640206366666668,2
TXN_0003095,CASE_000916,2026-05-04 07:03:29.098635467,ACC_001335,ACC_000287,28579.24,UPI,mule_transfer,Punjab National Bank,UPI_000316,Desktop,,,6.439059916666666,3
TXN_0003096,CASE_000916,2026-05-04 07:56:41.924292577,ACC_000287,ACC_001335,28579.24,UPI,mule_transfer,Kotak Mahindra Bank,UPI_001457,Android,,,53.21376095,4
TXN_0003097,CASE_000917,2025-06-14 13:22:38.205551178,ACC_001179,ACC_001625,52281.73,IMPS,fragmentation,ICICI Bank,UPI_001777,Desktop,22.599460611071493,88.30789751176788,,1
TXN_0003098,CASE_000917,2025-06-14 13:28:39.077788973,ACC_001179,ACC_001625,11317.04,NEFT,fragmentation,ICICI Bank,UPI_001777,Desktop,22.599460611071493,88.30789751176788,6.0145372833333335,2
TXN_0003099,CASE_000917,2025-06-14 13:47:58.336378533,ACC_001179,ACC_001625,11364.21,Net Banking,fragmentation,ICICI Bank,UPI_001777,iOS,22.599460611071493,88.30789751176788,19.320976483333332,3
TXN_0003100,CASE_000917,2025-06-14 14:13:38.202940138,ACC_001625,ACC_001288,50261.38,UPI,mule_transfer,Kotak Mahindra Bank,UPI_001405,Android,,,25.664442683333334,4
TXN_0003101,CASE_000917,2025-06-14 15:41:08.470407669,ACC_001288,ACC_001625,38270.78,IMPS,mule_transfer,ICICI Bank,UPI_001777,Desktop,,,87.50445778333332,5
TXN_0003102,CASE_000917,2025-06-14 16:03:01.332844767,ACC_001625,ACC_000093,38270.78,UPI,mule_transfer,Yes Bank,UPI_000105,iOS,,,21.881040616666667,6
TXN_0003103,CASE_000918,2024-10-30 16:49:14.334595799,ACC_001562,ACC_001308,9866.22,UPI,fragmentation,IndusInd Bank,UPI_001428,Desktop,19.116335170481403,72.87683015208641,,1
TXN_0003104,CASE_000918,2024-10-30 16:51:41.804645111,ACC_001562,ACC_001308,29125.65,UPI,fragmentation,IndusInd Bank,UPI_001427,Desktop,19.116335170481403,72.87683015208641,2.4578341499999996,2
TXN_0003105,CASE_000918,2024-10-30 17:09:52.831864609,ACC_001308,ACC_000767,22870.2,IMPS,mule_transfer,SBI,UPI_000849,Android,,,18.183786983333334,3
TXN_0003106,CASE_000918,2024-10-30 17:13:23.055711897,ACC_000767,ACC_000139,22870.2,UPI,mule_transfer,Axis Bank,UPI_000156,Android,,,3.5037307833333333,4
TXN_0003107,CASE_000919,2024-12-27 19:47:10.213065152,ACC_000166,ACC_000467,13685.56,UPI,fragmentation,Axis Bank,UPI_000514,iOS,19.16006466508244,72.94091792047325,,1
TXN_0003108,CASE_000919,2024-12-27 19:53:43.984248288,ACC_000166,ACC_000467,5176.55,UPI,fragmentation,Axis Bank,UPI_000514,Android,19.16006466508244,72.94091792047325,6.56285305,2
TXN_0003109,CASE_000919,2024-12-27 19:56:49.669826915,ACC_000166,ACC_000467,14451.39,UPI,fragmentation,Axis Bank,UPI_000515,Desktop,19.16006466508244,72.94091792047325,3.094759633333333,3
TXN_0003110,CASE_000919,2024-12-27 20:14:38.836220542,ACC_000467,ACC_000093,20467.46,UPI,mule_transfer,Yes Bank,UPI_000105,iOS,,,17.819439883333335,4
TXN_0003111,CASE_000919,2024-12-27 20:31:58.073051739,ACC_000093,ACC_000467,12208.12,UPI,mule_transfer,Axis Bank,UPI_000514,Android,,,17.320613849999997,5
TXN_0003112,CASE_000919,2024-12-27 21:19:25.233264500,ACC_000467,ACC_001625,12208.12,Net Banking,mule_transfer,ICICI Bank,UPI_001777,Android,,,47.45267019999999,6
TXN_0003113,CASE_000920,2025-10-22 20:51:59.069216377,ACC_001480,ACC_000023,11216.21,IMPS,fragmentation,Kotak Mahindra Bank,UPI_000028,Android,20.024273717875808,73.8105905266652,,1
TXN_0003114,CASE_000920,2025-10-22 20:54:58.351372848,ACC_001480,ACC_000023,29042.15,UPI,fragmentation,Kotak Mahindra Bank,UPI_000028,Desktop,20.024273717875808,73.8105905266652,2.9880359333333333,2
TXN_0003115,CASE_000920,2025-10-22 20:57:36.422348856,ACC_001480,ACC_000023,23877.32,UPI,fragmentation,Kotak Mahindra Bank,UPI_000028,Android,20.024273717875808,73.8105905266652,2.6345162666666666,3
TXN_0003116,CASE_000920,2025-10-22 20:59:59.699594537,ACC_000023,ACC_000480,48750.24,UPI,mule_transfer,IndusInd Bank,UPI_000532,Android,,,2.3879540833333333,4
TXN_0003117,CASE_000920,2025-10-22 21:03:47.298181963,ACC_000480,ACC_000023,48750.24,UPI,mule_transfer,Kotak Mahindra Bank,UPI_000028,iOS,,,3.7933097833333336,5
TXN_0003118,CASE_000921,2024-12-08 19:31:48.197350222,ACC_000824,ACC_001308,11279.33,IMPS,fragmentation,IndusInd Bank,UPI_001427,Android,19.07696247048167,72.86562115700097,,1
TXN_0003119,CASE_000921,2024-12-08 19:33:38.512180455,ACC_000824,ACC_001308,7649.46,IMPS,fragmentation,IndusInd Bank,UPI_001428,Desktop,19.07696247048167,72.86562115700097,1.8385805,2
TXN_0003120,CASE_000921,2024-12-08 19:39:25.709848968,ACC_001308,ACC_000767,18928.8,UPI,mule_transfer,SBI,UPI_000849,iOS,,,5.786627800000001,3
TXN_0003121,CASE_000922,2025-06-11 06:03:00.774837751,ACC_001118,ACC_000366,6597.37,NEFT,fragmentation,IDFC First Bank,UPI_000405,iOS,28.665309502163115,77.23406037897118,,1
TXN_0003122,CASE_000922,2025-06-11 06:05:30.146945442,ACC_001118,ACC_000366,606.44,UPI,fragmentation,IDFC First Bank,UPI_000405,Android,28.665309502163115,77.23406037897118,2.4895351166666666,2
TXN_0003123,CASE_000922,2025-06-11 06:07:34.275380601,ACC_001118,ACC_000366,488.07,UPI,fragmentation,IDFC First Bank,UPI_000405,Android,28.665309502163115,77.23406037897118,2.06880725,3
TXN_0003124,CASE_000922,2025-06-11 06:21:20.497841666,ACC_001118,ACC_000366,1158.12,NEFT,fragmentation,IDFC First Bank,UPI_000405,Android,28.665309502163115,77.23406037897118,13.770374349999999,4
TXN_0003125,CASE_000922,2025-06-11 06:26:16.077292921,ACC_000366,ACC_001335,8850.01,IMPS,mule_transfer,Kotak Mahindra Bank,UPI_001457,Android,,,4.9263241833333336,5
TXN_0003126,CASE_000923,2025-10-09 06:50:14.642900486,ACC_000840,ACC_000659,32111.57,UPI,fragmentation,HDFC Bank,UPI_000731,iOS,13.177662826862141,80.3155040802193,,1
TXN_0003127,CASE_000923,2025-10-09 06:58:01.960848465,ACC_000840,ACC_000659,9402.77,UPI,fragmentation,HDFC Bank,UPI_000731,Android,13.177662826862141,80.3155040802193,7.78863245,2
TXN_0003128,CASE_000923,2025-10-09 08:06:26.735231437,ACC_000659,ACC_000404,41514.34,UPI,mule_transfer,SBI,UPI_000449,Android,,,68.41290636666666,3
TXN_0003129,CASE_000924,2024-06-27 00:10:59.560322292,ACC_001301,ACC_000467,53641.25,UPI,victim_debit,Axis Bank,UPI_000514,Android,23.110516142375904,72.49108005002228,,1
TXN_0003130,CASE_000924,2024-06-27 00:42:50.770020434,ACC_000467,ACC_000093,32660.29,UPI,mule_transfer,Yes Bank,UPI_000105,Android,,,31.853494966666666,2
TXN_0003131,CASE_000924,2024-06-27 01:49:57.252950187,ACC_000093,ACC_001288,23736.03,UPI,mule_transfer,Kotak Mahindra Bank,UPI_001405,Android,,,67.10804881666667,3
TXN_0003132,CASE_000924,2024-06-27 02:17:09.651153158,ACC_001288,ACC_001625,23736.03,IMPS,mule_transfer,ICICI Bank,UPI_001777,Android,,,27.2066367,4
TXN_0003133,CASE_000925,2026-05-10 05:41:13.489109100,ACC_001519,ACC_001625,3674.89,UPI,victim_debit,ICICI Bank,UPI_001777,Android,17.41589003931312,78.38802918031809,,1
TXN_0003134,CASE_000925,2026-05-10 05:51:13.035454825,ACC_001625,ACC_000093,3248.95,NEFT,mule_transfer,Yes Bank,UPI_000105,Android,,,9.992439083333332,2
TXN_0003135,CASE_000925,2026-05-10 06:01:29.272670679,ACC_000093,ACC_001625,3248.95,IMPS,mule_transfer,ICICI Bank,UPI_001777,Desktop,,,10.27062025,3
TXN_0003136,CASE_000926,2024-11-20 11:49:34.616071121,ACC_001163,ACC_000404,2974.09,UPI,fragmentation,SBI,UPI_000450,Android,23.077961240674956,72.51591487682194,,1
TXN_0003137,CASE_000926,2024-11-20 11:51:52.432682412,ACC_001163,ACC_000404,5067.44,IMPS,fragmentation,SBI,UPI_000449,iOS,23.077961240674956,72.51591487682194,2.2969435166666665,2
TXN_0003138,CASE_000926,2024-11-20 11:54:00.693276645,ACC_001163,ACC_000404,5174.03,UPI,fragmentation,SBI,UPI_000450,Android,23.077961240674956,72.51591487682194,2.137676566666667,3
TXN_0003139,CASE_000926,2024-11-20 12:06:01.079235799,ACC_001163,ACC_000404,3248.12,UPI,fragmentation,SBI,UPI_000450,iOS,23.077961240674956,72.51591487682194,12.006432649999999,4
TXN_0003140,CASE_000926,2024-11-20 12:08:07.604784620,ACC_000404,ACC_000659,16463.68,UPI,mule_transfer,HDFC Bank,UPI_000731,Android,,,2.1087591333333333,5
TXN_0003141,CASE_000927,2025-01-17 01:52:36.638063631,ACC_001312,ACC_000659,33915.92,IMPS,victim_debit,HDFC Bank,UPI_000731,iOS,28.55663283140484,77.1186006649565,,1
TXN_0003142,CASE_000927,2025-01-17 02:05:58.036631325,ACC_000659,ACC_000404,33915.92,UPI,mule_transfer,SBI,UPI_000449,Android,,,13.356642783333333,2
TXN_0003143,CASE_000928,2025-09-28 08:26:09.411989447,ACC_000518,ACC_000190,1533.59,UPI,fragmentation,HDFC Bank,UPI_000211,Android,22.98197162555303,72.66123613501892,,1
TXN_0003144,CASE_000928,2025-09-28 08:27:37.643638850,ACC_000518,ACC_000190,760.8,UPI,fragmentation,HDFC Bank,UPI_000212,iOS,22.98197162555303,72.66123613501892,1.4705274833333335,2
TXN_0003145,CASE_000928,2025-09-28 08:35:27.783402222,ACC_000518,ACC_000190,1686.3,Net Banking,fragmentation,HDFC Bank,UPI_000212,Android,22.98197162555303,72.66123613501892,7.835662716666667,3
TXN_0003146,CASE_000928,2025-09-28 08:37:01.192623553,ACC_000518,ACC_000190,4445.67,UPI,fragmentation,HDFC Bank,UPI_000212,Android,22.98197162555303,72.66123613501892,1.55682035,4
TXN_0003147,CASE_000928,2025-09-28 09:27:57.386894868,ACC_000190,ACC_000961,8426.36,UPI,mule_transfer,ICICI Bank,UPI_001058,iOS,,,50.93657118333333,5
TXN_0003148,CASE_000929,2025-07-08 15:47:05.417327604,ACC_000796,ACC_000533,4447.5,IMPS,victim_debit,Kotak Mahindra Bank,UPI_000588,Android,12.997940596579301,77.57655440186586,,1
TXN_0003149,CASE_000929,2025-07-08 15:50:01.094050958,ACC_000533,ACC_000267,3132.57,IMPS,mule_transfer,IDFC First Bank,UPI_000294,Android,,,2.9279453833333333,2
TXN_0003150,CASE_000929,2025-07-08 16:25:36.491411691,ACC_000267,ACC_000366,2349.34,UPI,mule_transfer,IDFC First Bank,UPI_000405,Android,,,35.589956,3
TXN_0003151,CASE_000929,2025-07-08 16:49:58.702624948,ACC_000366,ACC_001335,2349.34,IMPS,mule_transfer,Kotak Mahindra Bank,UPI_001457,iOS,,,24.370186883333336,4
TXN_0003152,CASE_000930,2025-02-04 23:51:09.493230193,ACC_001147,ACC_001288,19465.76,Net Banking,victim_debit,Kotak Mahindra Bank,UPI_001405,Android,18.4979692760102,73.93154238999433,,1
TXN_0003153,CASE_000930,2025-02-05 00:39:05.202119243,ACC_001288,ACC_000093,11099.5,UPI,mule_transfer,Yes Bank,UPI_000105,iOS,,,47.928481483333336,2
TXN_0003154,CASE_000930,2025-02-05 00:40:41.297965206,ACC_000093,ACC_001625,11099.5,UPI,mule_transfer,ICICI Bank,UPI_001777,Android,,,1.6015974166666667,3
TXN_0003155,CASE_000931,2025-08-14 22:17:00.060945521,ACC_000687,ACC_000880,4730.27,UPI,victim_debit,SBI,UPI_000972,iOS,21.153579431680065,72.94134149141193,,1
TXN_0003156,CASE_000931,2025-08-14 22:31:57.134440743,ACC_000880,ACC_000694,3258.78,UPI,mule_transfer,ICICI Bank,UPI_000770,Android,,,14.951224916666666,2
TXN_0003157,CASE_000931,2025-08-14 23:04:26.964374598,ACC_000694,ACC_000652,2994.89,UPI,mule_transfer,HDFC Bank,UPI_000724,Android,,,32.49716555,3
TXN_0003158,CASE_000931,2025-08-14 23:06:11.117769724,ACC_000652,ACC_000694,2994.89,UPI,mule_transfer,ICICI Bank,UPI_000770,iOS,,,1.7358899166666668,4
TXN_0003159,CASE_000932,2026-04-02 12:19:43.433371428,ACC_001671,ACC_000190,2266.03,UPI,victim_debit,HDFC Bank,UPI_000211,Android,18.552793485689918,73.82711162642181,,1
TXN_0003160,CASE_000932,2026-04-02 12:52:36.330718707,ACC_000190,ACC_000961,2266.03,Net Banking,mule_transfer,ICICI Bank,UPI_001059,Android,,,32.88162245,2
TXN_0003161,CASE_000933,2025-12-30 01:55:17.005543261,ACC_000450,ACC_000775,63254.46,IMPS,fragmentation,SBI,UPI_000857,Android,19.03878565580549,72.79288519446645,,1
TXN_0003162,CASE_000933,2025-12-30 02:00:19.920329066,ACC_000450,ACC_000775,4582.04,IMPS,fragmentation,SBI,UPI_000857,iOS,19.03878565580549,72.79288519446645,5.04857975,2
TXN_0003163,CASE_000933,2025-12-30 02:10:29.678139373,ACC_000775,ACC_000480,43614.18,IMPS,mule_transfer,IndusInd Bank,UPI_000532,Desktop,,,10.162630166666666,3
TXN_0003164,CASE_000933,2025-12-30 02:17:27.462329753,ACC_000480,ACC_000775,43614.18,NEFT,mule_transfer,SBI,UPI_000857,iOS,,,6.963069833333334,4
TXN_0003165,CASE_000934,2026-01-20 22:03:00.946999010,ACC_000512,ACC_001349,3186.26,UPI,fragmentation,Kotak Mahindra Bank,UPI_001471,Android,18.57197931715269,73.81487248546948,,1
TXN_0003166,CASE_000934,2026-01-20 22:04:29.231637687,ACC_000512,ACC_001349,767.23,UPI,fragmentation,Kotak Mahindra Bank,UPI_001471,Desktop,18.57197931715269,73.81487248546948,1.4714106333333334,2
TXN_0003167,CASE_000934,2026-01-20 22:06:55.140227020,ACC_000512,ACC_001349,2220.27,UPI,fragmentation,Kotak Mahindra Bank,UPI_001471,Android,18.57197931715269,73.81487248546948,2.4318098166666666,3
TXN_0003168,CASE_000934,2026-01-20 22:10:13.365229784,ACC_000512,ACC_001349,1345.46,UPI,fragmentation,Kotak Mahindra Bank,UPI_001471,iOS,18.57197931715269,73.81487248546948,3.303750033333333,4
TXN_0003169,CASE_000934,2026-01-20 22:51:50.361122951,ACC_001349,ACC_001365,7519.23,UPI,mule_transfer,IndusInd Bank,UPI_001488,Android,,,41.61659821666667,5
TXN_0003170,CASE_000935,2024-08-23 09:53:41.620959095,ACC_000512,ACC_000267,4908.35,Net Banking,fragmentation,IDFC First Bank,UPI_000294,iOS,28.651799465393598,77.27330634602194,,1
TXN_0003171,CASE_000935,2024-08-23 09:58:15.865344826,ACC_000512,ACC_000267,2327.62,IMPS,fragmentation,IDFC First Bank,UPI_000294,Android,28.651799465393598,77.27330634602194,4.57073975,2
TXN_0003172,CASE_000935,2024-08-23 10:02:12.950173733,ACC_000512,ACC_000267,3357.72,UPI,fragmentation,IDFC First Bank,UPI_000294,Android,28.651799465393598,77.27330634602194,3.9514137999999996,3
TXN_0003173,CASE_000935,2024-08-23 10:04:47.382410090,ACC_000512,ACC_000267,1201.71,UPI,fragmentation,IDFC First Bank,UPI_000294,iOS,28.651799465393598,77.27330634602194,2.5738706,4
TXN_0003174,CASE_000935,2024-08-23 10:42:16.229399739,ACC_000267,ACC_000366,6729.63,UPI,mule_transfer,IDFC First Bank,UPI_000405,Android,,,37.48078315,5
TXN_0003175,CASE_000935,2024-08-23 11:01:15.375129057,ACC_000366,ACC_000287,6729.63,UPI,mule_transfer,Punjab National Bank,UPI_000315,Android,,,18.985762150000003,6
TXN_0003176,CASE_000936,2025-01-17 02:32:05.879968770,ACC_000409,ACC_000011,1553.71,UPI,fragmentation,Bank of Baroda,UPI_000013,iOS,21.15742704021891,79.0843473850973,,1
TXN_0003177,CASE_000936,2025-01-17 03:07:35.267110570,ACC_000409,ACC_000011,734.42,IMPS,fragmentation,Bank of Baroda,UPI_000013,iOS,21.15742704021891,79.0843473850973,35.48978568333334,2
TXN_0003178,CASE_000936,2025-01-17 03:15:06.561423002,ACC_000409,ACC_000011,1050.44,IMPS,fragmentation,Bank of Baroda,UPI_000013,iOS,21.15742704021891,79.0843473850973,7.521571866666666,3
TXN_0003179,CASE_000936,2025-01-17 03:16:59.104462089,ACC_000409,ACC_000011,2514.29,UPI,fragmentation,Bank of Baroda,UPI_000013,Android,21.15742704021891,79.0843473850973,1.8757173166666665,4
TXN_0003180,CASE_000936,2025-01-17 04:38:57.822665905,ACC_000011,ACC_001300,5852.86,UPI,mule_transfer,ICICI Bank,UPI_001419,Desktop,,,81.97863671666667,5
TXN_0003181,CASE_000937,2025-05-19 13:10:19.126006588,ACC_000159,ACC_001046,37470.36,IMPS,victim_debit,IDFC First Bank,UPI_001151,Android,12.903230188994218,77.5344926709975,,1
TXN_0003182,CASE_000937,2025-05-19 13:33:23.155937447,ACC_001046,ACC_000309,27899.74,UPI,mule_transfer,Canara Bank,UPI_000342,Android,,,23.067165499999998,2
TXN_0003183,CASE_000937,2025-05-19 14:08:57.006296213,ACC_000309,ACC_000782,27899.74,UPI,mule_transfer,IDFC First Bank,UPI_000866,Android,,,35.564172633333335,3
TXN_0003184,CASE_000938,2024-02-10 06:18:40.801153748,ACC_001771,ACC_001293,1918.3,UPI,fragmentation,Union Bank of India,UPI_001411,Desktop,26.854780838961318,75.6731237618097,,1
TXN_0003185,CASE_000938,2024-02-10 06:37:00.473461745,ACC_001771,ACC_001293,19252.82,NEFT,fragmentation,Union Bank of India,UPI_001410,iOS,26.854780838961318,75.6731237618097,18.327871783333332,2
TXN_0003186,CASE_000938,2024-02-10 06:38:42.011027149,ACC_001771,ACC_001293,11108.11,IMPS,fragmentation,Union Bank of India,UPI_001411,iOS,26.854780838961318,75.6731237618097,1.69229275,3
TXN_0003187,CASE_000938,2024-02-10 06:41:27.414353428,ACC_001771,ACC_001293,22594.11,UPI,fragmentation,Union Bank of India,UPI_001410,Android,26.854780838961318,75.6731237618097,2.7567220999999997,4
TXN_0003188,CASE_000938,2024-02-10 08:25:15.416522157,ACC_001293,ACC_001238,54873.34,UPI,mule_transfer,SBI,UPI_001349,iOS,,,103.80003613333334,5
TXN_0003189,CASE_000939,2025-12-02 07:45:33.235364415,ACC_000270,ACC_000659,6187.0,IMPS,victim_debit,HDFC Bank,UPI_000731,iOS,20.013893079064044,73.77934365930473,,1
TXN_0003190,CASE_000939,2025-12-02 08:29:06.700243023,ACC_000659,ACC_000404,6187.0,NEFT,mule_transfer,SBI,UPI_000449,Android,,,43.55774796666667,2
TXN_0003191,CASE_000940,2024-10-21 16:52:20.528508902,ACC_001622,ACC_000093,2069.65,UPI,victim_debit,Yes Bank,UPI_000105,Android,12.935375373270894,77.62917849352885,,1
TXN_0003192,CASE_000940,2024-10-21 16:56:16.663836348,ACC_000093,ACC_000467,2069.65,Net Banking,mule_transfer,Axis Bank,UPI_000514,Android,,,3.935588783333333,2
TXN_0003193,CASE_000941,2024-09-14 11:33:09.921365101,ACC_000312,ACC_001647,9921.53,UPI,victim_debit,Canara Bank,UPI_001801,iOS,21.144550405678906,79.08127696244276,,1
TXN_0003194,CASE_000941,2024-09-14 11:39:28.171598262,ACC_001647,ACC_001507,9921.53,NEFT,mule_transfer,Punjab National Bank,UPI_001646,Android,,,6.304170549999999,2
TXN_0003195,CASE_000942,2024-08-24 05:42:29.841001055,ACC_001357,ACC_000480,32199.65,NEFT,fragmentation,IndusInd Bank,UPI_000531,iOS,23.01995416654641,72.56804168613125,,1
TXN_0003196,CASE_000942,2024-08-24 05:44:42.844340957,ACC_001357,ACC_000480,4136.48,UPI,fragmentation,IndusInd Bank,UPI_000532,Android,23.01995416654641,72.56804168613125,2.216722316666667,2
TXN_0003197,CASE_000942,2024-08-24 05:47:34.019139500,ACC_001357,ACC_000480,1833.2,UPI,fragmentation,IndusInd Bank,UPI_000531,iOS,23.01995416654641,72.56804168613125,2.8529133,3
TXN_0003198,CASE_000942,2024-08-24 05:56:15.336066690,ACC_000480,ACC_000023,21704.76,IMPS,mule_transfer,Kotak Mahindra Bank,UPI_000028,iOS,,,8.688615449999999,4
TXN_0003199,CASE_000942,2024-08-24 06:03:58.908665746,ACC_000023,ACC_000480,21704.76,NEFT,mule_transfer,IndusInd Bank,UPI_000531,iOS,,,7.726209983333334,5
TXN_0003200,CASE_000943,2024-09-15 04:11:47.369105431,ACC_001310,ACC_001288,31328.01,IMPS,victim_debit,Kotak Mahindra Bank,UPI_001405,Android,19.24972688308566,72.84043541436077,,1
TXN_0003201,CASE_000943,2024-09-15 05:20:50.013462962,ACC_001288,ACC_000467,27795.86,IMPS,mule_transfer,Axis Bank,UPI_000514,Android,,,69.04407261666667,2
TXN_0003202,CASE_000943,2024-09-15 05:29:52.680452932,ACC_000467,ACC_001288,17067.12,UPI,mule_transfer,Kotak Mahindra Bank,UPI_001405,Android,,,9.044449816666665,3
TXN_0003203,CASE_000943,2024-09-15 05:46:51.106923102,ACC_001288,ACC_000467,17067.12,UPI,mule_transfer,Axis Bank,UPI_000514,iOS,,,16.9737745,4
TXN_0003204,CASE_000944,2024-11-03 22:30:22.792509183,ACC_000029,ACC_000659,12012.62,Net Banking,fragmentation,HDFC Bank,UPI_000731,Android,19.129186736956004,72.83513701005545,,1
TXN_0003205,CASE_000944,2024-11-03 22:31:30.874004543,ACC_000029,ACC_000659,105.46,NEFT,fragmentation,HDFC Bank,UPI_000731,Android,19.129186736956004,72.83513701005545,1.1346915833333333,2
TXN_0003206,CASE_000944,2024-11-03 22:35:32.726668570,ACC_000029,ACC_000659,7379.69,IMPS,fragmentation,HDFC Bank,UPI_000731,Android,19.129186736956004,72.83513701005545,4.030877733333333,3
TXN_0003207,CASE_000944,2024-11-03 22:44:47.055031792,ACC_000659,ACC_000404,19497.77,UPI,mule_transfer,SBI,UPI_000449,Android,,,9.238806049999999,4
TXN_0003208,CASE_000945,2025-07-05 00:26:41.184760849,ACC_001315,ACC_001267,12512.84,IMPS,victim_debit,ICICI Bank,UPI_001383,iOS,12.95116086160548,77.54998291190076,,1
TXN_0003209,CASE_000945,2025-07-05 00:33:34.873229113,ACC_001267,ACC_001050,12512.84,IMPS,mule_transfer,Punjab National Bank,UPI_001155,Desktop,,,6.8948078,2
TXN_0003210,CASE_000946,2025-06-15 15:42:38.685926599,ACC_000721,ACC_000139,23183.16,NEFT,victim_debit,Axis Bank,UPI_000156,Android,13.116541160368671,80.28642372635453,,1
TXN_0003211,CASE_000946,2025-06-15 16:19:01.282134368,ACC_000139,ACC_001308,14649.57,IMPS,mule_transfer,IndusInd Bank,UPI_001428,iOS,,,36.37660345,2
TXN_0003212,CASE_000946,2025-06-15 16:47:49.296566176,ACC_001308,ACC_000139,14649.57,IMPS,mule_transfer,Axis Bank,UPI_000156,Android,,,28.80024051666667,3
TXN_0003213,CASE_000947,2024-08-20 23:43:40.507547281,ACC_000539,ACC_001647,583.91,UPI,fragmentation,Canara Bank,UPI_001801,Android,22.626612481434236,88.49485083712617,,1
TXN_0003214,CASE_000947,2024-08-20 23:45:23.401810618,ACC_000539,ACC_001647,566.22,UPI,fragmentation,Canara Bank,UPI_001801,iOS,22.626612481434236,88.49485083712617,1.7149043833333333,2
TXN_0003215,CASE_000947,2024-08-21 00:03:57.125872808,ACC_000539,ACC_001647,9268.23,IMPS,fragmentation,Canara Bank,UPI_001801,Android,22.626612481434236,88.49485083712617,18.5620677,3
TXN_0003216,CASE_000947,2024-08-21 00:15:37.569381942,ACC_001647,ACC_001507,10418.36,UPI,mule_transfer,Punjab National Bank,UPI_001646,iOS,,,11.674058483333333,4
TXN_0003217,CASE_000948,2024-07-07 01:48:18.291175967,ACC_000370,ACC_000068,19585.3,UPI,victim_debit,IndusInd Bank,UPI_000075,Android,17.41767270487146,78.4765145128501,,1
TXN_0003218,CASE_000948,2024-07-07 01:59:35.016772754,ACC_000068,ACC_000091,13163.55,IMPS,mule_transfer,Bank of Baroda,UPI_000102,Android,,,11.278759933333333,2
TXN_0003219,CASE_000948,2024-07-07 02:06:37.206856503,ACC_000091,ACC_000068,13163.55,Net Banking,mule_transfer,IndusInd Bank,UPI_000075,Android,,,7.036501383333333,3
TXN_0003220,CASE_000949,2026-01-22 19:53:31.403210978,ACC_000919,ACC_000011,1091.1,UPI,fragmentation,Bank of Baroda,UPI_000013,Android,22.668772356463457,88.34311537117071,,1
TXN_0003221,CASE_000949,2026-01-22 19:56:28.172149439,ACC_000919,ACC_000011,2174.11,IMPS,fragmentation,Bank of Baroda,UPI_000013,Android,22.668772356463457,88.34311537117071,2.9461489666666667,2
TXN_0003222,CASE_000949,2026-01-22 20:17:19.508308045,ACC_000011,ACC_001300,3265.22,UPI,mule_transfer,ICICI Bank,UPI_001419,Android,,,20.855602633333334,3
TXN_0003223,CASE_000950,2024-03-25 11:58:46.991362523,ACC_001084,ACC_000775,121319.39,UPI,victim_debit,SBI,UPI_000857,Desktop,28.65144473208499,77.2001188476231,,1
TXN_0003224,CASE_000950,2024-03-25 13:24:44.522800649,ACC_000775,ACC_000023,121319.39,UPI,mule_transfer,Kotak Mahindra Bank,UPI_000028,iOS,,,85.9588573,2
TXN_0003225,CASE_000951,2025-04-12 06:35:56.608574406,ACC_001140,ACC_000467,13175.05,Net Banking,victim_debit,Axis Bank,UPI_000515,Android,19.08527211449023,72.88000975268392,,1
TXN_0003226,CASE_000951,2025-04-12 08:38:26.886866917,ACC_000467,ACC_000093,13175.05,NEFT,mule_transfer,Yes Bank,UPI_000105,Android,,,122.5046382,2
TXN_0003227,CASE_000952,2025-04-19 05:41:15.280144413,ACC_001176,ACC_000694,1123.73,NEFT,fragmentation,ICICI Bank,UPI_000770,Android,19.007726642832544,72.94347670006944,,1
TXN_0003228,CASE_000952,2025-04-19 05:43:38.879255867,ACC_001176,ACC_000694,1195.69,NEFT,fragmentation,ICICI Bank,UPI_000770,iOS,19.007726642832544,72.94347670006944,2.3933185166666666,2
TXN_0003229,CASE_000952,2025-04-19 05:52:33.026532386,ACC_001176,ACC_000694,571.87,UPI,fragmentation,ICICI Bank,UPI_000770,Android,19.007726642832544,72.94347670006944,8.9024546,3
TXN_0003230,CASE_000952,2025-04-19 05:56:28.858831655,ACC_001176,ACC_000694,5244.34,UPI,fragmentation,ICICI Bank,UPI_000770,iOS,19.007726642832544,72.94347670006944,3.930538316666667,4
TXN_0003231,CASE_000952,2025-04-19 06:21:45.151432065,ACC_000694,ACC_000652,6653.53,UPI,mule_transfer,HDFC Bank,UPI_000723,Android,,,25.271543333333334,5
TXN_0003232,CASE_000952,2025-04-19 06:40:14.334221372,ACC_000652,ACC_000694,5144.36,Net Banking,mule_transfer,ICICI Bank,UPI_000770,Android,,,18.486379816666666,6
TXN_0003233,CASE_000952,2025-04-19 06:55:23.969563834,ACC_000694,ACC_000880,5144.36,UPI,mule_transfer,SBI,UPI_000972,Android,,,15.160589033333334,7
TXN_0003234,CASE_000953,2025-06-07 01:53:39.792570565,ACC_001686,ACC_001507,12978.08,Net Banking,victim_debit,Punjab National Bank,UPI_001646,Android,19.076013385729507,72.87746724027994,,1
TXN_0003235,CASE_000953,2025-06-07 02:10:09.069142776,ACC_001507,ACC_001647,12978.08,UPI,mule_transfer,Canara Bank,UPI_001801,Android,,,16.487942866666668,2
TXN_0003236,CASE_000954,2026-03-17 20:53:40.702248144,ACC_000444,ACC_001308,6900.54,UPI,victim_debit,IndusInd Bank,UPI_001428,Android,21.147455679335767,78.99030599771835,,1
TXN_0003237,CASE_000954,2026-03-17 21:08:02.800515856,ACC_001308,ACC_000139,4667.36,UPI,mule_transfer,Axis Bank,UPI_000156,Android,,,14.36830445,2
TXN_0003238,CASE_000954,2026-03-17 21:22:56.105846120,ACC_000139,ACC_000767,4667.36,IMPS,mule_transfer,SBI,UPI_000849,Android,,,14.888422166666667,3
TXN_0003239,CASE_000955,2025-07-22 09:25:56.556624810,ACC_001663,ACC_000309,156.38,NEFT,fragmentation,Canara Bank,UPI_000342,iOS,13.00062409398651,77.61244465488849,,1
TXN_0003240,CASE_000955,2025-07-22 09:32:30.284114094,ACC_001663,ACC_000309,2665.83,NEFT,fragmentation,Canara Bank,UPI_000342,Desktop,13.00062409398651,77.61244465488849,6.562124816666667,2
TXN_0003241,CASE_000955,2025-07-22 09:36:07.757057977,ACC_001663,ACC_000309,3637.27,NEFT,fragmentation,Canara Bank,UPI_000342,Android,13.00062409398651,77.61244465488849,3.6245490499999997,3
TXN_0003242,CASE_000955,2025-07-22 09:38:49.255789671,ACC_001663,ACC_000309,2507.44,UPI,fragmentation,Canara Bank,UPI_000342,Android,13.00062409398651,77.61244465488849,2.6916455166666666,4
TXN_0003243,CASE_000955,2025-07-22 09:45:23.131199432,ACC_000309,ACC_001788,6265.26,IMPS,mule_transfer,Canara Bank,UPI_001953,Android,,,6.56459015,5
TXN_0003244,CASE_000955,2025-07-22 09:48:00.222141842,ACC_001788,ACC_001592,6265.26,IMPS,mule_transfer,Union Bank of India,UPI_001737,Android,,,2.618182366666667,6
TXN_0003245,CASE_000956,2026-06-06 00:06:43.824427449,ACC_000085,ACC_000011,20116.28,UPI,victim_debit,Bank of Baroda,UPI_000013,Desktop,28.536007091188416,77.13607505262918,,1
TXN_0003246,CASE_000956,2026-06-06 00:54:51.367435932,ACC_000011,ACC_001300,20116.28,UPI,mule_transfer,ICICI Bank,UPI_001419,Desktop,,,48.1257168,2
TXN_0003247,CASE_000957,2026-03-04 20:24:27.565107839,ACC_000257,ACC_000404,3267.42,UPI,victim_debit,SBI,UPI_000449,Android,13.036449216670599,77.67806123325485,,1
TXN_0003248,CASE_000957,2026-03-04 21:18:02.963271993,ACC_000404,ACC_000659,3267.42,UPI,mule_transfer,HDFC Bank,UPI_000731,iOS,,,53.5899694,2
TXN_0003249,CASE_000958,2024-07-14 15:11:09.269714329,ACC_000565,ACC_001296,6686.52,IMPS,fragmentation,SBI,UPI_001414,Android,12.873836725758437,77.59888309913677,,1
TXN_0003250,CASE_000958,2024-07-14 15:17:27.605967371,ACC_000565,ACC_001296,5094.07,NEFT,fragmentation,SBI,UPI_001414,Android,12.873836725758437,77.59888309913677,6.305604216666667,2
TXN_0003251,CASE_000958,2024-07-14 15:24:42.535308650,ACC_000565,ACC_001296,50.0,UPI,fragmentation,SBI,UPI_001414,Desktop,12.873836725758437,77.59888309913677,7.24882235,3
TXN_0003252,CASE_000958,2024-07-14 15:31:48.737834777,ACC_000565,ACC_001296,13076.11,NEFT,fragmentation,SBI,UPI_001414,Desktop,12.873836725758437,77.59888309913677,7.1033754333333325,4
TXN_0003253,CASE_000958,2024-07-14 16:30:08.769493878,ACC_001296,ACC_000819,15377.21,NEFT,mule_transfer,HDFC Bank,UPI_000907,Android,,,58.33386098333334,5
TXN_0003254,CASE_000958,2024-07-14 16:46:41.791183461,ACC_000819,ACC_001768,15377.21,IMPS,mule_transfer,Canara Bank,UPI_001932,Android,,,16.550361483333333,6
TXN_0003255,CASE_000959,2024-08-07 17:58:44.749174541,ACC_001742,ACC_001085,199.35,UPI,fragmentation,Axis Bank,UPI_001191,Android,13.082914267495923,80.27408960718999,,1
TXN_0003256,CASE_000959,2024-08-07 18:02:40.281122103,ACC_001742,ACC_001085,410.22,UPI,fragmentation,Axis Bank,UPI_001191,Android,13.082914267495923,80.27408960718999,3.92553245,2
TXN_0003257,CASE_000959,2024-08-07 18:04:06.323198171,ACC_001742,ACC_001085,448.81,IMPS,fragmentation,Axis Bank,UPI_001191,Desktop,13.082914267495923,80.27408960718999,1.4340346,3
TXN_0003258,CASE_000959,2024-08-07 18:16:45.074308709,ACC_001085,ACC_000378,884.67,UPI,mule_transfer,Canara Bank,UPI_000421,Android,,,12.645851833333333,4
TXN_0003259,CASE_000959,2024-08-07 18:20:56.546870603,ACC_000378,ACC_001085,537.78,IMPS,mule_transfer,Axis Bank,UPI_001191,Android,,,4.19120935,5
TXN_0003260,CASE_000959,2024-08-07 19:22:54.621843760,ACC_001085,ACC_001178,537.78,UPI,mule_transfer,Canara Bank,UPI_001289,Android,,,61.96791621666667,6
TXN_0003261,CASE_000960,2024-11-10 02:19:40.897380285,ACC_001044,ACC_001133,11872.08,Net Banking,fragmentation,Kotak Mahindra Bank,UPI_001240,Android,13.172543539830256,80.30270870681463,,1
TXN_0003262,CASE_000960,2024-11-10 02:23:08.942128714,ACC_001044,ACC_001133,7540.02,UPI,fragmentation,Kotak Mahindra Bank,UPI_001240,Android,13.172543539830256,80.30270870681463,3.4674124666666666,2
TXN_0003263,CASE_000960,2024-11-10 02:32:12.429435149,ACC_001044,ACC_001133,56850.35,IMPS,fragmentation,Kotak Mahindra Bank,UPI_001240,Android,13.172543539830256,80.30270870681463,9.058121766666666,3
TXN_0003264,CASE_000960,2024-11-10 02:44:40.362885840,ACC_001133,ACC_001065,65277.06,UPI,mule_transfer,Axis Bank,UPI_001171,Android,,,12.4655575,4
TXN_0003265,CASE_000960,2024-11-10 03:11:57.060976024,ACC_001065,ACC_001150,46119.11,UPI,mule_transfer,ICICI Bank,UPI_001258,Android,,,27.2783015,5
TXN_0003266,CASE_000960,2024-11-10 03:25:56.259367353,ACC_001150,ACC_001133,46119.11,IMPS,mule_transfer,Kotak Mahindra Bank,UPI_001240,Android,,,13.98663985,6
TXN_0003267,CASE_000961,2024-12-22 16:22:44.493012485,ACC_000719,ACC_000659,8510.04,UPI,fragmentation,HDFC Bank,UPI_000731,iOS,21.263044998478044,79.1573294166576,,1
TXN_0003268,CASE_000961,2024-12-22 16:26:39.639194309,ACC_000719,ACC_000659,7933.53,UPI,fragmentation,HDFC Bank,UPI_000731,iOS,21.263044998478044,79.1573294166576,3.919103016666667,2
TXN_0003269,CASE_000961,2024-12-22 16:33:25.555576376,ACC_000659,ACC_000404,16443.57,NEFT,mule_transfer,SBI,UPI_000449,iOS,,,6.765273033333333,3
TXN_0003270,CASE_000962,2025-05-18 19:20:47.354785276,ACC_000941,ACC_000694,5907.59,IMPS,fragmentation,ICICI Bank,UPI_000770,Desktop,21.173581290397706,79.06953020539972,,1
TXN_0003271,CASE_000962,2025-05-18 19:22:17.883403069,ACC_000941,ACC_000694,6734.98,UPI,fragmentation,ICICI Bank,UPI_000770,Android,21.173581290397706,79.06953020539972,1.5088102833333332,2
TXN_0003272,CASE_000962,2025-05-18 20:14:29.171589603,ACC_000694,ACC_000652,8914.75,NEFT,mule_transfer,HDFC Bank,UPI_000723,Android,,,52.188136433333334,3
TXN_0003273,CASE_000962,2025-05-18 20:25:03.479685862,ACC_000652,ACC_000880,6340.04,NEFT,mule_transfer,SBI,UPI_000972,Desktop,,,10.571801599999999,4
TXN_0003274,CASE_000962,2025-05-18 20:29:16.451237949,ACC_000880,ACC_000652,6340.04,UPI,mule_transfer,HDFC Bank,UPI_000724,Android,,,4.216192533333333,5
TXN_0003275,CASE_000963,2024-07-30 20:05:19.103924388,ACC_000869,ACC_000052,2536.36,Net Banking,victim_debit,IndusInd Bank,UPI_000058,Android,17.383753546613423,78.44788874813294,,1
TXN_0003276,CASE_000963,2024-07-30 20:13:43.796733415,ACC_000052,ACC_001350,2536.36,UPI,mule_transfer,Bank of Baroda,UPI_001473,Android,,,8.411546816666666,2
TXN_0003277,CASE_000964,2024-07-21 13:55:59.923434227,ACC_001128,ACC_001349,10062.8,UPI,victim_debit,Kotak Mahindra Bank,UPI_001471,iOS,17.48500298564289,78.43884865380382,,1
TXN_0003278,CASE_000964,2024-07-21 14:02:31.453176324,ACC_001349,ACC_001365,8607.27,Net Banking,mule_transfer,IndusInd Bank,UPI_001488,iOS,,,6.5254957,2
TXN_0003279,CASE_000964,2024-07-21 14:16:21.095443713,ACC_001365,ACC_001238,8607.27,UPI,mule_transfer,SBI,UPI_001350,Android,,,13.827371116666665,3
TXN_0003280,CASE_000965,2024-12-13 12:16:31.417446068,ACC_001538,ACC_000287,27187.87,UPI,victim_debit,Punjab National Bank,UPI_000316,Android,19.976208941197783,73.79412356060847,,1
TXN_0003281,CASE_000965,2024-12-13 12:49:19.716668935,ACC_000287,ACC_000366,27187.87,UPI,mule_transfer,IDFC First Bank,UPI_000405,iOS,,,32.80498703333333,2
TXN_0003282,CASE_000966,2025-09-04 05:24:41.799712263,ACC_001357,ACC_000011,1821745.55,IMPS,victim_debit,Bank of Baroda,UPI_000013,Desktop,21.069455155408043,79.13780284173988,,1
TXN_0003283,CASE_000966,2025-09-04 05:35:08.107522349,ACC_000011,ACC_001300,1821745.55,Net Banking,mule_transfer,ICICI Bank,UPI_001418,iOS,,,10.438463500000001,2
TXN_0003284,CASE_000967,2025-09-18 21:53:08.843467013,ACC_000244,ACC_001296,76482.15,Net Banking,victim_debit,SBI,UPI_001414,Android,13.018453227924647,80.35207495446106,,1
TXN_0003285,CASE_000967,2025-09-18 22:31:18.580715748,ACC_001296,ACC_000819,76482.15,NEFT,mule_transfer,HDFC Bank,UPI_000907,Android,,,38.16228746666666,2
TXN_0003286,CASE_000968,2026-06-08 06:00:26.069743168,ACC_001787,ACC_001647,2520.3,UPI,fragmentation,Canara Bank,UPI_001801,Android,17.381260559459818,78.48318781774418,,1
TXN_0003287,CASE_000968,2026-06-08 06:05:53.084084166,ACC_001787,ACC_001647,2502.27,Net Banking,fragmentation,Canara Bank,UPI_001801,Desktop,17.381260559459818,78.48318781774418,5.450239,2
TXN_0003288,CASE_000968,2026-06-08 06:09:41.268551630,ACC_001787,ACC_001647,13569.47,IMPS,fragmentation,Canara Bank,UPI_001801,Android,17.381260559459818,78.48318781774418,3.80307445,3
TXN_0003289,CASE_000968,2026-06-08 06:19:49.694717757,ACC_001647,ACC_001507,18592.04,IMPS,mule_transfer,Punjab National Bank,UPI_001646,Android,,,10.140436099999999,4
TXN_0003290,CASE_000969,2024-07-03 09:59:50.928700372,ACC_001756,ACC_001114,33475.34,IMPS,victim_debit,SBI,UPI_001221,iOS,19.17372337912831,73.04175445354994,,1
TXN_0003291,CASE_000969,2024-07-03 10:21:10.924716711,ACC_001114,ACC_001709,19319.97,UPI,mule_transfer,HDFC Bank,UPI_001869,Android,,,21.333266933333334,2
TXN_0003292,CASE_000969,2024-07-03 10:23:23.612770414,ACC_001709,ACC_001114,19319.97,UPI,mule_transfer,SBI,UPI_001221,Android,,,2.21146755,3
TXN_0003293,CASE_000970,2024-12-23 22:34:29.768930318,ACC_001116,ACC_000775,7831.32,UPI,victim_debit,SBI,UPI_000857,Android,28.612077907101856,77.12037617289614,,1
TXN_0003294,CASE_000970,2024-12-23 22:50:23.449400160,ACC_000775,ACC_000023,6689.86,UPI,mule_transfer,Kotak Mahindra Bank,UPI_000028,Android,,,15.894674483333334,2
TXN_0003295,CASE_000970,2024-12-23 22:56:04.541141062,ACC_000023,ACC_000775,6689.86,NEFT,mule_transfer,SBI,UPI_000857,Android,,,5.684862333333333,3
TXN_0003296,CASE_000971,2026-05-28 20:20:50.419947051,ACC_000585,ACC_000052,24144.03,UPI,victim_debit,IndusInd Bank,UPI_000058,Android,26.925393843889747,75.74368372600256,,1
TXN_0003297,CASE_000971,2026-05-28 20:22:04.533051579,ACC_000052,ACC_001350,24144.03,Net Banking,mule_transfer,Bank of Baroda,UPI_001472,iOS,,,1.2352184000000002,2
TXN_0003298,CASE_000972,2025-09-20 15:42:36.120676794,ACC_001095,ACC_000023,1938.95,UPI,victim_debit,Kotak Mahindra Bank,UPI_000028,Android,19.160182289104895,72.78956670845456,,1
TXN_0003299,CASE_000972,2025-09-20 16:17:09.129565313,ACC_000023,ACC_000480,1385.37,UPI,mule_transfer,IndusInd Bank,UPI_000532,Android,,,34.55014813333333,2
TXN_0003300,CASE_000972,2025-09-20 16:39:17.632432359,ACC_000480,ACC_000775,1385.37,NEFT,mule_transfer,SBI,UPI_000857,iOS,,,22.14171445,3
TXN_0003301,CASE_000973,2025-06-23 15:30:00.038646011,ACC_001496,ACC_001238,2022.97,UPI,victim_debit,SBI,UPI_001350,Android,23.023494481415504,72.5952720896269,,1
TXN_0003302,CASE_000973,2025-06-23 16:03:03.847543199,ACC_001238,ACC_001629,1378.28,Net Banking,mule_transfer,SBI,UPI_001781,Android,,,33.063481616666664,2
TXN_0003303,CASE_000973,2025-06-23 17:17:57.464667133,ACC_001629,ACC_001293,874.96,NEFT,mule_transfer,Union Bank of India,UPI_001410,iOS,,,74.89361871666667,3
TXN_0003304,CASE_000973,2025-06-23 17:24:00.818431895,ACC_001293,ACC_001238,874.96,UPI,mule_transfer,SBI,UPI_001349,iOS,,,6.055896066666667,4
TXN_0003305,CASE_000974,2025-05-06 15:31:36.872198302,ACC_000589,ACC_001629,210.28,UPI,fragmentation,SBI,UPI_001781,Android,19.169792158784784,72.96929326923812,,1
TXN_0003306,CASE_000974,2025-05-06 15:34:30.622741236,ACC_000589,ACC_001629,863.37,Net Banking,fragmentation,SBI,UPI_001781,iOS,19.169792158784784,72.96929326923812,2.8958423666666664,2
TXN_0003307,CASE_000974,2025-05-06 15:38:04.367540614,ACC_000589,ACC_001629,347.5,UPI,fragmentation,SBI,UPI_001781,iOS,19.169792158784784,72.96929326923812,3.5624133166666665,3
TXN_0003308,CASE_000974,2025-05-06 15:39:25.136390289,ACC_000589,ACC_001629,84.36,UPI,fragmentation,SBI,UPI_001781,Android,19.169792158784784,72.96929326923812,1.3461474833333333,4
TXN_0003309,CASE_000974,2025-05-06 15:52:30.724199807,ACC_001629,ACC_001293,1505.51,Net Banking,mule_transfer,Union Bank of India,UPI_001411,Android,,,13.09313015,5
TXN_0003310,CASE_000975,2024-03-09 19:18:00.330507232,ACC_001094,ACC_001335,72392.55,NEFT,victim_debit,Kotak Mahindra Bank,UPI_001457,Android,12.990646795615232,77.7106537838526,,1
TXN_0003311,CASE_000975,2024-03-09 19:32:45.535745588,ACC_001335,ACC_000533,66133.96,IMPS,mule_transfer,Kotak Mahindra Bank,UPI_000588,Android,,,14.753420633333333,2
TXN_0003312,CASE_000975,2024-03-09 19:43:49.923910940,ACC_000533,ACC_000267,66133.96,NEFT,mule_transfer,IDFC First Bank,UPI_000294,Desktop,,,11.073136083333333,3
TXN_0003313,CASE_000976,2026-03-24 21:22:38.616373766,ACC_000223,ACC_001350,6466.61,NEFT,victim_debit,Bank of Baroda,UPI_001473,Android,28.638948602797274,77.21586087034385,,1
TXN_0003314,CASE_000976,2026-03-24 21:29:41.654871990,ACC_001350,ACC_000052,6466.61,IMPS,mule_transfer,IndusInd Bank,UPI_000058,Android,,,7.050641633333333,2
TXN_0003315,CASE_000977,2025-07-23 20:57:35.880644388,ACC_000538,ACC_001050,8377.12,UPI,victim_debit,Punjab National Bank,UPI_001155,iOS,19.046929904756187,72.76435353662097,,1
TXN_0003316,CASE_000977,2025-07-23 21:42:09.021315857,ACC_001050,ACC_001267,8377.12,NEFT,mule_transfer,ICICI Bank,UPI_001383,Desktop,,,44.55234451666667,2
TXN_0003317,CASE_000978,2025-06-04 19:55:53.977534779,ACC_001018,ACC_000659,5737.84,UPI,victim_debit,HDFC Bank,UPI_000731,Android,26.836517011990985,80.94257225327829,,1
TXN_0003318,CASE_000978,2025-06-04 21:13:23.050806216,ACC_000659,ACC_000404,5737.84,Net Banking,mule_transfer,SBI,UPI_000450,Android,,,77.48455451666668,2
TXN_0003319,CASE_000979,2025-05-06 12:17:52.093234110,ACC_001589,ACC_001350,2054.13,UPI,victim_debit,Bank of Baroda,UPI_001473,Android,28.603117921522127,77.13469841382175,,1
TXN_0003320,CASE_000979,2025-05-06 12:24:09.432767432,ACC_001350,ACC_000052,2054.13,Net Banking,mule_transfer,IndusInd Bank,UPI_000058,iOS,,,6.288992216666667,2
TXN_0003321,CASE_000980,2024-12-23 01:48:50.422382146,ACC_000760,ACC_001625,5538.24,UPI,victim_debit,ICICI Bank,UPI_001777,Android,21.178875612484113,72.83681107274838,,1
TXN_0003322,CASE_000980,2024-12-23 02:24:33.973010065,ACC_001625,ACC_000093,5538.24,IMPS,mule_transfer,Yes Bank,UPI_000105,Android,,,35.72584378333333,2
TXN_0003323,CASE_000981,2024-08-20 00:06:23.623932908,ACC_000598,ACC_000287,3179.1,UPI,victim_debit,Punjab National Bank,UPI_000315,Android,20.089072402078624,73.78706003655665,,1
TXN_0003324,CASE_000981,2024-08-20 00:43:25.005935169,ACC_000287,ACC_001335,2436.01,IMPS,mule_transfer,Kotak Mahindra Bank,UPI_001457,Android,,,37.02303336666667,2
TXN_0003325,CASE_000981,2024-08-20 00:57:20.347103511,ACC_001335,ACC_000287,2436.01,UPI,mule_transfer,Punjab National Bank,UPI_000315,Android,,,13.9223528,3
TXN_0003326,CASE_000982,2025-11-19 03:10:19.040448857,ACC_001176,ACC_000139,889.0,UPI,fragmentation,Axis Bank,UPI_000156,Desktop,27.01917069067588,75.78304642077921,,1
TXN_0003327,CASE_000982,2025-11-19 03:29:27.016748019,ACC_001176,ACC_000139,50.0,UPI,fragmentation,Axis Bank,UPI_000155,Android,27.01917069067588,75.78304642077921,19.132938316666664,2
TXN_0003328,CASE_000982,2025-11-19 05:15:04.169728128,ACC_000139,ACC_001308,548.37,UPI,mule_transfer,IndusInd Bank,UPI_001428,Android,,,105.61921633333333,3
TXN_0003329,CASE_000982,2025-11-19 05:29:57.795566557,ACC_001308,ACC_000767,548.37,NEFT,mule_transfer,SBI,UPI_000849,Desktop,,,14.893763966666667,4
TXN_0003330,CASE_000983,2025-04-09 06:53:17.133536948,ACC_000365,ACC_000467,3946.16,UPI,victim_debit,Axis Bank,UPI_000515,iOS,26.73462013523661,80.9742794001836,,1
TXN_0003331,CASE_000983,2025-04-09 07:30:51.595862930,ACC_000467,ACC_000093,3946.16,UPI,mule_transfer,Yes Bank,UPI_000105,Android,,,37.57437208333333,2
TXN_0003332,CASE_000984,2024-01-31 23:07:04.902048921,ACC_000271,ACC_000267,2800.63,IMPS,victim_debit,IDFC First Bank,UPI_000294,Android,13.059951661420715,77.49312916002926,,1
TXN_0003333,CASE_000984,2024-01-31 23:54:28.137447232,ACC_000267,ACC_000533,1691.86,IMPS,mule_transfer,Kotak Mahindra Bank,UPI_000588,Android,,,47.38725663333333,2
TXN_0003334,CASE_000984,2024-01-31 23:55:44.509495861,ACC_000533,ACC_001335,1691.86,NEFT,mule_transfer,Kotak Mahindra Bank,UPI_001457,iOS,,,1.2728674666666668,3
TXN_0003335,CASE_000985,2024-12-29 13:58:15.159960514,ACC_000129,ACC_001625,363.18,NEFT,fragmentation,ICICI Bank,UPI_001777,Desktop,19.03666874801583,73.12568628152964,,1
TXN_0003336,CASE_000985,2024-12-29 14:12:35.525579898,ACC_000129,ACC_001625,7019.09,UPI,fragmentation,ICICI Bank,UPI_001777,Android,19.03666874801583,73.12568628152964,14.339426983333334,2
TXN_0003337,CASE_000985,2024-12-29 14:24:36.175933888,ACC_000129,ACC_001625,7775.23,IMPS,fragmentation,ICICI Bank,UPI_001777,Android,19.03666874801583,73.12568628152964,12.010839216666666,3
TXN_0003338,CASE_000985,2024-12-29 14:41:34.421958522,ACC_001625,ACC_000093,15157.5,NEFT,mule_transfer,Yes Bank,UPI_000105,Android,,,16.970767066666667,4
TXN_0003339,CASE_000986,2026-04-25 23:23:40.370159999,ACC_001640,ACC_000404,22596.79,UPI,fragmentation,SBI,UPI_000449,Android,13.074589029577222,80.16432877334118,,1
TXN_0003340,CASE_000986,2026-04-25 23:34:17.442620903,ACC_001640,ACC_000404,10900.0,UPI,fragmentation,SBI,UPI_000450,Android,13.074589029577222,80.16432877334118,10.617874333333333,2
TXN_0003341,CASE_000986,2026-04-25 23:53:07.311973942,ACC_000404,ACC_000659,33496.79,UPI,mule_transfer,HDFC Bank,UPI_000731,iOS,,,18.831155883333334,3
TXN_0003342,CASE_000987,2024-12-06 15:22:48.037881260,ACC_001543,ACC_001629,5219.01,UPI,victim_debit,SBI,UPI_001781,iOS,13.021193721921835,77.54634085272453,,1
TXN_0003343,CASE_000987,2024-12-06 15:36:46.997416732,ACC_001629,ACC_001293,4939.36,UPI,mule_transfer,Union Bank of India,UPI_001410,Android,,,13.982658916666667,2
TXN_0003344,CASE_000987,2024-12-06 15:41:32.425952131,ACC_001293,ACC_001349,2726.32,UPI,mule_transfer,Kotak Mahindra Bank,UPI_001471,Android,,,4.75714225,3
TXN_0003345,CASE_000987,2024-12-06 15:51:41.170236095,ACC_001349,ACC_001293,2726.32,NEFT,mule_transfer,Union Bank of India,UPI_001411,Desktop,,,10.14573805,4
TXN_0003346,CASE_000988,2025-01-11 12:08:43.739406215,ACC_000993,ACC_001625,5914.91,UPI,victim_debit,ICICI Bank,UPI_001777,Android,21.21894786785753,72.70959920857793,,1
TXN_0003347,CASE_000988,2025-01-11 12:13:20.771274390,ACC_001625,ACC_000093,3867.99,UPI,mule_transfer,Yes Bank,UPI_000105,iOS,,,4.6171978,2
TXN_0003348,CASE_000988,2025-01-11 12:23:07.443123806,ACC_000093,ACC_000467,3664.29,UPI,mule_transfer,Axis Bank,UPI_000514,iOS,,,9.77786415,3
TXN_0003349,CASE_000988,2025-01-11 12:37:48.268604360,ACC_000467,ACC_000093,3664.29,UPI,mule_transfer,Yes Bank,UPI_000105,iOS,,,14.680424666666665,4
TXN_0003350,CASE_000989,2025-07-22 10:42:37.943975287,ACC_000257,ACC_001625,52771.26,NEFT,fragmentation,ICICI Bank,UPI_001777,Android,28.646824375096244,77.11727386322664,,1
TXN_0003351,CASE_000989,2025-07-22 10:52:46.556698219,ACC_000257,ACC_001625,9953.09,IMPS,fragmentation,ICICI Bank,UPI_001777,iOS,28.646824375096244,77.11727386322664,10.143545366666666,2
TXN_0003352,CASE_000989,2025-07-22 11:02:00.915255025,ACC_001625,ACC_000093,37799.3,UPI,mule_transfer,Yes Bank,UPI_000105,iOS,,,9.239309266666668,3
TXN_0003353,CASE_000989,2025-07-22 11:07:57.803200419,ACC_000093,ACC_001625,25203.46,UPI,mule_transfer,ICICI Bank,UPI_001777,Android,,,5.948132416666667,4
TXN_0003354,CASE_000989,2025-07-22 12:40:02.555130905,ACC_001625,ACC_001288,25203.46,UPI,mule_transfer,Kotak Mahindra Bank,UPI_001405,Android,,,92.07919883333334,5
TXN_0003355,CASE_000990,2025-12-31 08:32:13.989895210,ACC_000426,ACC_001288,2154.72,Net Banking,victim_debit,Kotak Mahindra Bank,UPI_001405,Android,18.404208566419864,73.88569017052387,,1
TXN_0003356,CASE_000990,2025-12-31 08:38:40.019518808,ACC_001288,ACC_001625,1532.41,UPI,mule_transfer,ICICI Bank,UPI_001777,Android,,,6.4338270500000005,2
TXN_0003357,CASE_000990,2025-12-31 08:56:22.926798886,ACC_001625,ACC_000467,1532.41,NEFT,mule_transfer,Axis Bank,UPI_000515,Android,,,17.715121333333332,3
TXN_0003358,CASE_000991,2025-08-31 23:43:48.247006112,ACC_001706,ACC_000404,10613.96,Net Banking,victim_debit,SBI,UPI_000449,Android,19.231845559052726,72.94761035300891,,1
TXN_0003359,CASE_000991,2025-09-01 00:39:23.982787648,ACC_000404,ACC_000659,10613.96,UPI,mule_transfer,HDFC Bank,UPI_000731,Desktop,,,55.59559635,2
TXN_0003360,CASE_000992,2026-02-13 10:06:34.080753147,ACC_000150,ACC_000467,9870.2,UPI,victim_debit,Axis Bank,UPI_000514,Android,13.058265638504384,80.2065122949087,,1
TXN_0003361,CASE_000992,2026-02-13 10:44:31.426831460,ACC_000467,ACC_001625,9870.2,IMPS,mule_transfer,ICICI Bank,UPI_001777,iOS,,,37.95576796666667,2
TXN_0003362,CASE_000993,2024-04-13 20:04:47.908511691,ACC_001442,ACC_001267,24026.96,UPI,victim_debit,ICICI Bank,UPI_001383,Android,22.78599757888073,75.93675980079199,,1
TXN_0003363,CASE_000993,2024-04-13 20:15:40.879095703,ACC_001267,ACC_001050,24026.96,IMPS,mule_transfer,Punjab National Bank,UPI_001155,iOS,,,10.882843066666668,2
TXN_0003364,CASE_000994,2026-04-22 08:00:32.625958658,ACC_000806,ACC_001647,44249.5,UPI,victim_debit,Canara Bank,UPI_001801,Desktop,19.096641735157153,72.896757510978,,1
TXN_0003365,CASE_000994,2026-04-22 08:24:32.537354971,ACC_001647,ACC_001507,44249.5,IMPS,mule_transfer,Punjab National Bank,UPI_001646,Android,,,23.998523266666666,2
TXN_0003366,CASE_000995,2026-04-03 12:16:20.600317844,ACC_000101,ACC_000775,4498.36,UPI,victim_debit,SBI,UPI_000857,Android,22.57652137292123,88.33326417118974,,1
TXN_0003367,CASE_000995,2026-04-03 12:18:45.152848399,ACC_000775,ACC_000023,4498.36,UPI,mule_transfer,Kotak Mahindra Bank,UPI_000028,Android,,,2.409208833333333,2
TXN_0003368,CASE_000996,2025-04-18 00:04:12.607861585,ACC_001112,ACC_000052,7682.13,IMPS,victim_debit,IndusInd Bank,UPI_000058,Android,26.753516067822353,80.84114836380122,,1
TXN_0003369,CASE_000996,2025-04-18 00:25:11.857643996,ACC_000052,ACC_001350,7682.13,UPI,mule_transfer,Bank of Baroda,UPI_001473,Android,,,20.98749636666667,2
TXN_0003370,CASE_000997,2025-07-23 03:59:14.100678791,ACC_000603,ACC_001350,9669.82,NEFT,victim_debit,Bank of Baroda,UPI_001473,iOS,19.01770357566172,72.87015306957535,,1
TXN_0003371,CASE_000997,2025-07-23 04:31:34.368110470,ACC_001350,ACC_000052,9669.82,Net Banking,mule_transfer,IndusInd Bank,UPI_000058,Android,,,32.337790516666665,2
TXN_0003372,CASE_000998,2024-07-12 21:37:03.813027968,ACC_001153,ACC_000023,17381.03,UPI,fragmentation,Kotak Mahindra Bank,UPI_000028,Android,19.096515286587728,72.86339439839954,,1
TXN_0003373,CASE_000998,2024-07-12 21:38:13.512345417,ACC_001153,ACC_000023,6401.67,UPI,fragmentation,Kotak Mahindra Bank,UPI_000028,Android,19.096515286587728,72.86339439839954,1.1616552833333331,2
TXN_0003374,CASE_000998,2024-07-12 21:50:59.707817392,ACC_000023,ACC_000775,14910.39,NEFT,mule_transfer,SBI,UPI_000857,Android,,,12.769924516666666,3
TXN_0003375,CASE_000998,2024-07-12 22:05:07.968537505,ACC_000775,ACC_000023,14910.39,UPI,mule_transfer,Kotak Mahindra Bank,UPI_000028,Android,,,14.137678666666666,4
TXN_0003376,CASE_000999,2025-02-12 02:46:12.600228170,ACC_000738,ACC_000767,2181.82,UPI,victim_debit,SBI,UPI_000849,Android,13.058601760436897,80.23193627500723,,1
TXN_0003377,CASE_000999,2025-02-12 02:56:57.207332845,ACC_000767,ACC_000139,1258.19,UPI,mule_transfer,Axis Bank,UPI_000155,iOS,,,10.743451733333334,2
TXN_0003378,CASE_000999,2025-02-12 03:02:16.222500342,ACC_000139,ACC_000767,1258.19,IMPS,mule_transfer,SBI,UPI_000849,iOS,,,5.31691945,3
TXN_0003379,CASE_001000,2024-07-03 16:12:35.987241196,ACC_000167,ACC_001727,32535.19,UPI,fragmentation,Union Bank of India,UPI_001889,Android,17.342333046939842,78.52086701181908,,1
TXN_0003380,CASE_001000,2024-07-03 16:14:07.370421057,ACC_000167,ACC_001727,575.26,UPI,fragmentation,Union Bank of India,UPI_001889,Android,17.342333046939842,78.52086701181908,1.5230529833333333,2
TXN_0003381,CASE_001000,2024-07-03 16:28:15.926944346,ACC_001727,ACC_001006,33110.44,NEFT,mule_transfer,ICICI Bank,UPI_001107,Android,,,14.142608716666667,3
TXN_0003382,CASE_001001,2024-01-21 01:13:51.337492749,ACC_000442,ACC_001308,8968.58,IMPS,fragmentation,IndusInd Bank,UPI_001428,iOS,19.003814212258305,72.92356578569166,,1
TXN_0003383,CASE_001001,2024-01-21 01:15:47.949447387,ACC_000442,ACC_001308,186.5,NEFT,fragmentation,IndusInd Bank,UPI_001427,Android,19.003814212258305,72.92356578569166,1.9435325666666665,2
TXN_0003384,CASE_001001,2024-01-21 01:17:28.247530065,ACC_000442,ACC_001308,544.47,UPI,fragmentation,IndusInd Bank,UPI_001427,Desktop,19.003814212258305,72.92356578569166,1.6716346999999998,3
TXN_0003385,CASE_001001,2024-01-21 01:18:50.632690397,ACC_000442,ACC_001308,20816.21,UPI,fragmentation,IndusInd Bank,UPI_001427,Android,19.003814212258305,72.92356578569166,1.373086,4
TXN_0003386,CASE_001001,2024-01-21 01:39:58.808084629,ACC_001308,ACC_000767,30515.76,NEFT,mule_transfer,SBI,UPI_000849,Android,,,21.136256566666667,5
TXN_0003387,CASE_001002,2026-06-12 14:45:27.512894610,ACC_000769,ACC_000775,1729.07,UPI,fragmentation,SBI,UPI_000857,Android,22.924060106704264,72.4881707232443,,1
TXN_0003388,CASE_001002,2026-06-12 14:50:17.780596385,ACC_000769,ACC_000775,1605.89,UPI,fragmentation,SBI,UPI_000857,iOS,22.924060106704264,72.4881707232443,4.837795016666666,2
TXN_0003389,CASE_001002,2026-06-12 15:15:35.678074200,ACC_000775,ACC_000023,3334.96,UPI,mule_transfer,Kotak Mahindra Bank,UPI_000028,Android,,,25.298291283333334,3
TXN_0003390,CASE_001003,2024-08-24 02:35:55.148573360,ACC_000497,ACC_000480,8525.03,UPI,fragmentation,IndusInd Bank,UPI_000531,Android,12.980201555757978,77.45807074912642,,1
TXN_0003391,CASE_001003,2024-08-24 02:36:55.167422806,ACC_000497,ACC_000480,165.22,Net Banking,fragmentation,IndusInd Bank,UPI_000531,Android,12.980201555757978,77.45807074912642,1.0003141500000001,2
TXN_0003392,CASE_001003,2024-08-24 02:40:34.342899674,ACC_000497,ACC_000480,4415.32,UPI,fragmentation,IndusInd Bank,UPI_000532,iOS,12.980201555757978,77.45807074912642,3.6529246,3
TXN_0003393,CASE_001003,2024-08-24 02:42:46.821219217,ACC_000480,ACC_000023,13105.57,UPI,mule_transfer,Kotak Mahindra Bank,UPI_000028,Android,,,2.207971983333333,4
TXN_0003394,CASE_001004,2025-06-24 08:12:33.095410393,ACC_000869,ACC_001300,489.24,IMPS,fragmentation,ICICI Bank,UPI_001418,Android,26.765734287196256,80.90736747179474,,1
TXN_0003395,CASE_001004,2025-06-24 08:14:56.187949896,ACC_000869,ACC_001300,7611.22,NEFT,fragmentation,ICICI Bank,UPI_001419,Desktop,26.765734287196256,80.90736747179474,2.3848756499999997,2
TXN_0003396,CASE_001004,2025-06-24 08:27:40.741877020,ACC_000869,ACC_001300,4874.47,Net Banking,fragmentation,ICICI Bank,UPI_001419,Android,26.765734287196256,80.90736747179474,12.74256545,3
TXN_0003397,CASE_001004,2025-06-24 09:46:40.584100329,ACC_001300,ACC_000011,12974.92,UPI,mule_transfer,Bank of Baroda,UPI_000013,Android,,,78.99737038333333,4
TXN_0003398,CASE_001005,2024-09-30 13:15:47.039023918,ACC_001201,ACC_000267,1486.83,UPI,fragmentation,IDFC First Bank,UPI_000294,iOS,26.81795916014548,75.7814640986325,,1
TXN_0003399,CASE_001005,2024-09-30 13:23:44.810822009,ACC_001201,ACC_000267,626.23,IMPS,fragmentation,IDFC First Bank,UPI_000294,iOS,26.81795916014548,75.7814640986325,7.9628632999999995,2
TXN_0003400,CASE_001005,2024-09-30 13:27:54.711950005,ACC_001201,ACC_000267,70.48,UPI,fragmentation,IDFC First Bank,UPI_000294,Desktop,26.81795916014548,75.7814640986325,4.165018783333333,3
TXN_0003401,CASE_001005,2024-09-30 13:45:49.109907589,ACC_000267,ACC_000533,2183.54,IMPS,mule_transfer,Kotak Mahindra Bank,UPI_000588,Android,,,17.906632616666666,4
TXN_0003402,CASE_001006,2024-12-03 16:00:02.558002478,ACC_001298,ACC_000767,3119.4,IMPS,victim_debit,SBI,UPI_000849,iOS,23.01621005960634,72.52464266795528,,1
TXN_0003403,CASE_001006,2024-12-03 16:11:19.536205416,ACC_000767,ACC_000139,3119.4,UPI,mule_transfer,Axis Bank,UPI_000156,Android,,,11.282970033333333,2
TXN_0003404,CASE_001007,2024-12-28 09:00:58.195990068,ACC_000689,ACC_000267,1659.92,Net Banking,fragmentation,IDFC First Bank,UPI_000294,Android,12.939468772307508,77.48039922762587,,1
TXN_0003405,CASE_001007,2024-12-28 09:02:04.684813657,ACC_000689,ACC_000267,1121.88,NEFT,fragmentation,IDFC First Bank,UPI_000294,iOS,12.939468772307508,77.48039922762587,1.10814705,2
TXN_0003406,CASE_001007,2024-12-28 09:12:09.171777720,ACC_000267,ACC_000366,2781.81,NEFT,mule_transfer,IDFC First Bank,UPI_000405,Android,,,10.074782733333333,3
TXN_0003407,CASE_001008,2024-11-01 05:34:11.839279373,ACC_001180,ACC_000052,2271.01,IMPS,fragmentation,IndusInd Bank,UPI_000058,Desktop,18.534635247156423,73.82953232405409,,1
TXN_0003408,CASE_001008,2024-11-01 05:35:39.190723667,ACC_001180,ACC_000052,1016.22,UPI,fragmentation,IndusInd Bank,UPI_000058,Android,18.534635247156423,73.82953232405409,1.4558574,2
TXN_0003409,CASE_001008,2024-11-01 05:43:42.505366280,ACC_001180,ACC_000052,166.51,Net Banking,fragmentation,IndusInd Bank,UPI_000058,iOS,18.534635247156423,73.82953232405409,8.055244033333333,3
TXN_0003410,CASE_001008,2024-11-01 05:47:17.557106813,ACC_001180,ACC_000052,1157.52,UPI,fragmentation,IndusInd Bank,UPI_000058,Android,18.534635247156423,73.82953232405409,3.5841956666666666,4
TXN_0003411,CASE_001008,2024-11-01 06:02:19.142986378,ACC_000052,ACC_001350,4611.26,UPI,mule_transfer,Bank of Baroda,UPI_001473,Android,,,15.026431316666667,5
TXN_0003412,CASE_001009,2025-08-03 17:01:16.534095376,ACC_001619,ACC_001507,1215.96,UPI,victim_debit,Punjab National Bank,UPI_001646,Android,12.98487968283538,77.60024986411486,,1
TXN_0003413,CASE_001009,2025-08-03 17:40:53.060587734,ACC_001507,ACC_001647,1215.96,UPI,mule_transfer,Canara Bank,UPI_001801,Android,,,39.608774866666664,2
TXN_0003414,CASE_001010,2026-05-25 10:11:54.689938556,ACC_001511,ACC_001393,21082.41,UPI,victim_debit,Axis Bank,UPI_001521,Android,19.080091639607677,72.73860426338157,,1
TXN_0003415,CASE_001010,2026-05-25 10:20:51.115186961,ACC_001393,ACC_001630,15031.9,NEFT,mule_transfer,Union Bank of India,UPI_001782,Android,,,8.9404208,2
TXN_0003416,CASE_001010,2026-05-25 10:30:21.646643973,ACC_001630,ACC_001393,15031.9,Net Banking,mule_transfer,Axis Bank,UPI_001521,Android,,,9.508857616666667,3
TXN_0003417,CASE_001011,2025-01-25 12:07:08.667040595,ACC_001287,ACC_001625,23328.44,UPI,victim_debit,ICICI Bank,UPI_001777,iOS,12.966360693673321,80.26034752208149,,1
TXN_0003418,CASE_001011,2025-01-25 12:52:12.741969261,ACC_001625,ACC_000093,14131.74,Net Banking,mule_transfer,Yes Bank,UPI_000105,Android,,,45.06791546666667,2
TXN_0003419,CASE_001011,2025-01-25 13:35:25.721711422,ACC_000093,ACC_001625,8557.56,UPI,mule_transfer,ICICI Bank,UPI_001777,Android,,,43.21632903333333,3
TXN_0003420,CASE_001011,2025-01-25 13:46:20.472420799,ACC_001625,ACC_001288,8557.56,IMPS,mule_transfer,Kotak Mahindra Bank,UPI_001405,Android,,,10.912511816666667,4
TXN_0003421,CASE_001012,2026-06-05 17:14:24.023648952,ACC_001742,ACC_000533,22663.54,UPI,fragmentation,Kotak Mahindra Bank,UPI_000588,Android,19.25489663470284,72.99775337646017,,1
TXN_0003422,CASE_001012,2026-06-05 17:23:17.843839025,ACC_001742,ACC_000533,651.34,UPI,fragmentation,Kotak Mahindra Bank,UPI_000588,Android,19.25489663470284,72.99775337646017,8.897003166666668,2
TXN_0003423,CASE_001012,2026-06-05 17:40:04.519016601,ACC_000533,ACC_000267,23314.89,UPI,mule_transfer,IDFC First Bank,UPI_000294,Android,,,16.777919616666665,3
TXN_0003424,CASE_001013,2025-08-31 09:32:08.790473349,ACC_001789,ACC_000287,8143.35,NEFT,victim_debit,Punjab National Bank,UPI_000315,Android,12.932239444792835,77.51013195930379,,1
TXN_0003425,CASE_001013,2025-08-31 09:55:03.744072777,ACC_000287,ACC_000533,7221.84,UPI,mule_transfer,Kotak Mahindra Bank,UPI_000588,Android,,,22.915893316666665,2
TXN_0003426,CASE_001013,2025-08-31 09:58:28.162669895,ACC_000533,ACC_001335,5716.36,UPI,mule_transfer,Kotak Mahindra Bank,UPI_001457,Android,,,3.406976616666667,3
TXN_0003427,CASE_001013,2025-08-31 10:25:28.953067841,ACC_001335,ACC_000267,5716.36,IMPS,mule_transfer,IDFC First Bank,UPI_000294,iOS,,,27.013173283333334,4
TXN_0003428,CASE_001014,2025-07-07 02:47:21.728692197,ACC_001058,ACC_001507,1520.09,UPI,victim_debit,Punjab National Bank,UPI_001646,Android,19.062829519927053,72.81239268243303,,1
TXN_0003429,CASE_001014,2025-07-07 03:33:04.182924025,ACC_001507,ACC_001647,1520.09,IMPS,mule_transfer,Canara Bank,UPI_001801,Android,,,45.70757051666667,2
TXN_0003430,CASE_001015,2024-08-04 00:37:41.982672361,ACC_000488,ACC_000052,22679.11,NEFT,victim_debit,IndusInd Bank,UPI_000058,Android,19.954314310659907,73.78292701136905,,1
TXN_0003431,CASE_001015,2024-08-04 00:47:41.300859686,ACC_000052,ACC_001350,22679.11,IMPS,mule_transfer,Bank of Baroda,UPI_001472,Android,,,9.98863645,2
TXN_0003432,CASE_001016,2024-02-27 08:13:46.636421434,ACC_001563,ACC_000659,5902.88,NEFT,victim_debit,HDFC Bank,UPI_000731,Android,18.53093068302561,73.8173679680375,,1
TXN_0003433,CASE_001016,2024-02-27 08:26:28.637786943,ACC_000659,ACC_000404,5902.88,UPI,mule_transfer,SBI,UPI_000450,Android,,,12.700022749999999,2
TXN_0003434,CASE_001017,2026-02-15 03:08:40.422135232,ACC_000971,ACC_000287,7414.63,UPI,fragmentation,Punjab National Bank,UPI_000315,Android,17.37929237604115,78.50500995187575,,1
TXN_0003435,CASE_001017,2026-02-15 03:14:58.999625358,ACC_000971,ACC_000287,4778.7,NEFT,fragmentation,Punjab National Bank,UPI_000316,iOS,17.37929237604115,78.50500995187575,6.309624833333333,2
TXN_0003436,CASE_001017,2026-02-15 03:33:28.243974407,ACC_000971,ACC_000287,3882.34,UPI,fragmentation,Punjab National Bank,UPI_000316,iOS,17.37929237604115,78.50500995187575,18.48740581666667,3
TXN_0003437,CASE_001017,2026-02-15 03:58:50.714243555,ACC_000287,ACC_000267,16075.67,IMPS,mule_transfer,IDFC First Bank,UPI_000294,Android,,,25.374504483333332,4
TXN_0003438,CASE_001018,2025-06-06 21:54:49.383265708,ACC_000594,ACC_001768,64457.45,IMPS,victim_debit,Canara Bank,UPI_001932,Android,22.594691359808532,88.44064818380099,,1
TXN_0003439,CASE_001018,2025-06-06 22:06:45.604915555,ACC_001768,ACC_000819,48526.27,NEFT,mule_transfer,HDFC Bank,UPI_000907,Android,,,11.937027483333333,2
TXN_0003440,CASE_001018,2025-06-06 22:16:19.802171376,ACC_000819,ACC_001768,48526.27,IMPS,mule_transfer,Canara Bank,UPI_001932,Android,,,9.56995425,3
TXN_0003441,CASE_001019,2025-01-12 13:17:43.781092312,ACC_001443,ACC_001288,1367.23,UPI,fragmentation,Kotak Mahindra Bank,UPI_001405,iOS,19.040301847883896,72.92918823122594,,1
TXN_0003442,CASE_001019,2025-01-12 13:29:02.023684916,ACC_001443,ACC_001288,885.06,IMPS,fragmentation,Kotak Mahindra Bank,UPI_001405,Desktop,19.040301847883896,72.92918823122594,11.304043199999999,2
TXN_0003443,CASE_001019,2025-01-12 13:34:15.660654255,ACC_001443,ACC_001288,321.83,UPI,fragmentation,Kotak Mahindra Bank,UPI_001405,Android,19.040301847883896,72.92918823122594,5.227282816666667,3
TXN_0003444,CASE_001019,2025-01-12 13:43:45.847347786,ACC_001443,ACC_001288,470.01,UPI,fragmentation,Kotak Mahindra Bank,UPI_001405,iOS,19.040301847883896,72.92918823122594,9.50311155,4
TXN_0003445,CASE_001019,2025-01-12 14:39:21.321393286,ACC_001288,ACC_001625,1912.02,NEFT,mule_transfer,ICICI Bank,UPI_001777,Desktop,,,55.59123408333333,5
TXN_0003446,CASE_001019,2025-01-12 17:39:47.624836521,ACC_001625,ACC_000467,1912.02,UPI,mule_transfer,Axis Bank,UPI_000514,iOS,,,180.43839071666667,6
TXN_0003447,CASE_001020,2026-01-09 17:44:34.558034806,ACC_001332,ACC_001238,1036.86,UPI,victim_debit,SBI,UPI_001350,iOS,22.964048597306455,72.6116763255575,,1
TXN_0003448,CASE_001020,2026-01-09 17:55:37.568154087,ACC_001238,ACC_001365,930.45,UPI,mule_transfer,IndusInd Bank,UPI_001488,Desktop,,,11.05016865,2
TXN_0003449,CASE_001020,2026-01-09 18:07:39.443581876,ACC_001365,ACC_001349,672.6,UPI,mule_transfer,Kotak Mahindra Bank,UPI_001471,Android,,,12.031257116666666,3
TXN_0003450,CASE_001020,2026-01-09 18:16:51.605833839,ACC_001349,ACC_001629,672.6,UPI,mule_transfer,SBI,UPI_001781,iOS,,,9.202704183333333,4
TXN_0003451,CASE_001021,2024-10-09 23:03:05.323001572,ACC_001229,ACC_000052,4369.77,UPI,victim_debit,IndusInd Bank,UPI_000058,Android,26.902702730989553,75.75652823639382,,1
TXN_0003452,CASE_001021,2024-10-09 23:31:37.318569323,ACC_000052,ACC_001350,4369.77,IMPS,mule_transfer,Bank of Baroda,UPI_001473,Android,,,28.53325945,2
TXN_0003453,CASE_001022,2025-12-14 21:40:17.177466851,ACC_000071,ACC_000190,2267.79,IMPS,fragmentation,HDFC Bank,UPI_000211,Desktop,21.217436584646368,78.97597022450117,,1
TXN_0003454,CASE_001022,2025-12-14 21:42:44.297928567,ACC_000071,ACC_000190,4836.73,NEFT,fragmentation,HDFC Bank,UPI_000212,iOS,21.217436584646368,78.97597022450117,2.4520076833333335,2
TXN_0003455,CASE_001022,2025-12-14 21:45:45.863239897,ACC_000071,ACC_000190,3314.4,UPI,fragmentation,HDFC Bank,UPI_000211,Android,21.217436584646368,78.97597022450117,3.026088516666667,3
TXN_0003456,CASE_001022,2025-12-14 21:48:32.473426933,ACC_000071,ACC_000190,6329.91,UPI,fragmentation,HDFC Bank,UPI_000211,iOS,21.217436584646368,78.97597022450117,2.77683645,4
TXN_0003457,CASE_001022,2025-12-14 23:33:11.216944914,ACC_000190,ACC_000961,16748.83,Net Banking,mule_transfer,ICICI Bank,UPI_001059,iOS,,,104.64572528333333,5
TXN_0003458,CASE_001023,2024-10-25 19:20:32.591990395,ACC_000041,ACC_001629,6572.94,UPI,victim_debit,SBI,UPI_001781,Android,13.067019025815785,80.18357928185584,,1
TXN_0003459,CASE_001023,2024-10-25 19:27:50.021443725,ACC_001629,ACC_001365,4181.25,UPI,mule_transfer,IndusInd Bank,UPI_001488,Android,,,7.290490883333334,2
TXN_0003460,CASE_001023,2024-10-25 20:03:38.020095470,ACC_001365,ACC_001238,4181.25,Net Banking,mule_transfer,SBI,UPI_001350,Android,,,35.799977516666665,3
TXN_0003461,CASE_001024,2026-04-18 22:53:53.456198312,ACC_000852,ACC_000287,5102.14,UPI,victim_debit,Punjab National Bank,UPI_000316,Android,28.669778486182334,77.33198482724961,,1
TXN_0003462,CASE_001024,2026-04-18 23:32:14.607785742,ACC_000287,ACC_000533,2954.99,UPI,mule_transfer,Kotak Mahindra Bank,UPI_000588,Android,,,38.35252645,2
TXN_0003463,CASE_001024,2026-04-18 23:57:54.874848835,ACC_000533,ACC_001335,2954.99,UPI,mule_transfer,Kotak Mahindra Bank,UPI_001457,Android,,,25.671117716666668,3
TXN_0003464,CASE_001025,2024-09-01 03:02:00.180008902,ACC_001321,ACC_000767,478.46,IMPS,fragmentation,SBI,UPI_000849,Android,19.20845040489742,72.98975069987377,,1
TXN_0003465,CASE_001025,2024-09-01 03:03:39.155547107,ACC_001321,ACC_000767,816.83,NEFT,fragmentation,SBI,UPI_000849,iOS,19.20845040489742,72.98975069987377,1.6495923,2
TXN_0003466,CASE_001025,2024-09-01 03:04:54.404210206,ACC_001321,ACC_000767,292.98,UPI,fragmentation,SBI,UPI_000849,Desktop,19.20845040489742,72.98975069987377,1.2541443833333332,3
TXN_0003467,CASE_001025,2024-09-01 03:31:18.741115094,ACC_000767,ACC_001308,1588.27,UPI,mule_transfer,IndusInd Bank,UPI_001428,Android,,,26.405615066666666,4
TXN_0003468,CASE_001026,2024-05-05 08:46:09.378193261,ACC_000158,ACC_001625,16853.43,UPI,victim_debit,ICICI Bank,UPI_001777,Android,13.017406092971246,77.6670623826824,,1
TXN_0003469,CASE_001026,2024-05-05 10:11:39.078695996,ACC_001625,ACC_001288,14101.68,IMPS,mule_transfer,Kotak Mahindra Bank,UPI_001405,Android,,,85.49500836666667,2
TXN_0003470,CASE_001026,2024-05-05 10:28:45.900216565,ACC_001288,ACC_000093,14101.68,NEFT,mule_transfer,Yes Bank,UPI_000105,iOS,,,17.113692,3
TXN_0003471,CASE_001027,2025-09-27 23:40:55.459061845,ACC_001441,ACC_000404,4482.54,UPI,victim_debit,SBI,UPI_000449,Desktop,19.031554514169805,72.76571153844638,,1
TXN_0003472,CASE_001027,2025-09-27 23:51:26.403290790,ACC_000404,ACC_000659,4482.54,UPI,mule_transfer,HDFC Bank,UPI_000731,Android,,,10.515737133333333,2
TXN_0003473,CASE_001028,2024-05-28 12:01:24.493233272,ACC_000106,ACC_000480,11313.99,UPI,victim_debit,IndusInd Bank,UPI_000532,Android,26.912913650554415,75.8374470165979,,1
TXN_0003474,CASE_001028,2024-05-28 12:14:09.556656893,ACC_000480,ACC_000023,11313.99,UPI,mule_transfer,Kotak Mahindra Bank,UPI_000028,Android,,,12.751057049999998,2
TXN_0003475,CASE_001029,2026-05-14 21:54:05.911030659,ACC_000846,ACC_000533,11270.83,UPI,victim_debit,Kotak Mahindra Bank,UPI_000588,Android,26.8206640747657,80.94150541180066,,1
TXN_0003476,CASE_001029,2026-05-14 22:18:54.738478546,ACC_000533,ACC_000267,11270.83,NEFT,mule_transfer,IDFC First Bank,UPI_000294,Android,,,24.81379078333333,2
TXN_0003477,CASE_001030,2025-08-20 05:28:24.189254539,ACC_000719,ACC_000190,2886.37,Net Banking,fragmentation,HDFC Bank,UPI_000212,Android,23.03180472764845,72.53382321295084,,1
TXN_0003478,CASE_001030,2025-08-20 05:42:03.491827986,ACC_000719,ACC_000190,1167.69,UPI,fragmentation,HDFC Bank,UPI_000212,iOS,23.03180472764845,72.53382321295084,13.655042883333333,2
TXN_0003479,CASE_001030,2025-08-20 05:43:41.457559505,ACC_000190,ACC_000961,4054.06,IMPS,mule_transfer,ICICI Bank,UPI_001058,Android,,,1.6327621833333335,3
TXN_0003480,CASE_001031,2024-07-29 08:25:29.931394672,ACC_001071,ACC_001768,3798.58,UPI,victim_debit,Canara Bank,UPI_001932,Android,12.954022563828785,77.56132582832069,,1
TXN_0003481,CASE_001031,2024-07-29 08:34:23.798141191,ACC_001768,ACC_001296,3071.61,IMPS,mule_transfer,SBI,UPI_001414,Android,,,8.897779100000001,2
TXN_0003482,CASE_001031,2024-07-29 08:36:09.664996806,ACC_001296,ACC_001768,3071.61,UPI,mule_transfer,Canara Bank,UPI_001932,Android,,,1.7644475833333333,3
TXN_0003483,CASE_001032,2024-07-09 06:05:09.021464870,ACC_000246,ACC_000819,12329.08,NEFT,victim_debit,HDFC Bank,UPI_000907,Android,12.95351354849284,77.65377230381337,,1
TXN_0003484,CASE_001032,2024-07-09 06:50:57.677005165,ACC_000819,ACC_001296,11137.98,NEFT,mule_transfer,SBI,UPI_001414,iOS,,,45.81092566666667,2
TXN_0003485,CASE_001032,2024-07-09 07:07:07.579520080,ACC_001296,ACC_000819,11137.98,IMPS,mule_transfer,HDFC Bank,UPI_000907,iOS,,,16.1650419,3
TXN_0003486,CASE_001033,2026-04-21 15:46:52.990442515,ACC_000347,ACC_001050,968.22,UPI,fragmentation,Punjab National Bank,UPI_001155,Android,22.697687361418446,75.89912652279116,,1
TXN_0003487,CASE_001033,2026-04-21 15:53:01.910037585,ACC_000347,ACC_001050,4892.16,UPI,fragmentation,Punjab National Bank,UPI_001155,iOS,22.697687361418446,75.89912652279116,6.148659916666667,2
TXN_0003488,CASE_001033,2026-04-21 16:08:26.166944714,ACC_001050,ACC_001267,5860.37,UPI,mule_transfer,ICICI Bank,UPI_001383,Android,,,15.404281783333333,3
TXN_0003489,CASE_001034,2025-07-07 18:49:28.698413007,ACC_001560,ACC_001507,10838.05,Net Banking,victim_debit,Punjab National Bank,UPI_001646,Android,18.49948426106717,73.82494935709566,,1
TXN_0003490,CASE_001034,2025-07-07 18:52:58.780841016,ACC_001507,ACC_001647,10838.05,UPI,mule_transfer,Canara Bank,UPI_001801,Desktop,,,3.5013738,2
TXN_0003491,CASE_001035,2026-03-25 05:51:09.998787989,ACC_000414,ACC_001296,11398.35,IMPS,victim_debit,SBI,UPI_001414,Android,18.992562353362548,72.84934027570664,,1
TXN_0003492,CASE_001035,2026-03-25 05:55:32.011932199,ACC_001296,ACC_000819,9639.64,IMPS,mule_transfer,HDFC Bank,UPI_000907,Android,,,4.3668857333333335,2
TXN_0003493,CASE_001035,2026-03-25 06:12:49.074615807,ACC_000819,ACC_001296,9639.64,NEFT,mule_transfer,SBI,UPI_001414,Android,,,17.28437805,3
TXN_0003494,CASE_001036,2024-04-10 10:42:19.071775581,ACC_000326,ACC_001350,9791.21,UPI,fragmentation,Bank of Baroda,UPI_001472,Desktop,12.977491807570892,77.59878677323553,,1
TXN_0003495,CASE_001036,2024-04-10 10:44:09.166417141,ACC_000326,ACC_001350,2451.2,Net Banking,fragmentation,Bank of Baroda,UPI_001473,iOS,12.977491807570892,77.59878677323553,1.8349106833333333,2
TXN_0003496,CASE_001036,2024-04-10 11:29:20.305189321,ACC_001350,ACC_000052,12242.42,Net Banking,mule_transfer,IndusInd Bank,UPI_000058,iOS,,,45.185646199999994,3
TXN_0003497,CASE_001037,2026-04-23 01:44:46.432563811,ACC_000865,ACC_000659,1774.9,UPI,victim_debit,HDFC Bank,UPI_000731,Desktop,21.17811672969783,79.0531082471405,,1
TXN_0003498,CASE_001037,2026-04-23 01:51:56.493506171,ACC_000659,ACC_000404,1774.9,UPI,mule_transfer,SBI,UPI_000450,iOS,,,7.167682366666667,2
TXN_0003499,CASE_001038,2025-04-18 18:37:50.669035297,ACC_000243,ACC_001288,2441.01,NEFT,fragmentation,Kotak Mahindra Bank,UPI_001405,Android,21.05288283660651,79.08028797918571,,1
TXN_0003500,CASE_001038,2025-04-18 18:39:20.324186870,ACC_000243,ACC_001288,2079.33,UPI,fragmentation,Kotak Mahindra Bank,UPI_001405,Android,21.05288283660651,79.08028797918571,1.4942525166666667,2
TXN_0003501,CASE_001038,2025-04-18 19:07:29.683566193,ACC_001288,ACC_000093,4520.33,UPI,mule_transfer,Yes Bank,UPI_000105,Android,,,28.15598965,3
TXN_0003502,CASE_001039,2025-08-31 23:15:11.158629855,ACC_001386,ACC_000287,4332.46,UPI,victim_debit,Punjab National Bank,UPI_000316,Android,19.052568614372742,72.88188896384767,,1
TXN_0003503,CASE_001039,2025-08-31 23:30:27.393598239,ACC_000287,ACC_000267,4332.46,IMPS,mule_transfer,IDFC First Bank,UPI_000294,Android,,,15.2705828,2
TXN_0003504,CASE_001040,2024-12-05 17:16:19.470428301,ACC_001229,ACC_001296,55451.76,UPI,victim_debit,SBI,UPI_001414,Android,17.394503719185877,78.51635683880453,,1
TXN_0003505,CASE_001040,2024-12-05 17:21:18.196430963,ACC_001296,ACC_001768,55451.76,UPI,mule_transfer,Canara Bank,UPI_001932,Desktop,,,4.9787666999999995,2
TXN_0003506,CASE_001041,2024-02-23 21:45:09.787416884,ACC_000840,ACC_000023,465.47,UPI,fragmentation,Kotak Mahindra Bank,UPI_000028,Android,18.50098660580989,73.87666706545208,,1
TXN_0003507,CASE_001041,2024-02-23 21:46:50.318811955,ACC_000840,ACC_000023,1895.52,Net Banking,fragmentation,Kotak Mahindra Bank,UPI_000028,Android,18.50098660580989,73.87666706545208,1.6755232500000001,2
TXN_0003508,CASE_001041,2024-02-23 22:07:38.575273173,ACC_000023,ACC_000480,1372.73,UPI,mule_transfer,IndusInd Bank,UPI_000532,Android,,,20.80427435,3
TXN_0003509,CASE_001041,2024-02-23 22:57:17.468329565,ACC_000480,ACC_000023,1372.73,UPI,mule_transfer,Kotak Mahindra Bank,UPI_000028,Android,,,49.648217599999995,4
TXN_0003510,CASE_001042,2026-05-22 17:31:52.552185222,ACC_000468,ACC_000404,2009.95,IMPS,fragmentation,SBI,UPI_000449,Android,19.03293777180256,73.02981486142866,,1
TXN_0003511,CASE_001042,2026-05-22 17:44:30.805838232,ACC_000468,ACC_000404,143.42,IMPS,fragmentation,SBI,UPI_000450,Desktop,19.03293777180256,73.02981486142866,12.637560883333332,2
TXN_0003512,CASE_001042,2026-05-22 17:45:53.912390607,ACC_000468,ACC_000404,2745.15,UPI,fragmentation,SBI,UPI_000449,Android,19.03293777180256,73.02981486142866,1.3851091999999998,3
TXN_0003513,CASE_001042,2026-05-22 17:49:24.638096376,ACC_000468,ACC_000404,400.42,IMPS,fragmentation,SBI,UPI_000449,iOS,19.03293777180256,73.02981486142866,3.5120950833333335,4
TXN_0003514,CASE_001042,2026-05-22 18:36:33.529749918,ACC_000404,ACC_000659,5298.95,IMPS,mule_transfer,HDFC Bank,UPI_000731,iOS,,,47.14819421666667,5
TXN_0003515,CASE_001043,2026-06-25 02:13:43.011567171,ACC_000257,ACC_001625,7579.35,UPI,victim_debit,ICICI Bank,UPI_001777,Android,19.067682311796037,72.9448685632801,,1
TXN_0003516,CASE_001043,2026-06-25 02:30:10.663111812,ACC_001625,ACC_000093,7105.21,IMPS,mule_transfer,Yes Bank,UPI_000105,iOS,,,16.460859066666664,2
TXN_0003517,CASE_001043,2026-06-25 02:50:35.229274935,ACC_000093,ACC_001288,7105.21,NEFT,mule_transfer,Kotak Mahindra Bank,UPI_001405,Android,,,20.40943605,3
TXN_0003518,CASE_001044,2024-11-28 03:04:20.931374923,ACC_001014,ACC_001238,5399.57,UPI,victim_debit,SBI,UPI_001350,Android,28.60910046308187,77.20653529450699,,1
TXN_0003519,CASE_001044,2024-11-28 03:16:06.845071447,ACC_001238,ACC_001365,3738.89,NEFT,mule_transfer,IndusInd Bank,UPI_001488,iOS,,,11.765228266666666,2
TXN_0003520,CASE_001044,2024-11-28 05:20:08.639712377,ACC_001365,ACC_001349,3738.89,UPI,mule_transfer,Kotak Mahindra Bank,UPI_001471,iOS,,,124.02991066666667,3
TXN_0003521,CASE_001045,2026-05-09 21:09:16.247125798,ACC_000989,ACC_000287,18705.73,UPI,victim_debit,Punjab National Bank,UPI_000316,iOS,26.876547531645443,75.7970128619833,,1
TXN_0003522,CASE_001045,2026-05-09 21:51:23.970752632,ACC_000287,ACC_000267,11455.68,UPI,mule_transfer,IDFC First Bank,UPI_000294,Android,,,42.1287271,2
TXN_0003523,CASE_001045,2026-05-09 22:49:17.235936084,ACC_000267,ACC_001335,8402.57,UPI,mule_transfer,Kotak Mahindra Bank,UPI_001457,Android,,,57.88775305,3
TXN_0003524,CASE_001045,2026-05-09 22:57:31.208582861,ACC_001335,ACC_000287,8402.57,UPI,mule_transfer,Punjab National Bank,UPI_000315,Android,,,8.232877433333334,4
TXN_0003525,CASE_001046,2024-06-01 20:07:05.219120958,ACC_000930,ACC_001768,3348.89,NEFT,victim_debit,Canara Bank,UPI_001932,Android,21.248949036758848,78.99576403850901,,1
TXN_0003526,CASE_001046,2024-06-01 20:18:56.716959116,ACC_001768,ACC_001296,2269.68,UPI,mule_transfer,SBI,UPI_001414,iOS,,,11.8582973,2
TXN_0003527,CASE_001046,2024-06-01 20:20:26.311429584,ACC_001296,ACC_001768,2269.68,UPI,mule_transfer,Canara Bank,UPI_001932,Android,,,1.4932411666666667,3
TXN_0003528,CASE_001047,2024-05-20 22:47:00.640733343,ACC_000645,ACC_000190,809.98,IMPS,fragmentation,HDFC Bank,UPI_000211,Android,13.198474008147217,80.22479756232808,,1
TXN_0003529,CASE_001047,2024-05-20 22:48:44.835552703,ACC_000645,ACC_000190,3439.09,UPI,fragmentation,HDFC Bank,UPI_000212,Android,13.198474008147217,80.22479756232808,1.7365803166666667,2
TXN_0003530,CASE_001047,2024-05-20 22:56:03.180235543,ACC_000645,ACC_000190,550.88,UPI,fragmentation,HDFC Bank,UPI_000212,Android,13.198474008147217,80.22479756232808,7.3057447,3
TXN_0003531,CASE_001047,2024-05-20 22:57:44.927523812,ACC_000190,ACC_000961,4799.95,UPI,mule_transfer,ICICI Bank,UPI_001058,Android,,,1.6957881333333333,4
TXN_0003532,CASE_001048,2024-03-07 15:25:16.473156229,ACC_000869,ACC_000052,16627.59,NEFT,victim_debit,IndusInd Bank,UPI_000058,iOS,22.578140533640028,88.39479831458021,,1
TXN_0003533,CASE_001048,2024-03-07 15:44:13.070309170,ACC_000052,ACC_001350,16627.59,UPI,mule_transfer,Bank of Baroda,UPI_001473,iOS,,,18.943285866666667,2
TXN_0003534,CASE_001049,2024-12-22 11:14:35.448549521,ACC_000721,ACC_000524,227094.92,UPI,victim_debit,Bank of Baroda,UPI_000578,Android,21.17967519951176,79.11462541781884,,1
TXN_0003535,CASE_001049,2024-12-22 11:21:32.730206070,ACC_000524,ACC_000068,132626.04,UPI,mule_transfer,IndusInd Bank,UPI_000075,Desktop,,,6.9546942666666665,2
TXN_0003536,CASE_001049,2024-12-22 11:39:02.870823065,ACC_000068,ACC_000524,132626.04,Net Banking,mule_transfer,Bank of Baroda,UPI_000578,iOS,,,17.5023436,3
TXN_0003537,CASE_001050,2024-02-17 15:52:11.410150332,ACC_001278,ACC_001050,3763.83,IMPS,fragmentation,Punjab National Bank,UPI_001155,Android,23.03629913211151,72.50498565712188,,1
TXN_0003538,CASE_001050,2024-02-17 15:54:57.086744233,ACC_001278,ACC_001050,40447.12,UPI,fragmentation,Punjab National Bank,UPI_001155,Desktop,23.03629913211151,72.50498565712188,2.76127655,2
TXN_0003539,CASE_001050,2024-02-17 15:58:04.389153332,ACC_001050,ACC_001267,44210.95,NEFT,mule_transfer,ICICI Bank,UPI_001383,Android,,,3.121706816666667,3
TXN_0003540,CASE_001051,2024-12-25 15:00:09.149388591,ACC_001698,ACC_000309,11133.0,NEFT,victim_debit,Canara Bank,UPI_000342,Android,13.196750467839774,80.26691824270115,,1
TXN_0003541,CASE_001051,2024-12-25 15:01:33.761041973,ACC_000309,ACC_001788,9376.77,NEFT,mule_transfer,Canara Bank,UPI_001952,iOS,,,1.4101942166666668,2
TXN_0003542,CASE_001051,2024-12-25 15:25:47.419782477,ACC_001788,ACC_000309,6825.68,IMPS,mule_transfer,Canara Bank,UPI_000342,iOS,,,24.227645666666668,3
TXN_0003543,CASE_001051,2024-12-25 16:35:10.193997411,ACC_000309,ACC_001788,6825.68,UPI,mule_transfer,Canara Bank,UPI_001952,Android,,,69.37957023333334,4
TXN_0003544,CASE_001052,2024-05-06 02:31:59.857237744,ACC_001317,ACC_000533,2536.68,NEFT,fragmentation,Kotak Mahindra Bank,UPI_000588,iOS,13.042611211805841,77.51046389045307,,1
TXN_0003545,CASE_001052,2024-05-06 02:33:08.591235743,ACC_001317,ACC_000533,2790.06,UPI,fragmentation,Kotak Mahindra Bank,UPI_000588,iOS,13.042611211805841,77.51046389045307,1.1455666166666667,2
TXN_0003546,CASE_001052,2024-05-06 02:39:05.625468443,ACC_001317,ACC_000533,1638.59,IMPS,fragmentation,Kotak Mahindra Bank,UPI_000588,iOS,13.042611211805841,77.51046389045307,5.950570533333333,3
TXN_0003547,CASE_001052,2024-05-06 02:42:42.084038303,ACC_000533,ACC_000366,6965.34,UPI,mule_transfer,IDFC First Bank,UPI_000405,iOS,,,3.607642816666667,4
TXN_0003548,CASE_001053,2025-10-27 12:48:09.993089718,ACC_000389,ACC_000052,2761.44,Net Banking,fragmentation,IndusInd Bank,UPI_000058,iOS,19.092870898389336,72.88037777229871,,1
TXN_0003549,CASE_001053,2025-10-27 12:51:33.311629255,ACC_000389,ACC_000052,6683.43,UPI,fragmentation,IndusInd Bank,UPI_000058,Android,19.092870898389336,72.88037777229871,3.3886423166666666,2
TXN_0003550,CASE_001053,2025-10-27 13:06:03.162065351,ACC_000389,ACC_000052,1365.72,UPI,fragmentation,IndusInd Bank,UPI_000058,Android,19.092870898389336,72.88037777229871,14.497507266666666,3
TXN_0003551,CASE_001053,2025-10-27 13:15:10.636313706,ACC_000052,ACC_001350,10810.6,UPI,mule_transfer,Bank of Baroda,UPI_001472,Android,,,9.124570799999999,4
TXN_0003552,CASE_001054,2026-01-29 05:23:38.806467537,ACC_000936,ACC_000378,9608.05,UPI,fragmentation,Canara Bank,UPI_000421,Desktop,19.075866485896714,72.89549402491465,,1
TXN_0003553,CASE_001054,2026-01-29 05:32:48.322044491,ACC_000936,ACC_000378,12117.06,UPI,fragmentation,Canara Bank,UPI_000421,Android,19.075866485896714,72.89549402491465,9.158592933333333,2
TXN_0003554,CASE_001054,2026-01-29 05:39:13.132383356,ACC_000936,ACC_000378,9807.3,UPI,fragmentation,Canara Bank,UPI_000421,iOS,19.075866485896714,72.89549402491465,6.413505633333333,3
TXN_0003555,CASE_001054,2026-01-29 05:42:27.058872838,ACC_000378,ACC_001085,18293.98,Net Banking,mule_transfer,Axis Bank,UPI_001191,iOS,,,3.23210815,4
TXN_0003556,CASE_001054,2026-01-29 05:52:15.836751955,ACC_001085,ACC_000709,12946.89,UPI,mule_transfer,SBI,UPI_000785,Android,,,9.81296465,5
TXN_0003557,CASE_001054,2026-01-29 06:21:20.379724409,ACC_000709,ACC_000378,12946.89,NEFT,mule_transfer,Canara Bank,UPI_000421,Desktop,,,29.0757162,6
TXN_0003558,CASE_001055,2025-09-18 15:41:37.414905146,ACC_000953,ACC_001300,3297.77,UPI,victim_debit,ICICI Bank,UPI_001418,Android,22.773839812035188,75.8741215247042,,1
TXN_0003559,CASE_001055,2025-09-18 15:51:15.856407111,ACC_001300,ACC_000011,3297.77,Net Banking,mule_transfer,Bank of Baroda,UPI_000013,Android,,,9.640691683333333,2
TXN_0003560,CASE_001056,2024-07-01 15:44:55.195625131,ACC_001506,ACC_001288,2071.07,IMPS,fragmentation,Kotak Mahindra Bank,UPI_001405,iOS,22.62318371036132,88.24895062980038,,1
TXN_0003561,CASE_001056,2024-07-01 15:51:54.571664926,ACC_001506,ACC_001288,1378.94,UPI,fragmentation,Kotak Mahindra Bank,UPI_001405,Android,22.62318371036132,88.24895062980038,6.98960065,2
TXN_0003562,CASE_001056,2024-07-01 15:53:51.360771711,ACC_001506,ACC_001288,9501.46,Net Banking,fragmentation,Kotak Mahindra Bank,UPI_001405,Android,22.62318371036132,88.24895062980038,1.9464851,3
TXN_0003563,CASE_001056,2024-07-01 15:56:51.342403821,ACC_001506,ACC_001288,11843.43,Net Banking,fragmentation,Kotak Mahindra Bank,UPI_001405,Android,22.62318371036132,88.24895062980038,2.9996938666666666,4
TXN_0003564,CASE_001056,2024-07-01 16:25:57.583697087,ACC_001288,ACC_001625,13738.67,UPI,mule_transfer,ICICI Bank,UPI_001777,Android,,,29.104021550000002,5
TXN_0003565,CASE_001056,2024-07-01 17:12:51.966857127,ACC_001625,ACC_000093,13738.67,UPI,mule_transfer,Yes Bank,UPI_000105,Android,,,46.906386,6
TXN_0003566,CASE_001057,2025-11-29 15:33:04.456948725,ACC_000268,ACC_001727,7560.07,UPI,victim_debit,Union Bank of India,UPI_001889,Android,26.742755383805026,80.88080507355347,,1
TXN_0003567,CASE_001057,2025-11-29 15:38:01.724476352,ACC_001727,ACC_001006,7560.07,UPI,mule_transfer,ICICI Bank,UPI_001106,Android,,,4.954458783333333,2
TXN_0003568,CASE_001058,2024-08-15 08:19:37.283642405,ACC_000606,ACC_001647,5193.48,IMPS,victim_debit,Canara Bank,UPI_001801,iOS,26.832244966948757,80.94480004739349,,1
TXN_0003569,CASE_001058,2024-08-15 09:02:38.606214309,ACC_001647,ACC_001507,5193.48,IMPS,mule_transfer,Punjab National Bank,UPI_001646,Android,,,43.022042850000005,2
TXN_0003570,CASE_001059,2025-11-22 22:00:19.246667357,ACC_000159,ACC_000287,4641.53,Net Banking,victim_debit,Punjab National Bank,UPI_000315,Android,19.00288993810152,72.85015103672838,,1
TXN_0003571,CASE_001059,2025-11-22 22:38:32.296191791,ACC_000287,ACC_000267,3102.83,UPI,mule_transfer,IDFC First Bank,UPI_000294,Android,,,38.217492066666665,2
TXN_0003572,CASE_001059,2025-11-22 22:46:34.893611498,ACC_000267,ACC_000287,3102.83,IMPS,mule_transfer,Punjab National Bank,UPI_000315,Android,,,8.043290316666667,3
TXN_0003573,CASE_001060,2025-05-31 22:26:15.232854784,ACC_000072,ACC_000659,32889.89,IMPS,victim_debit,HDFC Bank,UPI_000731,Android,22.572276004073306,88.38667976273,,1
TXN_0003574,CASE_001060,2025-05-31 23:15:07.716966673,ACC_000659,ACC_000404,32889.89,IMPS,mule_transfer,SBI,UPI_000449,Android,,,48.874735183333335,2
TXN_0003575,CASE_001061,2024-11-30 01:59:11.964593097,ACC_000512,ACC_001350,720.22,UPI,victim_debit,Bank of Baroda,UPI_001472,Android,28.539452793679896,77.14604188488626,,1
TXN_0003576,CASE_001061,2024-11-30 02:17:27.523089290,ACC_001350,ACC_000052,720.22,NEFT,mule_transfer,IndusInd Bank,UPI_000058,Android,,,18.259308266666668,2
TXN_0003577,CASE_001062,2024-03-17 01:45:30.245680001,ACC_000199,ACC_000093,1071.11,Net Banking,fragmentation,Yes Bank,UPI_000105,iOS,22.694150425279,88.38958279164103,,1
TXN_0003578,CASE_001062,2024-03-17 01:49:24.978732263,ACC_000199,ACC_000093,3879.1,IMPS,fragmentation,Yes Bank,UPI_000105,Android,22.694150425279,88.38958279164103,3.912217533333333,2
TXN_0003579,CASE_001062,2024-03-17 02:17:37.042189059,ACC_000093,ACC_000467,3451.59,UPI,mule_transfer,Axis Bank,UPI_000515,Android,,,28.201057600000002,3
TXN_0003580,CASE_001062,2024-03-17 02:27:10.303271470,ACC_000467,ACC_001288,3451.59,IMPS,mule_transfer,Kotak Mahindra Bank,UPI_001405,Desktop,,,9.554351366666667,4
TXN_0003581,CASE_001063,2026-01-23 21:28:46.410619293,ACC_000064,ACC_000659,4895.11,Net Banking,victim_debit,HDFC Bank,UPI_000731,Android,19.038643049747016,72.82606693868331,,1
TXN_0003582,CASE_001063,2026-01-23 21:37:40.958607097,ACC_000659,ACC_000404,4895.11,IMPS,mule_transfer,SBI,UPI_000450,Android,,,8.909133116666668,2
TXN_0003583,CASE_001064,2026-05-06 01:37:20.355659679,ACC_001090,ACC_000775,12177.27,IMPS,victim_debit,SBI,UPI_000857,Android,19.996403652362392,73.77790933776829,,1
TXN_0003584,CASE_001064,2026-05-06 02:13:58.130191205,ACC_000775,ACC_000023,12177.27,UPI,mule_transfer,Kotak Mahindra Bank,UPI_000028,Android,,,36.62957551666667,2
TXN_0003585,CASE_001065,2025-08-29 15:54:07.735805823,ACC_001713,ACC_001335,53610.84,UPI,victim_debit,Kotak Mahindra Bank,UPI_001457,iOS,22.536200528081846,88.28885100347051,,1
TXN_0003586,CASE_001065,2025-08-29 16:41:31.519591679,ACC_001335,ACC_000366,41798.27,IMPS,mule_transfer,IDFC First Bank,UPI_000405,Android,,,47.39639641666667,2
TXN_0003587,CASE_001065,2025-08-29 16:55:06.564113955,ACC_000366,ACC_001335,41798.27,NEFT,mule_transfer,Kotak Mahindra Bank,UPI_001457,Desktop,,,13.584075366666667,3
TXN_0003588,CASE_001066,2026-05-28 17:34:46.090572253,ACC_001113,ACC_000659,10355.91,Net Banking,victim_debit,HDFC Bank,UPI_000731,Android,22.545363545409213,88.41590203068958,,1
TXN_0003589,CASE_001066,2026-05-28 17:39:20.041710107,ACC_000659,ACC_000404,10355.91,NEFT,mule_transfer,SBI,UPI_000450,Android,,,4.565852283333333,2
TXN_0003590,CASE_001067,2026-05-01 00:16:35.500514264,ACC_000442,ACC_000091,37832.1,UPI,victim_debit,Bank of Baroda,UPI_000102,Android,17.435521883559268,78.38480585540802,,1
TXN_0003591,CASE_001067,2026-05-01 00:20:52.047301804,ACC_000091,ACC_000524,37832.1,UPI,mule_transfer,Bank of Baroda,UPI_000578,Android,,,4.275779783333333,2
TXN_0003592,CASE_001068,2024-06-26 07:13:33.397668251,ACC_001139,ACC_001288,11942.01,UPI,victim_debit,Kotak Mahindra Bank,UPI_001405,Android,19.987620524306056,73.74199908794809,,1
TXN_0003593,CASE_001068,2024-06-26 08:01:07.330148863,ACC_001288,ACC_000093,11942.01,NEFT,mule_transfer,Yes Bank,UPI_000105,Android,,,47.565541333333336,2
TXN_0003594,CASE_001069,2025-10-28 03:19:57.243125473,ACC_000072,ACC_000093,6878.46,IMPS,fragmentation,Yes Bank,UPI_000105,Android,20.079350943944316,73.88058859357236,,1
TXN_0003595,CASE_001069,2025-10-28 03:22:07.110548724,ACC_000072,ACC_000093,21967.78,Net Banking,fragmentation,Yes Bank,UPI_000105,Android,20.079350943944316,73.88058859357236,2.16445705,2
TXN_0003596,CASE_001069,2025-10-28 03:24:12.799082671,ACC_000072,ACC_000093,70730.18,UPI,fragmentation,Yes Bank,UPI_000105,Desktop,20.079350943944316,73.88058859357236,2.0948088833333336,3
TXN_0003597,CASE_001069,2025-10-28 03:55:35.198410777,ACC_000093,ACC_001625,99576.42,IMPS,mule_transfer,ICICI Bank,UPI_001777,Android,,,31.373322133333332,4
TXN_0003598,CASE_001070,2024-11-14 05:41:23.652588827,ACC_001572,ACC_000023,17369.3,Net Banking,fragmentation,Kotak Mahindra Bank,UPI_000028,Android,21.182697204577053,72.86843064398661,,1
TXN_0003599,CASE_001070,2024-11-14 05:48:41.997913817,ACC_001572,ACC_000023,38296.48,UPI,fragmentation,Kotak Mahindra Bank,UPI_000028,Android,21.182697204577053,72.86843064398661,7.3057554,2
TXN_0003600,CASE_001070,2024-11-14 05:50:23.871819025,ACC_001572,ACC_000023,31019.63,UPI,fragmentation,Kotak Mahindra Bank,UPI_000028,iOS,21.182697204577053,72.86843064398661,1.6978984166666666,3
TXN_0003601,CASE_001070,2024-11-14 06:01:13.236584864,ACC_000023,ACC_000480,57771.44,UPI,mule_transfer,IndusInd Bank,UPI_000531,Android,,,10.822746083333334,4
TXN_0003602,CASE_001070,2024-11-14 06:25:08.122441932,ACC_000480,ACC_000023,57771.44,UPI,mule_transfer,Kotak Mahindra Bank,UPI_000028,Android,,,23.914764283333334,5
TXN_0003603,CASE_001071,2025-03-20 03:14:24.427938952,ACC_000043,ACC_000023,3268.21,UPI,fragmentation,Kotak Mahindra Bank,UPI_000028,Android,28.600035957707625,77.19060077850233,,1
TXN_0003604,CASE_001071,2025-03-20 03:20:20.951631060,ACC_000043,ACC_000023,453.33,UPI,fragmentation,Kotak Mahindra Bank,UPI_000028,Android,28.600035957707625,77.19060077850233,5.942061533333333,2
TXN_0003605,CASE_001071,2025-03-20 03:21:35.307449311,ACC_000043,ACC_000023,2050.34,UPI,fragmentation,Kotak Mahindra Bank,UPI_000028,Android,28.600035957707625,77.19060077850233,1.2392636333333333,3
TXN_0003606,CASE_001071,2025-03-20 04:12:21.779263217,ACC_000023,ACC_000480,4063.93,UPI,mule_transfer,IndusInd Bank,UPI_000532,Desktop,,,50.77453021666667,4
TXN_0003607,CASE_001071,2025-03-20 04:26:33.185997528,ACC_000480,ACC_000775,4063.93,UPI,mule_transfer,SBI,UPI_000857,Android,,,14.190112233333334,5
TXN_0003608,CASE_001072,2024-05-23 00:42:55.602106520,ACC_000029,ACC_000378,2812.79,UPI,victim_debit,Canara Bank,UPI_000421,Android,28.60374742604811,77.2547388448946,,1
TXN_0003609,CASE_001072,2024-05-23 01:00:19.199455849,ACC_000378,ACC_001085,2812.79,IMPS,mule_transfer,Axis Bank,UPI_001191,iOS,,,17.393289149999998,2
TXN_0003610,CASE_001073,2026-06-07 01:26:10.815159635,ACC_000344,ACC_000052,20405.91,IMPS,victim_debit,IndusInd Bank,UPI_000058,Desktop,12.975051015484915,77.59790191788007,,1
TXN_0003611,CASE_001073,2026-06-07 01:27:41.768019533,ACC_000052,ACC_001350,20405.91,IMPS,mule_transfer,Bank of Baroda,UPI_001473,Android,,,1.5158809833333333,2
TXN_0003612,CASE_001074,2025-10-23 12:34:41.161879550,ACC_000509,ACC_000467,18801.79,Net Banking,victim_debit,Axis Bank,UPI_000515,Android,28.63526878353544,77.24480273938875,,1
TXN_0003613,CASE_001074,2025-10-23 12:57:21.544679120,ACC_000467,ACC_000093,18801.79,NEFT,mule_transfer,Yes Bank,UPI_000105,Android,,,22.67304665,2
TXN_0003614,CASE_001075,2024-08-31 04:20:47.047090139,ACC_001281,ACC_000467,7380.47,IMPS,victim_debit,Axis Bank,UPI_000514,Android,13.016710990397208,77.67357336450152,,1
TXN_0003615,CASE_001075,2024-08-31 04:51:51.456170256,ACC_000467,ACC_001625,7380.47,IMPS,mule_transfer,ICICI Bank,UPI_001777,Android,,,31.073484666666666,2
TXN_0003616,CASE_001076,2024-12-04 10:15:22.362719578,ACC_001059,ACC_001296,9809.43,Net Banking,fragmentation,SBI,UPI_001414,Android,28.594859469808373,77.2120464419536,,1
TXN_0003617,CASE_001076,2024-12-04 10:19:19.543230555,ACC_001059,ACC_001296,10820.79,IMPS,fragmentation,SBI,UPI_001414,iOS,28.594859469808373,77.2120464419536,3.9530085,2
TXN_0003618,CASE_001076,2024-12-04 10:20:38.769276704,ACC_001059,ACC_001296,1968.97,IMPS,fragmentation,SBI,UPI_001414,Android,28.594859469808373,77.2120464419536,1.3204341,3
TXN_0003619,CASE_001076,2024-12-04 10:49:33.774907604,ACC_001296,ACC_000819,22599.19,UPI,mule_transfer,HDFC Bank,UPI_000907,Android,,,28.916760500000002,4
TXN_0003620,CASE_001077,2025-01-19 21:52:43.291467420,ACC_000253,ACC_000480,4125.05,UPI,victim_debit,IndusInd Bank,UPI_000531,Android,23.0107482834361,72.56118539900756,,1
TXN_0003621,CASE_001077,2025-01-19 21:56:26.982163412,ACC_000480,ACC_000775,4125.05,UPI,mule_transfer,SBI,UPI_000857,Android,,,3.72817825,2
TXN_0003622,CASE_001078,2025-11-12 00:35:53.732883872,ACC_000049,ACC_000659,12587.14,IMPS,fragmentation,HDFC Bank,UPI_000731,Android,26.854681089543575,80.9641451220111,,1
TXN_0003623,CASE_001078,2025-11-12 00:39:11.478816936,ACC_000049,ACC_000659,37016.73,IMPS,fragmentation,HDFC Bank,UPI_000731,Android,26.854681089543575,80.9641451220111,3.29576555,2
TXN_0003624,CASE_001078,2025-11-12 00:48:44.573057710,ACC_000049,ACC_000659,11518.94,UPI,fragmentation,HDFC Bank,UPI_000731,Android,26.854681089543575,80.9641451220111,9.551570666666667,3
TXN_0003625,CASE_001078,2025-11-12 00:50:06.702687650,ACC_000049,ACC_000659,46914.68,UPI,fragmentation,HDFC Bank,UPI_000731,Android,26.854681089543575,80.9641451220111,1.36882715,4
TXN_0003626,CASE_001078,2025-11-12 00:56:36.096169153,ACC_000659,ACC_000404,108037.49,UPI,mule_transfer,SBI,UPI_000449,Android,,,6.48989135,5
TXN_0003627,CASE_001079,2026-04-23 08:16:56.528413152,ACC_001025,ACC_000366,1942.48,UPI,victim_debit,IDFC First Bank,UPI_000405,iOS,26.844253285831194,80.93477864158598,,1
TXN_0003628,CASE_001079,2026-04-23 08:34:31.595785398,ACC_000366,ACC_000533,1818.45,Net Banking,mule_transfer,Kotak Mahindra Bank,UPI_000588,Android,,,17.584456199999998,2
TXN_0003629,CASE_001079,2026-04-23 08:36:25.745093555,ACC_000533,ACC_001335,1818.45,IMPS,mule_transfer,Kotak Mahindra Bank,UPI_001457,Android,,,1.9024884666666668,3
TXN_0003630,CASE_001080,2024-10-19 20:03:24.352169382,ACC_000350,ACC_001625,12747.95,UPI,victim_debit,ICICI Bank,UPI_001777,Desktop,12.948714433443964,77.7135937227275,,1
TXN_0003631,CASE_001080,2024-10-19 20:24:53.413655336,ACC_001625,ACC_001288,12747.95,UPI,mule_transfer,Kotak Mahindra Bank,UPI_001405,Android,,,21.484358083333333,2
TXN_0003632,CASE_001081,2025-03-06 11:34:49.760562017,ACC_000462,ACC_000287,15642.71,UPI,victim_debit,Punjab National Bank,UPI_000316,Android,28.565774453487805,77.34359707475093,,1
TXN_0003633,CASE_001081,2025-03-06 11:41:44.846268817,ACC_000287,ACC_000366,11583.35,Net Banking,mule_transfer,IDFC First Bank,UPI_000405,iOS,,,6.9180951,2
TXN_0003634,CASE_001081,2025-03-06 12:12:38.619151363,ACC_000366,ACC_000287,9901.26,IMPS,mule_transfer,Punjab National Bank,UPI_000315,Desktop,,,30.896214699999998,3
TXN_0003635,CASE_001081,2025-03-06 13:24:36.652990476,ACC_000287,ACC_000366,9901.26,UPI,mule_transfer,IDFC First Bank,UPI_000405,iOS,,,71.96723064999999,4
TXN_0003636,CASE_001082,2025-06-24 10:14:53.422406231,ACC_001678,ACC_000093,1599.09,UPI,victim_debit,Yes Bank,UPI_000105,Android,13.083742873323052,80.27707036730598,,1
TXN_0003637,CASE_001082,2025-06-24 10:38:47.821202333,ACC_000093,ACC_000467,1599.09,IMPS,mule_transfer,Axis Bank,UPI_000514,iOS,,,23.9066466,2
TXN_0003638,CASE_001083,2024-12-24 09:03:56.567521018,ACC_000143,ACC_001308,2403.5,UPI,victim_debit,IndusInd Bank,UPI_001428,Desktop,23.04503582594013,72.46251804711494,,1
TXN_0003639,CASE_001083,2024-12-24 09:07:37.108453085,ACC_001308,ACC_000139,1830.92,UPI,mule_transfer,Axis Bank,UPI_000155,Android,,,3.6756822,2
TXN_0003640,CASE_001083,2024-12-24 10:36:01.528544453,ACC_000139,ACC_000767,1830.92,UPI,mule_transfer,SBI,UPI_000849,iOS,,,88.40700151666667,3
TXN_0003641,CASE_001084,2025-04-04 07:59:39.174272610,ACC_000094,ACC_000775,3531.24,UPI,fragmentation,SBI,UPI_000857,iOS,13.06805646549114,77.56906219983328,,1
TXN_0003642,CASE_001084,2025-04-04 08:07:33.104175674,ACC_000094,ACC_000775,339.34,IMPS,fragmentation,SBI,UPI_000857,Android,13.06805646549114,77.56906219983328,7.898831716666667,2
TXN_0003643,CASE_001084,2025-04-04 10:07:49.701097636,ACC_000775,ACC_000023,3608.52,UPI,mule_transfer,Kotak Mahindra Bank,UPI_000028,Android,,,120.27661535,3
TXN_0003644,CASE_001084,2025-04-04 10:22:46.075700937,ACC_000023,ACC_000775,3608.52,UPI,mule_transfer,SBI,UPI_000857,Android,,,14.939576716666666,4
TXN_0003645,CASE_001085,2024-04-06 07:52:20.100099730,ACC_001125,ACC_000467,4469.92,IMPS,fragmentation,Axis Bank,UPI_000515,Android,12.948132069480128,80.27721529951762,,1
TXN_0003646,CASE_001085,2024-04-06 07:56:21.267557574,ACC_001125,ACC_000467,4100.12,UPI,fragmentation,Axis Bank,UPI_000514,iOS,12.948132069480128,80.27721529951762,4.019457616666667,2
TXN_0003647,CASE_001085,2024-04-06 08:00:01.875428936,ACC_001125,ACC_000467,2927.0,UPI,fragmentation,Axis Bank,UPI_000514,Android,12.948132069480128,80.27721529951762,3.67679785,3
TXN_0003648,CASE_001085,2024-04-06 08:07:09.339725718,ACC_001125,ACC_000467,10440.08,UPI,fragmentation,Axis Bank,UPI_000514,iOS,12.948132069480128,80.27721529951762,7.1244049333333335,4
TXN_0003649,CASE_001085,2024-04-06 08:10:24.687844152,ACC_000467,ACC_001288,14818.39,NEFT,mule_transfer,Kotak Mahindra Bank,UPI_001405,Android,,,3.2558019666666667,5
TXN_0003650,CASE_001085,2024-04-06 09:10:35.090594779,ACC_001288,ACC_000093,13716.92,NEFT,mule_transfer,Yes Bank,UPI_000105,Android,,,60.17337916666667,6
TXN_0003651,CASE_001085,2024-04-06 09:50:22.664138484,ACC_000093,ACC_001288,13716.92,Net Banking,mule_transfer,Kotak Mahindra Bank,UPI_001405,Android,,,39.79289238333333,7
TXN_0003652,CASE_001086,2024-06-01 18:17:06.165698788,ACC_001110,ACC_000287,1976.34,IMPS,fragmentation,Punjab National Bank,UPI_000315,Android,22.617979793739416,88.37718878032463,,1
TXN_0003653,CASE_001086,2024-06-01 18:21:52.857208169,ACC_001110,ACC_000287,6136.16,UPI,fragmentation,Punjab National Bank,UPI_000316,iOS,22.617979793739416,88.37718878032463,4.778191816666666,2
TXN_0003654,CASE_001086,2024-06-01 18:57:22.935624706,ACC_000287,ACC_000533,5103.29,UPI,mule_transfer,Kotak Mahindra Bank,UPI_000588,Android,,,35.50130693333333,3
TXN_0003655,CASE_001086,2024-06-01 19:25:36.865811954,ACC_000533,ACC_000267,4601.44,NEFT,mule_transfer,IDFC First Bank,UPI_000294,iOS,,,28.232169783333333,4
TXN_0003656,CASE_001086,2024-06-01 19:33:34.712378527,ACC_000267,ACC_000287,4601.44,IMPS,mule_transfer,Punjab National Bank,UPI_000315,Android,,,7.964109433333333,5
TXN_0003657,CASE_001087,2024-12-31 10:15:52.072289770,ACC_001474,ACC_000366,1645.0,UPI,fragmentation,IDFC First Bank,UPI_000405,iOS,13.08013967218361,80.31022309790893,,1
TXN_0003658,CASE_001087,2024-12-31 10:19:41.804034553,ACC_001474,ACC_000366,4932.22,IMPS,fragmentation,IDFC First Bank,UPI_000405,Desktop,13.08013967218361,80.31022309790893,3.8288623999999998,2
TXN_0003659,CASE_001087,2024-12-31 10:22:23.304268135,ACC_001474,ACC_000366,4417.88,UPI,fragmentation,IDFC First Bank,UPI_000405,iOS,13.08013967218361,80.31022309790893,2.69167055,3
TXN_0003660,CASE_001087,2024-12-31 10:28:48.451837189,ACC_000366,ACC_000533,10995.09,IMPS,mule_transfer,Kotak Mahindra Bank,UPI_000588,Android,,,6.419126149999999,4
TXN_0003661,CASE_001088,2026-04-13 12:18:13.449888665,ACC_000965,ACC_000473,429.28,Net Banking,fragmentation,SBI,UPI_000523,iOS,22.606038052602198,88.41944526748131,,1
TXN_0003662,CASE_001088,2026-04-13 12:23:24.052336869,ACC_000965,ACC_000473,1449.58,IMPS,fragmentation,SBI,UPI_000524,iOS,22.606038052602198,88.41944526748131,5.176707466666667,2
TXN_0003663,CASE_001088,2026-04-13 12:37:18.967547372,ACC_000473,ACC_000335,1238.75,IMPS,mule_transfer,Kotak Mahindra Bank,UPI_000372,Android,,,13.9152535,3
TXN_0003664,CASE_001088,2026-04-13 12:58:52.531450865,ACC_000335,ACC_000489,814.58,UPI,mule_transfer,HDFC Bank,UPI_000541,Android,,,21.559398383333335,4
TXN_0003665,CASE_001088,2026-04-13 13:31:02.790905619,ACC_000489,ACC_000335,814.58,IMPS,mule_transfer,Kotak Mahindra Bank,UPI_000371,Android,,,32.1709909,5
TXN_0003666,CASE_001089,2024-11-14 06:35:14.313541315,ACC_001436,ACC_000023,67172.22,UPI,fragmentation,Kotak Mahindra Bank,UPI_000028,Desktop,18.584110611202366,73.7547788856955,,1
TXN_0003667,CASE_001089,2024-11-14 06:40:57.660042858,ACC_001436,ACC_000023,18267.4,UPI,fragmentation,Kotak Mahindra Bank,UPI_000028,Android,18.584110611202366,73.7547788856955,5.722441683333333,2
TXN_0003668,CASE_001089,2024-11-14 06:51:24.014396631,ACC_000023,ACC_000775,73996.57,NEFT,mule_transfer,SBI,UPI_000857,iOS,,,10.439239216666666,3
TXN_0003669,CASE_001089,2024-11-14 07:30:41.089579787,ACC_000775,ACC_000480,73996.57,NEFT,mule_transfer,IndusInd Bank,UPI_000532,iOS,,,39.284586383333334,4
TXN_0003670,CASE_001090,2024-08-15 13:49:23.102744406,ACC_000062,ACC_000052,1585.39,NEFT,fragmentation,IndusInd Bank,UPI_000058,iOS,13.056393400401921,77.64595216787887,,1
TXN_0003671,CASE_001090,2024-08-15 14:00:15.858439024,ACC_000062,ACC_000052,5293.89,UPI,fragmentation,IndusInd Bank,UPI_000058,Android,13.056393400401921,77.64595216787887,10.879261566666665,2
TXN_0003672,CASE_001090,2024-08-15 15:02:42.809043996,ACC_000052,ACC_001350,6879.28,Net Banking,mule_transfer,Bank of Baroda,UPI_001472,iOS,,,62.44917673333334,3
TXN_0003673,CASE_001091,2025-11-07 18:21:50.920553158,ACC_001236,ACC_000659,23770.73,IMPS,fragmentation,HDFC Bank,UPI_000731,iOS,17.44732433102294,78.47273673385016,,1
TXN_0003674,CASE_001091,2025-11-07 18:31:49.641684714,ACC_001236,ACC_000659,22779.59,UPI,fragmentation,HDFC Bank,UPI_000731,Android,17.44732433102294,78.47273673385016,9.978685516666667,2
TXN_0003675,CASE_001091,2025-11-07 18:36:34.541945009,ACC_001236,ACC_000659,945.17,IMPS,fragmentation,HDFC Bank,UPI_000731,Android,17.44732433102294,78.47273673385016,4.748337666666667,3
TXN_0003676,CASE_001091,2025-11-07 19:00:39.711838021,ACC_000659,ACC_000404,47495.49,IMPS,mule_transfer,SBI,UPI_000449,iOS,,,24.086164883333332,4
TXN_0003677,CASE_001092,2026-05-14 16:05:16.294487806,ACC_000321,ACC_000023,11410.63,UPI,victim_debit,Kotak Mahindra Bank,UPI_000028,Android,19.047931631332954,72.85923901832291,,1
TXN_0003678,CASE_001092,2026-05-14 16:16:24.425970726,ACC_000023,ACC_000775,11410.63,UPI,mule_transfer,SBI,UPI_000857,Desktop,,,11.1355247,2
TXN_0003679,CASE_001093,2025-02-22 06:59:14.171451283,ACC_000833,ACC_001293,3120.63,UPI,victim_debit,Union Bank of India,UPI_001410,Android,26.814764291324877,75.77504475054022,,1
TXN_0003680,CASE_001093,2025-02-22 07:34:47.289694228,ACC_001293,ACC_001238,3120.63,UPI,mule_transfer,SBI,UPI_001350,Android,,,35.5519707,2
TXN_0003681,CASE_001094,2024-01-08 20:38:38.947936361,ACC_001682,ACC_000775,2654.11,IMPS,fragmentation,SBI,UPI_000857,Android,17.45131095129616,78.38763514765698,,1
TXN_0003682,CASE_001094,2024-01-08 20:44:06.738591644,ACC_001682,ACC_000775,681.84,IMPS,fragmentation,SBI,UPI_000857,iOS,17.45131095129616,78.38763514765698,5.463177583333334,2
TXN_0003683,CASE_001094,2024-01-08 20:45:55.580985309,ACC_001682,ACC_000775,12979.22,UPI,fragmentation,SBI,UPI_000857,Desktop,17.45131095129616,78.38763514765698,1.8140398833333333,3
TXN_0003684,CASE_001094,2024-01-08 20:52:03.211996703,ACC_001682,ACC_000775,59526.92,UPI,fragmentation,SBI,UPI_000857,Android,17.45131095129616,78.38763514765698,6.127183516666666,4
TXN_0003685,CASE_001094,2024-01-08 21:16:28.009240496,ACC_000775,ACC_000023,66491.87,UPI,mule_transfer,Kotak Mahindra Bank,UPI_000028,Android,,,24.413287383333333,5
TXN_0003686,CASE_001094,2024-01-08 21:32:40.420531476,ACC_000023,ACC_000480,66491.87,NEFT,mule_transfer,IndusInd Bank,UPI_000532,iOS,,,16.206854833333335,6
TXN_0003687,CASE_001095,2025-09-18 21:47:20.887110736,ACC_001644,ACC_000023,1962.73,IMPS,victim_debit,Kotak Mahindra Bank,UPI_000028,iOS,19.271539877730767,72.98795761450306,,1
TXN_0003688,CASE_001095,2025-09-18 21:55:40.857434094,ACC_000023,ACC_000480,1259.54,Net Banking,mule_transfer,IndusInd Bank,UPI_000532,Android,,,8.332838716666666,2
TXN_0003689,CASE_001095,2025-09-18 22:13:59.427839943,ACC_000480,ACC_000775,1259.54,UPI,mule_transfer,SBI,UPI_000857,Android,,,18.30950675,3
TXN_0003690,CASE_001096,2025-01-13 03:33:28.626545357,ACC_000538,ACC_000775,11699.57,Net Banking,victim_debit,SBI,UPI_000857,Desktop,23.037839459062333,72.47465683533665,,1
TXN_0003691,CASE_001096,2025-01-13 03:38:35.268677790,ACC_000775,ACC_000480,11699.57,IMPS,mule_transfer,IndusInd Bank,UPI_000532,Android,,,5.1107022,2
TXN_0003692,CASE_001097,2025-09-05 17:15:56.403686070,ACC_001127,ACC_001288,5552.78,UPI,victim_debit,Kotak Mahindra Bank,UPI_001405,iOS,13.122905518360641,80.30783647822474,,1
TXN_0003693,CASE_001097,2025-09-05 17:46:46.790402327,ACC_001288,ACC_000093,3323.25,UPI,mule_transfer,Yes Bank,UPI_000105,Android,,,30.8397786,2
TXN_0003694,CASE_001097,2025-09-05 18:15:54.822533453,ACC_000093,ACC_000467,2803.17,UPI,mule_transfer,Axis Bank,UPI_000514,iOS,,,29.13386885,3
TXN_0003695,CASE_001097,2025-09-05 18:19:07.401144930,ACC_000467,ACC_000093,2803.17,UPI,mule_transfer,Yes Bank,UPI_000105,Android,,,3.2096435166666666,4
TXN_0003696,CASE_001098,2024-09-10 00:44:11.721526470,ACC_000929,ACC_000023,4792.78,UPI,victim_debit,Kotak Mahindra Bank,UPI_000028,Desktop,22.607513742080062,88.30495951848721,,1
TXN_0003697,CASE_001098,2024-09-10 00:46:36.753808913,ACC_000023,ACC_000775,4792.78,IMPS,mule_transfer,SBI,UPI_000857,Android,,,2.4172047,2
TXN_0003698,CASE_001099,2024-01-03 04:50:06.712452325,ACC_001018,ACC_001690,1421.18,UPI,fragmentation,Punjab National Bank,UPI_001846,iOS,28.544154734488515,77.19427014506023,,1
TXN_0003699,CASE_001099,2024-01-03 05:09:41.919399061,ACC_001018,ACC_001690,2450.28,UPI,fragmentation,Punjab National Bank,UPI_001846,Android,28.544154734488515,77.19427014506023,19.586782433333333,2
TXN_0003700,CASE_001099,2024-01-03 05:24:53.656506909,ACC_001018,ACC_001690,50.0,NEFT,fragmentation,Punjab National Bank,UPI_001846,iOS,28.544154734488515,77.19427014506023,15.195618450000001,3
TXN_0003701,CASE_001099,2024-01-03 05:27:39.886627963,ACC_001690,ACC_000932,3414.99,Net Banking,mule_transfer,Kotak Mahindra Bank,UPI_001027,iOS,,,2.7705020166666667,4
TXN_0003702,CASE_001099,2024-01-03 05:40:21.362701391,ACC_000932,ACC_001690,3414.99,UPI,mule_transfer,Punjab National Bank,UPI_001846,iOS,,,12.691267883333333,5
TXN_0003703,CASE_001100,2024-11-09 20:49:23.229662272,ACC_000868,ACC_000139,689.81,UPI,fragmentation,Axis Bank,UPI_000155,Android,23.119690141706183,72.61407974419126,,1
TXN_0003704,CASE_001100,2024-11-09 20:54:15.660975083,ACC_000868,ACC_000139,247.11,UPI,fragmentation,Axis Bank,UPI_000156,Desktop,23.119690141706183,72.61407974419126,4.8738551999999995,2
TXN_0003705,CASE_001100,2024-11-09 20:58:48.910840320,ACC_000868,ACC_000139,1664.89,UPI,fragmentation,Axis Bank,UPI_000156,Android,23.119690141706183,72.61407974419126,4.554164416666667,3
TXN_0003706,CASE_001100,2024-11-09 21:04:37.557112169,ACC_000868,ACC_000139,551.03,Net Banking,fragmentation,Axis Bank,UPI_000156,Android,23.119690141706183,72.61407974419126,5.810771183333333,4
TXN_0003707,CASE_001100,2024-11-09 21:21:55.166391761,ACC_000139,ACC_000767,3152.85,Net Banking,mule_transfer,SBI,UPI_000849,Android,,,17.293487983333332,5
TXN_0003708,CASE_001101,2025-10-04 02:25:46.546843269,ACC_001058,ACC_000694,7213.54,NEFT,victim_debit,ICICI Bank,UPI_000770,Android,28.679884226801583,77.07864469295113,,1
TXN_0003709,CASE_001101,2025-10-04 02:47:12.191311691,ACC_000694,ACC_000652,6418.34,UPI,mule_transfer,HDFC Bank,UPI_000723,Android,,,21.4274078,2
TXN_0003710,CASE_001101,2025-10-04 02:53:55.006419363,ACC_000652,ACC_001117,6418.34,UPI,mule_transfer,Bank of Baroda,UPI_001224,Android,,,6.713585116666667,3
TXN_0003711,CASE_001102,2024-12-24 03:30:08.009223616,ACC_000617,ACC_000366,467.84,IMPS,victim_debit,IDFC First Bank,UPI_000405,Android,17.444167321922293,78.49744605147025,,1
TXN_0003712,CASE_001102,2024-12-24 03:31:45.712399169,ACC_000366,ACC_000287,444.01,UPI,mule_transfer,Punjab National Bank,UPI_000316,Android,,,1.62838625,2
TXN_0003713,CASE_001102,2024-12-24 03:47:31.528764555,ACC_000287,ACC_000267,375.74,UPI,mule_transfer,IDFC First Bank,UPI_000294,Android,,,15.763606083333334,3
TXN_0003714,CASE_001102,2024-12-24 03:54:11.414516394,ACC_000267,ACC_000533,375.74,UPI,mule_transfer,Kotak Mahindra Bank,UPI_000588,Android,,,6.664762516666667,4
TXN_0003715,CASE_001103,2024-07-18 16:10:12.269468525,ACC_001783,ACC_001647,15863.93,UPI,victim_debit,Canara Bank,UPI_001801,Android,19.105849793546522,72.91509266879311,,1
TXN_0003716,CASE_001103,2024-07-18 16:17:23.835768031,ACC_001647,ACC_001507,15863.93,NEFT,mule_transfer,Punjab National Bank,UPI_001646,Android,,,7.19277165,2
TXN_0003717,CASE_001104,2025-02-26 17:33:21.615921943,ACC_000954,ACC_000052,7411.45,IMPS,victim_debit,IndusInd Bank,UPI_000058,iOS,17.39994306553443,78.4361685516927,,1
TXN_0003718,CASE_001104,2025-02-26 17:36:23.243277709,ACC_000052,ACC_001350,7411.45,IMPS,mule_transfer,Bank of Baroda,UPI_001473,Android,,,3.027122583333333,2
TXN_0003719,CASE_001105,2025-11-16 10:39:30.386759686,ACC_001662,ACC_000480,1663.51,UPI,victim_debit,IndusInd Bank,UPI_000532,Android,13.065045825166914,80.27476674303182,,1
TXN_0003720,CASE_001105,2025-11-16 11:04:38.238074728,ACC_000480,ACC_000023,1571.8,UPI,mule_transfer,Kotak Mahindra Bank,UPI_000028,Android,,,25.130855250000003,2
TXN_0003721,CASE_001105,2025-11-16 11:41:43.087690158,ACC_000023,ACC_000775,1571.8,NEFT,mule_transfer,SBI,UPI_000857,Android,,,37.080826916666666,3
TXN_0003722,CASE_001106,2024-04-18 20:09:58.170918737,ACC_001549,ACC_000404,35364.65,UPI,victim_debit,SBI,UPI_000450,Android,17.414489780919535,78.45818494185801,,1
TXN_0003723,CASE_001106,2024-04-18 20:20:55.599816776,ACC_000404,ACC_000659,35364.65,UPI,mule_transfer,HDFC Bank,UPI_000731,iOS,,,10.9571483,2
TXN_0003724,CASE_001107,2025-09-22 05:16:53.151548219,ACC_000235,ACC_001300,7004.34,NEFT,victim_debit,ICICI Bank,UPI_001418,Android,12.963898163245487,77.58558631890138,,1
TXN_0003725,CASE_001107,2025-09-22 05:31:33.225245229,ACC_001300,ACC_000011,7004.34,NEFT,mule_transfer,Bank of Baroda,UPI_000013,Android,,,14.66789495,2
TXN_0003726,CASE_001108,2025-08-30 23:37:34.468408655,ACC_000695,ACC_000091,19210.34,UPI,victim_debit,Bank of Baroda,UPI_000102,Android,22.98123636089493,72.52738668422056,,1
TXN_0003727,CASE_001108,2025-08-31 00:06:59.721239996,ACC_000091,ACC_000524,11353.11,IMPS,mule_transfer,Bank of Baroda,UPI_000578,Android,,,29.420880516666667,2
TXN_0003728,CASE_001108,2025-08-31 00:18:47.814589106,ACC_000524,ACC_000068,11353.11,IMPS,mule_transfer,IndusInd Bank,UPI_000075,Android,,,11.801555816666667,3
TXN_0003729,CASE_001109,2024-12-03 19:01:45.377305266,ACC_000171,ACC_000404,4313.38,UPI,victim_debit,SBI,UPI_000449,Android,13.076768602866528,80.29310574088126,,1
TXN_0003730,CASE_001109,2024-12-03 19:20:29.754489557,ACC_000404,ACC_000659,4313.38,UPI,mule_transfer,HDFC Bank,UPI_000731,iOS,,,18.73961973333333,2
TXN_0003731,CASE_001110,2026-06-02 23:59:57.580765708,ACC_001793,ACC_001350,5176.88,UPI,victim_debit,Bank of Baroda,UPI_001473,iOS,18.55164719333833,73.89345990963498,,1
TXN_0003732,CASE_001110,2026-06-03 02:39:29.357669498,ACC_001350,ACC_000052,5176.88,Net Banking,mule_transfer,IndusInd Bank,UPI_000058,Android,,,159.52961505,2
TXN_0003733,CASE_001111,2026-03-26 02:02:43.040214132,ACC_000936,ACC_000480,8209.86,IMPS,fragmentation,IndusInd Bank,UPI_000531,Android,21.274264724539332,72.8033215889802,,1
TXN_0003734,CASE_001111,2026-03-26 02:03:59.965958763,ACC_000936,ACC_000480,1991.06,Net Banking,fragmentation,IndusInd Bank,UPI_000532,Android,21.274264724539332,72.8033215889802,1.2820957333333332,2
TXN_0003735,CASE_001111,2026-03-26 02:09:05.747599741,ACC_000936,ACC_000480,10406.4,IMPS,fragmentation,IndusInd Bank,UPI_000531,Android,21.274264724539332,72.8033215889802,5.0963606666666665,3
TXN_0003736,CASE_001111,2026-03-26 02:26:42.652200437,ACC_000480,ACC_000775,14890.15,UPI,mule_transfer,SBI,UPI_000857,iOS,,,17.615076666666667,4
TXN_0003737,CASE_001111,2026-03-26 02:31:42.906509315,ACC_000775,ACC_000023,14890.15,UPI,mule_transfer,Kotak Mahindra Bank,UPI_000028,Android,,,5.004238466666666,5
TXN_0003738,CASE_001112,2024-10-15 01:07:21.793321375,ACC_000596,ACC_000467,2999.92,UPI,fragmentation,Axis Bank,UPI_000515,iOS,13.108985460971418,80.29157751880659,,1
TXN_0003739,CASE_001112,2024-10-15 01:08:30.456703143,ACC_000596,ACC_000467,21492.8,UPI,fragmentation,Axis Bank,UPI_000515,Android,13.108985460971418,80.29157751880659,1.1443896833333334,2
TXN_0003740,CASE_001112,2024-10-15 01:12:53.409240314,ACC_000596,ACC_000467,302466.27,UPI,fragmentation,Axis Bank,UPI_000514,iOS,13.108985460971418,80.29157751880659,4.382542283333334,3
TXN_0003741,CASE_001112,2024-10-15 01:29:44.111869907,ACC_000596,ACC_000467,37319.32,NEFT,fragmentation,Axis Bank,UPI_000515,iOS,13.108985460971418,80.29157751880659,16.845043816666667,4
TXN_0003742,CASE_001112,2024-10-15 01:31:21.783895451,ACC_000467,ACC_001625,326009.11,UPI,mule_transfer,ICICI Bank,UPI_001777,Android,,,1.6278670833333335,5
TXN_0003743,CASE_001112,2024-10-15 01:48:23.923264133,ACC_001625,ACC_000467,204276.9,NEFT,mule_transfer,Axis Bank,UPI_000515,Android,,,17.035656133333333,6
TXN_0003744,CASE_001112,2024-10-15 01:49:48.656765848,ACC_000467,ACC_001625,204276.9,UPI,mule_transfer,ICICI Bank,UPI_001777,Android,,,1.4122250166666668,7
TXN_0003745,CASE_001113,2024-01-29 08:28:05.291971304,ACC_000550,ACC_000775,22503.99,UPI,fragmentation,SBI,UPI_000857,Android,22.638281426323037,75.84145006058091,,1
TXN_0003746,CASE_001113,2024-01-29 08:34:52.534521160,ACC_000550,ACC_000775,50.0,IMPS,fragmentation,SBI,UPI_000857,Android,22.638281426323037,75.84145006058091,6.787375816666667,2
TXN_0003747,CASE_001113,2024-01-29 08:36:20.367887909,ACC_000775,ACC_000480,22521.05,UPI,mule_transfer,IndusInd Bank,UPI_000531,Desktop,,,1.4638894333333332,3
TXN_0003748,CASE_001114,2024-10-07 21:03:44.666788338,ACC_001291,ACC_000052,56741.11,UPI,victim_debit,IndusInd Bank,UPI_000058,iOS,21.152988909874118,72.96038409084383,,1
TXN_0003749,CASE_001114,2024-10-07 22:17:21.950017091,ACC_000052,ACC_001350,56741.11,UPI,mule_transfer,Bank of Baroda,UPI_001473,Android,,,73.62138713333334,2
TXN_0003750,CASE_001115,2024-07-05 12:48:48.314811655,ACC_000427,ACC_000775,58143.99,IMPS,victim_debit,SBI,UPI_000857,iOS,26.839902093061735,81.03172826738071,,1
TXN_0003751,CASE_001115,2024-07-05 13:03:26.198682979,ACC_000775,ACC_000023,45347.2,IMPS,mule_transfer,Kotak Mahindra Bank,UPI_000028,Android,,,14.63139785,2
TXN_0003752,CASE_001115,2024-07-05 13:11:09.592763206,ACC_000023,ACC_000480,45347.2,UPI,mule_transfer,IndusInd Bank,UPI_000532,Desktop,,,7.7232346666666665,3
TXN_0003753,CASE_001116,2025-05-13 13:39:14.793613089,ACC_000133,ACC_001647,14750.29,Net Banking,victim_debit,Canara Bank,UPI_001801,Android,22.55090205945118,88.3480199027035,,1
TXN_0003754,CASE_001116,2025-05-13 14:24:28.339889892,ACC_001647,ACC_001507,14750.29,UPI,mule_transfer,Punjab National Bank,UPI_001646,iOS,,,45.22577126666667,2
TXN_0003755,CASE_001117,2026-04-17 00:06:21.940899167,ACC_001584,ACC_000267,10973.47,UPI,fragmentation,IDFC First Bank,UPI_000294,Android,17.39882075824803,78.44007732088613,,1
TXN_0003756,CASE_001117,2026-04-17 00:07:59.304817285,ACC_001584,ACC_000267,6991.21,UPI,fragmentation,IDFC First Bank,UPI_000294,Android,17.39882075824803,78.44007732088613,1.6227319666666666,2
TXN_0003757,CASE_001117,2026-04-17 00:09:27.478641873,ACC_001584,ACC_000267,21635.76,UPI,fragmentation,IDFC First Bank,UPI_000294,Android,17.39882075824803,78.44007732088613,1.4695637333333333,3
TXN_0003758,CASE_001117,2026-04-17 00:11:22.285702817,ACC_001584,ACC_000267,1440.27,UPI,fragmentation,IDFC First Bank,UPI_000294,Android,17.39882075824803,78.44007732088613,1.913451,4
TXN_0003759,CASE_001117,2026-04-17 00:16:07.235273452,ACC_000267,ACC_001335,41040.71,UPI,mule_transfer,Kotak Mahindra Bank,UPI_001457,iOS,,,4.7491595,5
TXN_0003760,CASE_001118,2026-03-03 21:35:06.519780283,ACC_000844,ACC_000775,1210.25,UPI,fragmentation,SBI,UPI_000857,iOS,19.046558137755635,72.94653429203854,,1
TXN_0003761,CASE_001118,2026-03-03 21:37:50.440929825,ACC_000844,ACC_000775,8139.36,UPI,fragmentation,SBI,UPI_000857,iOS,19.046558137755635,72.94653429203854,2.73201915,2
TXN_0003762,CASE_001118,2026-03-03 21:41:02.684453383,ACC_000844,ACC_000775,14990.91,UPI,fragmentation,SBI,UPI_000857,Android,19.046558137755635,72.94653429203854,3.2040587166666668,3
TXN_0003763,CASE_001118,2026-03-03 21:52:37.133612402,ACC_000775,ACC_000023,19808.79,IMPS,mule_transfer,Kotak Mahindra Bank,UPI_000028,Android,,,11.57415265,4
TXN_0003764,CASE_001118,2026-03-03 22:01:46.538058800,ACC_000023,ACC_000480,19808.79,UPI,mule_transfer,IndusInd Bank,UPI_000532,Android,,,9.156740766666667,5
TXN_0003765,CASE_001119,2024-10-05 15:18:18.246656943,ACC_001751,ACC_001267,8309.93,NEFT,victim_debit,ICICI Bank,UPI_001383,Android,13.018087678633131,77.54302658898402,,1
TXN_0003766,CASE_001119,2024-10-05 15:29:03.736748304,ACC_001267,ACC_001050,8309.93,UPI,mule_transfer,Punjab National Bank,UPI_001155,Android,,,10.758168183333334,2
TXN_0003767,CASE_001120,2025-01-25 11:39:46.244153706,ACC_000719,ACC_000023,19557.24,IMPS,victim_debit,Kotak Mahindra Bank,UPI_000028,Android,22.567251433325325,88.38486447582274,,1
TXN_0003768,CASE_001120,2025-01-25 11:49:17.369241932,ACC_000023,ACC_000775,19557.24,NEFT,mule_transfer,SBI,UPI_000857,Android,,,9.518751466666666,2
TXN_0003769,CASE_001121,2024-02-03 07:22:19.843623065,ACC_000158,ACC_001350,238.8,UPI,fragmentation,Bank of Baroda,UPI_001473,Android,12.912614686088167,77.60783031683734,,1
TXN_0003770,CASE_001121,2024-02-03 07:25:36.450331754,ACC_000158,ACC_001350,812.46,NEFT,fragmentation,Bank of Baroda,UPI_001473,Android,12.912614686088167,77.60783031683734,3.276778466666667,2
TXN_0003771,CASE_001121,2024-02-03 07:29:28.074188065,ACC_000158,ACC_001350,2276.83,IMPS,fragmentation,Bank of Baroda,UPI_001472,Desktop,12.912614686088167,77.60783031683734,3.8603975999999998,3
TXN_0003772,CASE_001121,2024-02-03 07:30:47.723213188,ACC_000158,ACC_001350,621.15,UPI,fragmentation,Bank of Baroda,UPI_001472,Android,12.912614686088167,77.60783031683734,1.3274837499999999,4
TXN_0003773,CASE_001121,2024-02-03 08:20:45.415416929,ACC_001350,ACC_000052,3949.25,UPI,mule_transfer,IndusInd Bank,UPI_000058,Android,,,49.961536716666664,5
TXN_0003774,CASE_001122,2025-05-10 18:06:12.368474992,ACC_000700,ACC_000011,8973.62,UPI,victim_debit,Bank of Baroda,UPI_000013,Desktop,26.985661203910652,75.79212423214284,,1
TXN_0003775,CASE_001122,2025-05-10 18:54:03.831380147,ACC_000011,ACC_001300,8973.62,UPI,mule_transfer,ICICI Bank,UPI_001419,iOS,,,47.85771508333333,2
TXN_0003776,CASE_001123,2024-02-27 17:43:38.596258513,ACC_000551,ACC_000011,223.83,Net Banking,fragmentation,Bank of Baroda,UPI_000013,Android,19.075286768840854,72.83948230843401,,1
TXN_0003777,CASE_001123,2024-02-27 17:44:51.200320834,ACC_000551,ACC_000011,275.2,UPI,fragmentation,Bank of Baroda,UPI_000013,Desktop,19.075286768840854,72.83948230843401,1.2100677,2
TXN_0003778,CASE_001123,2024-02-27 17:46:10.342983440,ACC_000551,ACC_000011,183.87,NEFT,fragmentation,Bank of Baroda,UPI_000013,Android,19.075286768840854,72.83948230843401,1.3190443666666667,3
TXN_0003779,CASE_001123,2024-02-27 17:49:21.170624114,ACC_000551,ACC_000011,50.0,Net Banking,fragmentation,Bank of Baroda,UPI_000013,iOS,19.075286768840854,72.83948230843401,3.180460666666667,4
TXN_0003780,CASE_001123,2024-02-27 17:52:48.398561908,ACC_000011,ACC_001300,722.48,NEFT,mule_transfer,ICICI Bank,UPI_001419,iOS,,,3.45379895,5
TXN_0003781,CASE_001124,2026-05-05 01:44:30.030224786,ACC_001441,ACC_000659,390.72,UPI,fragmentation,HDFC Bank,UPI_000731,Android,28.587168851117816,77.29822442651836,,1
TXN_0003782,CASE_001124,2026-05-05 01:45:34.553355896,ACC_001441,ACC_000659,1132.79,UPI,fragmentation,HDFC Bank,UPI_000731,iOS,28.587168851117816,77.29822442651836,1.0753855166666668,2
TXN_0003783,CASE_001124,2026-05-05 01:47:45.992635600,ACC_000659,ACC_000404,1523.51,IMPS,mule_transfer,SBI,UPI_000449,iOS,,,2.19065465,3
TXN_0003784,CASE_001125,2026-02-28 19:12:53.646968828,ACC_000846,ACC_000023,7820.99,UPI,fragmentation,Kotak Mahindra Bank,UPI_000028,Android,12.962817841683533,77.5909336471388,,1
TXN_0003785,CASE_001125,2026-02-28 19:21:07.932576826,ACC_000846,ACC_000023,176.63,UPI,fragmentation,Kotak Mahindra Bank,UPI_000028,Android,12.962817841683533,77.5909336471388,8.238093450000001,2
TXN_0003786,CASE_001125,2026-02-28 19:35:45.587699515,ACC_000023,ACC_000775,7427.06,UPI,mule_transfer,SBI,UPI_000857,Android,,,14.627585366666667,3
TXN_0003787,CASE_001125,2026-02-28 19:49:24.129754774,ACC_000775,ACC_000023,7427.06,NEFT,mule_transfer,Kotak Mahindra Bank,UPI_000028,iOS,,,13.642367583333334,4
TXN_0003788,CASE_001126,2024-07-14 03:49:58.329316426,ACC_000289,ACC_001647,3470.73,IMPS,victim_debit,Canara Bank,UPI_001801,iOS,28.635988774496546,77.25429641202813,,1
TXN_0003789,CASE_001126,2024-07-14 04:02:45.739761218,ACC_001647,ACC_001507,3470.73,UPI,mule_transfer,Punjab National Bank,UPI_001646,Android,,,12.790174066666667,2
TXN_0003790,CASE_001127,2025-09-29 03:28:59.760459988,ACC_001642,ACC_001625,5877.18,UPI,fragmentation,ICICI Bank,UPI_001777,Android,19.121904899007674,72.77345975377011,,1
TXN_0003791,CASE_001127,2025-09-29 03:31:01.801575323,ACC_001642,ACC_001625,2430.11,NEFT,fragmentation,ICICI Bank,UPI_001777,iOS,19.121904899007674,72.77345975377011,2.0340185833333333,2
TXN_0003792,CASE_001127,2025-09-29 04:01:05.590389684,ACC_001625,ACC_001288,8307.29,UPI,mule_transfer,Kotak Mahindra Bank,UPI_001405,iOS,,,30.0631469,3
TXN_0003793,CASE_001128,2025-06-01 12:00:28.807756210,ACC_001653,ACC_001308,30442.83,UPI,victim_debit,IndusInd Bank,UPI_001427,iOS,19.232673121744902,72.94425930673317,,1
TXN_0003794,CASE_001128,2025-06-01 12:19:21.911400001,ACC_001308,ACC_000139,20893.5,UPI,mule_transfer,Axis Bank,UPI_000155,iOS,,,18.885060716666665,2
TXN_0003795,CASE_001128,2025-06-01 12:28:39.052416670,ACC_000139,ACC_000767,20893.5,UPI,mule_transfer,SBI,UPI_000849,Android,,,9.2856836,3
TXN_0003796,CASE_001129,2025-12-31 01:32:00.138771510,ACC_000526,ACC_000093,7608.53,IMPS,fragmentation,Yes Bank,UPI_000105,iOS,23.08121199951528,72.5095436478332,,1
TXN_0003797,CASE_001129,2025-12-31 01:34:01.191523880,ACC_000526,ACC_000093,2506.36,Net Banking,fragmentation,Yes Bank,UPI_000105,Android,23.08121199951528,72.5095436478332,2.0175458666666666,2
TXN_0003798,CASE_001129,2025-12-31 01:36:14.745320837,ACC_000526,ACC_000093,567.92,UPI,fragmentation,Yes Bank,UPI_000105,Android,23.08121199951528,72.5095436478332,2.2258966,3
TXN_0003799,CASE_001129,2025-12-31 01:40:02.783878806,ACC_000526,ACC_000093,167.48,UPI,fragmentation,Yes Bank,UPI_000105,iOS,23.08121199951528,72.5095436478332,3.8006426166666665,4
TXN_0003800,CASE_001129,2025-12-31 02:05:43.278897574,ACC_000093,ACC_001288,10850.29,UPI,mule_transfer,Kotak Mahindra Bank,UPI_001405,iOS,,,25.674916966666668,5
TXN_0003801,CASE_001130,2025-03-09 08:07:42.414093066,ACC_001171,ACC_000011,3179.28,Net Banking,fragmentation,Bank of Baroda,UPI_000013,Android,13.024717384665733,77.61078473756915,,1
TXN_0003802,CASE_001130,2025-03-09 08:13:26.966106357,ACC_001171,ACC_000011,177.96,UPI,fragmentation,Bank of Baroda,UPI_000013,Android,13.024717384665733,77.61078473756915,5.74253355,2
TXN_0003803,CASE_001130,2025-03-09 08:20:15.835665826,ACC_000011,ACC_001300,3357.24,UPI,mule_transfer,ICICI Bank,UPI_001418,Desktop,,,6.81449265,3
TXN_0003804,CASE_001131,2024-06-23 17:33:03.450201312,ACC_001314,ACC_000480,75297.7,UPI,victim_debit,IndusInd Bank,UPI_000531,iOS,19.118716885673447,72.87555671947419,,1
TXN_0003805,CASE_001131,2024-06-23 17:52:06.373230188,ACC_000480,ACC_000023,48350.31,UPI,mule_transfer,Kotak Mahindra Bank,UPI_000028,Android,,,19.048717133333334,2
TXN_0003806,CASE_001131,2024-06-23 17:54:07.949364666,ACC_000023,ACC_000480,48350.31,NEFT,mule_transfer,IndusInd Bank,UPI_000531,Desktop,,,2.0262689,3
TXN_0003807,CASE_001132,2025-08-05 22:36:19.521666288,ACC_001791,ACC_000775,5110.95,UPI,fragmentation,SBI,UPI_000857,Desktop,19.077727266995154,73.00868230576164,,1
TXN_0003808,CASE_001132,2025-08-05 22:37:27.928290334,ACC_001791,ACC_000775,993.99,UPI,fragmentation,SBI,UPI_000857,Android,19.077727266995154,73.00868230576164,1.1401104,2
TXN_0003809,CASE_001132,2025-08-05 22:39:49.233238685,ACC_001791,ACC_000775,5280.88,Net Banking,fragmentation,SBI,UPI_000857,iOS,19.077727266995154,73.00868230576164,2.3550824666666665,3
TXN_0003810,CASE_001132,2025-08-05 23:03:08.244375189,ACC_000775,ACC_000023,11385.83,UPI,mule_transfer,Kotak Mahindra Bank,UPI_000028,iOS,,,23.316852266666668,4
TXN_0003811,CASE_001133,2024-03-14 04:47:47.370804825,ACC_000815,ACC_000659,9994.0,IMPS,victim_debit,HDFC Bank,UPI_000731,iOS,12.95467748271975,77.63892077010166,,1
TXN_0003812,CASE_001133,2024-03-14 05:01:19.977087598,ACC_000659,ACC_000404,9994.0,UPI,mule_transfer,SBI,UPI_000449,Android,,,13.543438033333333,2
TXN_0003813,CASE_001134,2025-06-16 13:54:37.389043412,ACC_000306,ACC_000139,6407.09,UPI,victim_debit,Axis Bank,UPI_000156,Android,19.21843348918948,73.01197051148391,,1
TXN_0003814,CASE_001134,2025-06-16 14:46:37.088746239,ACC_000139,ACC_001308,6407.09,Net Banking,mule_transfer,IndusInd Bank,UPI_001427,iOS,,,51.99499503333333,2
TXN_0003815,CASE_001135,2024-07-12 19:03:04.386626086,ACC_000106,ACC_000404,5558.38,UPI,victim_debit,SBI,UPI_000449,Desktop,13.06919091364725,80.39608824661812,,1
TXN_0003816,CASE_001135,2024-07-12 19:20:13.254202562,ACC_000404,ACC_000659,5558.38,UPI,mule_transfer,HDFC Bank,UPI_000731,Android,,,17.147792933333335,2
TXN_0003817,CASE_001136,2025-09-16 00:03:01.105229717,ACC_000900,ACC_001768,40593.87,UPI,victim_debit,Canara Bank,UPI_001932,iOS,22.477264634473766,88.32843451452086,,1
TXN_0003818,CASE_001136,2025-09-16 00:09:48.254287543,ACC_001768,ACC_000819,40593.87,UPI,mule_transfer,HDFC Bank,UPI_000907,Android,,,6.785817616666667,2
TXN_0003819,CASE_001137,2026-01-24 08:46:26.987403501,ACC_000229,ACC_001335,947.17,UPI,fragmentation,Kotak Mahindra Bank,UPI_001457,iOS,18.526294666286468,73.95366826337302,,1
TXN_0003820,CASE_001137,2026-01-24 08:49:14.017120393,ACC_000229,ACC_001335,4198.97,NEFT,fragmentation,Kotak Mahindra Bank,UPI_001457,Android,18.526294666286468,73.95366826337302,2.7838286,2
TXN_0003821,CASE_001137,2026-01-24 08:52:08.182574852,ACC_000229,ACC_001335,9180.88,UPI,fragmentation,Kotak Mahindra Bank,UPI_001457,iOS,18.526294666286468,73.95366826337302,2.9027575666666667,3
TXN_0003822,CASE_001137,2026-01-24 08:53:38.389396414,ACC_000229,ACC_001335,11701.72,NEFT,fragmentation,Kotak Mahindra Bank,UPI_001457,iOS,18.526294666286468,73.95366826337302,1.5034470166666667,4
TXN_0003823,CASE_001137,2026-01-24 09:08:54.252486025,ACC_001335,ACC_000366,19899.79,IMPS,mule_transfer,IDFC First Bank,UPI_000405,Desktop,,,15.264384816666666,5
TXN_0003824,CASE_001137,2026-01-24 09:13:17.528691417,ACC_000366,ACC_000287,12311.8,UPI,mule_transfer,Punjab National Bank,UPI_000315,iOS,,,4.38793675,6
TXN_0003825,CASE_001137,2026-01-24 11:10:30.015760942,ACC_000287,ACC_000533,12311.8,Net Banking,mule_transfer,Kotak Mahindra Bank,UPI_000588,Android,,,117.20811781666666,7
TXN_0003826,CASE_001138,2024-04-09 20:43:28.852539817,ACC_000872,ACC_000480,2418.27,UPI,victim_debit,IndusInd Bank,UPI_000532,Android,17.379742603416833,78.4910417952598,,1
TXN_0003827,CASE_001138,2024-04-09 20:45:38.593255747,ACC_000480,ACC_000023,1765.51,UPI,mule_transfer,Kotak Mahindra Bank,UPI_000028,Android,,,2.16234525,2
TXN_0003828,CASE_001138,2024-04-09 21:08:44.761656914,ACC_000023,ACC_000480,1765.51,UPI,mule_transfer,IndusInd Bank,UPI_000531,Android,,,23.10280668333333,3
TXN_0003829,CASE_001139,2024-12-30 16:15:57.548693888,ACC_000462,ACC_001335,5207.78,UPI,victim_debit,Kotak Mahindra Bank,UPI_001457,iOS,19.208389999320357,72.96252995553684,,1
TXN_0003830,CASE_001139,2024-12-30 16:27:01.132209675,ACC_001335,ACC_000533,5207.78,NEFT,mule_transfer,Kotak Mahindra Bank,UPI_000588,iOS,,,11.059725250000001,2
TXN_0003831,CASE_001140,2025-10-30 06:07:15.432646730,ACC_000913,ACC_000093,2976.03,UPI,victim_debit,Yes Bank,UPI_000105,Android,20.041888842277793,73.71108956232887,,1
TXN_0003832,CASE_001140,2025-10-30 06:19:59.722335872,ACC_000093,ACC_000467,2000.64,UPI,mule_transfer,Axis Bank,UPI_000515,Android,,,12.738161483333332,2
TXN_0003833,CASE_001140,2025-10-30 06:28:35.505679869,ACC_000467,ACC_001625,1894.56,IMPS,mule_transfer,ICICI Bank,UPI_001777,Android,,,8.596389049999999,3
TXN_0003834,CASE_001140,2025-10-30 06:43:34.888323484,ACC_001625,ACC_001288,1894.56,UPI,mule_transfer,Kotak Mahindra Bank,UPI_001405,iOS,,,14.989710716666668,4
TXN_0003835,CASE_001141,2024-05-29 03:26:54.596278455,ACC_001522,ACC_001296,15636.36,UPI,victim_debit,SBI,UPI_001414,Android,26.902436232714418,75.75759286723856,,1
TXN_0003836,CASE_001141,2024-05-29 03:31:40.474272363,ACC_001296,ACC_000819,10079.93,UPI,mule_transfer,HDFC Bank,UPI_000907,Desktop,,,4.764633216666667,2
TXN_0003837,CASE_001141,2024-05-29 04:02:34.398041443,ACC_000819,ACC_001768,10079.93,UPI,mule_transfer,Canara Bank,UPI_001932,Android,,,30.898729483333334,3
TXN_0003838,CASE_001142,2025-05-31 04:26:07.450805020,ACC_001480,ACC_000052,2566.16,IMPS,victim_debit,IndusInd Bank,UPI_000058,Android,12.946308281718359,77.57712262406089,,1
TXN_0003839,CASE_001142,2025-05-31 05:06:26.693177638,ACC_000052,ACC_001350,2566.16,IMPS,mule_transfer,Bank of Baroda,UPI_001473,Android,,,40.320706200000004,2
TXN_0003840,CASE_001143,2025-09-04 01:52:42.655610546,ACC_001756,ACC_001647,3613.6,UPI,fragmentation,Canara Bank,UPI_001801,iOS,26.97549665628836,75.88182588026298,,1
TXN_0003841,CASE_001143,2025-09-04 01:58:17.001625688,ACC_001756,ACC_001647,3251.87,Net Banking,fragmentation,Canara Bank,UPI_001801,Android,26.97549665628836,75.88182588026298,5.572433583333334,2
TXN_0003842,CASE_001143,2025-09-04 02:03:23.133955971,ACC_001756,ACC_001647,1267.99,IMPS,fragmentation,Canara Bank,UPI_001801,Desktop,26.97549665628836,75.88182588026298,5.1022055,3
TXN_0003843,CASE_001143,2025-09-04 02:45:17.714857466,ACC_001647,ACC_001507,8133.46,IMPS,mule_transfer,Punjab National Bank,UPI_001646,Android,,,41.90968168333333,4
TXN_0003844,CASE_001144,2024-11-19 05:52:45.588544844,ACC_001309,ACC_001300,1361.57,UPI,fragmentation,ICICI Bank,UPI_001419,Android,18.535993385037756,73.8194168959194,,1
TXN_0003845,CASE_001144,2024-11-19 05:54:15.667864579,ACC_001309,ACC_001300,3044.11,UPI,fragmentation,ICICI Bank,UPI_001418,Android,18.535993385037756,73.8194168959194,1.5013219833333333,2
TXN_0003846,CASE_001144,2024-11-19 05:58:39.402722213,ACC_001309,ACC_001300,7394.86,UPI,fragmentation,ICICI Bank,UPI_001419,Desktop,18.535993385037756,73.8194168959194,4.395580949999999,3
TXN_0003847,CASE_001144,2024-11-19 06:00:34.155206899,ACC_001309,ACC_001300,2544.47,UPI,fragmentation,ICICI Bank,UPI_001418,Android,18.535993385037756,73.8194168959194,1.9125413999999998,4
TXN_0003848,CASE_001144,2024-11-19 06:44:35.829073986,ACC_001300,ACC_000011,14345.02,Net Banking,mule_transfer,Bank of Baroda,UPI_000013,Android,,,44.02789778333333,5
TXN_0003849,CASE_001145,2026-01-27 23:36:32.962976908,ACC_000717,ACC_000023,3775.76,IMPS,victim_debit,Kotak Mahindra Bank,UPI_000028,iOS,21.15520985230559,79.09060711583082,,1
TXN_0003850,CASE_001145,2026-01-28 00:53:51.162792152,ACC_000023,ACC_000775,3775.76,NEFT,mule_transfer,SBI,UPI_000857,iOS,,,77.30333025,2
TXN_0003851,CASE_001146,2025-04-10 05:18:15.889448402,ACC_001732,ACC_000267,898.07,UPI,fragmentation,IDFC First Bank,UPI_000294,Android,12.97116158221915,77.59963208816328,,1
TXN_0003852,CASE_001146,2025-04-10 05:19:53.655871268,ACC_001732,ACC_000267,2050.17,IMPS,fragmentation,IDFC First Bank,UPI_000294,Android,12.97116158221915,77.59963208816328,1.6294403666666668,2
TXN_0003853,CASE_001146,2025-04-10 05:24:42.532577425,ACC_001732,ACC_000267,4046.09,UPI,fragmentation,IDFC First Bank,UPI_000294,Android,12.97116158221915,77.59963208816328,4.814611766666667,3
TXN_0003854,CASE_001146,2025-04-10 06:00:26.875563857,ACC_000267,ACC_000366,5744.13,UPI,mule_transfer,IDFC First Bank,UPI_000405,iOS,,,35.73904976666667,4
TXN_0003855,CASE_001146,2025-04-10 06:02:57.309842180,ACC_000366,ACC_000267,5744.13,UPI,mule_transfer,IDFC First Bank,UPI_000294,Android,,,2.5072379666666667,5
TXN_0003856,CASE_001147,2025-07-25 05:17:15.684304976,ACC_000717,ACC_000404,5917.19,UPI,victim_debit,SBI,UPI_000450,iOS,13.027681183414296,77.61616416917055,,1
TXN_0003857,CASE_001147,2025-07-25 05:20:06.398894629,ACC_000404,ACC_000659,5917.19,UPI,mule_transfer,HDFC Bank,UPI_000731,Android,,,2.84524315,2
TXN_0003858,CASE_001148,2024-05-08 08:14:14.841165446,ACC_001281,ACC_001350,5651.15,NEFT,fragmentation,Bank of Baroda,UPI_001472,iOS,22.678248527890766,75.77918605734706,,1
TXN_0003859,CASE_001148,2024-05-08 08:15:19.930680093,ACC_001281,ACC_001350,17410.53,NEFT,fragmentation,Bank of Baroda,UPI_001473,iOS,22.678248527890766,75.77918605734706,1.0848252333333332,2
TXN_0003860,CASE_001148,2024-05-08 08:16:20.439734718,ACC_001281,ACC_001350,429.86,UPI,fragmentation,Bank of Baroda,UPI_001473,Android,22.678248527890766,75.77918605734706,1.0084842333333333,3
TXN_0003861,CASE_001148,2024-05-08 08:17:55.036763678,ACC_001281,ACC_001350,402.01,UPI,fragmentation,Bank of Baroda,UPI_001473,Android,22.678248527890766,75.77918605734706,1.5766171333333332,4
TXN_0003862,CASE_001148,2024-05-08 08:19:31.895227077,ACC_001350,ACC_000052,23893.55,UPI,mule_transfer,IndusInd Bank,UPI_000058,iOS,,,1.6143077166666666,5
TXN_0003863,CASE_001149,2024-01-22 03:51:48.350168680,ACC_000762,ACC_000775,5720.51,UPI,victim_debit,SBI,UPI_000857,Android,18.99650280831932,72.96913232663822,,1
TXN_0003864,CASE_001149,2024-01-22 04:13:51.605075028,ACC_000775,ACC_000480,5720.51,UPI,mule_transfer,IndusInd Bank,UPI_000531,Android,,,22.05424843333333,2
TXN_0003865,CASE_001150,2024-02-16 06:32:42.452827630,ACC_000102,ACC_001335,11162.16,UPI,victim_debit,Kotak Mahindra Bank,UPI_001457,Android,23.01385540052431,72.55811578583555,,1
TXN_0003866,CASE_001150,2024-02-16 06:52:43.979201245,ACC_001335,ACC_000533,10454.53,UPI,mule_transfer,Kotak Mahindra Bank,UPI_000588,Android,,,20.025439549999998,2
TXN_0003867,CASE_001150,2024-02-16 07:02:37.488116025,ACC_000533,ACC_000267,10454.53,Net Banking,mule_transfer,IDFC First Bank,UPI_000294,Android,,,9.891815233333334,3
TXN_0003868,CASE_001151,2026-04-03 12:04:14.115447174,ACC_001241,ACC_000267,9599.94,UPI,victim_debit,IDFC First Bank,UPI_000294,iOS,26.897181998499796,75.81173563155215,,1
TXN_0003869,CASE_001151,2026-04-03 12:38:41.233381411,ACC_000267,ACC_000287,6399.76,IMPS,mule_transfer,Punjab National Bank,UPI_000316,Android,,,34.451965566666665,2
TXN_0003870,CASE_001151,2026-04-03 13:08:42.782062988,ACC_000287,ACC_000267,6399.76,UPI,mule_transfer,IDFC First Bank,UPI_000294,Android,,,30.02581135,3
TXN_0003871,CASE_001152,2026-03-15 03:03:04.489192376,ACC_000242,ACC_000023,2443.57,UPI,victim_debit,Kotak Mahindra Bank,UPI_000028,Desktop,12.902755865296236,77.61476875886808,,1
TXN_0003872,CASE_001152,2026-03-15 03:32:04.209741815,ACC_000023,ACC_000480,2443.57,UPI,mule_transfer,IndusInd Bank,UPI_000531,Android,,,28.99534248333333,2
TXN_0003873,CASE_001153,2026-01-05 18:24:21.179772685,ACC_000989,ACC_001350,21067.71,UPI,victim_debit,Bank of Baroda,UPI_001472,Android,21.098302668918638,79.10197346815647,,1
TXN_0003874,CASE_001153,2026-01-05 18:35:57.651539795,ACC_001350,ACC_000052,21067.71,Net Banking,mule_transfer,IndusInd Bank,UPI_000058,iOS,,,11.607862783333333,2
TXN_0003875,CASE_001154,2024-06-30 21:18:58.398251914,ACC_001113,ACC_001768,18753.26,NEFT,victim_debit,Canara Bank,UPI_001932,Android,13.034151814850865,77.61350309913114,,1
TXN_0003876,CASE_001154,2024-06-30 21:20:37.278129958,ACC_001768,ACC_001296,15535.54,UPI,mule_transfer,SBI,UPI_001414,Desktop,,,1.6479979666666666,2
TXN_0003877,CASE_001154,2024-06-30 22:21:44.232572217,ACC_001296,ACC_001768,15535.54,IMPS,mule_transfer,Canara Bank,UPI_001932,Android,,,61.11590736666667,3
TXN_0003878,CASE_001155,2025-04-23 17:02:26.280843349,ACC_001141,ACC_000068,6143.73,NEFT,victim_debit,IndusInd Bank,UPI_000075,iOS,19.88442808538142,73.8462124059676,,1
TXN_0003879,CASE_001155,2025-04-23 17:47:58.334256613,ACC_000068,ACC_000524,4034.65,Net Banking,mule_transfer,Bank of Baroda,UPI_000578,iOS,,,45.53422355,2
TXN_0003880,CASE_001155,2025-04-23 18:08:48.473219086,ACC_000524,ACC_000068,4034.65,UPI,mule_transfer,IndusInd Bank,UPI_000075,Android,,,20.835649366666665,3
TXN_0003881,CASE_001156,2025-12-26 08:26:31.737842874,ACC_000168,ACC_000287,29182.81,UPI,victim_debit,Punjab National Bank,UPI_000315,iOS,22.526044391044756,88.30211856887446,,1
TXN_0003882,CASE_001156,2025-12-26 08:48:52.954657475,ACC_000287,ACC_000366,25879.1,NEFT,mule_transfer,IDFC First Bank,UPI_000405,Android,,,22.35361356666667,2
TXN_0003883,CASE_001156,2025-12-26 09:02:34.461455221,ACC_000366,ACC_000267,25879.1,UPI,mule_transfer,IDFC First Bank,UPI_000294,iOS,,,13.69177995,3
TXN_0003884,CASE_001157,2025-09-06 16:01:00.850760156,ACC_000968,ACC_001267,32865.6,IMPS,victim_debit,ICICI Bank,UPI_001383,Android,12.917834690722952,77.57817435704953,,1
TXN_0003885,CASE_001157,2025-09-06 16:10:05.289038555,ACC_001267,ACC_001050,32865.6,UPI,mule_transfer,Punjab National Bank,UPI_001155,iOS,,,9.0739713,2
TXN_0003886,CASE_001158,2024-04-15 06:11:59.880457928,ACC_000345,ACC_000052,1046.91,UPI,victim_debit,IndusInd Bank,UPI_000058,Android,26.965726366756453,81.01447313373015,,1
TXN_0003887,CASE_001158,2024-04-15 06:52:39.000501737,ACC_000052,ACC_001350,1046.91,UPI,mule_transfer,Bank of Baroda,UPI_001473,Android,,,40.65200071666666,2
TXN_0003888,CASE_001159,2026-03-26 21:13:21.679021810,ACC_000688,ACC_000961,14813.22,UPI,victim_debit,ICICI Bank,UPI_001058,iOS,17.380660327169615,78.47866243869383,,1
TXN_0003889,CASE_001159,2026-03-26 22:14:15.106766586,ACC_000961,ACC_000190,14813.22,UPI,mule_transfer,HDFC Bank,UPI_000211,iOS,,,60.890462400000004,2
TXN_0003890,CASE_001160,2024-05-26 10:01:41.293170034,ACC_000252,ACC_000524,8219.3,IMPS,victim_debit,Bank of Baroda,UPI_000578,Android,12.92606859168737,77.71511966178171,,1
TXN_0003891,CASE_001160,2024-05-26 10:42:12.385758762,ACC_000524,ACC_000068,6348.11,UPI,mule_transfer,IndusInd Bank,UPI_000075,Android,,,40.5182098,2
TXN_0003892,CASE_001160,2024-05-26 11:13:21.439455280,ACC_000068,ACC_000524,6348.11,IMPS,mule_transfer,Bank of Baroda,UPI_000578,Android,,,31.150894933333333,3
TXN_0003893,CASE_001161,2024-06-05 12:47:39.564507355,ACC_000108,ACC_001625,7354.05,NEFT,fragmentation,ICICI Bank,UPI_001777,iOS,13.150213507483688,80.27700370332164,,1
TXN_0003894,CASE_001161,2024-06-05 12:54:14.365167415,ACC_000108,ACC_001625,241.59,UPI,fragmentation,ICICI Bank,UPI_001777,Android,13.150213507483688,80.27700370332164,6.580011,2
TXN_0003895,CASE_001161,2024-06-05 13:00:08.023950546,ACC_000108,ACC_001625,3886.96,UPI,fragmentation,ICICI Bank,UPI_001777,Android,13.150213507483688,80.27700370332164,5.89431305,3
TXN_0003896,CASE_001161,2024-06-05 14:07:49.363715792,ACC_001625,ACC_001288,8434.0,UPI,mule_transfer,Kotak Mahindra Bank,UPI_001405,Android,,,67.68899608333334,4
TXN_0003897,CASE_001161,2024-06-05 14:55:58.610767587,ACC_001288,ACC_000467,5842.79,Net Banking,mule_transfer,Axis Bank,UPI_000515,Desktop,,,48.154117516666666,5
TXN_0003898,CASE_001161,2024-06-05 15:14:54.583835660,ACC_000467,ACC_001288,5842.79,IMPS,mule_transfer,Kotak Mahindra Bank,UPI_001405,Android,,,18.932884466666668,6
TXN_0003899,CASE_001162,2026-03-31 20:17:49.644351191,ACC_001500,ACC_000068,44924.13,Net Banking,victim_debit,IndusInd Bank,UPI_000075,Desktop,13.009652972114344,77.65252460049463,,1
TXN_0003900,CASE_001162,2026-03-31 20:20:48.638157905,ACC_000068,ACC_000524,35619.27,Net Banking,mule_transfer,Bank of Baroda,UPI_000578,iOS,,,2.9832301,2
TXN_0003901,CASE_001162,2026-03-31 20:30:23.858565088,ACC_000524,ACC_000068,35619.27,NEFT,mule_transfer,IndusInd Bank,UPI_000075,Android,,,9.587006783333333,3
TXN_0003902,CASE_001163,2025-03-17 13:10:41.872928788,ACC_000038,ACC_000011,2934.14,UPI,victim_debit,Bank of Baroda,UPI_000013,Android,26.722124870643505,80.94834104144826,,1
TXN_0003903,CASE_001163,2025-03-17 13:13:51.101315325,ACC_000011,ACC_001300,2934.14,NEFT,mule_transfer,ICICI Bank,UPI_001418,iOS,,,3.1538064333333335,2
TXN_0003904,CASE_001164,2024-12-05 17:09:18.973280474,ACC_000702,ACC_000404,4209.73,IMPS,fragmentation,SBI,UPI_000449,Android,19.007601589165848,73.09706166668958,,1
TXN_0003905,CASE_001164,2024-12-05 17:11:03.635522203,ACC_000702,ACC_000404,11818.14,UPI,fragmentation,SBI,UPI_000450,Desktop,19.007601589165848,73.09706166668958,1.7443706833333332,2
TXN_0003906,CASE_001164,2024-12-05 17:12:55.784330382,ACC_000702,ACC_000404,12874.57,Net Banking,fragmentation,SBI,UPI_000450,Android,19.007601589165848,73.09706166668958,1.8691468,3
TXN_0003907,CASE_001164,2024-12-05 17:14:19.924875491,ACC_000702,ACC_000404,4032.05,IMPS,fragmentation,SBI,UPI_000450,iOS,19.007601589165848,73.09706166668958,1.4023424166666667,4
TXN_0003908,CASE_001164,2024-12-05 18:07:41.184105045,ACC_000404,ACC_000659,32934.48,UPI,mule_transfer,HDFC Bank,UPI_000731,iOS,,,53.35432048333333,5
TXN_0003909,CASE_001165,2025-05-19 09:55:32.212792678,ACC_000824,ACC_001288,5094.82,Net Banking,fragmentation,Kotak Mahindra Bank,UPI_001405,iOS,22.699315803201543,75.79735400012794,,1
TXN_0003910,CASE_001165,2025-05-19 09:58:18.325808249,ACC_000824,ACC_001288,3783.68,UPI,fragmentation,Kotak Mahindra Bank,UPI_001405,Android,22.699315803201543,75.79735400012794,2.7685502499999997,2
TXN_0003911,CASE_001165,2025-05-19 10:14:20.493699053,ACC_001288,ACC_000093,4946.42,IMPS,mule_transfer,Yes Bank,UPI_000105,Android,,,16.0361315,3
TXN_0003912,CASE_001165,2025-05-19 10:38:52.394914750,ACC_000093,ACC_000467,3545.37,UPI,mule_transfer,Axis Bank,UPI_000514,Android,,,24.53168691666667,4
TXN_0003913,CASE_001165,2025-05-19 11:01:18.035515431,ACC_000467,ACC_001288,3545.37,UPI,mule_transfer,Kotak Mahindra Bank,UPI_001405,Android,,,22.427343333333333,5
TXN_0003914,CASE_001166,2026-06-13 02:39:47.809660971,ACC_000168,ACC_001629,8951.33,NEFT,victim_debit,SBI,UPI_001781,Android,23.024661209971956,72.61134051317025,,1
TXN_0003915,CASE_001166,2026-06-13 02:47:23.085619919,ACC_001629,ACC_001293,7634.72,IMPS,mule_transfer,Union Bank of India,UPI_001411,iOS,,,7.587932633333334,2
TXN_0003916,CASE_001166,2026-06-13 03:24:19.241938945,ACC_001293,ACC_001238,7634.72,UPI,mule_transfer,SBI,UPI_001350,Android,,,36.935938650000004,3
TXN_0003917,CASE_001167,2024-04-19 00:38:17.653288377,ACC_001172,ACC_000139,5211.32,UPI,victim_debit,Axis Bank,UPI_000155,iOS,26.925108335367455,75.6884801611865,,1
TXN_0003918,CASE_001167,2024-04-19 01:05:59.703065653,ACC_000139,ACC_000767,5211.32,UPI,mule_transfer,SBI,UPI_000849,Android,,,27.700829616666667,2
TXN_0003919,CASE_001168,2025-11-20 14:17:02.635947122,ACC_000993,ACC_000524,66.07,UPI,fragmentation,Bank of Baroda,UPI_000578,iOS,12.954111003237927,77.67152919160486,,1
TXN_0003920,CASE_001168,2025-11-20 14:20:44.921417048,ACC_000993,ACC_000524,643.68,UPI,fragmentation,Bank of Baroda,UPI_000578,Desktop,12.954111003237927,77.67152919160486,3.7047578166666666,2
TXN_0003921,CASE_001168,2025-11-20 14:22:01.215180567,ACC_000993,ACC_000524,426.51,Net Banking,fragmentation,Bank of Baroda,UPI_000578,Android,12.954111003237927,77.67152919160486,1.2715627166666665,3
TXN_0003922,CASE_001168,2025-11-20 14:23:02.905474129,ACC_000524,ACC_000091,946.85,NEFT,mule_transfer,Bank of Baroda,UPI_000103,iOS,,,1.02817155,4
TXN_0003923,CASE_001168,2025-11-20 14:24:35.976755613,ACC_000091,ACC_000068,946.85,IMPS,mule_transfer,IndusInd Bank,UPI_000075,iOS,,,1.5511880166666667,5
TXN_0003924,CASE_001169,2024-10-31 14:36:24.027681427,ACC_000312,ACC_000287,14025.3,UPI,victim_debit,Punjab National Bank,UPI_000316,Android,23.00149290202434,72.54973152232868,,1
TXN_0003925,CASE_001169,2024-10-31 14:40:35.932764894,ACC_000287,ACC_001335,8139.08,UPI,mule_transfer,Kotak Mahindra Bank,UPI_001457,Desktop,,,4.19841805,2
TXN_0003926,CASE_001169,2024-10-31 15:21:51.573399152,ACC_001335,ACC_000287,6810.87,UPI,mule_transfer,Punjab National Bank,UPI_000315,iOS,,,41.26067723333333,3
TXN_0003927,CASE_001169,2024-10-31 15:28:12.279133381,ACC_000287,ACC_000533,6810.87,Net Banking,mule_transfer,Kotak Mahindra Bank,UPI_000588,Android,,,6.345095566666667,4
TXN_0003928,CASE_001170,2024-04-16 15:33:16.466524860,ACC_000540,ACC_000023,3368.1,NEFT,victim_debit,Kotak Mahindra Bank,UPI_000028,Android,20.02667514481679,73.69262155465675,,1
TXN_0003929,CASE_001170,2024-04-16 16:23:42.575521583,ACC_000023,ACC_000480,3368.1,UPI,mule_transfer,IndusInd Bank,UPI_000531,Android,,,50.435149933333335,2
TXN_0003930,CASE_001171,2025-01-19 09:17:16.617001268,ACC_001536,ACC_001296,943.78,UPI,fragmentation,SBI,UPI_001414,Desktop,22.507110529494604,88.4259875680987,,1
TXN_0003931,CASE_001171,2025-01-19 09:24:01.456529547,ACC_001536,ACC_001296,3856.66,NEFT,fragmentation,SBI,UPI_001414,Android,22.507110529494604,88.4259875680987,6.747325466666666,2
TXN_0003932,CASE_001171,2025-01-19 09:27:18.171655928,ACC_001536,ACC_001296,1942.53,UPI,fragmentation,SBI,UPI_001414,iOS,22.507110529494604,88.4259875680987,3.2785854333333333,3
TXN_0003933,CASE_001171,2025-01-19 09:29:21.871130758,ACC_001536,ACC_001296,346.37,UPI,fragmentation,SBI,UPI_001414,Android,22.507110529494604,88.4259875680987,2.0616578999999997,4
TXN_0003934,CASE_001171,2025-01-19 09:47:30.613023275,ACC_001296,ACC_001768,7089.34,Net Banking,mule_transfer,Canara Bank,UPI_001932,Android,,,18.1456982,5
TXN_0003935,CASE_001172,2025-05-14 22:35:51.623091347,ACC_001543,ACC_000287,12422.69,UPI,fragmentation,Punjab National Bank,UPI_000315,iOS,19.26968858851788,72.99458240210615,,1
TXN_0003936,CASE_001172,2025-05-14 22:42:58.575907613,ACC_001543,ACC_000287,5114.44,UPI,fragmentation,Punjab National Bank,UPI_000316,iOS,19.26968858851788,72.99458240210615,7.115880266666666,2
TXN_0003937,CASE_001172,2025-05-14 22:45:20.317224400,ACC_001543,ACC_000287,7578.93,UPI,fragmentation,Punjab National Bank,UPI_000316,Android,19.26968858851788,72.99458240210615,2.362355266666667,3
TXN_0003938,CASE_001172,2025-05-14 22:47:16.699164191,ACC_001543,ACC_000287,12707.79,UPI,fragmentation,Punjab National Bank,UPI_000315,Android,19.26968858851788,72.99458240210615,1.9396989833333333,4
TXN_0003939,CASE_001172,2025-05-14 23:52:07.103491674,ACC_000287,ACC_000533,37823.85,UPI,mule_transfer,Kotak Mahindra Bank,UPI_000588,Android,,,64.84007211666668,5
TXN_0003940,CASE_001173,2024-07-06 16:13:07.096244830,ACC_000527,ACC_000694,37702.56,Net Banking,victim_debit,ICICI Bank,UPI_000770,Android,19.99691996902405,73.78966021378886,,1
TXN_0003941,CASE_001173,2024-07-06 16:19:47.838359459,ACC_000694,ACC_000880,26282.53,IMPS,mule_transfer,SBI,UPI_000972,Android,,,6.679035233333334,2
TXN_0003942,CASE_001173,2024-07-06 16:22:33.935186226,ACC_000880,ACC_000652,26282.53,UPI,mule_transfer,HDFC Bank,UPI_000724,Android,,,2.768280433333333,3
TXN_0003943,CASE_001174,2025-01-04 04:55:57.604303987,ACC_000783,ACC_000190,1100.32,IMPS,fragmentation,HDFC Bank,UPI_000211,Android,28.674223698441345,77.20701728111088,,1
TXN_0003944,CASE_001174,2025-01-04 04:59:41.891724127,ACC_000783,ACC_000190,3545.91,NEFT,fragmentation,HDFC Bank,UPI_000211,Android,28.674223698441345,77.20701728111088,3.7381236666666666,2
TXN_0003945,CASE_001174,2025-01-04 05:07:11.288827755,ACC_000783,ACC_000190,9927.47,Net Banking,fragmentation,HDFC Bank,UPI_000212,iOS,28.674223698441345,77.20701728111088,7.489951716666667,3
TXN_0003946,CASE_001174,2025-01-04 05:35:30.134991980,ACC_000190,ACC_000961,14573.69,UPI,mule_transfer,ICICI Bank,UPI_001059,Android,,,28.314102733333335,4
TXN_0003947,CASE_001175,2025-08-02 03:18:06.942613689,ACC_001301,ACC_000404,6919.84,UPI,victim_debit,SBI,UPI_000449,Android,21.14660317585666,79.08803006434161,,1
TXN_0003948,CASE_001175,2025-08-02 03:20:08.194222267,ACC_000404,ACC_000659,6919.84,UPI,mule_transfer,HDFC Bank,UPI_000731,Android,,,2.0208601333333336,2
TXN_0003949,CASE_001176,2025-06-09 04:05:29.319335619,ACC_000832,ACC_000023,10066.96,IMPS,victim_debit,Kotak Mahindra Bank,UPI_000028,iOS,28.61573511798519,77.22035412009224,,1
TXN_0003950,CASE_001176,2025-06-09 04:56:25.748661485,ACC_000023,ACC_000775,10066.96,UPI,mule_transfer,SBI,UPI_000857,Android,,,50.94048875,2
TXN_0003951,CASE_001177,2025-10-20 19:24:45.240610662,ACC_001163,ACC_000659,6959.5,UPI,fragmentation,HDFC Bank,UPI_000731,iOS,23.02458232373696,72.50821406742763,,1
TXN_0003952,CASE_001177,2025-10-20 19:26:47.944246721,ACC_001163,ACC_000659,412.73,Net Banking,fragmentation,HDFC Bank,UPI_000731,Android,23.02458232373696,72.50821406742763,2.0450606000000002,2
TXN_0003953,CASE_001177,2025-10-20 19:55:47.970269075,ACC_000659,ACC_000404,7372.23,UPI,mule_transfer,SBI,UPI_000450,iOS,,,29.0004337,3
TXN_0003954,CASE_001178,2026-02-01 00:02:08.143960676,ACC_000804,ACC_000480,3879.54,Net Banking,victim_debit,IndusInd Bank,UPI_000531,Android,18.51418036523213,73.86635806029538,,1
TXN_0003955,CASE_001178,2026-02-01 01:25:46.014099873,ACC_000480,ACC_000775,3517.25,UPI,mule_transfer,SBI,UPI_000857,Android,,,83.63116898333332,2
TXN_0003956,CASE_001178,2026-02-01 01:40:09.617399939,ACC_000775,ACC_000023,3517.25,UPI,mule_transfer,Kotak Mahindra Bank,UPI_000028,Android,,,14.393388333333332,3
TXN_0003957,CASE_001179,2025-01-07 18:11:23.318099939,ACC_000006,ACC_001365,1080.95,UPI,fragmentation,IndusInd Bank,UPI_001488,Android,22.59250678756859,88.39799931988262,,1
TXN_0003958,CASE_001179,2025-01-07 18:17:11.948170059,ACC_000006,ACC_001365,1360.09,IMPS,fragmentation,IndusInd Bank,UPI_001488,Android,22.59250678756859,88.39799931988262,5.810501166666667,2
TXN_0003959,CASE_001179,2025-01-07 18:49:58.626598338,ACC_001365,ACC_001629,1720.14,UPI,mule_transfer,SBI,UPI_001781,Android,,,32.7779738,3
TXN_0003960,CASE_001179,2025-01-07 19:20:52.602701434,ACC_001629,ACC_001349,1720.14,IMPS,mule_transfer,Kotak Mahindra Bank,UPI_001471,Android,,,30.899601716666666,4
TXN_0003961,CASE_001180,2025-01-20 08:03:11.675338923,ACC_001648,ACC_000139,2420.26,NEFT,fragmentation,Axis Bank,UPI_000156,iOS,19.031348091784842,72.79675249800313,,1
TXN_0003962,CASE_001180,2025-01-20 08:05:18.011413576,ACC_001648,ACC_000139,2113.56,NEFT,fragmentation,Axis Bank,UPI_000156,Android,19.031348091784842,72.79675249800313,2.105601233333333,2
TXN_0003963,CASE_001180,2025-01-20 08:07:08.444829230,ACC_001648,ACC_000139,1736.49,NEFT,fragmentation,Axis Bank,UPI_000156,Android,19.031348091784842,72.79675249800313,1.8405569166666667,3
TXN_0003964,CASE_001180,2025-01-20 08:12:58.933909243,ACC_001648,ACC_000139,436.68,UPI,fragmentation,Axis Bank,UPI_000155,Desktop,19.031348091784842,72.79675249800313,5.841484666666667,4
TXN_0003965,CASE_001180,2025-01-20 08:37:52.653801959,ACC_000139,ACC_000767,5930.83,UPI,mule_transfer,SBI,UPI_000849,Android,,,24.895331533333334,5
TXN_0003966,CASE_001180,2025-01-20 09:01:14.092854114,ACC_000767,ACC_001308,5930.83,Net Banking,mule_transfer,IndusInd Bank,UPI_001427,Android,,,23.357317533333333,6
TXN_0003967,CASE_001181,2025-03-28 12:33:19.579702174,ACC_000199,ACC_000093,12829.61,UPI,victim_debit,Yes Bank,UPI_000105,iOS,22.530895845246334,88.36365347492959,,1
TXN_0003968,CASE_001181,2025-03-28 12:41:53.920257245,ACC_000093,ACC_001625,9676.14,Net Banking,mule_transfer,ICICI Bank,UPI_001777,Android,,,8.572342583333333,2
TXN_0003969,CASE_001181,2025-03-28 13:04:27.279652754,ACC_001625,ACC_000467,9676.14,NEFT,mule_transfer,Axis Bank,UPI_000514,Desktop,,,22.555989916666665,3
TXN_0003970,CASE_001182,2025-05-30 23:24:53.671534849,ACC_001447,ACC_000404,21664.55,UPI,victim_debit,SBI,UPI_000449,iOS,22.441857593516847,88.3282748727934,,1
TXN_0003971,CASE_001182,2025-05-30 23:36:00.509048983,ACC_000404,ACC_000659,21664.55,IMPS,mule_transfer,HDFC Bank,UPI_000731,Android,,,11.113958566666668,2
TXN_0003972,CASE_001183,2024-04-08 16:49:51.418222761,ACC_000774,ACC_001625,18781.68,UPI,victim_debit,ICICI Bank,UPI_001777,Android,28.671767405108344,77.08429887837005,,1
TXN_0003973,CASE_001183,2024-04-08 17:20:04.201555872,ACC_001625,ACC_000467,18781.68,Net Banking,mule_transfer,Axis Bank,UPI_000514,Android,,,30.21305555,2
TXN_0003974,CASE_001184,2024-10-11 19:50:36.623407284,ACC_000062,ACC_000366,1029.95,UPI,fragmentation,IDFC First Bank,UPI_000405,Android,13.041778465236597,80.34019116533717,,1
TXN_0003975,CASE_001184,2024-10-11 19:51:53.790267143,ACC_000062,ACC_000366,274.17,NEFT,fragmentation,IDFC First Bank,UPI_000405,Desktop,13.041778465236597,80.34019116533717,1.2861143166666666,2
TXN_0003976,CASE_001184,2024-10-11 20:16:34.554052325,ACC_000366,ACC_000533,962.35,UPI,mule_transfer,Kotak Mahindra Bank,UPI_000588,iOS,,,24.67939641666667,3
TXN_0003977,CASE_001184,2024-10-11 20:23:46.952235925,ACC_000533,ACC_000287,753.51,NEFT,mule_transfer,Punjab National Bank,UPI_000315,Android,,,7.206636383333334,4
TXN_0003978,CASE_001184,2024-10-11 20:32:32.057659218,ACC_000287,ACC_001335,753.51,IMPS,mule_transfer,Kotak Mahindra Bank,UPI_001457,iOS,,,8.75175705,5
TXN_0003979,CASE_001185,2024-06-05 16:17:56.516652205,ACC_000446,ACC_000659,12202.85,NEFT,victim_debit,HDFC Bank,UPI_000731,Android,26.78167035224685,80.8191709658326,,1
TXN_0003980,CASE_001185,2024-06-05 17:13:29.930331673,ACC_000659,ACC_000404,12202.85,UPI,mule_transfer,SBI,UPI_000449,Desktop,,,55.55689465,2
TXN_0003981,CASE_001186,2024-12-17 12:54:16.753663745,ACC_000824,ACC_001788,26007.3,UPI,victim_debit,Canara Bank,UPI_001952,iOS,22.944271845208227,72.66636870664519,,1
TXN_0003982,CASE_001186,2024-12-17 13:01:23.838336574,ACC_001788,ACC_000309,21990.51,IMPS,mule_transfer,Canara Bank,UPI_000342,Android,,,7.118077866666667,2
TXN_0003983,CASE_001186,2024-12-17 13:03:22.686592642,ACC_000309,ACC_001788,21990.51,IMPS,mule_transfer,Canara Bank,UPI_001952,Android,,,1.9808042666666668,3
TXN_0003984,CASE_001187,2026-06-05 17:46:43.247887941,ACC_000006,ACC_000404,6518.9,Net Banking,fragmentation,SBI,UPI_000450,Android,28.65545097955334,77.22202010007283,,1
TXN_0003985,CASE_001187,2026-06-05 17:51:31.460550262,ACC_000006,ACC_000404,91052.03,IMPS,fragmentation,SBI,UPI_000449,Android,28.65545097955334,77.22202010007283,4.803544366666667,2
TXN_0003986,CASE_001187,2026-06-05 17:55:56.450475787,ACC_000006,ACC_000404,42634.72,UPI,fragmentation,SBI,UPI_000450,iOS,28.65545097955334,77.22202010007283,4.416498750000001,3
TXN_0003987,CASE_001187,2026-06-05 18:16:05.901028799,ACC_000404,ACC_000659,140205.65,UPI,mule_transfer,HDFC Bank,UPI_000731,Android,,,20.157509216666664,4
TXN_0003988,CASE_001188,2025-06-14 21:04:24.433237427,ACC_000488,ACC_000190,584.44,UPI,fragmentation,HDFC Bank,UPI_000212,Android,12.898628338606965,77.66669775735284,,1
TXN_0003989,CASE_001188,2025-06-14 21:06:31.419440950,ACC_000488,ACC_000190,3957.38,UPI,fragmentation,HDFC Bank,UPI_000212,iOS,12.898628338606965,77.66669775735284,2.1164367166666667,2
TXN_0003990,CASE_001188,2025-06-14 22:31:02.330795600,ACC_000190,ACC_000961,4541.82,UPI,mule_transfer,ICICI Bank,UPI_001059,Android,,,84.51518923333333,3
TXN_0003991,CASE_001189,2025-01-26 05:11:52.993289151,ACC_000223,ACC_000011,11727.56,UPI,victim_debit,Bank of Baroda,UPI_000013,Android,22.59018701523555,88.35771611932782,,1
TXN_0003992,CASE_001189,2025-01-26 05:21:22.022421094,ACC_000011,ACC_001300,11727.56,UPI,mule_transfer,ICICI Bank,UPI_001419,Android,,,9.48381885,2
TXN_0003993,CASE_001190,2025-05-30 14:45:55.452922656,ACC_001104,ACC_001050,311039.43,UPI,victim_debit,Punjab National Bank,UPI_001155,Android,19.90550412725724,73.8001336024236,,1
TXN_0003994,CASE_001190,2025-05-30 15:10:24.359119156,ACC_001050,ACC_001267,311039.43,IMPS,mule_transfer,ICICI Bank,UPI_001383,Android,,,24.481769933333332,2
TXN_0003995,CASE_001191,2025-09-01 12:51:14.240158987,ACC_001355,ACC_001288,4654.79,NEFT,fragmentation,Kotak Mahindra Bank,UPI_001405,Android,23.07410026801692,72.6167412337994,,1
TXN_0003996,CASE_001191,2025-09-01 12:53:15.794962393,ACC_001355,ACC_001288,20201.89,UPI,fragmentation,Kotak Mahindra Bank,UPI_001405,Android,23.07410026801692,72.6167412337994,2.0259133833333336,2
TXN_0003997,CASE_001191,2025-09-01 13:08:23.987799552,ACC_001288,ACC_000093,16503.1,UPI,mule_transfer,Yes Bank,UPI_000105,Android,,,15.136547283333334,3
TXN_0003998,CASE_001191,2025-09-01 13:21:03.434041655,ACC_000093,ACC_001625,9196.1,UPI,mule_transfer,ICICI Bank,UPI_001777,Android,,,12.657437366666667,4
TXN_0003999,CASE_001191,2025-09-01 13:49:00.248012220,ACC_001625,ACC_000467,9196.1,UPI,mule_transfer,Axis Bank,UPI_000514,Android,,,27.946899499999997,5
TXN_0004000,CASE_001192,2025-01-31 06:30:46.552132212,ACC_000444,ACC_000093,5646.03,IMPS,fragmentation,Yes Bank,UPI_000105,iOS,21.14493417942893,79.08594573284444,,1
TXN_0004001,CASE_001192,2025-01-31 06:36:35.217063628,ACC_000444,ACC_000093,528.88,UPI,fragmentation,Yes Bank,UPI_000105,iOS,21.14493417942893,79.08594573284444,5.811082183333334,2
TXN_0004002,CASE_001192,2025-01-31 06:46:13.697281687,ACC_000444,ACC_000093,1733.05,UPI,fragmentation,Yes Bank,UPI_000105,Android,21.14493417942893,79.08594573284444,9.641336966666668,3
TXN_0004003,CASE_001192,2025-01-31 06:52:02.898290114,ACC_000093,ACC_001288,4440.86,UPI,mule_transfer,Kotak Mahindra Bank,UPI_001405,iOS,,,5.8200168,4
TXN_0004004,CASE_001192,2025-01-31 07:28:34.948483512,ACC_001288,ACC_000467,3210.42,Net Banking,mule_transfer,Axis Bank,UPI_000514,Desktop,,,36.534169883333334,5
TXN_0004005,CASE_001192,2025-01-31 07:57:32.939274097,ACC_000467,ACC_001625,3210.42,UPI,mule_transfer,ICICI Bank,UPI_001777,iOS,,,28.96651316666667,6
TXN_0004006,CASE_001193,2025-02-11 20:54:41.976906135,ACC_001488,ACC_000533,5690.14,UPI,victim_debit,Kotak Mahindra Bank,UPI_000588,Desktop,23.0585814140439,72.56221675278648,,1
TXN_0004007,CASE_001193,2025-02-11 21:06:46.572249336,ACC_000533,ACC_000366,3171.06,IMPS,mule_transfer,IDFC First Bank,UPI_000405,Android,,,12.076589049999999,2
TXN_0004008,CASE_001193,2025-02-11 21:11:58.424221560,ACC_000366,ACC_000287,1862.11,UPI,mule_transfer,Punjab National Bank,UPI_000316,Android,,,5.197532866666666,3
TXN_0004009,CASE_001193,2025-02-11 21:35:58.876953255,ACC_000287,ACC_001335,1862.11,IMPS,mule_transfer,Kotak Mahindra Bank,UPI_001457,Android,,,24.007545516666667,4
TXN_0004010,CASE_001194,2025-09-30 23:48:24.821763401,ACC_000126,ACC_000052,156305.49,UPI,victim_debit,IndusInd Bank,UPI_000058,iOS,19.184105373208766,72.80301914498945,,1
TXN_0004011,CASE_001194,2025-10-01 00:14:21.119000322,ACC_000052,ACC_001350,156305.49,UPI,mule_transfer,Bank of Baroda,UPI_001472,iOS,,,25.93828726666667,2
TXN_0004012,CASE_001195,2024-02-25 11:35:59.426551911,ACC_000701,ACC_001267,1951.19,IMPS,victim_debit,ICICI Bank,UPI_001383,Android,19.03760885703385,72.85796991563733,,1
TXN_0004013,CASE_001195,2024-02-25 11:54:41.771232051,ACC_001267,ACC_001050,1951.19,IMPS,mule_transfer,Punjab National Bank,UPI_001155,Android,,,18.705744666666664,2
TXN_0004014,CASE_001196,2025-05-07 00:47:28.650955997,ACC_001345,ACC_000524,584.48,UPI,fragmentation,Bank of Baroda,UPI_000578,Android,22.702122159196634,75.87634557059204,,1
TXN_0004015,CASE_001196,2025-05-07 00:50:53.741183015,ACC_001345,ACC_000524,9099.69,NEFT,fragmentation,Bank of Baroda,UPI_000578,Desktop,22.702122159196634,75.87634557059204,3.41817045,2
TXN_0004016,CASE_001196,2025-05-07 01:14:07.845102166,ACC_000524,ACC_000068,6643.79,UPI,mule_transfer,IndusInd Bank,UPI_000075,Android,,,23.235065316666667,3
TXN_0004017,CASE_001196,2025-05-07 01:19:14.206729629,ACC_000068,ACC_000524,6643.79,Net Banking,mule_transfer,Bank of Baroda,UPI_000578,Android,,,5.106027116666667,4
TXN_0004018,CASE_001197,2025-05-13 16:04:53.655126378,ACC_000178,ACC_000093,3541.74,Net Banking,victim_debit,Yes Bank,UPI_000105,Android,26.890244744088204,75.7735026513359,,1
TXN_0004019,CASE_001197,2025-05-13 17:17:32.025570123,ACC_000093,ACC_001288,2002.81,UPI,mule_transfer,Kotak Mahindra Bank,UPI_001405,iOS,,,72.63950738333332,2
TXN_0004020,CASE_001197,2025-05-13 17:35:32.882999644,ACC_001288,ACC_001625,2002.81,NEFT,mule_transfer,ICICI Bank,UPI_001777,iOS,,,18.014290483333333,3
TXN_0004021,CASE_001198,2025-11-20 10:42:18.318515948,ACC_001677,ACC_001350,8923.35,UPI,victim_debit,Bank of Baroda,UPI_001472,iOS,26.938465961218103,75.72081910544182,,1
TXN_0004022,CASE_001198,2025-11-20 11:15:25.343844556,ACC_001350,ACC_000052,8923.35,UPI,mule_transfer,IndusInd Bank,UPI_000058,Android,,,33.1170888,2
TXN_0004023,CASE_001199,2026-06-14 05:02:43.010342749,ACC_001144,ACC_000659,3010.09,IMPS,victim_debit,HDFC Bank,UPI_000731,Android,21.243464363917557,72.73761853702969,,1
TXN_0004024,CASE_001199,2026-06-14 05:09:55.450069465,ACC_000659,ACC_000404,3010.09,NEFT,mule_transfer,SBI,UPI_000449,Android,,,7.2073287666666666,2
TXN_0004025,CASE_001200,2025-12-25 22:44:37.362689544,ACC_000006,ACC_000480,28462.45,Net Banking,fragmentation,IndusInd Bank,UPI_000532,iOS,28.65683930193089,77.10306340986719,,1
TXN_0004026,CASE_001200,2025-12-25 22:48:49.057614663,ACC_000006,ACC_000480,24866.6,IMPS,fragmentation,IndusInd Bank,UPI_000531,Desktop,28.65683930193089,77.10306340986719,4.1949154166666665,2
TXN_0004027,CASE_001200,2025-12-25 22:50:49.726701456,ACC_000006,ACC_000480,10998.86,UPI,fragmentation,IndusInd Bank,UPI_000531,Desktop,28.65683930193089,77.10306340986719,2.011151433333333,3
TXN_0004028,CASE_001200,2025-12-25 23:25:48.559933012,ACC_000480,ACC_000775,44265.87,UPI,mule_transfer,SBI,UPI_000857,Android,,,34.98055385,4
TXN_0004029,CASE_001200,2025-12-25 23:31:46.666955817,ACC_000775,ACC_000023,44265.87,UPI,mule_transfer,Kotak Mahindra Bank,UPI_000028,Android,,,5.968450366666667,5
